shap_current_ratio,shap_quick_ratio,shap_cash_ratio,shap_roa,shap_roe,shap_net_debt_to_total_capital,shap_asset_turnover,shap_zscore_nonmanufacturing,shap_current_ratio_delta,shap_quick_ratio_delta,shap_cash_ratio_delta,shap_roa_delta,shap_roe_delta,shap_net_debt_to_total_capital_delta,shap_asset_turnover_delta,shap_zscore_nonmanufacturing_delta,company_name
0.4237640367774126,-0.4030153961947409,1.4198305490864649,0.0004229411734073635,3.469549976673586,2.7562408859633645,0.0,0.0,0.0,1.19482874737815,0.0,0.3187936057158088,5.640483975595334,-0.8587869889902672,0.0,0.0,Can-One Bhd
2.7929842939302545,0.0,0.0,3.261677246192787,0.0,0.926178369634815,0.6545429141882706,0.6837363799592149,0.0,1.890574845033612,0.6617899857283227,0.0,0.8739509119113086,0.7341314774411413,1.2351341812535215,0.0,Sentoria Group Bhd
2.079440212877641,0.9031279300790305,0.0,2.679611444090447,0.0,0.7141070349480305,0.9828647026924475,1.0107045453466261,0.7743741609299942,1.718317758595969,0.638710728263906,0.0,0.0,0.0,2.0701496603861673,0.0,KNM Group Bhd
2.54897695003311,0.0,1.0048071884074847,1.7856174297788479,0.0,0.9316798968388518,1.7084154548055934,0.7499024691054137,0.0,0.7690192191083078,0.2807769102855069,0.0,0.0,1.132129551156873,1.4520457322864604,0.0,Ireka Corporation Bhd
2.443926717378986,0.163469438616632,0.435643003229207,2.4204873355493604,1.8394222765367179,0.4192510976724441,0.0,0.0,0.0,0.0,1.100058804754444,0.3917188267674907,0.0,0.5791468898773314,1.2974907885600686,0.0,Reneuco Bhd
0.640773131535972,0.0,0.18486650994079187,0.0,0.6992059266812124,0.7108231301184106,-1.493971529852811,0.5499639881773497,0.0,2.6219796181058523,5.061632700141217,0.0,0.0,0.7209857719016569,0.9544593486359003,0.0,Nuenergy Holdings Bhd
2.820095641173623,0.0,1.4573704605987696,0.0,0.0,0.5311710021252822,0.7238230629497829,1.9244483741064644,0.0,0.6387057748636842,0.20387830227588566,0.4152097951764182,0.0,0.901014828166767,0.0,0.7718854710753404,Key Alliance Group Bhd
2.3586179098247193,0.0,0.4940333615384255,0.0,0.25015536427280644,0.3451241031968645,0.20128142086727507,4.262102486555092,0.0,1.6919446000686014,0.17160071090254644,0.0,0.0,0.2917630022117922,0.0,0.16539446407242814,GPP Resources Bhd
1.231083845529304,0.0,0.2885874584141254,0.0,0.0,0.909396614468702,3.0840768060472543,0.169777844891577,0.0,1.2149411037811453,1.0380743039774496,0.16923797810946756,0.0,0.977092296479765,0.7402128101174257,0.0,Empire Premium Food Bhd
2.8385463385361334,0.0,0.8209503679078954,0.0,0.36086695799175283,0.0,1.402499323836263,0.7498529671709775,0.817699706012096,1.3089094322215982,0.0,0.0,0.0,0.39839745815276767,0.17779332635693734,0.35846182288150263,Sentral REIT
3.196557172334291,0.0,1.0498055027759734,1.4507145726694168,0.5318573408418195,0.0,0.3730560164049447,0.6810258228871195,0.0,0.6986228724393311,0.0,0.1580436916352692,0.7281596054355689,0.0,0.27266596073037225,0.0,DRB-HICOM Bhd
1.2844516633127032,0.0,0.9916345404342399,1.0099449350892025,1.30537544041418,0.0,0.3598601916795495,0.0,0.8052151654226878,0.6609917468198909,0.3566918683454894,0.0,0.0,0.5545310923840201,1.4754905603397899,0.0,Sersol Bhd
0.0,0.0,0.5777115314895874,1.4058351914424305,1.681819373483444,0.2995834719574996,0.7805605048493005,0.0,0.7579716313879531,1.1614553308527367,0.3904648402991242,0.0,0.0,0.0,1.0813073743607136,0.27844797441315206,Kumpulan Jetson Bhd
0.2506834681126257,-0.5250440460779071,0.0,0.8222095450353113,3.3671467243534527,0.0,0.6282139792027576,0.27383383775864334,0.0,1.1353073386268655,0.6773391857355079,0.9580936564909328,0.0,0.6528334924205556,0.0,0.0,Green Packet Bhd
1.1340465430424596,-1.1516996069398697,0.5196684539508346,-1.0442354004129564,5.638001084194849,1.2351395213921468,0.0,0.0,0.0,0.5789479438787799,-0.6884238325463592,0.0,2.6605541519381224,0.0,-0.6762599307760292,0.0,Nestle (Malaysia) Bhd
0.7798521453400893,0.0,0.6409872315381524,1.9259147377631882,0.0,0.0,0.5013507214659856,1.3027116953127817,0.0,1.8354822725501738,0.22270023401659955,0.31427145054230365,0.0,0.44579804273858636,0.20379867327906895,0.0,Malakoff Corp Bhd
0.6584399261733243,0.0,0.0,0.0,0.0,0.0,2.3749428447672165,-0.4957011919094345,0.07321006195477696,1.2707519907503058,1.0447768413712422,0.2880863801607952,0.0,1.07231186671678,1.2188314276340009,0.36359051960492367,CI Holdings Bhd
0.0,0.0,0.0,2.4214292819071543,0.8665300411213621,0.19554938398031083,0.7071977427950624,0.0,0.0,1.3606113499460564,0.09282991962288278,0.06683353575611269,0.0,0.41004399149477,0.9344977337419599,0.29404910775669735,Techna-X Bhd
1.6566583881309331,0.0,1.3059428301174856,0.26096999243645275,1.5864219872484242,0.05821760743479451,0.0,0.023959961672943564,0.0,1.6533843891631699,0.0,0.0,0.0,0.4109272062422626,0.16998066413994978,0.03549938898956555,Landmarks Bhd
0.8931970127244597,0.0,1.202094511591836,0.0,0.0,0.0,1.250091225479507,0.705464005055008,-0.782052914647088,1.6658031566669842,0.15751910021075582,0.19431804890767693,0.0,0.32224866843177663,1.0997993574722036,0.0,Knusford Bhd
2.079970263055484,-1.4590560295773558,0.6502037386858317,1.9764023030804645,0.7638221596121232,0.0,0.3451741950245216,0.45606208499980383,0.0,0.9855283312194273,0.0,0.0,0.0,0.41399487887385955,0.4458579194958645,0.0,Tan Chong Motor Holdings Bhd
1.8026128569630724,0.0,0.882965717658946,0.14027237455442637,0.019624571239301503,0.0,1.1111932398358824,0.9305608799559442,0.0,1.0466304013304053,0.3970180695891721,0.0,0.0,0.2241024879933152,0.08854013936201126,0.0,CapitaLand Malaysia Trust
0.9385372767446779,0.0,0.18063329862608318,0.4730026664462646,0.9562144286271029,0.5907905972465222,0.0,1.1696167569902134,0.0,1.2782296251349654,0.17538370909890677,0.0,0.0,0.3843732699335194,0.4935152136076093,0.0,Media Prima Bhd
1.1663264232751913,0.0,0.6538818653553803,0.0,0.0,0.0,1.2936195712338379,0.8405762137810872,0.07243120878991238,1.3649701442295248,0.16992383237896977,0.0,0.0,0.21829623158351696,0.6165358094039258,0.2221491242726615,Hua Yang Bhd
0.0,1.7309356796716944,0.6481711536297617,1.3347743105270553,-0.7028885832414573,0.0,-1.4327398064142718,-0.4789653340575635,0.0,1.6866611329301808,2.7735057449183693,0.4593682358492967,0.0,0.0,0.0,0.591820759448461,EWI Capital Bhd
0.36313597851549506,0.0,-0.5593822619233846,2.9220319490897806,0.0,-0.28856180324695946,0.0,0.6996488486008778,0.5336503262276192,0.0,0.32681182987356294,0.0,2.377373336962401,-0.4505459539961426,0.0,0.4302602255923603,Melewar Industrial Group Bhd
1.637143913851243,0.0,0.5931181773181814,0.3657010599344367,1.1172507789864938,0.0,0.3954843570046706,0.3266531240023214,0.0,0.7908107310012384,0.6155397345971297,0.0,0.0,0.41357930338127985,0.025470908350548882,0.0,M K Land Holdings Bhd
2.6440693147829664,0.0,0.7144454270841402,0.0,0.04493991333568395,0.0,0.7533536544737762,0.3051302012965512,0.0,0.7847106884939311,0.1731413819269338,0.0,0.0,0.6094500641535652,0.05035962810951933,0.14689251453854393,AmFIRST Real Estate Investment Trust
0.0,0.8553155372956164,0.0,-0.9306032279586096,-0.7196601419975199,6.961104561914186,0.20978306041378453,0.22007102189899178,0.0,0.4197764102870188,0.2350206427236996,0.0,-0.25950854768326065,-0.8305204111445855,0.0,0.0,Bursa Malaysia Bhd
-1.5764215088026612,0.17374638165086276,0.14297466092249422,0.0,0.0,0.6176353972087398,1.3181141203347915,0.3478543033707225,2.4922374316314375,0.8799173477961647,0.0,0.0,0.0,0.0,0.9452342650666757,0.44878900824856166,Cypark Resources Bhd
2.7376784931095868,-0.7106683247474423,1.06801528120853,0.0,0.0,-0.34281917247148186,0.9645163675118517,0.5700813707943901,-0.963243075792516,1.5685489368730703,0.24867500678622287,0.0,0.0,0.4984738846902442,0.0,0.0,UOA Real Estate Investment Trust
1.0465610795233393,0.0,0.792502532278602,0.0,0.0,0.0,0.8253813674339773,0.5021937319678541,0.25710156874556306,-1.2033212741601524,0.20363811244881289,0.1882490111696029,0.0,0.0,0.8969314796409975,2.06648332283903,Talam Transform Bhd
1.797654975808266,-1.5657187295139647,0.0,2.6053262750990394,1.1561418658873401,0.0,-0.4926341479350197,0.8416915757496618,-0.21952029571314924,0.6705226603633919,0.0,0.0,0.16215659756047135,0.0,0.49206866234831287,0.0,Ann Joo Resources Bhd
0.0,0.4286736416929874,0.4575232118161114,0.8825208906570615,0.0,0.3636489165588159,0.6894423171184243,0.0,0.3066060631410452,1.214980580230217,0.30539515349136276,0.0,0.0,0.31154073956349576,0.47585899731476033,0.0,OCK Group Bhd
0.0,0.7142461894487562,0.24726593123555646,0.0,0.0,0.3344622786846996,0.5577289246309424,0.6871752604473025,0.0,1.3662496606264627,0.23196690973249498,0.0,0.0,0.41966561618411863,0.6276134399607529,0.21949303365016323,DGB Asia Bhd
2.4310500498400907,0.0,1.216948199785226,-1.1968407492275865,0.0,0.0,0.7580747340261094,0.304268916321514,0.0,0.9818011974018521,0.15627286469612947,0.17966243381984368,0.3249566360920688,0.20739729465545054,0.0,0.0,Sunway Real Estate Investment Trust
1.940600610951779,0.0,1.3695191942793838,-0.7529052351462652,0.0,0.0,1.1046592070600452,0.5405130872549372,-0.6448742203995229,0.957371908540106,0.15892931588294257,0.0,0.0,0.3818095382559346,0.24054768809585936,0.0,Axis Real Estate Investment Trust
0.8298240961609488,0.3920057681583146,0.0,0.0,0.13979043305494498,2.820280119431153,0.0,0.12131259066637923,0.0,0.2875067918993831,0.25462280529230485,0.0,0.0,0.08485733136701334,0.13490971351732162,0.14893435095863652,TXCD Bhd
0.0,0.38140089299605084,0.339288978452587,0.0,0.07546143367548819,0.0,0.43981365848065507,0.13052760201170974,0.0,1.7446305034536354,0.3563176883571723,0.0,0.8067097118351597,0.0,0.8712740744478468,0.06617685845320141,Pintaras Jaya Bhd
1.5357887943124968,0.0,0.3135578912827928,0.671702311912963,0.4557991523321258,0.0,0.9174646591154406,0.5603588302840296,0.0,0.9396870235212196,-0.7748145035072911,0.0,0.0,0.24366747990241974,0.3313619080878757,0.0,Hektar Real Estate Investment Trust
0.9712249327301435,-1.1742164604212872,1.0552151052975787,0.8385864047781216,0.0,0.0,1.030473404787516,0.4720461937288736,0.0,0.9036296933441144,0.5430164883931562,0.0,0.0,0.25163873750875304,-0.08437458441840044,0.0,Encorp Bhd
2.1951510605088327,-0.19549925667094972,0.9620657525371503,-0.3815778651856056,0.0,0.21780515072008644,0.542098015997893,0.7785415896526607,-1.060210053098485,1.2096535541259112,0.0,0.0,0.0,0.4261402870721066,0.0,0.0,G Capital Bhd
0.30505468800697894,0.0,0.0,0.6423354060266661,0.8461794752065672,0.0,0.0,0.4370306262804086,0.0,1.6438930812649646,0.08418676180450242,0.0,0.15249538389477646,0.13494526134348617,0.3240296065545456,0.03974889849325702,Glomac Bhd
0.9419736748202902,0.0,0.041584439865173906,0.0,0.0,0.6160830279894458,0.7189242230056068,0.2839696278674333,0.0,0.7630988599822288,0.6882537967281406,0.0,0.0,0.09362605809843694,0.24297233533677762,0.1583686906080331,WCE Holdings Bhd
1.1579699153708527,-0.4063367081069545,0.4134614370408144,-0.32434369561078225,0.0,0.0,0.8997802677640069,0.6754273179919823,0.8934581149132531,-0.32171759523309706,0.0,0.0,0.0,0.8529153702677957,0.0,0.6634335910774034,Malayan United Industries Bhd
0.0,0.43837269108684324,0.0,0.0,0.09282893235786917,1.8537640369986483,0.10972586007861672,1.8192914764329802,0.0,0.7013917349795169,0.026195849345939635,0.04011200161951756,0.0,-0.8148007613006247,0.20620301142662534,0.0,Boustead Heavy Industries Corporation Bhd
1.9915836981688746,-0.7365853323900117,0.4319579362350107,-0.41398265612722174,0.0,-0.46406067942695806,0.9810395578561704,1.376335037702511,-0.9085890813079056,1.2757878323804899,0.0,0.0,0.0,0.0,0.895798642768225,0.0,Global Oriental Bhd
1.432030251090124,0.0,0.47180816923366836,0.3754841839706586,0.0,0.0,0.23985222725810737,1.2177830329596009,-0.4201637776336897,1.2545361076555184,0.0,0.0,0.09396518497931095,0.0,0.22550030977387636,-0.5193162716054802,TASCO Bhd
0.0,0.0,0.0,0.0,0.33029739936120256,-0.40404516067139706,1.6128050300061927,0.0,-1.6397994391762016,1.4569876288889916,3.762783101246175,0.0,-0.5291286686099508,-0.4743848121711623,-1.7792600544388062,2.025225118039131,Eurospan Holdings Bhd
-0.6884747720685748,1.4323720464259009,0.0,-0.4796237027243484,0.0,0.0,0.8692545476074428,0.2329740733422924,0.0,1.6105881374685727,0.0,0.2420329359349802,0.0,0.2939846298943492,0.6355875556636712,0.1615022850766159,Brite-Tech Bhd
0.8991107008550717,0.1783527465861292,1.5026277875659906,0.0,0.0,0.636093291439316,0.32713365307640424,-0.9436262675431079,0.9865536983273211,0.10705667231935466,0.0,0.0,0.0,0.13419158459131028,0.4149522233612425,0.0,N2n Connect Bhd
0.9496431157810901,-0.9197661286707409,0.5084572961073612,0.0,0.0,0.5523068093340375,0.37355827278007997,0.7142046834409603,-1.2194129555675055,2.04871581864493,0.45555580160204645,0.0,0.0,0.6505832565823395,0.0,0.0,PRG Holdings Bhd
1.108565090891525,0.0,0.2570916443858308,0.0,0.0005730738722612008,0.0,1.024353875589047,0.4617290653461475,-0.8726088899590997,1.4953949528739086,0.42435582352299867,0.0,0.0,0.05474038839246811,0.14687170927966875,0.0,Titijaya Land Bhd
1.4706189826542402,-0.44371958346293017,0.94968002258055,-0.41164062370736193,0.0,0.0,0.9219406823194485,0.4964648279598401,-0.6166406561486084,1.1916613564492502,0.0,0.0,0.0,0.31189266646509434,0.0,0.19682940477309926,JAKS Resources Bhd
1.7674702943143377,0.0,0.09653679418267845,0.0,0.0,0.0,1.0603846673417863,0.32311653001664303,-1.2204510463922218,0.9382530030087181,0.08940120593644751,0.3839341409960344,0.0,0.2153696884829951,0.2656821516503557,0.0,Analabs Resources Bhd
1.3038340442203566,0.0,0.5093314244220194,0.0,0.0,0.0,0.5582443386404697,0.8101330113541022,-0.5245556105230103,0.6820272063286357,0.0,0.009511810793681876,0.0,0.15846086115696853,0.30584962361703777,0.046347461547165555,Perak Corporation Bhd
0.9120434158157926,0.0,0.6913204539508313,-0.34745437570627635,0.0,0.0,0.8746138091684935,0.8972559466096863,-1.1916855173633838,1.5205658684345753,0.0,0.0,0.0,0.0809442154752143,0.6619023383891084,-0.25303601157507316,Mudajaya Group Bhd
0.678220758395193,0.0,0.0,0.0,0.224027897053694,0.0,0.48783372422764265,0.6189325394299594,0.0,0.8746449967087777,0.07419211009633209,0.09605039326007762,0.0,0.46396306099186435,0.663401591041114,-0.3384201751522939,Bertam Alliance Bhd
0.8694191885045004,-0.9251448744128903,0.7920207113626998,0.0,0.0,0.0,0.6963836456888389,0.5229392090468855,-0.7874015084089222,1.707627882101704,0.0,0.0,0.0,0.16966102126879912,0.6377124118968324,0.15893874879883452,PLS Plantations Bhd
0.5739232555897461,0.0,0.8200632988501092,0.0,0.0,0.16824880262416353,0.9078053111833958,0.2885932571743229,-1.0862898775117458,1.4973172376661013,0.0,0.1862242523403496,0.0,0.0,0.5793963776981483,-0.1794620924687249,KLCCP Stapled Group
1.7823555206989672,0.0,0.8417848096863054,0.0,0.0,0.0,1.1380414269928316,0.41643890325798605,-1.421921410170633,0.7403049648355913,0.17817029326467873,0.0,0.0,0.07436181205841992,0.24932193437265487,-0.2762746970334309,Atrium Real Estate Investment Trust
0.0,0.8810964469592177,0.7689602824234268,-0.5264591251868165,0.15172551975301693,0.13170974280907677,0.0,0.0,0.0,0.9188914470305468,0.48039202620475724,0.0,0.0,0.27432863410636255,0.5733640072235069,0.06087008025660943,MQ Technology Bhd
0.7960692106949363,0.0,1.1758500328505619,0.0,0.0,0.17688046394824805,0.3918072754313659,0.3351466456506447,0.0,0.5442581113621283,0.32009921299299904,0.0,-0.5377469477678485,0.22877805418270866,0.23906439385841008,0.0,Seacera Group Bhd
2.0137135194755955,0.0,0.5528074734274441,0.3584746865537339,0.32001011703711657,0.0,0.5042341142042508,0.4290235416214676,-2.2848096775545845,1.2522665082589954,0.4317287983196463,0.0272704639015049,0.0,0.0,0.0,0.0,Al-Salam Real Estate Investment Trust
1.4499837354155893,-0.704543540963258,0.0,0.0,0.0,0.05531662614789607,0.12682460441580057,0.5834153785994649,0.0,0.8451473654755537,0.19730786392370042,0.0,0.0,0.8793486956027038,-1.0771766466670483,1.164064549941803,AE Multi Holdings Bhd
2.230657938586664,-1.2779279118396292,0.8057210423234762,-0.2474488688028126,0.0,0.0,0.5764902468263833,0.6418657483830857,-0.28946945132771695,0.764364870520087,0.0,0.0,0.0,0.0,0.13701955254417547,0.14653961590835038,YTL Hospitality REIT
0.4083324548454053,0.1831468871909281,0.20244788165557553,0.0,0.0,0.34073924279230305,0.547729471790968,0.0,0.0,0.5278897192117534,0.0,0.1268560366561946,0.0,0.2774006145252685,0.5131385774777594,0.30664876842823846,Straits Energy Resources Bhd
0.2022503750178567,0.0974578574547266,0.19552461654802464,0.0,0.0,0.2181051105663772,0.4423104930518176,0.017229469881486548,0.0,0.8294331596167402,0.38674270767197577,0.0,0.0,0.41201644700956197,0.586283566696868,0.0,NI Hsin Group Bhd
1.6296074305770851,-0.9677592764265301,0.8388565511803648,-0.6922139465026407,1.447299768795758,0.7593802387736093,0.15506104308479962,0.0,-0.621663325874342,0.7828193745623513,0.0,0.0,0.0556871148167193,0.0,0.0,0.0,Maxis Bhd
2.345298056060223,-1.0789819006931578,0.3545431593420918,-0.32142742019162407,0.0,-0.5417352823855073,0.6496994309107057,1.0600133764345436,-0.26760457473994936,0.858784428130859,0.0,0.0,0.0,0.0,0.31587288044736,0.0,Subur Tiasa Holdings Bhd
0.1203225997931835,0.0,0.04472663259695242,0.5857793885205195,0.0,0.4878973451669036,0.3644046007477842,0.25461606772928036,0.0,0.8912144746386654,0.32434946382902,0.05463329465439084,0.0,0.0,0.23876753605083179,0.0,Affin Bank Bhd
0.6644615002709572,0.0,-0.37240585960771444,0.0,-0.604871429248437,0.3456697759018792,0.4412878990628034,0.5762811218300807,0.0,1.4689989438906441,0.22739146864957563,0.0,0.0,0.21408011913315744,0.4039128993975643,0.0,Hap Seng Consolidated Bhd
1.5818494070163058,-0.824195915156277,0.5119968025979794,0.0,0.0,-0.6000475508548588,1.0564323854903839,0.786094025925188,-0.3085127265588046,0.44593310403053377,0.0,0.0,0.0,0.2092957661265974,0.47469731238587426,0.0,Thriven Global Bhd
1.3461112859306599,-0.37503690767693076,0.44554092038523474,-0.2125573005996606,0.0,-0.2331999490642871,0.35470423261659245,0.5210796806364651,0.0,0.8608946208814678,0.2690350908260759,0.0,0.0,0.34924081068638363,0.0,0.0,Cyberjaya Education Group Bhd
0.11614894322934127,0.0,0.7143390304151467,-0.41036925231474985,0.0,-0.09969086405666532,0.9420299645085377,0.0,0.6393530687250817,1.0666026916005513,-0.23179858506742598,0.0,-0.044725637725979706,0.0,0.6333817959243142,0.0,Gold LI Holdings Bhd
1.7336117603463381,-0.7722666770962656,0.4787913586210868,-0.3824511111032037,-0.24799038453023575,0.0,1.0097993141241555,0.3700106000171648,-0.13289455644126313,0.7799527335936505,0.4762353689503153,0.0,0.0,0.0,0.0,0.0,Zecon Bhd
1.4215154110580555,-0.8105948741087861,0.6416176499025767,0.0,0.0,0.5956993274204426,0.4914954694919844,0.45845866617591957,-0.31311581945050415,0.9696235175063364,0.0,0.0,0.0,0.0,0.09808368784868818,-0.28140997669115597,AEON Credit Service (M) Bhd
0.15209528153843924,0.16201323371024867,0.0,0.0,0.4846582693090809,0.5452531350758164,0.9131862121570854,0.19177119656212988,0.0,0.6175397393113994,0.25830121136293305,0.0,0.0,0.2858582955665491,0.0,-0.35820998955358974,K-One Technology Bhd
1.8095483812865611,-1.5446788787737304,0.47814908440310017,0.5404298791987104,0.7768836241746123,0.0,0.43356563311829827,0.4219707172224276,-0.4205539840335223,1.1477801127100613,0.0,0.0,-0.42201412127509297,0.0,0.0,0.0,Axiata Group Bhd
0.0,-0.2265215384477357,0.7197258291931914,0.0,0.0,0.21784505091013684,1.0598508607453558,0.0,-0.7329374473980317,1.3606699061982641,0.30096700122170905,0.04888523638526562,-0.21684507279519888,0.6458695074783692,0.0,0.0,Sycal Ventures Bhd
0.0,0.2643534353734514,0.0,-0.3599959874683619,-0.28921797993011955,1.0280281081639955,0.9270270705619594,0.19262979584645956,-0.33300904888826083,0.8957649884277272,0.0,0.13073729506475626,0.0,0.0,0.6935317633038298,0.0,Bank Islam Malaysia Bhd
0.0,0.0,0.10074853080400611,0.23432671076989992,0.0,0.11297883269863347,0.7252502082200859,0.3568254670512162,0.0,0.8380473545597299,0.1336198287182502,0.03740035025157695,0.0,0.33935174590973066,0.26904950166701014,0.0,Ranhill Utilities Bhd
0.08161379776644404,0.0,0.28446825778783563,0.0,0.02989319133159718,0.0,0.625335238898507,0.3578547372318324,0.0,0.5047967140823417,0.15336793318892827,0.0,0.03951543772822566,0.37607464315617817,0.684022699503884,0.0,Infraharta Holdings Bhd
-0.19050364536778286,0.0,-0.39098166753421304,0.0,0.0,-0.2481851091399972,-0.2410018871599543,0.0,0.25091766709331464,1.1556472680817773,2.677998699568889,0.3324987084868714,0.0,-0.3802912627472963,0.0,0.13344303768121377,Hexza Corp Bhd
0.17056771554680028,0.0,0.3743450962668375,0.0,0.027816617954006695,0.02603309822902406,0.8496332904224498,0.1742703692799642,0.0,0.6478454996046789,0.3168584038821438,0.0,0.0,0.09380594202340746,0.40798467319155884,0.0,ELK-Desa Resources Bhd
0.7148109600327904,-1.1168862294167718,0.6147295194706036,0.0,0.0,0.13479029400879883,0.6953696340007949,0.1636459822844228,0.0,1.0779891399699446,0.0,0.1647536595392686,0.0,0.22640171056354452,0.3560098971840473,0.0,Iskandar Waterfront City Bhd
0.4495644443558356,0.0,0.0,0.0,0.0,0.5156737502567852,0.022752768185286064,0.4780438913422247,-0.44683275337432055,1.4824207848217397,0.0,0.08397665643590742,0.0,0.23713289831553383,0.37266664903587915,-0.16453899733099409,Digistar Corporation Bhd
-0.4799495610039796,0.9000415553033428,0.904034246719293,-0.3449870706695135,0.0,0.0,0.4632673721139612,0.0,-0.34329105080873734,1.0505180046262506,0.16116577827689216,0.0,0.0,0.2769583761133917,0.37282343918333977,0.0,Bintulu Port Holdings Bhd
1.1316568569944876,0.0,0.276150405935166,0.0,0.0,0.11777244027601509,0.0,0.8884525860498749,0.1742392543920972,-0.5745423643079848,0.1066558585411678,0.08709586921977808,0.0,0.31201477779419506,0.41007906874728567,0.0,Lion Industries Corporation Bhd
0.0,0.07494030455888959,0.0,0.647566616057835,0.7314790617901106,0.39496181099297495,0.7143763462803566,0.09616910509131227,0.0,0.663915052095183,0.0,0.0,0.0,-0.9349000659583742,0.4650219808910448,0.05144665861826262,MBSB Bhd
0.0,0.0,0.0,-2.3030695405738446,0.9640379012109536,1.6888900880534448,0.864083364720736,0.0,1.0097018645611997,1.8836796453470512,-0.8384052176920402,-2.52949963651181,1.4330042480175125,0.0,0.0,0.7202226675361009,Olympia Industries Bhd
0.07533227278862781,0.03956566310698584,0.0,0.0,0.06017420004144074,1.5866361216108507,0.0,0.1399524997787205,-0.18551373942221744,0.553886016479051,0.14419737608879296,0.061268545110214886,0.0,0.0,0.3807163086186976,0.0,Kenanga Investment Bank Bhd
1.3338899882786723,-0.7783057636390232,0.44035198923454427,0.0,0.0,-0.4008679731412763,0.9183617476775253,0.5516131868255149,-1.411008154265867,1.7170003686617292,0.0,0.0,0.0,0.17194312068390252,0.29286984676569083,0.0,Asian Pac Holdings Bhd
0.35741030778348964,0.18278028882686795,0.0,-0.15739664135760023,0.0,0.0,0.3903945705543299,0.0,-0.9711373847377641,1.7096811479104836,0.8070108783728607,0.024668348107086124,0.05215613278991897,0.0,0.41590622381587167,0.0,Oriental Holdings Bhd
0.9799563920381918,0.0,0.8501416895491217,0.0,-0.4964100593429974,0.1172697199254529,0.4223478097916957,0.4166892631082423,-0.6596099685960812,0.878168401027642,0.0,-0.022095059005196278,0.0,0.28105773488478086,0.0,0.0,Rce Capital Bhd
0.3981611868307033,0.0,0.10841406745177462,0.6414278789481126,0.5701231681185758,0.0,0.0,0.25107516544602587,-0.7246488569887429,1.1521915131402145,-0.312432188339749,0.0,0.0,0.2778981574622371,0.33696123826360463,0.0,Cahya Mata Sarawak Bhd
0.05480088111935763,0.2418108084398521,0.4091234605144718,0.0,0.0,0.25251628876121607,0.0,0.0,-0.5265334816250191,0.9518324534340932,0.29301952391540115,0.0,0.0,0.4051664900857028,0.533444162281123,0.08282368446185549,Vizione Holdings Bhd
0.0,0.0,0.7218175846341995,-1.0950337827190328,0.0,0.10898151497964781,0.6741120117141777,0.5535957476553198,0.9357315205366462,0.3949788751648252,0.2602806706360603,0.0,-0.4345046861425148,0.0,0.4941623638712915,0.0,Bumi Armada Bhd
0.8780843610115947,-0.29238738165697625,0.6829584065236362,0.0,0.0,-0.24364329246550387,0.5256814565427643,0.5444484828050816,-0.8664348129564781,1.2222429700949764,-0.3748864389145797,0.0,0.0,0.0,0.5319571763254753,0.0,Malton Bhd
0.0,0.14850946609206542,0.1823009745146894,-0.3870522320617793,0.0,0.0,0.42143518407258457,0.0,0.0,0.9830257640939447,0.32631077800609637,0.14315263531522585,0.3692730563463303,0.0,0.36159947395111003,0.026076258650865516,Computer Forms Malaysia Bhd
0.3750152875654507,0.0,0.5065072864852493,-0.7370494643180305,0.0,0.0,0.4542639552720331,0.19559992620891412,0.0,0.6132685294319914,0.2430811237840838,0.3029686820304787,0.0,0.22740950194028856,0.3877219375325781,0.0,YTL Corporation Bhd
0.64659467575551,0.0,0.9479429979276183,-0.43917764732109327,-0.3001246133019433,0.0,0.6822719821663225,0.2275393117082832,0.0,0.4326590932197583,0.0,0.0,0.04831703744253548,0.22785852753443728,0.0,0.05516603045553901,OSK Holdings Bhd
0.5391930948827378,0.0,-0.44243701342219977,2.3462238363529346,1.071273371033108,-0.7713771020950633,0.0,0.0,-1.4451965150396324,1.3006255515424023,0.0,-0.7941618558980802,0.0,0.6328899958813553,0.0706375417564496,0.0,Lotte Chemical Titan Holding Bhd
0.6993379784687935,-0.3886825315790241,0.7242940230449922,0.0,0.0,0.10229448752724005,0.3410019893583551,0.15272407871815205,0.0,0.38074828411298767,0.0,0.0,0.0,0.36742247657166965,-0.01883968531071282,0.11470192879164089,Puncak Niaga Holdings Bhd
0.3561579295064014,0.0,0.5266013123848119,0.0,-0.3019965924307719,0.0,0.4278792937277907,0.2663598895873216,0.0,0.37329803213291,0.08752760069104834,0.09202718509505814,0.0,0.49697907060429697,0.0,0.14809935830146764,Tropicana Corporation Bhd
1.483991400357951,-1.0722117136220581,0.2625681804998302,0.0,0.0,-0.7824098519806276,0.8372609506288992,0.9006626191730339,-0.8137897388012832,1.1491356622207376,0.0,0.0,0.0,0.0,0.08422868843888423,0.4210763380606388,Ekovest Bhd
0.5631569867632922,0.0,-0.286312998419463,0.0,0.0,0.8856226664462382,-0.35834784553193105,1.0291892231305126,0.0,0.9823568370679027,0.577196004363867,0.0,0.0,-0.5566888151490919,0.3369343269650331,-0.721593308019668,Sin-Kung Logistics Bhd
0.3738663977175271,0.0,-0.4669170957213544,0.0,0.0,-0.15416374718322334,0.0,0.3329764131766568,-1.1057218012729086,1.7875460931190383,0.7727734546296661,0.0,0.019364991553085433,0.4257715313882089,0.45550985263827976,0.0,Greenyield Bhd
0.0,0.0,0.0,5.799558090077999,0.0,-2.1066278327632477,0.0,2.3500227485811482,-2.154830794111987,3.1096375117728297,-2.420248938623841,-6.7849627327599515,4.837590096332259,2.2297209623073755,0.0,-2.433413958649078,Berjaya Food Bhd
1.5479274032500974,-0.5608257529209936,0.23272682594936867,0.0,0.0,-0.5202008251440323,0.5191861151321756,0.0,-0.9702675566896817,1.2946390021083625,0.0,0.0,0.014326342723561147,0.23246624610150643,0.632584943511052,0.0,IHH Healthcare Bhd
0.2532484886004793,-0.49582777885091284,0.4270828421182865,0.0,-0.22979368283852816,0.0,0.5530229009079393,0.5450789803038497,-0.7453353762789666,1.2395632047246328,0.0,0.0,0.0,0.20878756104330592,0.6660122423223357,0.0,Sunsuria Bhd
0.3885886859305662,0.21183542819711018,0.0,0.0,0.0,0.2669025213448619,0.2113200112571908,0.10323962169615535,0.0,0.3973474582512915,0.14758069726554163,0.0,0.0,0.31504461517743804,0.19428160420617568,0.09609617892117406,OpenMove AI Bhd
0.2032616043962311,0.0,0.8079247384634154,-0.29731868054208554,0.0,-0.3939962345116243,0.5741358951166567,0.31761514782742906,-0.6461762175413753,0.9122275618596699,0.0,0.0,0.0,0.24418827224941472,0.5590567451035712,0.0,BCB Bhd
-0.39220234352635935,-0.15341877902071918,0.3559818849212667,0.0,0.0,0.0,0.6950105599208193,0.3947132347869919,-0.4430597866099019,1.0097832544175391,0.0,0.0,-0.19640759959760734,0.33050007495902806,0.6756794120538213,0.0,Sbc Corporation Bhd
0.47121668307971926,-1.0668410592402362,0.0,2.450042126749886,0.5925525361175268,0.0,0.0,0.26767006349905437,0.0,0.5592200585837834,0.0,-2.3008009473069984,0.9312580256373241,0.013113641128032292,0.26669983424294424,0.0,MMAG Holdings Bhd
0.1433868307292977,0.0811738579914843,0.0,-0.5724663654756426,0.0,0.0,0.49996185405895116,0.17270753565148567,0.0,0.7369970885316636,0.27998414624094803,0.0,0.0723475895212723,0.2414868358343677,0.4610673298018003,0.0,MKH Bhd
1.5106575688194064,-1.3087990857991267,0.3058198286094261,0.0,0.8176678156457855,0.0,0.7625654358621106,0.5236836311948511,-1.5497225847556486,1.1506622505951227,0.0,0.30532461468245786,-0.4218151174353699,0.0,0.0,0.0,Avillion Bhd
1.2973681517294142,0.0,0.0,0.0,0.5513650416963001,0.2635756463016147,-0.32173638921170605,0.30624131515523195,-0.8082791889960791,0.9797222640938996,-0.2451505545132039,0.0,-0.15890234505002487,0.19810645224719742,0.0,0.0,IGB Commercial Real Estate Investment Trust
-0.12675380844755305,0.16507472731490552,-1.0092917951083782,-0.025097521121991668,0.0,-0.5730164635950812,0.0,-0.13410497216754624,0.0,1.0897793874878208,0.267315153615247,0.0,0.0,0.6066620353513309,0.0,1.770268523380574,NetX Holdings Bhd
1.1706570177062048,-0.5184837253254161,0.37510716630272667,0.0,0.5215307880276886,-0.7279233156021656,0.0,0.7728725763924388,-0.47194348459535956,0.5595457289817325,0.0,0.18575093709121138,0.0,0.0,0.15237684687623276,0.0,Berjaya Property Bhd
0.10281057811933796,0.0,0.569358943936797,-0.27424285108039226,0.43403007689753587,-0.23489445013910626,0.0,0.6385716024672828,-0.3937560424104497,1.3427934741198546,0.1305706843878123,0.0,-0.33601894794215825,0.0,0.0,0.0,See Hup Consolidated Bhd
0.0,0.0,0.529238541530453,-0.4236512720088621,0.0,0.0,0.3974118889504979,0.10514598359135273,0.08734559065818774,0.4073680862326246,0.16611410980096772,0.07719127314090368,0.0,0.1933113393621258,0.36996252820452524,0.0,Mah Sing Group Bhd
0.33901872073170364,-0.1981329550722254,0.0,0.0,0.0,-0.26761189957050674,0.16743174375773265,0.5088098806178657,-0.1282278672027067,1.1685144706144064,0.0,0.0,-0.3828657975773908,0.19493936886566332,0.4910893494123699,0.0,Evergreen Fibreboard Bhd
0.4771100456631373,-0.6956006145596934,0.262831440584336,-0.3550159895017517,0.0,0.0,1.1033966311188914,0.0,-0.7497571835179124,1.2578293845893236,0.32373795621954515,0.0,0.0,0.43323867515896963,-0.17823473448298802,0.0,Selangor Dredging Bhd
2.3253349097383613,-1.7012355282342697,0.5611951258437677,0.0,0.0,-1.0626848076723678,-0.02505943414626359,1.8793922565315175,-0.928199355190328,0.8058932053661635,0.0,0.0,0.0,0.0,0.5357865005112851,-0.5206366740126284,LYC Healthcare Bhd
1.4626812973917518,-1.2468567795588572,0.5864043816448418,0.0,-0.07118703942378636,0.0,0.568396574324988,0.42063033404413686,-1.9421143442657036,1.5383506939972682,0.0,0.0,0.0,0.5405586743840036,0.0,0.0,Berjaya Assets Bhd
1.183488561593415,-1.151426780040562,0.5258816150377943,-0.34085087479003584,0.0,0.0,0.2944147554560268,0.32224305290747396,-0.7400569031505496,1.29492682737986,0.14881901419263738,0.0,0.0,0.2996692796975167,0.0,0.0,Bina Darulaman Bhd
0.7991763100898945,-0.258772887552672,0.36273703554368636,0.0,0.0,-0.8111903711247301,0.7426946931091336,0.8048466512212071,-0.7602571596282418,0.8500479534171311,0.0,0.0,0.0,0.0,0.25320640400185424,-0.16940665349800074,ABM Fujiya Bhd
0.44784659636689217,-0.542025518290185,0.0,0.264262068196003,0.5999999662399578,0.0,0.15406825370751956,0.2344962330698863,-1.50115902599498,1.2668500997738659,0.0,0.0,0.0,0.35182265421159586,0.5317198450188299,0.0,S P Setia Bhd
0.18251531930845888,-0.15932416168997043,0.0,0.0,-0.21419938643813113,0.0,0.13102036831466335,0.9616152784546909,-0.6490162597866888,1.0786101459631534,0.0,0.0,0.0,0.18264382256077208,0.45330758734329396,-0.18303481355855483,Hiap Huat Holdings Bhd
1.135997311234331,-0.5892026946387662,0.24524063770052718,0.21532405605551697,0.28717695628231055,-0.4905296074902414,0.44417740253234367,0.0,-0.5515395522641324,0.7627016364551408,0.0,0.0,0.0,0.31017019879945096,0.0,0.0,Swift Haulage Bhd
-1.3603177185072444,1.3738264494214216,0.5465314344908515,0.0,0.1159169222688295,0.3500941792737549,0.09238978514963825,0.0,0.0,0.7823353765371862,0.15229631334232407,0.0,0.0,0.13257493424987413,-0.4386052032680706,0.0,Fast Energy Holdings Bhd
0.0,-0.020856026757148444,0.1943662920804332,-0.47239825944313985,0.35865572395091594,0.006455803320806057,0.0,0.0,0.0,0.574090270540623,0.34102387953670277,0.0,0.0,0.3515248572796626,0.4134468549236172,0.0,BSL Corporation Bhd
0.6420693412605124,-1.0012943635585372,0.24375256094738215,0.7221797435531565,0.969105658702297,0.0,-0.5272753282429422,0.42397575414716926,-1.5428822134209819,1.9614710200992724,0.0,0.0,0.0,0.0,0.0,-0.15163592771687395,UEM Sunrise Bhd
-0.37984818076379784,0.9262075192813068,0.48203715545364006,0.0,0.0,0.0,0.2760375423191581,0.3396711240791075,-1.7452407349938721,1.656504420754011,-0.6652267024538968,0.0,0.0,0.43832775340202135,0.36919704182327,0.0,TH Plantations Bhd
0.5638538122775941,-0.9319695709385836,0.10198424132042865,0.0,0.0,0.0,0.1798607151142379,0.5167883020614616,-0.5490097851157125,0.9108302304153937,0.22158475743033007,0.0,0.0,0.2594148028370972,0.38794508939774847,0.0,Reservoir Link Energy Bhd
0.2532155065139985,0.08606229556379211,0.0,-0.23538475302217132,0.0,0.5174035933585699,0.0,0.11669258256815786,-0.35473960603223553,0.5134653936840877,0.13256392589362367,0.0,0.0,0.19563477761873138,0.4304439385441881,0.0,Pacific and Orient Bhd
0.29323397985744154,-0.5848927596974648,0.1727352118857033,0.0,0.20688048926268177,0.18679922425711679,-0.5882795057103603,0.0,0.7688944073557062,0.4540014570013995,0.0,0.0,0.0,0.4422622879052974,0.26282144007261077,0.0,Hartanah Kenyalang Bhd
0.12192225500194141,0.0,0.0956015807019198,-0.34731423797584315,0.2925919715496233,0.10614412620984573,0.05331524609915039,0.0,0.0,0.5315313162592943,0.3765371137230486,0.0,0.0,0.0,0.3122130680569861,0.06998731084038053,Jiankun International Bhd
-0.37289520799892717,0.558779750697984,0.0,-0.28013059003064145,0.0,0.0,0.1961193152649366,0.0,0.057831047417181244,0.583025860386588,0.2579084280420413,0.068159005882975,0.0,0.2562007508856604,0.28080446931384273,0.0,Permaju Industries Berhad
0.3777090721070651,0.0,0.3471474559299229,0.0,0.0,-0.23401467305465928,0.35162367682168255,0.6033757283627086,-0.36971785338081664,0.5168341311890806,0.0,-0.40746893920111327,-0.13558157629499856,0.0,0.5353516956541008,0.0,YTL Power International Bhd
0.6860262486831097,-0.22627345146639244,0.3718035388607376,-0.45866300818770395,0.0,0.0,0.0,0.0,-0.3689295030630545,0.7363385503875158,0.10659766722814942,0.0,0.0,0.1296084374308124,0.478913607187202,0.10803760315282762,Mercury Industries Bhd
1.331993006487127,-0.7506390130137254,0.51836591332204,0.0,0.0,-0.9626317271173677,0.5534402922840164,0.5986025536216019,-0.8207452330601234,0.5033895879302,0.0,0.2935770696559787,0.0,0.2958649133670057,0.0,0.0,Tiong Nam Logistics Holdings Bhd
-0.7827594872667616,0.04833696815778652,0.0,-0.4163848454903554,0.20655336743190975,0.0,-0.2500311111748971,-0.3822943903641305,1.0885308591861986,0.0,1.1509773161560986,0.0,0.0,0.5388026885869691,0.3404141808558646,0.0,Volcano Bhd
1.3318299721044204,-0.7394022726332564,0.16485336291264804,0.0,0.0,-0.6748247806044636,0.17882614278921174,0.9489031063783091,-0.9392701497355446,1.024590365736074,0.0,0.0,0.0,0.0,0.4649259061909665,-0.22894556331273508,Berjaya Corporation Bhd
-0.04687641463996448,0.0,0.2201881323755231,0.0,-0.010304872682560744,0.0,0.16846932101225764,0.21702527593896268,-0.4956378359281539,0.8070162235127621,0.2350350217822578,0.0,0.0,0.24831338314180607,0.18667654408684917,0.0,Taliworks Corporation Bhd
0.12059273539679667,0.0,-0.033939242993613325,-0.44243372536171033,0.0,0.19216808717111306,0.28578341093196363,0.0,0.0,0.5360735374788148,0.19702448585799423,0.0,0.06683123828322847,0.304410139604091,0.28834620440177633,0.0,OKA Corporation Bhd
0.3446208260617993,0.0,0.0,-0.24293881414206764,0.0,-0.10355732305828891,0.18189696872765035,0.7335010787666746,-1.0409994688649065,1.408739150639659,0.05666760920255635,0.0,0.0,0.07403087781235793,0.10131143574831089,0.0,Eden Inc Bhd
1.1229273788553604,-0.9213939686672372,0.7105885700552287,0.0,0.0,-0.3392556767186146,0.4567487602153594,0.5063155642844149,-1.1117676499594236,0.9815474877077481,0.0,0.0,0.0,0.4614166114558784,0.0,-0.3560357894965899,Yong Tai Bhd
1.3209451428047547,-0.6776047642640324,0.6803434902216394,-0.4340743703292004,0.0,0.0,0.35348743191087184,0.29133343752304636,-0.41618734650237105,0.14328215594392651,0.13237015078616077,0.0,0.0,0.0,0.0,0.07320642049090507,Shangri-La Hotels (Malaysia) Bhd
-0.26587353768629096,0.4824682224859733,0.0,0.0,0.6465939208515743,0.7271596013581695,-0.61781952865688,1.0702491089099915,-2.5649803049155655,1.3892605160267952,0.8599531334868267,0.0,0.0,0.0,-0.2969413914459744,0.0,Lambo Group Bhd
0.0,-0.1990723207727556,0.0,0.33092138115794356,-0.676929859935703,0.33603935342437424,0.0,0.28668357442663095,-0.43642168274038784,0.8123514427165632,0.3128263108242247,0.0,0.0,0.3842675947529575,0.23482408301249322,0.0,RHB Bank Bhd
1.4756583258415,-1.3547297533643496,0.4513324932226397,-0.40634887907165324,-0.2976164423131013,0.0,0.5703150868247862,0.2972993544455784,0.0,0.7588186101247014,0.0,0.0,0.0,0.1970866921659425,0.0,-0.30955594433794986,CelcomDigi Bhd
0.0,-0.1069938657068217,0.0,-0.3320078303297249,0.3817174386193998,0.06557055640558493,0.08900950138802051,-0.07414110352187997,0.0,0.4796603198428905,0.24625816053395258,0.0,0.0,0.29293405667906264,0.3073413367939759,0.0,Omesti Bhd
0.640756706008054,-2.2305337132722873,0.40349008316945423,0.3138557403481707,-0.49522152618878496,4.088668411946634,0.0,2.634520567303417,0.0,0.7095322367649461,0.0,0.1932841319464973,0.0,-4.9308086384733745,0.0,0.0,Khee San Bhd
0.6106394073271968,-0.38822818156738403,-0.29364187376644457,-0.30532442723269626,0.0,0.0,0.32114633124574543,0.445235856065184,0.0,0.15189393163932707,0.24176244748151485,0.0,0.0,0.2545559032540748,0.2815165098227009,0.0,Parkson Holdings Bhd
1.708390857364803,-1.2828877588772458,0.25810756026672477,-0.3752807635238187,0.07528248439763853,0.0,0.2010856813161663,0.5157818117720485,-0.7820419876989494,0.862524809086718,0.0,0.0,0.0,0.0,0.0,0.13445044893466443,CME Group Bhd
1.2468234428538583,0.0,0.678354262494202,-0.5355393714714525,0.0,0.0,0.0,0.271521353919653,-2.0097955664470373,0.7344164625770556,0.11361939019239108,0.19142630310563247,0.0,0.3222170117943566,0.3008102388848977,0.0,MCOM Holdings Bhd
-0.3123392120963576,0.0,0.06197067879301396,2.1257779084287978,0.0,0.0,0.0,0.0,-0.735323873063207,1.2953479430868682,-0.25779812168947147,-0.23761218637009066,0.0,-0.3110483228316261,0.19994069445464913,-0.5292891326797464,HeveaBoard Bhd
-0.40611408591689013,0.0,0.552977020413256,-0.2535594339885305,0.11092753802826992,0.0,0.5492315479396769,-0.20040779784623708,0.0,0.543336526568875,0.18920675144667792,0.0,0.0,-0.25935025913696164,0.4555532034581648,0.0,Lebtech Bhd
-1.7070732881128705,3.2209695453136717,-0.6849633397992875,0.7479913331368288,0.0,-0.28025829853854645,-0.5546620107119,0.0,0.0,-3.102663646083073,1.9508112282866876,0.9500556768872471,0.0,0.7072994437509956,0.0,0.0,Maybulk Bhd
0.6915936602982329,-0.6676769640107573,0.5095506155147042,-0.2904446422250926,0.17955576540046805,0.0,0.0,0.0,-0.45122219870422126,0.667617169678736,0.07374833310542293,0.0,0.0,0.10234069542471406,0.4315614648584229,0.0,PJBumi Bhd
0.4623282489651946,0.07583941697943031,0.25265769632724744,-0.32035291028673013,-0.21182772972633604,0.5957448489390609,0.0,0.0,0.33277595796812603,0.5664098946315831,0.0,0.0,0.0,-0.7162383679122802,0.19189933410932575,0.0,Evergreen Max Cash Capital Bhd
0.6747094612090868,0.0,0.05291502087534836,0.8543540241752555,0.5250867157916754,0.0,0.0,0.7174527997107257,-1.7804080491567078,1.1223409005481082,-1.6228897758645615,0.44720154419132213,0.0,0.0,0.22454199726314794,0.0,Malaysian Resources Corporation Bhd
0.0,0.0,-0.6503840979539154,0.0,0.2987675011984534,1.13372677578221,-0.3133209978294919,0.0,-0.3672524883994188,0.48544580065277504,1.8271225771941355,0.0,0.0,-1.320086869442572,0.883943086878854,-0.768114765869001,Hextar Retail Bhd
0.7218142270698782,0.0,0.2154642842361513,-0.29380485909914167,0.0,0.0,0.3659299815693813,0.12940323414457713,0.0,-0.424222864047949,0.18847360045148734,0.0,-0.16240683284692548,0.18389079792800503,0.27083521003160105,0.0,Cuscapi Bhd
0.9085759944180265,-0.34534568919756975,0.4834035120379535,0.0,0.0,0.0,0.0,0.0,0.22351266909341752,-0.7924554656207067,0.17292387110109794,0.10925438771801366,0.0,0.3268467084382377,-0.5786845805191455,0.6810058219494299,Concrete Engineering Products Bhd
-0.07553582713940665,-0.17502512612436077,0.0,-0.23553652421285456,0.09921264104775211,0.2297956540651532,0.6450699305709738,0.30634541207608385,0.3393763000707737,0.11334148298515577,0.0,0.0,-0.0968850355681597,0.0,0.0,0.0,SBS Nexus Bhd
-0.32742722629253607,-1.2422198248376843,1.579033941070257,-0.3205773997100657,0.0,0.0,0.0,0.0,0.8448238216465397,0.8920326306649446,0.0,-0.30261418307996524,-0.25617194382556896,0.0,0.15643421934378254,0.12404011662685611,Hap Seng Plantations Holdings Bhd
0.0,0.0,0.0,-0.778356163587524,0.0,0.0,0.27239944590366666,0.19945533887570221,-0.06944814900805094,0.5282882880287375,0.23200817528202541,0.0,0.14080351046653738,0.23143048409880634,0.38209120898867593,0.0,Symphony Life Bhd
1.197905333777159,0.0,0.8601897389551679,0.0,0.0,1.3348881903407224,0.0,0.6971547862277923,-1.234622875401678,0.8288061520686164,0.0,-0.4830520654528525,0.0,0.5068501861166395,-1.490352669650621,-1.0798898831029629,Supergenics Bhd
0.6640576454639163,0.0,0.0,1.2241597817143677,-0.5880388849254581,-0.5566920697683487,0.8288006350872035,0.7847123231028001,-1.0093522367480934,1.034062462990379,0.0,-0.30441151197267646,0.0,0.0,-0.9413610246256762,0.0,PTT Synergy Group Bhd
0.9519782412097749,-0.5153135315960661,0.5228182298609514,0.0,-0.3842553405033174,0.0,0.0,0.2561298330316865,-1.090936235669982,1.384856309573085,0.0834256212865413,0.0,0.0,0.2144708067736835,-0.29248404894610114,0.0,Tenaga Nasional Bhd
1.326347962533748,-0.5985954665509167,0.388416293867281,-0.20827938392630083,-0.2068898827312864,-0.3411510260821705,0.0,0.0,-0.5750452057421812,1.0606946931805727,0.0,0.0,0.0,0.0,0.354135908663234,-0.0738929818474248,T7 Global Bhd
0.0,0.0,0.0,-0.13583756763627197,0.0,0.806613616045945,0.3302619672101125,0.19707381754196357,-0.39885423954604887,0.3880776826587547,0.26593147618259294,0.0,0.0,0.10441213120756904,0.29490000104293,-0.7324542806015971,Onetech Solutions Holdings Bhd
-0.7118848727466062,0.0,0.3044646373471718,0.0,0.0,0.8165158320908926,0.0,-0.9806185512849928,2.626757921523149,0.0,-0.8835138182769078,0.6247027783467332,0.34023775461718697,-0.5309646149048116,-0.4992618613714295,0.0,Cheeding Holdings Bhd
0.701295094160052,-0.4977220585517712,-0.12602880035066577,-0.2595752841233665,0.0,-0.15859194498335688,0.0,0.0,-0.3979221228154319,0.832404320208287,0.14529079127378516,0.0,0.0,0.31071474980751757,0.5551863216543615,0.0,BEDI Bhd
0.11775309823665259,0.0,0.32913190921412666,-0.5722421769453577,0.0,0.0,-0.1704971865414867,0.06447318498369436,-0.39379460631737806,1.1736965708917164,0.22192715381886186,0.0,0.0,0.4253008128939109,-0.09974687112512827,0.0,Ornapaper Bhd
1.1570318141116451,-0.7139245392120426,0.3629378432460515,-0.8963753857188491,-0.1937052369823875,0.0,0.0,0.3789953742317986,-0.279114523320235,0.5945096893472628,0.0,0.0,0.0,0.2088296619142949,0.47465342367743707,0.0,Magnum Bhd
0.8927235993256235,-0.36456082996162475,0.4069153858101364,0.0,0.0,-0.27732164035765483,0.5683428147889938,0.24664324547814118,-1.5364238431800754,1.018145479899399,0.0,0.0,0.0,-0.06132969438207839,0.1683368512496032,0.0,Sime Darby Property Bhd
1.521923799796354,-1.776845783791777,1.1837452641180022,0.0,-0.0323677053814624,-0.38708177894778845,0.45543556465466317,0.7048503082553745,0.0,0.0,0.0,0.0,-0.19229071864558236,-0.6264597505276452,0.0,0.19719213206146813,PLB Engineering Bhd
0.48525384285201206,-0.3974966253242068,0.19522671901207822,-0.4683766965986721,0.0,0.06526175043404037,-0.32728945701873147,0.0,-0.2704819831303097,1.3625125974781833,0.0,0.0,0.2197099576338655,0.0,0.0,0.11643203077300034,Jati Tinggi Group Bhd
-0.2583729916006153,0.0,0.0,-0.3209312630124623,0.0,0.0,0.27653254892487955,-0.2610675724996572,-0.7756878127478042,1.1976353750865658,0.47234965755512287,0.0,0.0,0.1816550125408794,0.38125689487774517,0.07716664691855142,Sasbadi Holdings Bhd
1.320048642982515,-1.2058760469626701,0.32435010547030974,0.0,0.0,-0.36940735125686985,0.230103167349136,0.24672637777376777,0.0,0.16811813353125268,0.0,0.3870188775257972,0.0,0.0,-0.6084329907198601,0.47203500027933176,Auro Holdings Bhd
0.6136228906009741,0.0,-1.2053304532996734,0.0,0.0,0.28154745464029224,-0.4312918250618256,0.4478866719964633,-0.4623399926018028,1.8310733579347631,-0.6624831613878981,0.0,0.36417496407731675,0.1667526942623937,0.0,0.0,Perak Transit Bhd
1.4281230131686238,-1.6308301699223415,0.6434503328739745,0.0,0.0,0.0,0.39242679755853,0.24292133010461703,-0.34549398299162404,0.48437644240343325,-0.20886605150816276,0.35987710002379103,0.0,0.0,-0.4497299080367153,0.0,Xin Hwa Holdings Bhd
1.1050055931680984,-0.6793315955389719,0.6218824160631088,-0.6483598023413637,0.0,-0.2935703523020543,0.26895789998828035,0.44013679101296954,-1.1643442868887834,0.8308581605532372,0.0,0.0,0.0,0.0,0.43077837501880906,0.0,PMB Technology Bhd
0.2675290300753948,-0.34533544129162524,0.27383734317716363,-0.3052589194465096,0.0,0.0,0.27593746004079384,0.18837061092043267,0.0,0.24069570690227038,0.0,0.0,0.0,0.18030979856288282,0.05311627346315824,0.07345531444826484,KTI Landmark Berhad
0.14915812315352261,0.0,-0.11542953312574306,-0.37135830083957466,0.0,0.6813764655583379,0.27732013591962096,0.28102971138413224,-0.29632923559708885,0.5215367931688584,0.0,0.0,0.0,0.0,0.3290600374852862,-0.5759678053579693,IRIS Group Bhd
0.5744350729845558,-0.6784817578257195,0.3190253417841437,0.0,0.0,-0.35625555516231544,0.6086137854885648,0.5584509637345298,-1.1215004683223688,1.178714936929396,0.022691853086394865,0.0,0.0,0.0,0.0,-0.2277123651076497,Eonmetall Group Bhd
0.0,-0.2575855642890323,0.16779072729199684,-0.34149753437220093,0.0,0.13548970735977292,0.0,0.20520532963976496,-0.42202756940555985,0.7911775194591759,0.11659580140487924,0.13795417512510644,0.0,0.3444780761162895,0.0,0.0,Kim Hin Industry Bhd
-0.7559969016372855,0.0,-0.42668580218875035,0.0,0.3805590766901488,0.3066601769839983,0.0,-0.2725107189275482,1.7909072745242722,0.0,0.0,0.2980311503550519,0.0,-0.32548678395702685,-1.1377959054801754,0.9940386731573881,G3 Global Bhd
1.5099972749835038,-0.8135863026968454,0.0,-0.15490379084498684,0.0,-0.7695747931000412,0.0,0.4154557367674256,-1.0771203866437884,1.227825622234234,0.0,0.21463081051970617,0.0,0.0,0.4619526583965403,-0.16585730973831406,SEG International Bhd
-0.15285964130132668,0.5981502039395821,0.0,0.0,0.0,0.152785791800768,-0.1983038946519023,0.0,0.6026249179223792,0.614620572021348,0.0,-0.21574162321146084,-0.1395146559680049,-0.5680584981384553,0.1499394456471852,0.0,Radium Development Bhd
0.4673766121601278,0.0,0.4994929653115555,0.0,0.0,0.0,0.0,0.2510268030517709,-1.43591991488993,1.7421795721800863,0.45209845108090385,0.0,-0.21013896171500357,-0.2761488609926182,-0.7968681402309892,0.14477638904787316,Theta Edge Bhd
1.0443471365017545,-0.2610725636673821,0.21493121680442207,-0.4090936179054691,-0.1963808547070288,-1.1625651122303382,0.2424452461836717,1.2714187978940166,-0.6779731322015873,0.7684487053904329,0.0,0.0,0.0,0.0,0.0,0.0,Ancom Logistics Bhd
-0.0968329869517992,0.0,0.0,-0.48749398871787125,-0.10543855697276573,1.5638651206121985,0.0,0.0,0.19822308554655613,0.0,0.09402197149083026,0.0,-0.2120574358431499,-0.12212711466890176,0.11513354017409139,-0.12526807154834602,EquitiesTracker Holdings Bhd
0.5291248167477869,-0.601250497404987,0.0,-0.28730849057338226,-0.28397493573799776,0.0,0.3559462519953978,0.16130761849316927,-0.877797547045854,0.9268390937149866,0.6361271642122408,0.0,0.0,0.0,0.26281515497314384,0.0,Eastern & Oriental Bhd
0.0,0.0,0.0,0.0,0.22856489107845188,0.11811976243149419,0.0,0.3374257133763735,0.0,0.4270545160381055,0.7056168572427824,0.3459693229690991,0.26834012596680573,-1.0920288627174923,-0.5703640502986512,0.0491559155739124,NationGate Holdings Bhd
0.6774420318468297,-0.49706740260686205,0.11101992327349236,-0.3961205869725499,0.0,0.0,0.16393118653627453,0.3498158861768277,0.0,-0.1706027107405677,0.31967203540969513,0.0,-0.12305273445796172,0.3745073180861451,0.0,0.0,Muhibbah Engineering (M) Bhd
0.0,0.06901867225778514,0.0,-0.3301649424796733,-0.08414859772228056,0.06727096003507368,0.1528888154191907,0.0,-0.44138462163066794,0.8293396184342916,0.11734930716724208,0.0,0.0,0.15755214915722748,0.2591149219727045,0.0,Muar Ban Lee Group Bhd
0.0,-0.1379950426539116,0.0,0.1261359439436271,-0.631535799305897,0.3620641695175087,0.15972270170487307,0.07868843233594294,0.0,0.8276971516933953,0.13008533777652698,0.0,0.0,-0.2750789656292401,0.15203888734672036,0.0,Ammb Holdings Bhd
0.0,0.0,-0.2702206360788214,0.0,-0.22182117543114388,-0.30489347846976605,0.15653355910853056,0.2481675788982073,-0.32582740828783163,0.7066886356010367,0.04895613812031824,0.0,0.0,0.27494323031126144,0.477846787996817,0.0,Watta Holding Bhd
1.2011036370441635,-0.4923496003889785,0.0,0.0,-0.17235296538551467,-0.08092833553799901,0.0,0.0,-0.6272375134533631,0.7791782975284481,0.0,0.2900055585761912,-0.20768890203516796,0.2864885132516023,-0.2121104829696283,0.0,Astral Asia Bhd
0.4658070597159265,-0.44283713765007526,0.48623784545323284,-0.30207725869055796,0.0,-0.20227160184263776,0.0,0.2955445709329478,-0.26023357336895314,0.0,0.049877600688337256,0.0,0.0,0.19526400417882525,0.45836482103015197,0.0,Smile-link Healthcare Global Bhd
1.2146853913118094,-0.7013764410130154,0.4003495561245428,0.0,-0.2726412916511429,-0.20603763082936896,0.0,0.0,-0.6497370862037755,0.9219720310111258,0.0,0.3402374631007518,0.2630596596664709,0.0,-0.5728369127526349,0.0,Bina Puri Holdings Bhd
0.8748364708015148,-0.27994527575991746,0.46134397913139535,-0.580297366318977,0.0,0.20115948205552814,0.0,0.0,-0.5167034871225068,0.3892199099882879,-0.18760815566319095,0.0,0.0,0.0,0.20921142417110097,0.16612444830794423,AME Real Estate Investment Trust
0.8677784901040433,-0.580012643863976,-0.199013969217969,-0.38627582708805547,0.0,0.0,-0.2867145375845472,0.30896661912224943,0.4406801842599914,0.3152367292982621,0.0,0.0,0.0,0.5943032020055548,-0.34684160347800447,0.0,Geohan Corp Bhd
0.7801475435884886,0.6160715998854809,0.0,0.0,0.10726471327706402,0.13046539627323125,0.0,-5.166681536966254,0.17412656916155766,0.0,0.4285220094167521,0.0,0.30365193213762776,0.0,0.7633895601798075,2.574988368475131,VETECE Holdings Bhd
1.3457838948295553,-0.7449694152958708,0.46870756152536774,-0.42450871061439466,0.0,-0.3688219880822846,0.0,0.0,-0.6457363960269211,0.6337895805873293,0.0,0.0,0.0,0.27871792021313846,0.41231653604332075,-0.26419266528239727,Focus Dynamics Group Bhd
0.2937825541961827,-0.20726434645095262,0.0,-0.2364894223030973,0.0,0.0,-0.13123060984649682,0.8468359015136534,0.0,-0.22837084263736188,0.2180139805346215,0.0,0.0,0.18808710332959955,0.30462727702125963,-0.3607911426720518,Kronologi Asia Bhd
0.7801363300987441,-0.7193630797899896,0.3711525252242051,0.0,0.0,0.20592258074353853,-0.35585610476966223,0.0,-0.002780515882129329,0.03720400969982174,0.05830942905785309,0.0,0.0,0.304071977063961,0.0,0.0,CUCKOO International (MAL) Bhd
0.6097847378547764,0.0,0.8320990791767202,-0.22567023197511113,0.0,0.0,-0.31666406177857803,0.0,0.28695503734116606,0.72991699746708,-0.934053048975483,0.0,-0.2624640433245097,-0.1602739113057591,0.1054898343851695,0.0,KEN Holdings Bhd
0.11482499937969509,0.0,0.4626405895946932,0.0,-0.21326584914759272,0.10171333870050736,0.0,0.0,-0.6912178492387915,0.9772184890265464,0.0069639390250996564,0.08605538889480936,0.0,-0.3982862206246402,0.0,0.2134249306333795,MMIS Bhd
0.551437036175019,0.0,0.0,0.0,0.0,0.11072443578381498,0.12025483754010846,0.4521348453075535,-0.5816166805150939,0.27865679898634754,0.0,0.0,-0.20082158751864365,0.08983913145060562,0.4495383558352769,-0.6215830471494882,Catcha Digital Bhd
0.20868263480208926,0.5234438911527616,0.0,0.057239658490855154,0.0,0.0,0.20319529701252628,-0.5299563547293191,0.0,0.47346292024922143,-0.038254794284808415,0.11268615884350575,0.08869842242639832,-0.46247619731028367,0.0,0.0,Nexg Bina Bhd
-1.3989397409963193,0.0,-0.24172661530302678,0.0,0.3009795385680929,-0.15541423279107158,0.2973752283928005,-0.4004687346958649,2.5719535785652607,0.0,0.0,-0.23844134395935793,0.0,-0.4248291944742445,0.0,0.3231314468418558,Aldrich Resources Bhd
0.7655941677480579,-0.3479566663647944,0.6760718464877239,-0.1643471804247427,-0.3725882196073722,0.0,0.0,0.40300569938098135,-0.7713851255114048,0.8119630113590619,0.0,0.0,0.0,-0.1850947003328068,0.0,-0.190467608664155,Uzma Bhd
0.0,0.2798614446360648,0.3948701432807247,0.0,0.0,0.05580086165274942,0.0,-0.3608610903748101,-0.311108848167861,0.792496046382974,0.40469904550747526,0.0,-0.07535536561198475,0.3880371321266845,-0.9453034194627249,0.0,Eckem Holdings Bhd
0.0,0.7226168852016707,0.153015145500445,0.0,-0.24688703126242775,0.21184536891530265,-0.06776981488186673,0.0,0.24778885119848146,-1.8585786914462823,-0.22687549495262493,0.0,0.0,0.2849753162577366,0.0,1.3976182284347678,WAVEFRONT Bhd
0.39644662344763115,0.0,0.3292977084357381,-3.28991315504922,3.500982120644448,0.3912363561152905,-0.5158607237772027,0.0,0.0,0.0,-0.29880189937792717,0.14742947722466287,-0.34885326733041583,0.0,0.3030613519473833,0.0,Heineken Malaysia Bhd
0.543283241772511,0.0,0.49764538889489823,-2.2192391831420233,2.3450267418658366,0.8555720598578117,-1.3247891765083661,-0.193043244265339,0.0,0.0,-0.547895987445936,0.3635224916225862,0.26442480071269847,0.0,0.0,0.0,British American Tobacco (Malaysia) Bhd
0.0,-0.1313913748003327,0.0,0.0,0.0,0.16260218548895286,0.18535222518314717,-0.30198128942780883,0.47774587203418806,0.6041516638472708,-0.14799088582298228,-0.0663508910208751,0.0,0.0,-0.2868690809889319,0.08292204703733264,YX Precious Metals Bhd
0.8140275924165268,0.0,0.246195150674667,-0.4366824776160382,0.0,-0.31965176550768826,0.0,0.0,-1.4979540570975953,1.1328709489552355,0.0,0.3586655115386764,0.0,0.13308091883097806,0.5444522390233401,-0.3977233949859928,Varia Bhd
1.9048994298828097,-1.4425579479982398,0.14959976584324358,0.3435374998672293,0.0,-0.9169811061338032,0.7846456295216917,0.7161490822182951,-1.9932775424940898,1.8592788920084884,0.0,0.0,-0.831110093826045,0.0,0.0,0.0,Astro Malaysia Holdings Bhd
-0.538578652512815,0.7407861897735722,-1.9455949333000713,0.0,1.6902077197446896,0.0,-1.405229175420185,0.0,-0.584272924320876,1.282015261235646,1.4678573069466692,0.0,0.0,-0.4673996295507721,0.3298185050629481,0.0,China Ouhua Winery Holdings Ltd
1.0119748702616485,-0.6788936471333129,0.6372194884127829,-0.2615863051921834,0.0,-0.47248756143748777,-0.1944852930542431,0.2991568214202737,-0.7100353140965858,0.5936885276630135,0.0,0.0,0.0,0.34000670637947555,0.0,0.0,MIECO Bhd
0.25056740591872684,-0.23753751299552783,0.346385122447442,-0.1006461313533268,0.0,0.0,0.0,0.3182195966023154,-1.097121723677649,1.0410470355031887,0.0,0.04346265874217936,0.0,-0.40609534726846036,0.0,0.4053243494531134,TFP Solutions Bhd
0.7366583838674188,-0.8991385826950333,0.0,-0.28209970105518556,-0.2162812136463938,0.0,0.0,0.38816317115920973,-1.1591904328258305,1.083029760846297,0.0,0.47811148783497665,0.0,0.30081281739090854,0.13339635372030464,0.0,Marine & General Bhd
0.0,0.0,0.0,0.14157605349556002,-0.8196378883412787,0.3883909178551208,-0.08871167939851787,0.16650914660905497,-0.4499667038643859,0.878750551262356,0.07913342457005532,0.0,0.0,0.11740903911375417,0.13978043020504863,0.0,CIMB Group Holdings Bhd
1.4877232524738149,0.9234791683945457,-1.4124218189439608,-1.6248059740969398,0.3506301405704761,0.0,0.0,0.0,0.7516540878209486,0.0,0.47789343848913857,0.0,0.5983544322946043,0.0,-1.8102885926818828,0.8054689449896728,ARB Bhd
0.41375803649102416,0.0,0.0,-0.525201600477086,0.0,-0.4742459472861926,0.0,0.319122639597568,-0.2526704777116271,0.6071784026290636,0.0,0.0,-0.14302692583772036,0.2175160110607936,0.3618985958128558,0.0,FM Global Logistics Holdings Bhd
0.33928779699685474,0.0,0.0,0.0,-0.1132328386931383,-0.24611863803352618,0.13823739961548376,0.6763371095236153,-0.22263940576734312,0.4995188474354819,-0.7250433735672996,0.0,-0.21549360756276414,0.0,0.3736108851577306,0.0,APB Resources Bhd
1.570489379796579,-0.3677156449362323,0.0,-0.25010516178884945,0.0,0.0,0.4070519206726637,0.1758614037279089,-0.22505489470955148,0.30643198379578146,0.34207697882518123,0.0,-0.13986771646751162,0.0,-1.3268855942729105,0.0,Gopeng Bhd
0.0,-0.1611236345565891,0.0,-0.08369151679234965,0.0,0.0,0.0,-0.33215497245198256,0.15338912149326306,0.5119163294852532,0.14062704720225508,0.0,0.09890890892040285,-0.29970694647888774,0.09473900683095715,0.3687268785490252,Ecomate Holdings Bhd
0.0,0.406388097026027,0.3088070489531913,-0.18256095096579772,0.0,0.0,-0.7130959909121154,0.39746948192484116,-0.5480986988388642,1.5410599645393226,0.0,0.0,0.0,-0.8026090665020101,0.42326492001758387,-0.34874316111242537,MAA Group Bhd
2.1980128516890582,-1.1872833414932535,0.4227636487346839,0.0,0.0,0.20541754972694934,0.6127802278516025,0.0,-2.6320627662558937,0.537571670163057,0.0,0.0,0.0,0.18711826380262955,0.3000755279820894,-0.16526977577563684,Lien Hoe Corporation Bhd
0.5888726465063846,-0.5815215077091566,-0.06558626738625238,-0.2074831692159771,-0.14812155742096514,0.15683613614342007,0.0,0.2660381757515031,-1.4619344461586532,1.5578409902313584,0.0,0.0,0.0,0.0,0.37106565197116026,0.0,Sin Heng Chan (Malaya) Bhd
0.25011578532546336,0.0,0.5498379590586061,-0.2613222623279209,0.0,-0.15304568790118595,0.0,0.1805671909588356,-0.14889188032715847,0.0,0.09133802597153239,0.027081664638268665,0.0,0.17066269913317625,-0.2364448873947978,0.0,Arka Bhd
0.40959946185119134,-0.26979462852593733,0.3820880052154472,0.0,-0.09620275870882368,0.7416667259520091,0.0,0.2597576153799114,-0.4127485037779728,-0.4701720149110703,-0.25391500533057965,0.0,0.0,0.17059616281809742,0.0,0.0,Capital A Berhad
0.1590670561256522,-0.4477825698320516,0.0,0.0,0.0,-0.013858663197224837,0.0,0.3695685665258508,-0.8681602471775436,0.4294124688014802,0.05201307646457061,0.11026221278754117,0.0,0.26147970874731363,0.39656246896619607,0.0,Tien Wah Press Holdings Bhd
0.0,-0.9134457919410652,0.4496506297644348,-0.1949664633696069,0.0,0.22968158857183957,0.0,0.0,0.0,1.0914405335701716,0.10024580142722755,-0.21677960567861038,-0.1604854171230825,0.3988695476924833,-0.34610235306992715,0.0,SFP Tech Holdings Bhd
0.47984918281342076,0.0,0.0,-0.22676320318686807,0.0,0.2541460833057113,-0.2684758901918516,0.131888678234082,0.0,0.7032984161422854,0.17022306274965968,0.0,0.0,-0.7013985881815361,-0.4786572115274428,0.3722598682447539,Petra Energy Bhd
0.17417501099476726,-0.3038505587549978,0.40927610788085156,-1.5910435514626078,1.526026545769184,0.14978201612211461,0.1627664620695516,0.20173151293989836,0.11545882652397545,0.0,-0.40910544276621635,0.0,0.0,0.0,0.0,0.0,HB Global Ltd
-0.8633248962718383,0.7413370498819841,-1.2899239629934947,0.22527872525037065,0.3851890853739589,0.0,0.0,0.0,0.9510218310971175,-1.9071739375453067,0.0,-0.37458230697842154,2.228652222399665,0.30552461610413334,0.0,0.0,Comfort Gloves Bhd
-0.6547390126104086,0.42529774899100786,-0.8506597917374673,0.3583605179521339,0.0,0.0,-1.1601335522780938,0.0,0.0,1.650048497166556,1.5743433838987249,0.0,-0.29019460263261754,-0.284453630476351,0.0,-0.3853417044269342,TWL Holdings Bhd
1.3961591113183542,-0.5238518793299001,0.8532493094381428,0.0,0.0,0.42271471793410054,0.0,0.3550645834215874,-2.3685659092216556,1.044546104692581,-0.6073052881245206,0.13589421080770128,0.0,-0.3402087692678806,0.0,0.0,Al-Aqar Healthcare REIT
1.161078381139854,-1.1462826851241927,0.5847040364202442,0.0,0.0,-0.44722817771442114,0.0,0.2489596346099384,-0.9950908685036132,1.0288536306945109,0.0,0.0,0.0,0.7688170859826865,0.28944737973014467,-1.1612257110936794,HLT Global Bhd
0.07483333458337964,0.0,0.48134762070516807,0.0,0.0,0.0,0.19769073281363886,0.0,0.5094796348257993,-1.8102852691904314,0.19368356302799702,0.06080109124797479,0.0,0.09877163291104052,0.07078634816340071,0.45144763575162467,Woodlandor Holdings Bhd
0.15550126133814957,-0.5385977709756903,0.07870005783925525,-0.23919660255127934,0.0,-0.2641752537172295,0.13135372204257023,0.0,-0.18996494220756954,0.5612023749355182,0.0,0.0,0.0,0.2211077770873668,0.39758673391593247,0.0,Iconic Worldwide Bhd
1.198686076865589,-1.8762857799074697,0.7639828099745625,0.2622196415860399,0.0,0.0,0.5655797205871584,0.37801417193944115,-3.1780225145111864,2.438882597572102,0.0,0.15457828441190508,0.0,0.0,0.0,-0.4027524564904392,One Glove Group Bhd
0.1559267411719096,0.0,0.0,0.0,0.2796408087469836,-0.1003055741988498,0.17499016044519258,-0.5287977463088155,0.0,0.0,0.05610758958250614,0.10045024535824089,-0.0709221841233858,0.08499449129683508,0.15178927104890705,0.0,Cloudpoint Technology Bhd
0.2703523998726949,0.14816253717132308,0.5676970895254042,-0.4405423115094967,0.0,0.0,0.5908037358071176,-1.6022382820244239,0.0,0.6751117132419004,0.0,0.0,0.0,-0.2007403490934841,0.11818081542720074,0.17186413404464695,Betamek Bhd
0.1920540577279514,0.0,0.0,-0.16734523832109705,-0.15993555749232477,-0.19007845301848916,0.24075131560633273,0.0,-0.33353954293067883,0.4422698473406821,0.0,0.08414824812797993,-0.099581539331417,0.28881233454581406,0.0,0.0,Trive Property Group Bhd
0.44113584910695686,-0.3741330944312288,0.6089126515666842,0.0,0.0,0.0,0.0,0.0875053924373701,-0.3169112177235775,0.37447222731512886,0.2736073138797363,0.0,0.0,0.4100752107424417,-1.226559518638725,0.016021006739590678,AwanBiru Technology Bhd
0.6348228115095543,-0.42490566547910286,0.2240324487513571,0.0,0.0,-0.26584146836622263,0.0,0.300293013114936,-0.18770499872046015,0.3776354583144658,0.0,0.0,-0.19507417665008497,0.2535592580818533,-0.43156766009902797,0.0,TDM Bhd
0.0,-0.2846521243846458,0.16578868528012883,-1.2915123337580128,1.3447501122915575,0.6754873645640805,-0.21402204685447096,-0.3661422595467426,0.0,0.3114497384485888,-0.1615677859525518,0.0,0.0,0.0,0.09761589076728547,0.0,Mr DIY Group (M) Bhd
0.0,0.0,0.0,-0.209680138275808,-2.492228851662373,1.2983707855458653,1.0629750113271763,-0.35269310732539916,-0.6380265625049519,0.12178403319353193,0.0,0.0,-0.7208944823344487,2.0101339674855154,0.19582714018516179,0.0,Zelan Bhd
0.1217894454431364,-0.09250929243181294,-0.1773108129321447,-0.2439294277646138,0.0,0.0,0.0,0.3495556544106215,-0.6604082513592962,1.0968870638695962,0.0,0.1367613197962234,0.0,0.0,0.14313662561773535,-0.4006000065008321,PETRONAS Chemicals Group Bhd
0.11307655415144488,-0.17516221241296034,0.4224011075909118,-0.29237818409879407,-0.45149351676802546,0.0,0.30125966283454925,0.0679996226475578,0.0,-0.1684914468572505,0.0,0.0,0.0,0.13004671523316633,0.3225967457398177,0.0,Eco World Development Group Bhd
0.13213437603172387,0.0,0.2518725867416418,-1.1389767786862528,0.6035775443656252,0.27871709636211,-0.3351206009589673,-0.13939597971021045,0.0,0.44903568006716327,-0.13857510236473214,0.0,0.0,0.2996468150489859,0.0,0.0,Focus Point Holdings Bhd
0.30665240363643215,-0.6727211393438031,0.10837689347600946,0.0,0.0,0.0,-0.48755718466329023,0.2605520390770882,0.2195639516457885,-0.252056746369334,0.11341267436754585,0.0,0.1266900956548743,0.5207453423631638,0.0,0.0,CJ Century Logistics Holdings Bhd
1.4322526418333408,-1.2200371454548147,0.0,0.34197419888532704,0.0,-0.9836051215198437,-0.34518529702104506,0.9585312062284298,-0.7757350142990562,0.6232323914212214,0.0,0.0,0.0,0.0,0.4268824150890745,-0.2286607057704294,AEON CO (M) Bhd
-1.1614846330736064,0.6132777037733337,0.0,0.12395764643005974,0.21212319391753937,0.0,-0.20286486469827253,-0.41923287489985,0.5624853683897559,-1.2907114289115889,1.4445969896445068,0.34571778654646207,0.0,0.0,0.0,0.0,XL Holdings Bhd
0.7149249035525755,-0.8010251891818672,0.0,0.0,0.0,-0.2873417110708905,0.0,0.19923265845823468,-0.6191837376243191,0.47715091418034233,0.13288560399117427,0.0,0.0,0.1997947384567171,0.3610352833154339,-0.16660305327742064,D & O Green Technologies Bhd
-0.32990783291469905,0.0,0.0,-0.10556206934360603,-0.18012569201718834,-0.22045967638713718,0.22408600592764522,-0.14930902955716155,0.3701324587878776,-0.17143523276968323,0.5136165424805513,0.0,0.0,0.0,0.0,0.24494212004980243,Sinaran Advance Group Bhd
0.0,-0.12715388233864877,-0.20292865171871874,-0.16083933417462828,0.0,0.0,0.0,0.12326595300399253,-0.3289774803100502,0.5734138167323612,0.3525071553922608,0.0,-0.2470117967989076,0.10024718722097245,0.10498421117873705,0.0,Osk Ventures International Bhd
0.07580215360511833,-0.13714697287256744,-0.216400178900791,0.0,0.0,-0.3424713210674082,0.0,0.0,-0.3633495563736092,0.5454683100550649,0.2670704190711791,0.0,-0.17438102596465666,0.3105631516308483,0.21544378225614544,0.0,Hong Leong Capital Bhd
0.356778600494287,0.0,-0.13229815369797315,-0.05702388606016201,0.0,0.051571808292519304,0.0,-0.1470395824085022,0.07002671511873625,0.2844910501930994,-0.6288703023027818,0.10264035768287294,0.0,0.0,0.2659818726407167,0.0,Waja Konsortium Bhd
0.23908516031776805,-0.6298964811383603,0.6958574870290388,0.0,0.0,0.014446359395051046,0.0,0.10424581219015448,-0.2603753244125057,0.25581375902830583,0.0,0.0,0.0,0.226818950454724,-0.6289446098690439,0.14742590333463312,OCR Group Bhd
0.0,-0.14803840680642544,-0.04791364702388519,-1.3454989096317638,1.574822218825912,-0.2707285520336792,0.0,0.0,0.0,0.3845910158225183,0.0,-0.10455818708209191,-0.30488294429003243,0.1593106725544638,0.0,0.2638495717677595,Binastra Corporation Bhd
0.0,0.11987056327067845,0.0,-0.44290389560553206,0.03930308226789375,0.0,0.10337718040527871,-0.13739501864836096,0.12614598715176303,-0.3729915602162709,0.1014302221948451,0.0,0.0,0.3229946837960541,0.0,0.2963831374360725,Lim Seong Hai Capital Bhd
0.4045930544638268,-0.4018447097260154,0.2724511635601822,0.0,0.13479057588716647,0.0,-0.12956684804040897,0.0,-0.6266624880130345,0.8387447130610043,0.0,0.0,0.0,-0.6981148547657023,0.1502542774876396,0.2086716395180737,Microlink Solutions Bhd
-0.1704037338975743,0.0,0.0,-0.24807527067162197,0.6730135779800299,-0.2333425480613031,0.22113599357874145,0.0,0.7705320995426811,-1.66796086005653,0.30193131171731624,0.0,0.0,-0.11727153248216649,0.0,0.6182092470288866,W T K Holdings Bhd
0.0,0.0,-0.11213431167300539,-0.22705742060282377,-0.064046187735304,-0.18387512199049152,0.0,-0.11370403442464459,-0.1919640279978884,0.49119896082494025,0.0508895151621325,0.0,0.0,0.28641555453945244,0.21203451053074268,0.0,Nova Technology Services Bhd
-0.17499573787533682,0.0,0.0,-0.3849260149236058,0.10488224346180934,-0.20242557865677588,0.2437631786934349,-0.44734491125135817,0.0,0.7107456295837428,0.3058911101926496,0.0,0.0,-0.12362522033628093,0.0,0.1157029731497995,Yenher Holdings Bhd
0.1632080411026318,0.0,-0.3506580106451137,0.1715283162310094,-0.4440861673875203,0.0,-0.2850813697221017,0.0,0.0,0.0,0.6052974768649568,0.09800583351083747,0.580299945905239,0.0,-0.6520276983451059,0.23957962758232754,TT Vision Holdings Bhd
0.0,0.20333575959742362,0.19026552409103914,0.0,0.0,0.1798104810317449,0.1501736247709657,0.1705195130997562,-1.0998037926548097,0.7792070259278071,0.1092014813637045,0.0,0.0,0.23909687321175793,-0.8071102005424243,0.0,CYL Corp Bhd
0.1264556801315857,0.0,0.17870805507073714,-0.40882542876032707,0.0,0.0,-0.1888973366279165,-0.3490661821444498,-0.3966166700942605,0.6033586818560096,0.0691112208987372,0.0,0.0,0.0891277070485102,0.3511629788238813,0.0,EITA Resources Bhd
-0.6225049628199031,0.10865753237872525,-0.8352340119464082,-0.2936500589327255,0.0,0.0,-0.07817719367676768,0.0,0.7207005302518871,0.8028242627063906,0.12919707390423155,-0.12043299365143183,0.0,0.0,0.26156520378501785,0.0,Pasdec Holdings Bhd
-0.16316980865001704,-0.17459124818902252,0.0,-0.12729613152322233,0.0,0.4167832143106542,0.14245205644554645,0.0,0.1182495540816654,-0.6034246412583129,0.1879830163892681,0.0,0.0,0.08546187118742281,0.18230996678010708,0.0,Citra Nusa Holdings Bhd
0.18400935987822695,0.0,-0.17237734461328588,-0.17977148648147914,-0.17320906229114533,0.19949440852414943,0.4946083988896065,0.0,0.0,0.3913675150477545,0.0,0.0,-0.08561756753406725,-0.1997153815830075,-0.40632599796835156,0.0,ES Ceramics Technology Bhd
0.64503023084584,-0.6465167275052829,-0.021797772676021447,-0.3087121087014639,-0.44594306891121743,0.0,0.18535038921046304,0.08410868800028541,-1.1354353761056006,1.2193836633026374,0.4761366175239957,0.0,0.0,0.0,0.0,0.0,Sunway Bhd
-0.5886563295150531,2.4095085398239657,-0.9220317191631242,0.0,0.0,-0.4076610257761507,0.0,-1.1226508396388661,0.45025370881653026,0.0,0.58406357727179,-0.050100372520996306,0.0,-0.5745291260578161,0.0,0.2717573115016565,Grand Central Enterprises Bhd
0.0,0.21182586729218753,-0.28113771273247534,-0.22445224285580165,0.0,0.11356207679990123,0.2348651348867514,0.08416749683274481,0.0,-0.34572687992747136,0.15615675032188775,0.0,0.0,0.26322792420659435,-0.16691896933348138,0.0,Kumpulan Perangsang Selangor Bhd
0.0,0.0,0.0,0.08279883888151371,0.24255280982568753,0.0,0.06253251160647012,-1.227506916652474,0.4621405333037418,0.0,0.4932456131008458,-0.2691472614253954,0.0,0.19116756041050592,0.2063154549434085,-0.20885977948948964,Autoris Group Holdings Bhd
0.0,1.4172403080238862,-0.8158553666083572,-0.6842424023921154,0.353038357733654,-0.7814384032215361,-0.7640297556300317,-0.17400306795444312,1.4090938538786126,-1.2801704452851699,1.347897855670093,0.0,0.0,0.0,0.0,0.0,Imaspro Corporation Bhd
-1.8545530316825913,2.8061372971418885,-0.4979011545880416,-0.4732893485520908,0.0,0.0,0.30914080234163827,-0.8052072546296689,1.1935817319200477,-1.2640375624783409,0.27580406472707286,0.0,0.0,0.0,0.33696728080752514,0.0,Eksons Corporation Bhd
0.0,-0.06354811031121646,0.0,-0.1986933347469997,-0.2824422666967657,0.0,0.27321250079616016,0.0,-0.6948204074549145,0.9573401602738407,0.0,0.3171671070553277,0.0,-0.32035796237410585,-0.3936452296016057,0.43095598757455417,Orgabio Holdings Bhd
0.0,0.2405892490615147,-0.10292926782799025,-0.15257501504445828,0.0,0.0,0.0,0.6257428769200175,-1.037616616638034,1.0929603420591207,0.0,0.0,-0.05557405753769029,-0.4494947778611721,0.2433937648540181,-0.3811176233257876,Saudigold Group Berhad
-0.040038039542865,0.131406875902686,-0.20520059525319567,0.0,-0.2111435222467846,0.0,0.0,-0.3395464626012271,0.2961018574155512,0.41082709717955546,0.13586807950583848,0.0,0.0,-0.1638006125498394,0.0050828238639793084,0.0,Unique Fire Holdings Bhd
0.22089753823555358,-0.19665692000948273,0.20056149115109795,-0.8703329507170889,0.4680210944718471,0.2532318047572819,0.0,0.0,-0.49781544875509015,0.6008594231149811,-0.1675320775096121,0.0031855073452827388,0.0,0.0,0.0,0.0,Farm Fresh Bhd
-0.4565634370578988,1.2806537860668288,-0.48813182163035557,0.0,0.0,0.0,0.63576386283975,-0.28052536597690425,0.4582762434670985,0.0,0.0,-0.3214184344488005,-0.17202916955230987,-0.166291717915891,0.0,-0.47586654192665645,DutaLand Bhd
0.9039061786599825,-0.8915773903933566,0.21915723549778987,-0.5094903164991075,-0.19178383696381618,0.0,0.35676818127543375,0.62365548867972,-0.9932648189601002,0.6833007357054599,0.0,0.0,-0.20064460928185912,0.0,0.0,0.0,Muda Holdings Bhd
0.08935447143764617,0.0,-0.11381290196694414,-0.23099552599296938,0.0,0.19192997255694022,0.0,-0.15693601144667027,0.1013177796309093,-0.3915641198451976,0.04837775486890336,0.0,0.0,0.27779897262502506,0.0,0.1819323017616224,Press Metal Aluminium Holdings Bhd
-0.13260043791497056,0.21768538024588058,0.10334256033362112,0.0,-0.16872593278392511,0.0,0.0,0.06353864112924931,0.8282402799777606,-1.4189622910087476,0.0,0.0,0.0,0.20149374303327033,0.1426264986616513,0.15194586397024556,RT Pastry Holdings Bhd
-0.09968563705904507,0.0,0.04946079501128958,0.0,-0.21766728783209557,-0.22976093949352056,0.0,0.0,-0.2370190241424887,-0.41206608564513486,0.0,-0.08987634016870047,0.0,0.162099300080728,0.3428998928385334,0.7200199836551168,DPI Holdings Bhd
0.17934468789245017,-0.1436827717281373,0.0,-0.23385870225154723,0.0,0.08474517971248714,-0.23488963252549203,-0.31859567588472104,0.0,0.0,0.0,0.1143919066967441,0.0,0.12832654047465497,0.1136133327644542,0.2933806102319121,Spritzer Bhd
0.259316831019543,-0.2782644387453262,0.0,-0.2437893436871785,0.34866910480033136,-0.4261588409117663,0.0,0.0,-0.1358958686961877,0.0,0.2872829678691825,0.0,0.0,-0.705913624355839,-0.47119378762978575,1.3444348752025588,Samaiden Group Bhd
0.1803893358354923,0.0956583609253608,0.0,-0.1782732768579888,-0.18138888703297948,0.0,0.3942189861004883,0.0,-1.331887942483974,1.040767347858234,0.0,0.0,0.0,-0.2016927679972789,0.20565544070296315,-0.05066705901492434,BV Land Holdings Bhd
0.10147723063440858,-0.0652082451737177,0.0,-0.24679254861908867,-0.2786565667435573,0.0,0.24508599356130764,0.20684049474915764,-1.004262659183326,0.7572929278319201,-0.23542747261284386,0.0,0.0,0.0,0.48553627195783167,0.0,Gamuda Bhd
0.0,0.45672673893070254,0.0,-0.22718190345332234,-0.2797329193951539,0.0,0.0,0.0,0.14283862860863958,0.3295152209775837,0.0,0.15439427825616164,-0.14163922219776992,-0.8628968066895424,0.240142827116914,0.14026283568983483,Cengild Medical Bhd
0.09971402619995429,-0.10104569089915809,0.0,0.0,-0.10353743472365877,0.25409459728060657,-0.16637530797566438,0.0,0.0,0.44539704647888767,0.0,0.0,-0.1042995399440273,-0.5867766062365435,-0.16876772950275037,0.37908091978938746,Econframe Bhd
0.24853737002605675,-0.4137524506419309,-0.10333686604313562,-0.060419492443262654,0.0,0.0,-0.06367306988256685,-0.15613106365155652,0.0,0.6686800319354601,-0.08857270400221426,0.0,-0.03978717235088655,0.0,-0.04462821553434983,0.0,Hock Soon Capital Bhd
0.0,-0.18338157698381743,0.14474886249797936,-0.2018199846604294,0.042100910561461834,0.1655301494479629,0.0,0.0,0.28335472969386005,-0.3280872229787703,0.0,0.0,0.0,0.34244140111577254,-0.49771161618878385,0.17833130347601908,CB Industrial Product Holding Bhd
0.0,-0.22159079167495746,0.0,0.13928277899014738,-0.6446355982633567,-0.15705299057958572,-0.20949615897593885,0.3807184087400546,-0.19072521238157195,0.6276712536800126,0.0,-0.1227112937543777,0.0,0.34216233817018876,0.0,0.0,Hong Leong Financial Group Bhd
-0.08553075887181268,0.0,-0.2937231822838688,-0.23933445348011248,0.0,-0.2931309078666006,0.0,0.11558356940459924,-0.2909847249723816,0.29401266987238056,0.2515175300601262,0.0,0.0,0.35495142276244573,0.12495902091733126,0.0,Manulife Holdings Bhd
-0.4997509376978835,0.9966479538056998,0.0,-0.6642736413101965,0.0,0.0,0.0,0.0,0.0,-0.7626145912925152,-0.5135386969361941,-0.3614854782365509,1.292308700141211,0.37566448227341037,0.3751904478982685,-0.30366206227367476,Teo Guan Lee Corporation Bhd
0.7468001994368308,-0.3577767575599417,0.0,-0.3422332374353867,-0.12709793445297415,-0.5434026228152874,-0.2498234944090563,0.0,-0.26680540399737696,0.6915860176063684,0.0,0.0,0.0,0.0,0.5325799380992521,-0.15514530524623935,PESTEC International Bhd
0.12366007754866014,0.7327039733300301,0.11240511841090293,-0.33504074911892545,-0.07117937014955368,0.0,0.0,0.07343582796850913,-0.3563148508043223,-0.543570382891588,0.0,0.0,0.0,0.0998570918925925,0.08644877078219293,0.0,Inch Kenneth Kajang Rubber PLC
-0.30382634028741395,0.2876328231530546,0.0,-0.5294299013918781,0.0,0.0,0.2203026582157569,-0.8562796262779998,-0.32933166634755867,0.785652326789838,0.0,0.0,-0.11627099960022254,0.2584889508149074,0.0,0.5001689058166405,Atlan Holdings Bhd
0.2784701847913183,0.20164762974264366,0.14676872791118478,-0.2819829777668365,0.0,0.3042955963522307,-0.07971458792420248,-0.21206410483471091,-0.82705717618296,0.6468794963729758,0.0,0.0,0.0,-0.2625153134145316,0.0,0.0,SEDANIA Innovator Bhd
0.1488029608558407,0.0,0.5717397855377382,-0.20887137398420114,0.0,-0.4306225153919816,-0.11522933122579593,-0.20500783836235528,0.20075346466301167,0.0,-0.19648556506824838,0.0,-0.19768649485450773,0.0,0.34022497926738166,0.0,Gabungan AQRS Bhd
-0.4175294439584616,0.0,-0.11536819509670931,-0.1341193707393672,0.0,0.26495688495332037,0.2879700097285839,-0.2159650858180701,1.6132925621876508,-2.2578522095057187,0.2212715130423688,0.0,0.0,0.0,0.0,0.6607592276882072,Greentronics Technology Bhd
0.7895904712647183,-0.9052772218278374,0.3744565730026142,-0.31219516176287954,-0.15831738017758235,-0.1719691386907801,-0.3772937024660304,0.1758933571560251,0.0,0.21505116748138403,0.0,0.0,0.0,0.0,0.27372839239224794,0.0,Jishan Bhd
-1.867344570020948,1.7360891441386976,1.1381990165754778,-1.102255057349855,0.0,0.9224018381760389,-1.019161666897979,0.0,2.9815960060776074,-3.097386638532667,0.0,-0.9222392155619025,0.0,0.0,1.1260594734307392,0.0,Alpha Ocean Resources Bhd
-0.5012648268590956,0.5717334361918514,-0.688922514357877,-0.5017610058538887,0.0,0.6277310237839689,-0.27863432568788854,-0.15557665059488435,0.965606089273539,-0.6134689131424983,0.0,0.4665780576109626,0.0,0.0,0.0,0.0,M & A Equity Holdings Bhd
-0.11568302892712327,0.7666849450791885,0.0,-0.32825365215361885,-0.08010738934579574,0.42351351868498527,0.0,-0.323279094011726,0.49271624802446273,-0.8085841067575128,0.0,0.0,0.20762493454592687,0.0,-0.3460777764497072,0.0,UMS Holdings Bhd
0.8140626669426555,-0.9260716686162853,0.08190159538226055,0.0,0.0,-0.3061995758254116,-0.4171823605483027,0.18924406151180198,-0.4898393762022026,0.6778775852363608,0.0,0.0,0.0,0.12909512269614526,0.1262020457774629,0.0,Kuala Lumpur Kepong Bhd
0.0,0.0,-0.46288786863695897,0.0,0.0,-0.19069413974311789,-0.9421662823249911,0.0,-0.14598018094245555,0.5059824163816257,0.8930998249196456,0.6036281497217562,0.0,-1.3980965564033607,0.4611472247441825,0.5512934753205931,ECA Integrated Solution Bhd
0.0,0.0,0.14745960094091695,0.0,-0.1855736056985337,-0.3335914809588321,0.11017083888876258,0.21804001546974666,0.18450894448873845,-0.48293957250273345,0.0,-0.30117430115217747,0.0,0.32376494289209545,0.0,0.18841304101286863,Lbs Bina Group Bhd
0.0,-0.23837100882907497,0.3103972583725524,-0.05443968216932396,0.0,0.0,0.0,0.24356703547721162,-0.776860752229923,0.8722143796435521,0.0,0.0,-0.07202654503755228,-0.18541234438846027,-0.14711931260876782,-0.10737586245586819,NCT Alliance Bhd
0.0,0.0,-0.3503223826486616,0.0,0.49866940106844254,0.0,-0.13790896810883052,-0.8472122516082167,1.3333571080672002,-0.6044260621079011,1.4229526453192267,0.0,0.0,-0.5306904265521295,-0.23455880169448046,-0.7057148188912122,Apollo Food Holdings Bhd
-0.32922566278316173,0.6742330523123334,0.0,-0.439617030793551,0.10794593575414056,-0.026721752341351143,0.06914820351894069,-0.3904774797715337,0.0,0.3393876359275842,-0.06738272500452294,0.0,0.0,-0.09495623833945462,0.0,0.0,Uoa Development Bhd
0.0,0.28750802827457717,0.7010208089325739,-0.3206925056442714,-0.11699349613803192,0.0,0.3661811010393382,0.9260924696445045,-0.6607377697586746,0.40106655257645135,0.0,0.1356509276823994,0.0,-1.8781490590040768,0.0,0.0,Pertama Digital Bhd
-0.11595140300120046,0.0,0.0,-0.07095764924516501,-0.6197826483894576,0.0,0.1183466223178788,0.04796063141193799,-0.38835144504908214,0.5208118248197213,-0.07920761893655867,0.0,0.0,0.22076144018051572,0.20243449099620003,0.0,Mnrb Holdings Bhd
0.6259015508243805,-0.22996300927400393,0.0,0.0,-0.42636920320951976,0.18779394944765557,0.0,-0.43827139149466315,0.0,0.6778411017187236,-0.25964645600158176,0.0,-0.22976064979137456,0.0,0.10740990126451677,-0.19045153876630613,UPA Corporation Bhd
0.12330159068891303,-0.7238313371923211,0.0,0.32971460318049406,-0.2529121288258647,-0.2262742332775688,-0.37682425070625125,0.12085377391407348,0.0,0.12017668872855261,0.0,0.0,0.0,0.7999869211075737,0.0,-0.09441184830260607,Hong Leong Bank Bhd
-0.940710700492591,0.0,-0.17631159068511257,-0.1641244474257668,0.0,0.29599569478598714,0.0,-0.4392722944143005,0.0,1.004623386292613,0.20086907050147407,0.0,-0.14891318165427117,0.3974981575094981,-0.2191292475060998,0.0,Magna Prima Bhd
0.2664917732351583,-0.18373621022970824,0.5157322643677197,-0.44917390928384593,-0.35277671280178063,-0.07848888281941595,0.0,0.0,0.0,-0.8395446302190273,0.0,0.2356278383002481,0.0,0.28487847302957836,0.40488656841490134,0.0,Malayan Cement Bhd
0.0,0.021647889608863467,0.19682251070723863,0.0,0.040742321667612214,0.08368196810992352,0.0,-0.17504097515445882,0.0,0.1800318882079753,0.0,-0.13322439216293747,0.0,-0.10097306962407748,-0.364105129849797,0.05092348670724051,SBH Marine Holdings Bhd
0.0,-0.3801684875700304,0.19545465328624828,0.0,0.0,-0.11835329774291432,-0.19936929273024478,0.0,0.41622971623421884,-0.885221308305234,0.25476637678031533,0.11595204723893353,0.0,0.5730304016090677,-0.17340313199391003,0.0,EC Excel Holdings Bhd
0.15750854459695499,-0.44524980401224545,-0.3939846683774462,-0.0863333170844151,0.15624500234506478,0.0,-0.20305406946596052,0.0,0.0,-0.22904238100717736,0.3084590905757351,0.0,0.0,0.24302190683634706,0.0,0.2912820457089189,Menang Corporation (M) Bhd
0.0,-0.3972344260596028,0.30935952989218574,-0.2992043905380649,-0.0980360832008999,0.0,0.0,-0.06155636955411814,-0.5167918166054165,0.8863512627962518,0.0,0.0,-0.08497684346816695,-0.2970707569490265,0.0,0.3532431569648659,Steel Hawk Bhd
0.0,-0.23901839516100126,-0.10650765551559671,0.0,-0.13168102051642702,0.2385168098338443,-0.13942601048321376,0.0,-0.13875914877113057,0.9591903007277303,-0.25564557017904166,0.0,-0.059614689698953525,-0.33545138701801686,0.0,0.0,Skygate Solutions Bhd
0.18115471041390008,0.6608966505666505,0.06027933435093279,0.0,0.0,-0.10130203939382254,0.0,-0.10199606549158638,0.6680815936035055,-0.8704812751683841,0.0,-0.3271788820069051,-0.21087692674193392,0.0,-0.16933444926584812,0.0,Focus Lumber Bhd
-3.1794772459866563,2.6051684466810108,0.4670058721203278,0.0,0.28368898172524976,0.0,0.45229248500929103,-2.1575933642114666,1.0955139957203528,0.0,-0.4466177994873691,0.0,0.0,-0.15931636763773044,0.0,0.8245619628056915,Jasa Kita Bhd
0.4506481276771368,-0.5902624891376642,0.0,-0.23456142146378925,0.0,-0.32453860273164414,-0.29406104374850034,0.0,-0.41023698668115866,0.43548608884802636,0.0,0.0,0.0,0.4718504952197402,0.36311264660084286,-0.0888264402515152,GE-SHEN Corporation Bhd
0.0,-0.26053445401752373,0.0,-0.33471044561381735,0.0,-0.06586067966391036,0.2425572498912232,-0.26669853582247804,-0.4637291527791507,0.5648189807416949,0.1819402344348965,0.0,-0.0799049261549965,0.26050536724681106,0.0,0.0,Tune Protect Group Bhd
1.1597817333597755,-0.6730145948217928,0.0,-0.34948403410860424,-0.5093822234680594,0.0,0.0,0.39075399147675177,-1.6488269465342198,1.533888675665208,-0.8310687265385049,0.0,0.0,0.27789054509940847,0.41514656777267905,0.0,Pavilion Real Estate Investment Trust
0.4017875413689361,-0.537618883071679,0.2047701760498106,-0.516857743168389,0.0,0.0,0.14068798655415923,0.0,-0.5356560466270491,0.408608945332636,0.13864143945332943,0.0,0.0,0.15767081876946398,-0.10475207116043214,0.0,Favelle Favco Bhd
-1.5497264403722197,1.5380472848381512,0.0,-0.43627546711730114,0.0,-0.22219086644104516,0.675477934397426,0.0,1.794635181575163,-1.5625567852831121,-0.19394287885118966,0.0,0.0,-0.5305182593239469,0.0,0.24314775815930478,Excel Force MSC Bhd
0.6942975964209066,0.0,-0.3195663206709161,-0.2934939134677631,-0.17425210102103844,0.22970864244695555,0.0,0.7551396319062953,-1.23450986254359,1.483652748563075,-1.4245345274546548,0.0,0.03289330124290268,0.0,0.0,0.0,Sapura Resources Bhd
0.0,0.30972226228049105,0.0,-0.18382468295983653,0.0,0.17562641708653082,0.24796750422023056,-0.28400586232177394,0.33388651665387126,-0.7845011790110326,0.0,0.0,-0.1416850690310235,-0.06450302901031724,0.0,0.13888062905372908,Pappajack Bhd
-0.46669637252440005,-0.3719697761500583,-0.16694141514767055,-0.2372954848972751,0.0,0.5797003962657172,0.07093400021534672,0.0,0.16182369908136274,0.2958258660376118,0.18414209806422854,0.0,0.0,0.0,0.0,-0.30732845196678205,Toyo Ventures Holdings Bhd
1.0402439092238671,-1.4927027044025658,0.560878516386615,0.0,0.0,-0.30105978952113877,-0.18440258366641482,0.3337689688206807,-0.7002671922060328,0.656760724180395,0.0,-0.07458330094427379,-0.10073090071250884,0.0,0.0,0.0,Crest Builder Holdings Bhd
0.25313125659152536,-0.44366039159024884,0.2004188305558794,-0.3385917744686994,0.0,-0.5203121595451831,0.0,0.1991404533574943,0.0,0.5255001674071133,0.0,0.17482461112147987,0.0,0.1501532147632807,-0.46351180680733395,0.0,Asia Poly Holdings Bhd
-0.2183209456740259,0.0,0.16832927855453017,-0.12278728271627802,-0.19778428237215603,-0.0977938717822353,0.0,0.0,-0.5026495190850966,0.26712772098307463,0.0,0.0,-0.11648020828832872,0.2463612124272097,0.30707556888512233,0.0,Benalec Holdings Bhd
0.0,0.0,0.23789226966401086,-0.2649590544797641,0.0,0.35071744982755804,-0.07763676532634717,-0.09717902438069267,-0.11054503392263164,0.40858624805582305,0.0,-0.0022182243239759632,0.0,-0.11923794642679353,-0.5960253379653315,0.0,Teck Guan Perdana Bhd
-0.2329515335389073,0.6032419700328442,-0.2697997466954919,0.0,0.0,-0.2779114916685838,0.0,-0.2286458175956873,0.0,0.0,-0.09407431099294468,-0.041701457442342715,-0.1906923979748567,-0.1903471382170124,0.0,0.6483194716574894,Go Hub Capital Bhd
-0.18629443563141143,0.13939973258194133,-0.4623660218207836,-0.1805839526198585,-0.10186748773004745,-0.40360140462966365,0.0,0.15895734679372397,0.0,0.0,0.0,0.2777787098208091,0.0,0.21665775098746293,0.2598757348001269,0.0,Minho (M) Bhd
-0.2107273469227251,0.3149414214534714,0.0,-0.36641159535793955,-0.11513356438629374,0.13394060133466623,0.0,-0.2362835683933034,0.0,0.0,0.1430234692978563,0.0,0.0,-0.010079947625279454,-0.19178478823746112,0.25411810001357565,Ajiya Bhd
0.0,-0.3328962748716356,-0.04656694336688198,-0.06348738607223686,0.0,0.4300660313845689,0.0,0.12644479320524088,0.0,0.1522396160595055,-0.0346434827047588,-0.05520401758535997,-0.20091323351622106,0.0,-0.2720453263300189,0.0,Eng Kah Corporation Bhd
0.29977232166041884,-0.547501500995238,0.5406358252197105,-0.33802064894497513,0.18099530649443724,0.0,0.25332545237616455,0.0,-0.8533927586544036,1.371136268641463,0.0,0.0,-0.21688458381096024,0.0,-0.993860397987174,0.0,Majuperak Holdings Bhd
-0.27495811197023456,0.330977725990905,0.0,-0.15948046494318277,0.0,0.1443078787949421,0.0,-0.7677302269835277,0.3784381130673521,-0.302950680240531,0.0,0.0,0.0,0.11129883303996589,-0.15294554714110642,0.3859721315265842,Far East Holdings Bhd
0.735624014572912,-0.6102600970449433,0.7334427336993791,0.0,0.0,0.0,0.1966810183766359,-0.6966209360307911,0.8592324218089757,0.34000455546126923,-0.8514832412366242,-0.3584770894350893,0.0,0.0,0.0,-0.6554829036063627,Turbo-Mech Bhd
0.3029117931584073,-0.20322065994228058,0.22558245096597088,-0.12367947850042849,0.0,0.0,-0.45690352950919305,0.392908509941286,-1.0457396007265152,1.45353865870044,0.0,0.0,0.0,0.0,-0.5171774348055482,-0.33671417863962905,Wong Engineering Corporation Bhd
0.6784538243624989,0.0,-2.0743217139357846,0.0,0.0,-0.8110703322943533,0.7164195552668161,0.0,0.9108534176352308,0.0,0.0,-0.5549670557019384,-0.4039103761588261,0.464596485892269,0.3216074598046431,0.4369680818577698,KIP Real Estate Investment Trust
-0.23934007321041487,0.0,-0.5927206949479923,0.0,-0.04270031818732162,0.0,0.0,0.0,0.45103145702137054,-0.625427898539743,0.3049812463021424,0.21061034484351118,0.0,0.08098399460328437,-0.41003784901627366,0.537873088818014,Zhulian Corporation Bhd
0.7902080721598371,-1.0871856763943955,0.41165074084460956,-0.35375272527176843,0.0,0.0,0.15962500278096134,0.25061683982053107,-0.2851874720439338,-0.5967759808300526,0.17866244986837165,0.20594484597727003,0.0,0.0,0.0,0.0,Ynh Property Bhd
-0.17836764392026136,-0.23089945644893384,-0.35013004400468384,-0.8222767298281892,-0.29870884492429356,0.0,0.0,0.0,0.23172958009902156,0.2618412851202211,0.0,0.20283053631858516,0.0,0.3839312628701217,0.0,0.4727908974184171,Ramssol Group Bhd
-0.27020713944097097,0.290775146617699,0.0,0.0,-0.6937525110629262,0.37146762353911683,0.0,-1.7808766669524603,0.29691666214308315,0.0,1.2205247208133105,0.0,0.0,0.4078988614222173,0.6054300506357939,-0.7768008513802152,JF Technology Bhd
0.0,0.0,0.0,0.3269556939068969,0.33637400166233455,0.0,-0.22323261497796337,0.3618838335828249,-0.11141277898197964,1.0448982892137857,-2.07260475016375,0.051822044876745986,0.0,-0.3762167265719043,0.32499555272869757,0.0,Genting Bhd
-3.446361985899479,3.247900496107324,-0.08341337023796946,0.0,0.0,0.37241595367913594,0.0,-0.2086074350771509,-0.1279199129248647,0.19382382166775303,-0.13340586285062525,0.0,-0.2623501868898225,0.0,0.10928294420529333,0.0,Green Ocean Corporation Bhd
-0.9674375460221398,0.0,-2.5081859991496045,0.0,-0.1347221545337235,-0.7695059016399445,1.2368520430381322,0.0,2.8032925007906866,0.0,-0.3119876818455398,-0.7828717371269892,0.0,0.0,-0.49172645199440096,1.5841516834760088,AmanahRaya Real Estate Investment Trust
0.36179656594437953,-0.38859990958497026,0.03629956897314479,0.0,0.0,0.0,0.16022229119591327,0.32886925224522906,-1.4999909331248522,0.9101291362841525,-0.19531997626441916,0.0,0.430957107106934,-0.4937117414292664,0.0,0.0,Divfex Bhd
-0.8272784960102489,2.291179443400659,-0.5016155837862094,0.0,0.0,0.5274790796787809,0.0,-0.28229984334876385,0.8595829657233062,-1.662594611537342,-0.3143507630732983,0.0,-0.2841333273040317,0.0,0.0,-0.15718360461523467,Chin Teck Plantations Bhd
0.2945072936153006,-0.15048054961894353,0.58552280681938,-1.066441165090027,0.2844882729582895,-0.2037501836680468,0.0,0.0,-0.40648077059846704,0.3533026973542145,0.0,0.0,0.0,-0.16472498971543822,0.1134112001749928,0.0,Lagenda Properties Bhd
-0.6562878826960867,1.9297677350990041,-0.5358645927249069,0.0,0.0,0.0,0.6391770203746853,-1.440001533756732,1.6352782219859356,-2.193728742476122,0.0,-0.5068585130984352,-0.27938548172761624,0.0,0.0,1.0389380496780425,Velocity Capital Partner Bhd
0.8313944898824347,-0.7972282466919728,0.0,-0.3078104798163889,0.0,0.0,-0.20550688796595437,0.21802024973737638,-0.5682998896826018,0.5809096756851468,-0.13071134294991463,0.0,0.0,0.23755879162432006,-0.2278919403096965,0.0,Advancecon Holdings Bhd
0.0,0.1780333242369455,0.0,-0.2672559106538262,-0.03559984157304736,0.0,0.0,-0.32642081483141216,-0.2055669271543256,0.8482475788918011,0.0,-0.12368985893318103,-0.19516865852100226,-0.13795024576775114,0.0,-0.10605508319133963,Cnergenz Bhd
-0.4589579766190446,0.39132300396536135,-0.1348581129679306,0.0,0.0,0.0,0.0,-0.7408647609350781,-0.12733056531698675,0.599948328656622,-0.03161502398093217,0.0,0.0,0.26197293490850004,-0.08282918882241623,-0.05076114839145923,Topmix Bhd
-2.2040072354018125,1.6358589518018096,0.0,-0.3303482575663135,0.24257349304313147,0.0,0.39266481011912235,-0.6006720885065745,0.7986912217201927,-0.7095671519205886,0.0,0.10958312151577443,0.0,0.2886709366660154,0.0,0.0,Star Media Group Bhd
-0.1816656208454254,0.41444406883580237,-0.1680435802466741,-0.1744685142861351,0.0,-0.2216889300690742,0.0,-0.30519622518406203,0.0,0.5793538494720004,-0.07980730547145842,0.0,-0.1851225949770933,0.0,-0.05634623354398878,0.0,Kim Hin Joo (Malaysia) Bhd
0.47616434241725175,-0.18048970472167641,0.2958861253175585,-0.20539822901989094,0.0,0.3570791794170586,-0.19193475061300047,0.0,0.0,0.27199925545900816,0.15446478952024334,0.0,-0.10788621078800953,0.0,-1.2499777498360236,0.0,ISF Group Bhd
0.5129667831871797,-0.23903117270620178,-0.07984294586663002,-0.9173900690157519,0.2956525792012854,0.2500347254375021,0.0,0.0,-0.6270937001344724,0.6982319928697943,-0.44241962532790013,0.0,0.0,0.0,0.0,0.16636780209377375,Westports Holdings Bhd
0.0,0.07922947560700629,-0.4216130696327513,0.0,0.0,-0.416301950736154,0.0667620424508986,0.3581071103548777,0.0,-0.6144324617691003,0.35431670779827185,0.0,0.0,0.1365178957353661,0.28583639784092324,-0.21495216371398165,Only World Group Holdings Bhd
0.51672689854475,0.4060321041615978,0.0,-0.5101776219280754,-0.5112513696432278,0.0,0.32755640214438103,-0.878044116063676,0.0,-0.8754417896546407,1.34701926761084,0.40826635929727706,-0.6249518797513988,0.0,0.0,0.0,Multi-Usage Holdings Bhd
0.2981057272652796,-0.5923769506318461,0.17708979024211063,-0.30390466816038403,-0.17535588280125,0.0,0.0,0.43245390549030593,-1.4103078927812338,1.2343079042131633,0.0,0.0,0.0,0.0,0.11862524027559229,-0.17342433982640576,JAG Bhd
-0.7431381623707848,0.5011379463488701,-0.12616729041777144,-0.20833540080415638,0.16767865808092444,0.19710982562730092,0.0,-0.16968946521536557,0.5013425958034181,-0.6521343140434016,0.0,0.13453311221233333,0.0,0.0,0.0,0.0,Lii Hen Industries Bhd
0.0,0.0,0.3625271006185097,-0.5679686632243623,0.0,0.0,0.0,-0.09076827031178078,-0.641153416280355,0.8153169117733035,0.002173053933235769,0.12102099663234778,-0.1106862345004893,-0.28947962145981354,0.0,0.0,Matrix Concepts Holdings Bhd
0.5928718657993136,-0.2947644387135774,0.0,-1.1778066754234957,0.0,0.0,0.09756808627771968,0.0,-0.30518023440541103,0.5336186913757592,0.04828091686827596,0.0,-0.20618614557323256,0.17003679537335192,0.14188591399788797,0.0,Telekom Malaysia Bhd
0.0,0.0,0.0,-0.1664213722450702,0.08472725660933389,0.11074480418606272,0.0,-0.4945553073661897,-0.11132939191648744,0.5255726518897822,0.1185893807898121,0.0,0.0,0.400298920498121,-0.4602375477963521,-0.4095906639180019,Securemetric Bhd
0.3176955310006577,-0.22737500934202445,-0.08319229984436088,-0.1711733664677978,0.0,-0.07955760755031416,0.1830971363980389,0.0,-0.15820386446177548,0.26933703538977016,0.0,0.0,0.0,0.0,-0.639668523384946,0.18382894917686807,PSP Energy Bhd
0.0,0.8970467395923744,-0.5267804575260703,0.0,0.0,-0.11739931330521299,-0.39863038176511334,0.0,0.0,0.20583357691585502,-0.2129309324353227,0.0,-0.08275798968190122,-0.16342183591691928,0.23257505230159492,-0.2417119275520337,Fintec Global Bhd
-1.7799392956149065,0.7933507831361398,-1.0032962823804568,0.0,-0.29978504405152634,-0.18959817743398888,0.0,0.0,3.1401187703991464,-0.4815221580704505,0.3876396309673562,0.0,0.0,0.0,-0.7043501020184867,-0.27983070477920885,Express Powerr Solutions (M) Bhd
1.2023874724498993,0.0,0.5855734675424169,-0.8877537360199439,-0.4094695689671074,0.0,0.0,1.006606933264548,-1.5667252159404936,0.6462693301556677,-0.10080351178980541,-0.3767451556666328,0.0,0.0,0.0,-0.5218349969135049,Hubline Bhd
0.671523290300319,-1.0829587201548903,0.2970672588564363,-0.4823893282277267,0.17282284157672678,-0.30667359856866594,0.0,0.5307882800566167,-0.3115146958440481,0.3062860897846596,0.0,0.0,0.0,0.0,-0.22292120549629266,0.0,Aneka Jaringan Holdings Bhd
-0.650341222413338,0.626943026915481,-0.1601331795349619,-0.08281172844173716,0.0,0.31318065870737444,0.0,-0.137131979855606,0.0,-0.6796443006222773,0.1228430589858114,0.0,-0.04450683133468458,0.25708192099767835,0.0,0.0,JAG Capital Bhd
-1.101235597865142,1.613062870377892,-0.4627221891811324,0.0,-0.11351465337489028,0.3226239500621684,0.0,-0.360621971542108,0.31948013925952523,-0.9279258006270658,0.14496459786857235,0.0,0.0,0.12452069683412392,0.0,0.0,Public Packages Holdings Bhd
-1.2518032569813216,1.170768006038625,-0.28475826762614787,0.30165636790049505,-0.17362073061494468,0.0,0.20581062271695738,-0.3640729007271619,0.0,0.0,0.0,0.25056592174592396,0.0,-0.4021213677842307,0.0,0.10546688061847997,PA Resources Bhd
0.10034903591767616,0.0858430957764103,0.06457302743960099,0.0,0.0,-0.22697556942378763,0.10357231750059578,0.0,1.9044908471155013,-2.775701060671643,0.150877620109091,0.0,0.0,0.03441523682713511,0.11587404326909272,0.0,HI Mobility Bhd
-0.2944773880236599,0.0,-0.06150861803093269,-0.18767431092071468,-0.09797889509330777,0.23564232809221683,0.10283220677864018,0.0,0.0,0.0,-0.0810450959088268,0.0,0.08913287206146703,0.3806640609020127,-0.5287034414855035,0.0,SMIS Corporation Bhd
0.0,-0.3016419814267471,-0.1791793517017673,0.0,0.0,0.28785181341525096,-0.09117983769366522,0.18802282265025516,-0.5841054988206938,0.9961607656822692,-0.47261726911974283,0.0,-0.21344728320931827,0.0,0.0,-0.0800486186004941,IOI Properties Group Bhd
-0.303337633481208,0.11041075413916868,0.0,-0.21629276365247488,-0.21251371071301572,0.21343184719328137,0.0,0.0,0.6558924899160061,-1.0398109037867322,0.27640389319412684,0.0,-0.13370829134430398,0.0,0.19662596102458538,0.0,Cepatwawasan Group Bhd
-0.07805244976119202,0.0,-0.18409621716969887,-0.27653798239018884,-0.11691838611111219,0.1935746213796955,-0.05333191845771734,0.0,0.0761488891602902,0.0,0.1261930490839278,-0.12571073505379254,0.0,-0.014322677104352454,0.0,0.0,Naim Holdings Bhd
0.0,-0.2698789073914511,0.0,-0.15265092398461416,0.11146495898383235,0.16472087494806734,0.0,-0.5378215119396067,-0.16844176221373963,0.5348020752278985,0.17958321220728204,0.0,-0.20755732563479912,0.0,-0.10944601304546706,0.0,Lee Swee Kiat Group Bhd
-0.5037634483766517,0.0,0.2879841845824974,0.25354025183368945,0.0,-1.365499956464996,0.11012710320965961,0.06261330319975839,1.0262778126324845,0.3340131366917053,0.0,0.0,-0.17038494625055645,-0.5010060816186944,0.0,0.0,Skyechip Bhd
0.17833554558670048,-0.15687175566281047,0.0,-0.17018037148811016,0.0,-0.0516806193471838,-0.18839695540511536,0.18851541158267526,-0.5924839913197955,0.7645148525442268,-0.11344557523109286,0.0,0.0,-0.3322596434905198,0.0,0.0,Salutica Bhd
0.0,0.0,-0.16646222476802502,-0.1173866209717288,-0.11887814260376642,0.0,0.3075002433237407,0.1173982723208111,0.0,-0.029000649857065842,0.0,0.0,-0.1881924063830902,-0.3677502133813895,-0.0659710519964295,0.1535739957510792,Pentamaster Corporation Bhd
0.0,0.0,0.0,0.0,-0.13834642496064048,-0.7198039740275353,-0.24236918566071158,0.42376534860023574,-0.42214187933557423,1.033562114919037,-0.39380334074412593,-0.23640946955762357,-0.19720906756473688,0.0,0.4140367887044094,0.0,Pensonic Holdings Bhd
-1.3555353985569107,0.9443560219001901,-0.749000963984609,0.0,0.0,0.0,-0.4637444991220854,-0.40651271598579103,1.8134898534262398,-0.7447979421466749,0.23238921980751248,0.0,0.0,0.0,0.29753291423832817,-0.05459483037839212,SCC Holdings Bhd
0.3777911216427296,-0.40101835555362114,0.0,-0.20895036723262017,-0.13606739479188468,0.045385608882113314,0.0,0.0,0.0,0.15943858307128705,-0.30651428782366313,-0.12161882876317641,0.0,0.0,0.13916630239071803,-0.03459577465654567,Spring Art Holdings Bhd
0.0,-0.259933953502616,0.18862883678593412,-0.5547915431595878,0.0,-0.07665731532895331,0.0,0.07934622734115834,0.2948055053925815,-0.5656631949318253,0.15704343864231496,0.0,0.0,0.2198570277624396,0.0,0.029894727425365024,SD Guthrie Bhd
-1.3509469995399852,2.328154327661877,-0.9579959289765059,0.4867937888348395,0.0,0.9113719696917199,-0.33399966138743536,-1.3056174351940393,2.0064540537346915,-2.809113437265654,0.0,0.5362155282996763,0.0,0.0,0.0,0.0,Yew Lee Pacific Group Bhd
1.0027627526035812,-0.3600144401088976,0.4901975180011029,0.0,0.0,-0.6759487280257496,0.0,0.31004686749937177,0.5538420111754325,-2.393903997110387,0.20549526441794683,0.0,0.10715969491392552,0.0,0.0,0.2668162387349233,ECM Libra Group Bhd
0.04806057365237034,0.0,0.0,-0.06246072533746569,-0.0866068061767787,0.0,0.1298070856026439,0.15575875388695037,-0.1340333746345893,-0.4476416288999787,0.0,0.0,0.0,-0.06585530742847087,-0.09530086703267313,0.06306918460022326,Niche Capital Emas Holdings Bhd
0.31922578508941296,-0.5262789772346569,0.0,-0.4979198251388012,0.0,0.0,-0.5769426531375631,0.0,-0.22080112808064428,0.5832578927598084,0.30607948380944977,0.0,-0.12916508083698397,0.4350176116342838,0.0,-0.19209793160009173,Prestar Resources Bhd
0.0,-0.18310786916706018,0.12339111235309397,-0.1418580784842262,0.0,0.0,0.24184276694054563,-0.5023529859519492,-0.15273578073738117,0.26717230003936226,0.0,0.0,0.0,-0.060677426612068576,-0.02506698216215242,-0.06954017515756357,Southern Score Builders Bhd
-1.1892365705055163,0.960391913508495,-0.7796190778981668,-0.3727266069455872,0.0,0.0,0.0,0.0,0.7784758033115007,-0.6972624119168055,0.3271651879831725,0.0,0.0,0.21123537962919037,-0.23145084885475986,0.4851340526294486,Metro Healthcare Bhd
0.0,0.0,-0.12911147341956092,-0.2709519191120671,0.0,0.0,0.14915961240212172,-0.2253322030891464,0.0,0.58042248984779,-0.08109176770897064,0.0,-0.11951436805270668,-0.22794150517074668,-0.11509478195540068,-0.0695730889111809,MI Technovation Bhd
0.29515201788484235,-0.794585181778766,0.607745265941546,-0.36683672676037743,0.0,-0.12608796945885947,0.15655451516827368,0.0,0.38394650479598263,-0.7090226756631417,0.0,0.0,0.0,0.0,-0.3623522168747098,0.4031250850952391,Oriental Interest Bhd
0.9202206015366005,-0.329789562545373,0.33109228829442594,-0.1028268164528332,-0.2897144258923131,0.0,0.1685057471879012,0.343957020277918,-0.6224861279172516,0.6569442063580117,0.0,0.0,0.0,0.0,-1.5898815057191031,0.0,Malaysia Marine and Heavy Engineering Holdings Bhd
-0.13334334489277078,-0.04794202415183835,0.0,-0.30553955121716203,0.12599278384849188,0.1146514608965965,0.0,-0.4216058278501621,-0.2071956928480004,0.45582353244826707,0.10699706030826832,0.0,0.0,0.0,-0.20385688077649972,0.0,UCI Resources Bhd
0.0,0.0,0.11437211598720566,-0.2080739706105536,0.0,0.22763143596844163,0.12718709429549102,-0.2918215112707209,-0.31114310442903925,0.4791425150785665,0.0,-0.08443969379744154,-0.18462821957882378,-0.38474725540552307,0.0,0.0,EPB Group Bhd
0.2870089231370161,-0.33897590342330697,0.0,-0.20964672770584253,-0.21960600040733808,-0.31531582174113937,0.0,0.3116187564856152,-0.7564745742678635,0.9937375670000274,-0.154925273876174,-0.11481176677711259,0.0,0.0,0.0,0.0,Greater Bay Holdings Bhd
0.29340948539461803,-0.3368961396437716,0.37437914418966206,-0.5486716128321053,0.0,-0.09687379692824233,-0.1180908658479197,0.0,-0.3874628687876657,0.6461069391769481,-0.1277654863426524,0.0,0.0,-0.2183155941676359,0.0,0.0,Scientex Bhd
0.0,-0.39856395963649466,-0.1552083760755622,0.0,-0.13753175249002964,-0.5131404074953447,-0.05186524905064927,-0.5214603847995332,0.66739167223617,0.2808191807526056,0.6643959075397639,0.0,0.0,0.0,0.0,-0.35643554047818665,Agmo Holdings Bhd
0.18127762260412447,-0.6446237040756073,0.44296887476644903,0.0,0.0,0.0,0.07503551215508973,0.0,-0.675570200457983,0.3516424673243338,0.17029864653643925,-0.07291333798189958,0.0,0.20417186120660144,-0.5601480002991741,0.0,Eduspec Holdings Bhd
-0.11972359295778306,-0.27936043908572683,0.0,-0.31737557325056276,0.0,0.13821145351483044,0.0,-0.315525022983215,-0.2927205909959175,0.5226605505046574,0.0,0.0,-0.13062144398124828,0.4834162631044054,-0.21791262709045556,0.0,Thong Guan Industries Bhd
0.15269343394977808,0.0,-0.12412485492307986,-0.12902629376618063,0.0,-0.030580097882852347,0.0,-0.2222299295815029,-0.04261985343680573,0.0,-0.051965144873987144,0.0,-0.058262203408908954,-0.01710701303101403,-0.011666880978986568,0.0,Polydamic Group Bhd
-0.12846736192607883,0.0,-0.09423352165028803,-0.16842180519020328,0.001817188077621805,0.0,0.0,-0.2341852832892777,-0.10754636808105184,0.48721313342598305,0.0,0.0,-0.09996966871190088,-0.12653799699200927,0.0,-0.06630094708388398,SSF Home Group Bhd
0.5254801008521783,-0.03206170167743917,0.0,-1.0139281432120486,-0.09443632177513955,0.0,0.0,-0.15308867729337966,0.12233051807107093,0.2251697765933119,0.02339423129856192,0.06864943098402723,0.0,0.0,0.0,-0.2084703860642344,CTOS Digital Bhd
-0.30516664925249815,-0.13886429577739362,0.0,-0.17296356816319158,0.0,0.3795271721407069,0.0,-0.5307326416631555,1.3014192330706873,-1.5654249014849377,0.11648949891975297,0.0,0.0,0.27396854367111007,0.0,0.0916872427428304,Wasco Greenergy Bhd
0.0,0.0,-0.19651834908334007,-0.13088013724783004,-0.214554123910577,-0.017554801206866817,0.14318838257321942,-0.23606359750945496,0.0,-0.07990093046465042,0.0,0.0,-0.04814809378011542,0.0,-0.11673523010778326,0.345635472308253,Panda Eco System Bhd
0.4114608655401346,-0.15442555160841762,0.18808161975424034,-0.8205673152614418,0.0,0.10215717963230508,0.0,-0.23277107871549385,-0.9883001215994393,0.9502411823589024,0.0,0.15205868696599265,0.0,0.0,0.0,-0.16135443538667532,Petronas Gas Bhd
0.0,-0.1472729171897748,-0.05402332165835161,-0.2626055563904149,0.0,0.10140508141226767,0.0,-0.939657873986052,-0.39000841592379626,0.7277524060346162,0.41785227306562417,0.0,0.0,0.0,0.12617134279073813,-0.13354506325697593,Kotra Industries Bhd
-0.30577039748861035,1.0773461226166596,0.0,-0.5399497090754997,-0.5718437649148255,-0.2648699180671004,-0.32280158339801357,0.33199354304376616,0.2894576788980783,0.0,0.2029632304206197,0.0,0.0,0.0,0.0,-0.4521845897427844,Pecca Group Bhd
0.2714096006361746,-0.35593649688212653,0.16706472252429122,-0.5762279988628698,0.3957354489472769,0.21114335547888116,-0.4038520385726449,0.0,0.0,0.18701083934814688,0.0,0.0,-0.241384643263881,0.0,-0.21130643838298016,0.0,Eco-Shop Marketing Bhd
-0.16171367998081265,0.0,0.0,-0.12223207183911473,0.26042663692618906,0.0,0.142292908531105,-0.31132962549692794,-0.2631767749684864,0.6741253454799344,0.0,0.0,-0.10792668394501169,-0.39649157730795553,-0.2734542844181529,0.0,Farm Price Holdings Bhd
0.30540971854639404,-0.19172804094399976,0.2786488560054584,0.0,0.0,0.0,0.0,0.0,-0.34695978810116546,0.6142701058500215,-0.17811699858966307,0.0,-0.17043765059289184,-0.5937690170818255,-0.46747338469239513,0.17631048109706848,Sunmow Holding Bhd
1.2599267434689223,-1.0103987553680742,0.6081787846273629,0.0,0.0,0.0,0.0,0.7730019235266501,-2.6411041870958365,1.8896074554308389,-0.3964252907487773,0.0,0.42535985831286127,-0.7696566831439633,0.0,-0.7176706600575378,Jentayu Sustainables Bhd
-0.047153109089980605,0.18003306716361378,-0.24177795678258562,0.0,0.0,0.0,0.34008500451897233,0.0,-0.515463086901929,0.73513331154307,-0.4483332818617194,0.0,-0.25896374649462833,-0.14266700671679797,-0.19309642921609646,0.0,Harvest Miracle Capital Bhd
-0.5967276212299342,0.8062693162030066,-0.3540315288586055,-0.19443487822339534,0.0,0.3897023132615453,0.0,-0.3285903349273606,0.3234250054359724,-0.5783736779989198,0.0,0.0,0.0,0.0,0.21288492994584174,-0.28731637193292614,Kossan Rubber Industries Bhd
0.0,-0.05306810208988314,-0.06855862302684868,-0.22340742075875283,0.0,0.07619038060716693,-0.053116801432890284,-0.30593498286181187,0.16875160723625407,-0.2881010272711395,0.0,0.0,0.0,0.20648236561973438,-0.07024088849638467,0.0,Kein Hing International Bhd
0.1735165417138217,-0.3003567189227043,-0.18669234870314605,-0.24141527163407198,0.0,0.0,0.0,-0.7442955512327653,-0.6836704955202831,0.8075580174148804,0.14135359351332843,0.0,0.0,0.0,0.24246389143233157,0.17862678557550302,Innoprise Plantations Bhd
-0.3240300248553282,0.7408857020146623,0.0,-0.12519450887902958,-0.0163044895023738,0.0,0.0,-0.5076294055949561,-0.49890725329493824,0.8975005964769576,-0.1719694755009666,0.0,0.0,-0.45870412758895074,0.0,-0.15029068061535505,Riverview Rubber Estates Bhd
0.4064589598830154,-0.6691883453065335,0.08006981317911081,0.0,0.0,0.0,-0.8632902013149508,0.15581587611481873,-0.31409442219979594,0.5975066407192853,0.07017103964933848,0.0,-0.15000855323832513,0.07105864880046736,0.0,0.0,Kim Teck Cheong Consolidated Bhd
0.3617188538933049,-0.6577015126143667,0.0,0.0,0.0,0.0,-0.3164370430191824,0.07765857015367246,-0.3040806751892979,0.09253736329367766,0.06117626337526045,0.0,-0.09214720054469691,0.04365757134901749,0.0,0.11780279148320649,Pesona Metro Holdings Bhd
0.6200138869003926,-0.26955515611717057,0.0,-0.7727852335003225,2.125696108522637,0.29986552999214905,0.0,0.43220255594036333,0.0,0.0,0.0,0.0,-2.2937715242206678,-0.273898830073204,-0.07958967872655837,-0.4078624484944208,AirAsia Group Bhd
0.2832669237449462,0.0,0.0,-0.05022152326769916,0.0,0.12360744142801315,-0.24351489587930528,-0.18338325789130458,0.0,0.2833796971249971,-0.20376711659717797,0.0,-0.028454926816915083,0.0,-0.26527638003608955,-0.33735350839168654,VisDynamics Holdings Bhd
1.1787222840403764,-1.1905139673578733,0.0,-0.584399602439419,0.0,-1.1744399998744313,0.0,0.7888880891256863,-0.8812043557272079,0.8387298856058999,0.0,0.0,0.3401597156865113,0.4552276614016224,-0.39332451671745894,0.0,Pos Malaysia Bhd
-0.40533261386639635,0.11958355868797815,-0.1341317299275984,-0.22284142334116747,0.0,0.0,0.07371812578058465,0.0,-0.40648808277589255,0.5065454418358218,0.0,0.0,-0.1358558772865614,-0.08768289505671402,0.06955296828862234,0.0,Maxim Global Bhd
-0.5861725856188573,0.13805538204000103,-0.4306268102019804,0.0,0.0,0.439884323623942,0.13006119645712422,-0.30954018321779375,1.1400628806852375,-1.5379757417004611,0.0,0.18961310370700682,0.0,0.0,0.19605290859387636,0.0,United Malacca Bhd
0.3256137662139239,-1.3369244677543408,0.0,0.0,0.0,0.261504616411643,-0.4472726315564172,0.4933864942554949,0.0,1.2511489049726838,0.3858271642187763,0.0,0.0,0.25721625353350913,-1.1566517778155214,-0.6646422259497906,Cabnet Holdings Bhd
-0.570380774765992,0.5494272004271334,-0.5592752566056071,0.0,0.19526106946622002,0.2513507131475706,0.2741620045123736,-0.26095465888509745,1.2674374676548723,-1.1944041648456434,0.0,0.0,0.0,0.0,-0.585317938069888,0.0,Perdana Petroleum Bhd
-0.055065769824224425,0.18597692341267402,-0.13553280845984272,-0.2253936954985446,0.0,0.0,0.0,-0.10809722115856245,1.1940828614442938,-1.3634353434207285,-0.10485640442915611,0.0,0.0,-0.1602074060856202,0.13874209212621014,0.0,TechStore Bhd
-0.8708971492166587,0.6924495101063564,-0.16986244105453593,-0.3711356496136657,0.0,0.0,0.0,-0.5234889992362785,-0.659646649857589,0.9575804645475627,0.23811651772253534,0.0,0.0,0.18065981982177884,0.0,-0.10981525068551612,Superlon Holdings Bhd
-0.18432302263830397,0.0,-0.2440352576997692,-0.3405487762651553,0.0,0.2671201021342624,0.0,-0.18522344511827316,1.2338182623743539,-1.240097101636594,0.0,0.0,-0.1972646992336906,-0.07067245753077622,0.0,0.3246441658804793,THMY Holdings Bhd
-0.46595447801753703,0.0,-0.3614320698582968,-0.1320254447813749,0.0,0.0,0.0,0.0,0.6456006996229023,-1.2087257503513216,0.42191079591666575,-0.12059029953051514,-0.0856972488764022,0.0,0.21311410963526842,0.4569489971870759,MHC Plantations Bhd
0.0,0.06238968537049015,-0.10307863950360084,-0.4877259862585816,-0.02660052706071178,0.0,-0.02636422466351008,0.061194851613303514,0.0,0.1824984147088233,0.0,-0.05700385740639389,0.0,-0.18813595592574345,0.0,-0.05560754929284498,Notion VTec Bhd
-0.7958200088544944,0.6145443914340488,0.0,0.0,-0.22743346478753854,0.5478032849569794,0.4231415447068744,0.0,0.8148803763071382,-1.346427228686346,0.19028960156577945,-0.5052258069107545,0.0,-0.3542906670695236,0.0,0.0,HPMT Holdings Bhd
0.0,0.0,-0.29535427301112377,-0.24499527949880978,-0.16254005683551048,-0.3019593270315753,0.0,-0.36810067343881375,0.0,0.4660002895097916,0.0,-0.08787876473041645,-0.13776099406433515,0.24059605373278808,0.25180209202125675,0.0,LTKM Bhd
0.17825935719654207,-0.16595920122124447,0.05437176508406738,-0.6034949430750827,0.0,0.10010088019633152,0.0,0.10314823470494412,0.06364612332617137,-0.7367232788409694,0.0,0.0,0.2912634982172358,0.07476318608844945,0.0,0.0,Pekat Group Bhd
-0.7348791004837297,0.7985775846250571,-0.2793206978937763,0.0,-0.42644969243536607,0.0,0.0,-0.21090373094855597,0.8643330175053002,-0.9529870567361904,0.0,-0.37541963557440994,0.8260947129775918,0.0,-0.1535381208053983,0.0,Glostrext Bhd
0.08165653443596183,0.04883793695315153,0.09405075044755079,-0.8005021303368185,0.0,0.0,0.15636507448947676,0.0,-0.008463470205674884,-0.4301797933182916,0.19304592013475938,0.0,-0.11564461536773167,0.1357135552979433,0.0,0.0,Seni Jaya Corporation Bhd
0.0,0.0,-0.3077101047366324,-0.29513894257737794,-0.23863040337844443,0.14179798600440208,0.1184116745556854,-0.18698710337632632,-1.0594421115862331,0.9474695656870366,-0.15348606455887256,0.0,0.0,0.3885144425987745,0.0,0.0,Rhone Ma Holdings Bhd
-1.302089739378714,0.5619343084741101,0.0,0.0,0.05163984172462441,0.31305078869809855,0.0,-0.5514341328100933,0.5362486344434108,-0.9776723531236486,0.0,0.0,0.0,0.3745033029009044,0.16931990946948836,0.17880556703082817,KESM Industries Bhd
-0.525809775273331,0.0,-0.10419526482540147,-0.08933120616313861,-0.0397942503930765,0.2728571617596993,0.08948901672774612,-0.4137049158989275,1.8522362775727068,-1.8708666417246778,0.0,0.0,0.0,0.0,0.0,0.17937308663984092,George Kent (Malaysia) Bhd
-0.5043107530336374,0.3397321445912814,0.0,-0.1847791147052205,0.0,0.25354789681546563,0.0,-0.24880482060565007,0.7224357458433858,-0.8060277084046035,0.0,-0.10658669505468332,-0.30094013485450405,0.18277924426637362,0.0,0.0,Ajinomoto (Malaysia) Bhd
0.34732346430541866,-0.8688425986756027,0.42383346390499427,-0.5236119612572934,-0.3152602485495039,0.0,0.0,0.0,-0.5868763833404336,0.4086077366053824,0.0,0.0,0.2789896007172963,0.407786355141132,-0.22575334780910034,0.0,Kimlun Corporation Bhd
0.16203130673316135,-0.020940307492031372,-0.1959911435821125,-0.6417974827463556,0.0,0.0,-0.4625251537921943,0.0,0.32688632932529255,-0.20663237731881753,0.0,0.0,0.22022284838802839,0.3191360445833658,-0.1545501804132247,0.0,Southern Cable Group Bhd
0.07192821155927591,0.0,0.11603593474198748,0.0,0.4207197673986366,0.0,0.598476589260597,0.0,0.16242538021517489,-2.7361396665013924,0.04715287731671203,0.0,0.0,0.17762696519506802,0.31639081172602906,0.17040142234943922,MISC Bhd
-0.02475857486329866,0.0,-0.005325392260108973,0.0,-0.061608367666028195,0.0,-0.23739508348010924,0.0,-0.2808228902452464,0.6635919344924108,-0.32953046851443785,-0.13937767532860096,0.0,-0.1349095041906174,0.0,-0.10713450304180992,Parkwood Holdings Bhd
-0.30434329846818914,0.0,-0.266191773033242,-0.1242140437271495,0.0,0.32781766752109315,0.0,-0.2966655439711297,1.0715099311057297,-1.166944064044013,0.26070934499863774,0.026587418870358103,0.0,-0.18791176707211021,0.0,0.0,Luxchem Corporation Bhd
0.7461251103739617,-0.9879374921081941,0.30433879858936597,0.0,0.0,0.0,0.0,0.6319917454005696,-1.8655727157775381,1.841719079411785,0.7964702386282319,0.0,-0.3515160250844672,-0.4392432812582531,-1.338326139981072,0.0,LKL International Bhd
0.3035939224405169,-0.7099782833568717,0.39714093583732013,-0.09163015478289246,0.0,0.0,-0.22769002811705857,0.0,0.5652184511496604,0.0,0.0,0.0,-0.02842299519972569,-0.561169395908198,-0.9533218724143463,0.64279478056869,Matrix Parking Solution Holdings Bhd
0.0,0.0,-0.44821962453357456,-0.5465146065634312,-0.035507647997646274,0.08036689956723916,0.0,0.0,-0.28543269028544926,0.9889835176705691,-0.6378355023862958,-0.10977250646055561,0.0,0.15587102780017995,0.17112011210417918,0.0,Duopharma Biotech Bhd
-0.25589955650112683,0.6016938989341128,0.26805654299161197,-0.46816608278778776,0.0,0.0,0.12617006288927374,-1.158292297336519,-0.18921513862075653,0.24544335734714495,0.0,0.0,0.0,0.0689270351797987,0.0,0.09420549664795419,Malaysian Genomics Resource Centre Bhd
0.7192347731751499,-0.9069393779619244,0.0,-0.30920418568540825,-0.07419309783469015,-0.46340316499502654,-0.5145111368756733,0.3832620535212439,-0.20679567850705344,0.5458247110935308,0.0,0.0,0.0,0.15907383403792258,0.0,0.0,NTPM Holdings Bhd
-0.2777147187288484,1.7150396425060186,-0.19354716841890407,-1.0484946963870656,0.0,-0.15124394720053017,0.0,-0.5715401291034361,0.7282609715571754,-0.5830835737533203,0.0,-0.05263579612032408,-0.23458299055212778,0.0,0.0,0.0,SMRT Holdings Bhd
0.5973656227165318,-0.5044061250093171,0.3735073869592895,-0.3795736036680094,-0.09660300942340846,0.0,0.0,-0.882410977611314,-0.18071834877489357,0.15870891963226985,0.1286958939931263,0.0,0.0,0.0,0.11557092357689185,0.0,Uni Wall APS Holdings Bhd
0.8867932286514133,-0.8133878134511224,0.3747267910691088,-0.5405524952343953,0.0,0.0,-0.17217155837185943,0.0,0.1002784134943317,-0.40617987762445446,0.0966945741893486,0.0,0.0,0.024920991010465743,-0.22500197072521438,0.0,ICT Zone Asia Bhd
0.4172154302260427,-0.19237649336453014,-0.16248014380614975,-1.040221715913501,0.0,-0.14248795566770267,0.0,0.28841488382060715,-0.32061891780907087,0.42779998488297927,0.0,0.0,-0.13817432447720676,0.0,0.18529015096088053,0.0,Progressive Impact Corporation Bhd
0.0,0.5860239046912634,-0.5173580948659194,-0.17877412171561277,-0.10185534641585457,0.0,-0.04481662999354912,-0.12679231142900715,0.0,0.31910272459992256,-0.3260049315196958,0.0,0.0,-0.3862052219678954,0.0983008761991655,0.0,Kumpulan H & L High-Tech Bhd
-0.17595209998638323,-0.09205222718808892,0.0,-0.5236707843279085,0.0,0.2892361794034768,-0.38185519365599074,-0.6099088317520045,1.2350129276508222,0.0,0.0,-0.11254950586751952,0.0,-0.213757765175096,-0.09584873231683018,0.0,CBH Engineering Holding Bhd
0.11532885268050397,-0.15461392699826232,0.31099742161556176,-0.14365062524834207,0.0,0.250531575564176,0.0,0.0,0.0,-0.6470485088881189,0.049545128165764764,0.0,0.0,0.17957579895984402,-0.4222535312595393,-0.22101992892771596,Silver Ridge Holdings Bhd
0.18544519249348482,0.09244840287782453,0.0,-0.12803093203338686,0.0,-0.08465042265103151,0.0,-0.30515106088854815,-0.3732985809361189,0.5931081939010385,0.0,0.0,-0.0498856012472253,-0.3371024382847554,-0.27704450986599366,0.0,Crest Group Bhd
-0.8290176887410463,1.1518946863555213,-0.366211604175869,0.0,0.0,-0.29451746048023836,0.0,-0.22190418182151472,0.0,0.448311604173501,0.0,0.0,0.04192457012616237,-0.2769413837007533,-0.3398646622315591,0.0,3REN Bhd
0.5816327576449298,-0.9997257030260425,0.34425150896424617,-0.25118633888433894,-0.3967438130148764,0.0,0.0,-0.19712444532828005,-0.748673967385024,0.7857468897610647,0.0,0.0,0.23564364320154768,0.0,0.0,-0.04557353612653219,Ibraco Bhd
-0.15188116084769435,0.0,0.0,-0.1156493274182674,0.0,-0.07738048362893118,-0.16005724150546463,0.0,-0.2547352581952597,0.8584162850927539,-0.38086718982305323,0.0,-0.06217711534156356,-0.24834828945729964,0.0,-0.10019235987882863,LBI Capital Bhd
0.42213498560489193,-0.5656726335035993,0.0,-0.39698251051628264,-0.2607387865457017,-0.44758547429498186,-0.3031420568369106,0.18067350517799408,-0.35563988714138317,0.7895457851579714,0.0,0.0,0.2436885459385828,0.0,0.0,0.0,Batu Kawan Bhd
0.0,0.0,-0.18826351698279814,-0.6801094737909943,0.0,-0.11199696445553009,0.18377635988137445,0.0,-0.4022718838002896,0.3519237814325809,0.0,0.0,-0.1545022348621635,0.2605288603303091,0.14045694565179317,-0.093753449985283,Lpi Capital Bhd
-0.2931676927449436,0.6265444066555157,-0.2131322177052063,-0.230197816233685,0.0,0.0,-0.25848060044187304,-2.1394050927237096,0.0,0.44930911481910857,-0.10172361840936184,0.0,0.0,0.0,0.33596724070876427,1.129664381119756,United Plantations Bhd
0.0,-0.04211367626218601,-0.1683856520859529,-0.01851037071345729,-0.10134311098582736,-0.015421876527544285,0.0,0.0,-0.06942971009924283,0.0,0.0,0.0,-0.040255376335710344,0.22333658308908808,-0.42512346729175077,-0.04075863579908158,CWG Holdings Bhd
0.0,-0.08148514575447706,0.0,-0.40423541024442683,0.0,-0.000848341452981527,0.0,-0.036608402971408216,-0.19851910289955893,0.6469899343186835,-0.2368499185865308,0.0,-0.054730123272255946,-0.28065217569798373,0.0,-0.05183049957816693,Fraser & Neave Holdings Bhd
0.11112343996411811,0.0,0.0,-0.20286860710931492,0.0,0.0,0.0,-0.38535454342402536,-0.2910191938293865,0.6449042441420398,0.0,0.0,-0.3278263703397803,-0.17477425817569386,0.026664007504783118,-0.10107035085573349,UUE Holdings Bhd
-0.1203434254093228,0.09794589366637307,-0.6311493782232052,0.0916278711977526,0.0,0.6066999556578617,-0.13051384270680716,0.0,0.48221822554791,-1.553542690976189,0.0,0.0,0.0,0.2900350736568749,0.0,0.16606301838201828,TRC Synergy Bhd
-0.5074343318617748,0.5252243448456008,-0.1314057454132246,0.0,0.0,0.3487826142271354,0.1025932700787502,-0.34699735267317305,0.22170463288475917,-0.6826178879951703,0.0,0.0,-0.049258592669080725,0.0,0.0,-0.18665789185064813,Beshom Holdings Bhd
0.0,0.10392773293961999,0.22172101089468857,-0.7108156049418168,0.0,0.0,-0.13321942548315618,-0.1326357445254769,-0.24805418667971207,0.6525712327057801,0.0,-0.12301466115790494,0.0,-0.11992673145537375,0.0,-0.22079217260201425,Tex Cycle Technology (M) Bhd
0.0,-0.2880075852179503,-0.1813723802055136,0.4990484812875382,0.6441016092907216,-0.39084320422226515,0.0,0.3302173786581559,-1.8700408102787773,1.26680516368216,0.0,0.0,-0.44382368793999744,0.0,0.0,-0.2783193172850974,IJM Corporation Bhd
0.10076629192914734,0.03776515189031128,0.03690498379479721,-1.1531314921900098,0.0,0.0,0.12184679569493582,0.0,-0.1801879715518877,0.37320940785595086,0.0,-0.037262288190593074,0.0,0.024215139866021473,0.0,-0.03712331078282397,Aimax Bhd
-0.7016346079672271,1.4980031832942478,-0.6901225598904704,0.0,-0.39625632528911237,0.0,0.0,0.0,1.8547111784313266,-1.3592502750949895,-0.5526953194278272,0.0,0.3554404462411415,0.5013958542472826,-1.2228363447136297,0.0,Carlo Rino Group Bhd
-0.3631793500084367,0.0,-0.12889136660560244,0.0,0.0,0.0,0.19708933478656154,-0.5901010871187231,2.0378080825582,-1.2850501648679413,0.0,0.0,-0.1717110940281389,-0.4205403176145624,-0.3311284970938809,0.3401494137917722,5E Resources Holdings Bhd
0.13383717391108085,0.47431075156529157,0.0,-0.22747857197131757,-0.10680566284013181,0.0,-0.08508453977805025,-0.18599573795735588,-0.9781558792646259,0.49438900144743125,-0.23971890428515616,0.0,0.0,0.0,0.0031043141677605016,0.0,Binasat Communications Bhd
-0.678172548746911,0.0,0.13504029895493372,-0.27077798464520175,0.0,0.0,-0.10246004838155032,0.0,0.2905697697865885,-0.830823191820476,0.38760687920668624,-0.0675653841199545,0.0,0.3245144512875608,0.0,0.09299341563145398,Karyon Industries Bhd
-0.5509458757365107,0.9876707551708275,-0.2463410208160551,-0.3225644013849535,0.0,0.20035870512302503,0.0,-0.34549708010675484,0.21949047288272594,0.30988508635025935,0.0,0.0,0.0,0.0,-0.09705695030979414,-0.8763523619615341,Nova Wellness Group Bhd
-0.08954761030522407,0.23028255922029528,0.0,0.1773911610417579,0.0,-0.18365078432966378,0.0,-0.4003163265208864,0.0,0.47732960039939204,0.0,-0.1976790051085303,0.0,-0.3506182003930121,-0.4563502747709558,0.06820465892215415,Northern Solar Holdings Bhd
0.0,0.0,0.0,-0.22940635705332932,0.0,0.2384185902089403,0.1349143961409526,-0.8899013130430552,-0.2036122664372616,0.28348833953397307,0.13214428055566027,0.0,-0.06111979187900751,0.1644185336116681,0.0,-0.2998254145653672,CC International Bhd
0.0,-0.11667211308370629,-0.04097867886728411,-0.01685933999999733,0.0,0.1518017223783034,0.0,-0.5286600301401354,-0.22312335133225583,0.4663244814177796,-0.07463780063810688,0.0,0.0,-0.19281240911229086,0.0,-0.15770638668633966,Hil Industries Bhd
-0.1914561886552743,0.26113453314631807,-0.8834534703912742,-0.23979936122383438,-0.10478827660783119,-0.38402022319919626,0.0,0.0,0.0,0.0,0.30947955051707793,0.0,-0.02153639955997995,0.4892985024797818,0.0,0.026711216721561105,Plenitude Bhd
-0.10427418804694638,-0.20507333036709438,0.0,-0.12274749402960508,-0.07634551963427988,0.0,-0.23136067140474786,-0.21354289208896127,0.0,0.3592677242852102,-0.05197600905974629,0.0,-0.07549909605643934,0.0,-0.01830033035722385,0.0,Poh Kong Holdings Bhd
-0.6872456705507491,1.3915997024491538,-0.30613445727471833,-0.13786622186664058,0.0,-0.41212937383713516,0.0,-0.36437370457956764,-0.15594204910822332,0.24134147234621994,0.0,0.0,-0.17198045820234525,-0.13954767043392424,0.0,0.0,UMS-Neiken Group Bhd
0.6040975432269283,-0.7302676078839316,0.23010127335231112,-0.26847223361822886,0.0,-0.20353233587424358,0.10554253782715839,0.0,-0.1997284749722455,0.394602599703202,0.0,0.0,0.0,0.0,-0.4106544923027692,-0.26496430701391344,CE Technology Bhd
-0.09699302726538493,0.12610867700633643,0.0,-0.6804291542953087,0.0,0.0,0.0,-0.23401152132147449,-0.1567470275453129,0.5144062892541175,0.0833116250131954,0.0,-0.09084818839751795,0.15367779128534173,0.0,-0.36401403044255665,MBM Resources Bhd
0.0,-0.49132854171141116,0.0,-0.5236051913321299,0.0,0.47479778348859,-0.702536009769875,0.0,0.6723937127304491,0.2910143696331212,-0.28887004438612046,-0.10278158694072662,0.0,0.0,-0.34929121244636885,0.27353828837954475,Whitman Holdings Bhd
-0.14138204868299142,0.2910794203525794,0.0,-0.20499344205492506,-0.2110435717764046,0.0,0.0,0.1318044385144323,-0.2906059471166518,0.461801397221549,0.0,0.18501755923587046,0.0,-0.3927228901222748,-0.5757210995435421,0.0,Edelteq Holdings Bhd
0.0,0.08984639659194138,0.0,-0.4818387122896613,0.2294153647022332,0.08449982057025753,-0.13023838616999717,-0.6885482828514252,-0.459211817974626,0.0,0.6643929665689395,0.0,0.0,-0.3358220066469152,0.0,0.2790595298928615,UWC Bhd
0.09743313514429099,-0.3261257126508437,0.0,0.0,0.0,0.0,-0.1879363490483834,-0.08598664441428093,0.29513936575901717,-0.23884322775910288,0.0,0.0,-0.09557352803230618,0.164535822027583,-0.15327969797490545,-0.21808175676768968,Synergy House Bhd
0.6634011808523623,-0.5975101678283449,0.3764761646922244,-0.42693912529203054,-0.11333792307769919,0.12600248223297877,-0.9948734749781823,0.1922135648952619,0.0,0.0,0.0,0.0,0.0,0.23378641369398084,0.0,-0.20854734521393536,DKSH Holdings (Malaysia) Bhd
-0.4325167908562392,0.0,0.3182978820001854,-0.19811717765689632,0.0,-0.07595773688482499,0.1654646833375899,-0.6206460540821339,0.0,0.14657367801849405,0.0,0.1289691124164038,0.0,0.0,0.1135046651731102,-0.29893048073162654,CCK Consolidated Holdings Bhd
-0.309477088632504,0.2184230516236433,0.0,-0.10252833559577648,0.0,-0.14622946229378753,0.0,-0.2346857191581978,0.6988293444653674,-1.1303529965523946,0.0,0.10469075747788326,-0.11573385551874563,0.2597347466464798,0.0,0.0,Life Water Bhd
0.39242083002947986,-0.5997649849726049,0.2407892853111479,-0.29430647102536217,0.1082425362893766,0.0,-0.23844961057071568,0.0,0.0,-0.6554623473834376,0.0,0.0,-0.030673094838875807,0.45859890131312364,-0.13914636415659495,0.0,Wawasan Dengkil Holdings Bhd
-0.6573779461630292,0.7820813923092959,0.15820145520517997,-0.09796164009260155,0.0,0.0,0.0,-0.3819731205867772,0.5262834462433762,-1.0887705777217738,-0.2586620739913315,0.0,0.0,0.40687504574381445,-0.14825665954741796,0.0,NexG Bhd
-0.32504335018007835,0.3893425075979052,-0.07068855667521462,-0.4363445933170821,0.0,0.0,0.0,0.0,1.225159612868558,-0.9384681427576231,0.0,0.25254915190489613,0.0,-0.1231657047394692,-0.2267133342428551,-0.506373043459105,Cheetah Holdings Bhd
-1.8413968562617107,2.0584162171334084,-0.20310574881733662,-0.3338547225031592,0.0,0.07852534287786672,0.0,-0.7342832021760892,-0.3420048536566405,0.1591056221880568,0.34194352403553435,0.0,0.0,0.054716965345162585,0.0,0.0,CSC Steel Holdings Bhd
-0.07552204574485566,0.0,0.0,0.0,0.16700150743353948,0.42500610861554133,0.2753245554818374,-0.5029505520706545,0.3561622315120404,-0.8544131251668976,0.0,-0.2215067671728164,-0.16697749867659653,0.0,-0.16473542011342804,0.0,Master-Pack Group Bhd
-0.03826917434504806,-0.09916706742128602,0.19730651669752663,-0.24283254515138597,0.0,-0.0819059603800215,0.0,-0.23223683241193704,0.0,0.0,0.3744735678534715,0.0,-0.13364525962694437,0.0,-0.3585243299993152,-0.15054291328959127,He Group Bhd
-0.16984790007934927,0.20010413149263478,-0.1152775008405037,0.0,0.15315253580289262,0.17607529308356965,0.0,-0.4845957241440763,0.26638588788245804,-0.9605877443087275,0.0379851822494075,0.0,0.0,0.0,0.13104654881023395,0.0,OB Holdings Bhd
0.10915105108014872,-0.19914679784276498,0.0,-0.14138207092546445,0.07299274324190508,0.2422528857153418,-0.3213644185162545,-0.3121775958645519,0.3281354127534603,-0.37565896905941065,0.0,0.0,0.0,0.0,-0.1686652759036447,0.0,LAC Med Bhd
0.0,-0.11847818349929884,0.8606698911715444,-0.28059834576455894,0.0,0.33115423597088217,0.1652254819322174,-0.6541553923766023,-0.16426093241571615,0.0,0.0,0.0,0.0,-0.4582630373072439,0.23469769760341008,-0.6847412227916307,Daythree Digital Bhd
0.1881377780666922,0.0,-0.14728804349848315,-0.128928092887143,-0.14463633636090562,0.0,0.0,0.0,0.4334591390179573,-0.7965100150239717,-0.09713335340844367,0.1818172541771952,-0.07714436998937345,0.0,-0.18065561304476446,0.0,Inspace Creation Bhd
-0.4493764960103558,0.15907737849314935,0.0,0.0,0.0,0.37384325022560955,0.0,0.11810732199488883,1.833892981548218,-2.478476410683284,0.15723100421770878,0.0,0.0,0.11310696482103336,-0.3222394145019845,-0.2786144256831768,Pan Merchant Bhd
-0.34676086689780566,0.0,0.311219673853011,-0.022981669766150126,-0.09578639935114515,-0.22881501515553385,0.0,0.0,-0.6185841011627263,1.1011768112146463,-0.6294691190689313,0.0,0.0,-0.17439521455648743,0.0,-0.06906124301165571,SEAL Incorporated Bhd
0.16350900958059472,-0.0742895871523106,0.0,-0.38920948529037425,0.0,-0.16467971306042653,-1.0423642041363572,0.0,-0.258750683168537,0.4877199075082979,0.0,0.16212034439755718,0.0,0.18872940063007607,0.1494224633463187,0.0,MM Computer Systems Bhd
0.0,0.0,-0.2325355300068869,-0.0385372631050781,-0.13145893196042804,0.0,-0.08020070724044125,0.5455848634550264,-1.3264448124022645,1.3588080509839524,-0.15813286426206902,0.0,0.0,0.0,-0.3639690883764785,-0.3549319621386237,Dataprep Holdings Bhd
0.0,0.5150607864300516,-0.04744893653877238,-0.13020567761308988,-0.10177151199789233,-0.22603819366389033,0.07998634848303371,-0.4125545401448084,-0.11014551812637474,0.0,0.0,-0.07561709404474157,0.0,-0.2745942895354152,0.0,0.0,Wentel Engineering Holdings Bhd
0.5207418606191311,-1.2168921802367205,0.0,-0.23806152470322275,0.0,0.43194907113595193,-0.3613807169527298,0.22891882731814897,-0.8895918677892279,1.2309281627099364,0.0,0.0,0.0,0.2726116568837649,0.0,-0.7630616546590512,Ray Go Solar Holdings Bhd
0.32156199231847155,-0.4620187475298677,0.3211929623125861,-0.12112164329480242,0.0,-0.07236998293066088,0.0,0.0,-0.9219086229627645,0.47384415718653805,0.14324351135641197,0.0,0.0,0.0,-0.3797172642907376,-0.0871383901011559,Compugates Holdings Bhd
-0.3930536942885848,0.2549066084848969,-0.2486150821489006,-0.20363472095624843,0.0,0.0,0.0,-0.1844534774224453,0.8865782797603627,-1.3285556405077223,0.10980184753429477,0.0,0.0,0.22948095380879405,0.0,0.08989758484180776,Mega Fortris Bhd
-0.13294153306865625,0.0,0.0,-0.5172878258574639,-0.07750453969829282,0.0,0.29412018707799725,-0.0913284832192135,0.9731227815794922,-1.0029533734496896,0.0,0.0,-0.3012524014802493,0.13027517592303423,-0.06423740705458547,0.0,Solarvest Holdings Bhd
-0.08001781883850789,0.28961238629698066,-0.09927299964474019,-0.24842122743493017,0.0,0.0,0.24941786666484922,-0.5114505798264168,0.3550361286981783,-0.46974230427460334,-0.1695107733406931,0.0,0.0,0.0,-0.10781628968641549,0.0,OpenSys (M) Bhd
0.24730114146844612,-0.2237893262161244,-0.12866381866832247,-0.80808293697721,0.16780593322659063,0.06496625626354313,-0.040566910860875494,0.0,-0.12660090775762953,0.13291340453488235,0.0,0.0,-0.08016713345709435,0.0,0.0,0.0,Optimax Holdings Bhd
-0.13089740923354404,-0.33891965912787375,0.0,0.0,0.0,0.800327752820345,-0.8042873956470047,0.0,0.48113777054230994,0.6108833246742722,-0.8607003106530465,-0.14736049507217286,0.0,-0.22051070721534194,-0.1858308015812978,0.0,Prolintas Infra Business Trust
0.0,0.22723504959814464,-0.1287427078273618,-0.16267589869395116,0.0,0.25136359121877544,0.0,-0.42719500742749494,0.19108916387239397,-0.1152730577025293,0.0,0.0,-0.03918666082097255,0.0,-0.10334314346173076,-0.49787023062313995,IFCA MSC Bhd
0.25027854695821333,-0.31457542099016395,0.0,-0.5743106678138632,0.0,0.1869077291253478,0.0,-0.13922351316734646,-0.09121880347812032,0.24417593140275673,-0.01033603169541646,0.0,-0.172075110927504,0.0,0.0,-0.19131856712588607,QL Resources Bhd
-0.12045680672493056,0.0,0.0,-0.35479010150158147,0.0,-0.2184068469803736,0.2993121442897404,-0.09924902279607506,0.0,-0.7654768731279288,0.11079235398447358,0.0,-0.0878908996056954,0.2192092521081125,0.20382155968023952,0.0,Paramount Corporation Bhd
0.19113261977989449,-0.18147826453792526,-0.17732210590898212,-0.2615447595508891,0.0,0.27079162818986957,0.0,-0.12015153422775737,0.4450587901088359,-0.7545835548871197,0.0,0.0,-0.10332705611462059,-0.12223790858513905,0.0,0.0,PMW International Bhd
0.0,-0.29667619937090434,0.272905869548546,-0.21795173086042702,0.33346368532939313,0.0,0.0,0.07786875948204441,-0.1769756653531998,-0.8200143341819442,0.030289549680832743,0.0,0.0,0.18341993593208766,-0.2013645917001493,0.0,Gadang Holdings Bhd
0.0,-0.3146489617508178,0.0,-0.06031353236912241,0.0,0.20619342996191206,-0.22557698657803094,0.0,0.0788196781455952,-0.35342188034030797,0.0,0.146073178564094,0.0,0.07908312338870911,-0.16429800458687013,-0.20837337005485865,SKP Resources Bhd
0.0,0.0,0.0,-0.03403358780914249,0.0,-0.09154131441883023,-0.00770510770246563,-0.16547420652586273,-0.27802285984091096,0.579727389676448,0.0,0.0,-0.14066278460992623,-0.02023418875968132,-0.5954218533000132,-0.06570048898031366,Kgw Group Bhd
-0.4262474395421725,0.26135355959366674,-0.3508239547484838,-0.3077948802268615,0.0,0.0,0.11955904630673264,-0.5590338450662755,0.3280294379825916,-0.49562088221614053,0.27253501477599595,0.0,0.0,0.0,0.0,0.3355321765880221,Kretam Holdings Bhd
0.0,0.07041843374130863,0.0,0.0,0.1637492668833189,0.0,-0.3381079053603689,0.25678192419905527,-0.223051926932964,0.40308430891777053,-0.20317937834254915,0.0,-0.1697499149325777,-0.22474286752036912,-0.5584842760532055,0.0,Elridge Energy Holdings Bhd
0.24001470600510302,0.0,0.11699896254488118,-0.7961178149213094,-0.24670096506425945,0.0,0.0,-0.3710035031124534,0.0,0.0,0.2806441715868874,0.0,-0.14662501489797106,0.23068342428330765,-0.5590780450280545,0.42707633808243767,Velesto Energy Bhd
0.050484942026720304,-0.31052205027895224,0.0,-0.05414021227408272,0.0,0.0,0.0,-0.05727441965618722,-0.436944853642422,0.9575071583936837,0.12377734935197864,0.0,-0.22908060592790544,0.060796773936710874,-0.9293379096396952,0.0,Pantech Global Bhd
0.3989181082142678,-0.37131896267344555,0.0,-0.16865711741427475,0.0,0.24422924578828487,-0.14147529409586598,-0.5622867102844532,-0.31649244963130524,0.4502355216211705,-0.13837861605323576,0.0,0.0,0.0,0.0,-0.22064719398939947,Hextar Technologies Solutions Bhd
-0.5974232922176613,1.1780929822678632,-0.43666929860833964,-0.3051814500899804,0.0,0.0,0.0,0.0,0.6189907247250179,-1.1912518017522944,-0.6430253971268367,0.0,-0.3048297243283164,0.439468298339724,0.4121474687271568,0.0,Lotus KFM Bhd
1.25286486572977,-0.3733706013262929,0.5199467120330752,-0.4014620345891051,0.0,-0.3709550574227417,0.24749390175491515,0.0,0.0,-0.7575842681219627,0.0,-0.3758606394009159,-0.17350426319235046,0.0,-0.39755575814646715,0.0,Mentiga Corporation Bhd
0.5504083218285806,-0.35849288364838605,0.2769514095195158,-1.1972439958351717,0.0,0.0,0.19660513191369616,0.0,-0.06944705691570802,0.18418169471816725,0.0,-0.2045605915131266,-0.06356098692219891,0.0,0.0,-0.14628206232280508,Mega First Corporation Bhd
0.0,-0.47075515354015696,0.19454925848247506,-0.19930388786797776,-0.06471350348922374,0.0,0.0,0.1777420453479492,-0.9786549509357123,0.7562043154171927,-0.241850131672741,0.0,0.0,0.0,0.4208477547502614,-0.4291314433275843,Kobay Technology Bhd
0.053012237021969597,0.0,0.6373716735168591,-0.2816917137941046,0.0,-0.1890961730300907,0.0,0.4441652219941007,-2.7018404636972257,1.4552574053241818,-0.3756303030949336,0.0,0.4015330784755065,-0.2801646344052964,0.0,0.0,Careplus Group Bhd
-0.5014844649695759,0.6753170227876735,-0.2252380513705037,-0.16153584513387317,0.0,0.16780083277985547,0.0,-0.3861987102837394,0.0,-0.5282478866563121,-0.2758006236120261,0.19355621523052086,0.0,0.2032276826785956,0.0,0.0,Chin Well Holdings Bhd
-0.08422673890095207,-0.14737401377788914,-0.009923667603939059,-0.1658924665098555,0.0,0.0,-0.057776317668251656,-0.18896020987662987,0.0,-0.15208312597593474,0.16227835595083362,0.0,-0.07163588262764543,0.0,0.0,-0.1248343789449852,Teo Seng Capital Bhd
0.0,0.0,-0.26263754723736243,-0.12204442593944063,0.0,0.06287459542323526,0.0,0.06919336318235506,0.053927321899795884,-0.9187699784797707,0.09761002676191795,0.0,0.0,0.09707392456463894,0.07310632396654038,0.008978550508778563,SWS Capital Bhd
-0.4814765191230713,0.384588782238094,-0.18627390847648653,-0.16261835791634766,0.0,0.31864738222594663,0.0,-0.29087125189601093,0.0,-0.4577235994500799,-0.06248654991773078,0.0,0.0,0.16528162402248214,0.0,-0.06777738156538453,Kawan Food Bhd
0.0,-0.26302933866402306,-0.1759119161419879,0.0,-0.31767669635202034,-0.13455614373815272,-0.6564319973305528,0.0,0.0,0.6645352362226304,0.916403262632496,-0.15853781317855076,0.0,-0.34992155892395044,0.0,-0.36614977376558105,Mayu Global Group Bhd
0.0,-0.14354444600891555,0.0,-0.12756421519370048,-0.09624329570460533,0.0,-0.22667491234785891,-0.09744560486678396,-0.33937657110053004,0.6847021635160375,-0.2183778368419872,0.0,0.0,-0.5674571505862467,0.0,0.2836920473906257,LFE Corporation Bhd
0.0,0.0,-0.020306369087612863,0.0,-0.08298803297969164,-0.2604087414634347,-0.07532381155586719,-0.24315587141700754,0.8226326114177557,-0.826863222712823,-0.2479963306641265,-0.12451531574282669,0.20281441781140086,0.0,0.0,0.0,Minox International Group Bhd
-0.3948372211280939,-0.1063107522884517,-0.019533323754508045,-0.28518200537029864,0.09477327906099076,0.0,-0.09612132051718691,-0.5865115674453943,0.0,0.6982127337476315,0.0,0.0,-0.017442649893000022,0.0,0.0,-0.14422404669166444,Pantech Group Holdings Bhd
0.0,-0.18245295026725153,0.18248737685030972,-0.06498865270358505,-0.12172871355936697,0.0,0.0,0.11572945752371533,-0.7629340609824034,0.8161406364846148,-0.1542725422315929,0.0,-0.09704687719471385,-0.5936685621157174,0.0,0.0,Mesiniaga Bhd
-1.3666726710647168,0.6344574399606262,0.0,0.0,-0.11492755095749918,0.0,-1.0138931327007024,-0.9131429158946827,2.1578548522441063,-3.108923708931843,0.0,0.0,1.1450438499944933,0.0,0.7000690795551288,1.0165303570411144,MMS Ventures Bhd
-0.11092708006207969,0.19877681529003924,-0.2528410725544538,-0.4018254635278328,-0.4652435138356283,0.0,0.0,-0.08861508815907776,0.0,-0.2193750951716586,0.1465063169006475,0.1340461357225009,0.0,0.19568717415406678,0.0,0.0,Sarawak Plantation Bhd
-0.10090555298305141,-0.037095036208121046,-0.15189105594620478,-0.23944496374083404,-0.1203212695271111,0.0,0.1677792866942387,-0.1650293493145917,0.0,0.0,-0.003798709632326417,0.0,-0.12120633830123723,0.0,0.0,-0.09332338696868583,Pineapple Resources Bhd
-0.1367434283616038,0.0,-0.23607845060508065,0.0,-0.0646088292490933,0.0,-0.2693904513676564,0.0,-0.6606020004203547,1.02017530158557,-0.2923935873390062,-0.0516364149967673,-0.060402004142191705,-0.11476982318078868,0.0,0.0,Y&G Corporation Bhd
0.777310835895074,-1.2006729346557814,0.4984397167256076,-0.5085216059219593,-0.11481772034417229,-0.41875727126193013,0.0,0.4722357765774507,-0.5775993273579741,0.8777441808434011,0.0,0.0,0.0,0.0,-0.6741688214868452,0.0,Quality Concrete Holdings Bhd
-0.3256054669500688,-0.1729671480645527,-0.019638770835402775,-0.11679279376532312,0.0,0.17407275723178942,0.0,-0.31584729778333115,0.0,-0.40877448679485046,0.28905049715404146,0.0,0.0,0.0,0.10898507794047449,-0.08181167580813786,Harbour-Link Group Bhd
0.0,0.0,0.17983709830338468,-0.8359490588203097,-0.12415723370469083,0.0,0.0,-0.19424493025452863,-0.45946359591410435,0.7760211737502766,-0.09132065812678314,-0.03437446444956969,-0.06250079912555506,0.0,-0.024202754479355246,0.0,IOI Corporation Bhd
-0.6401862606486907,0.5954341494945425,0.30604500989269257,-0.1523994832416007,0.0,-0.128672586666564,0.0,-0.6934085463663187,0.0,-0.12034224166541208,0.0,0.0,0.0,0.1342281894052425,0.09367971496810236,-0.265417906152409,AbleGroup Bhd
-0.786126813153594,1.5833495223792786,-0.6386111356396901,-0.4184134616397807,0.0,0.0,0.0,-0.4370106042053678,-0.19565202467902906,-0.3461705154904478,-0.19142182482219783,0.0,0.24522270346498476,0.31324892951502364,0.0,0.0,Northeast Group Bhd
-2.437542059952374,2.6103345360408414,0.0,0.6487311337797899,0.0,0.0,0.0,-0.7177338846159064,2.3606246574248586,-3.136834177043377,0.0,-0.8388541199582472,0.0,0.774870759691418,-0.8920991902063041,0.7552233949825429,Hydropipes Bhd
-0.8296914168533339,2.3503471663861024,-1.1632759378052284,-0.269768953972157,0.0,0.0,0.0,0.0,0.9279324660475481,-0.8498085891522265,0.0,0.0,-0.290017769195669,-0.1926729724477918,-0.102985714494503,-0.4551523090121989,Supercomnet Technologies Bhd
-0.06215864051376991,0.0,-0.23529485185863877,-0.5760094908562958,-0.3036501439558015,0.0,0.12510732471070313,0.0,-0.11635960799046696,0.0,0.1869593743253649,0.0,0.0795879312863452,0.13272909485061052,-0.11005670583076063,0.0,Ta Ann Holdings Bhd
0.0,-0.16529491676029062,0.0,-0.35544546753347817,-0.06567062011693016,0.2211454914806942,0.0,-0.19973901973435326,-0.19613472720577166,-0.3831841156005181,-0.2169463752017758,0.0,0.018837798878677568,0.0,0.462002590331153,0.0,OCB Bhd
0.23997545519139818,-0.697479503860411,0.18264559567696378,-0.47342201029768355,0.19797408381866677,0.3979993783340191,0.1166362734182188,0.03156988636943912,0.0,0.0,0.0,0.0,-0.23695203190813405,-0.6394482521973796,0.0,0.0,MyTech Group Bhd
-0.45012154240663244,1.330605598449778,0.0,-0.7171831085509905,0.16607802060637708,-0.2819246514978592,0.0,-0.7972669599523793,0.0,0.34111935828832857,0.023921006136378233,0.0,-0.06153227141214879,0.0,0.0,-0.439377410839631,LGMS Bhd
-0.7029968234378444,1.362474750735372,-0.19697474890764535,-0.6315050617287695,0.0,0.0,0.0,-0.5673574003626605,0.4886165406434278,-0.23315533083547751,0.0,-0.08236370823032041,0.33978772483929176,0.0,0.0,-0.6644180441224244,Inari Amertron Bhd
0.15384869973467313,-0.38885024145434416,0.0,-0.44796120479713464,0.08555275757897074,-0.15718577989702973,-0.7660587105681383,0.0,-0.3274790778583536,0.425121999163873,0.0,0.0,0.28423076748944376,0.2507403928447879,0.0,0.0,Sports Toto Bhd
-0.19068098656666815,0.2931771936821121,-0.29807713340281095,-0.13209633745645055,-0.3069924146158485,0.0,0.0,-0.2980284513644144,-0.08722606597808792,0.11182078031990061,0.19124119638804493,0.0,0.0,0.0,0.0,-0.178659038525499,Dufu Technology Corp Bhd
0.29323352218367327,-0.12248593053848134,0.0,-0.36119500609135496,-0.18957291712974533,0.0,-0.1926420689476529,0.0,0.2615988495941523,-0.39201594675567053,0.0,-0.049456123362422645,-0.04612408703001268,0.0,-0.09687156302252939,0.0,Wasco Bhd
0.0,-0.12975552109277566,0.24079391718952944,-0.6354306617732977,0.0,0.0,-0.3642432540000487,-0.11598313454901217,-0.15531567746977637,0.3743515741186514,-0.06221927501909311,0.0,0.0,0.1417372661386215,0.0,-0.19170811612355557,Deleum Bhd
-0.7009362898456342,-0.33616328120793054,0.0,-0.31573477590233073,0.0,-0.4025830689349781,0.27851073537122417,-0.6241978112262705,0.0,0.8252653030045475,0.0,0.0,-0.23501924177057898,0.3148083100696715,0.0,0.29625258728779236,Teladan Group Bhd
-0.5821910029305098,0.5122829184930315,-0.24950211036617778,0.0,0.17401868118705757,0.0,0.07134773233547531,-0.30101943066386144,0.0,-0.5326750355534251,0.07436161059946635,0.0,0.0,0.14136721656795237,-0.21076691455079122,0.0,Tambun Indah Land Bhd
-0.10386413193070441,0.0,0.0,-0.7805383631641813,-0.07800084228684807,0.1044488210593004,0.13513465379743725,-0.2869416356919222,-0.05149539347723691,0.0,0.0,-0.05021725859445115,0.0,0.10128160465425594,0.10711723385437488,0.0,AWC Bhd
0.0,0.0,0.14098248621225978,-0.5480195156020639,0.0,0.0,-0.9323098818125257,-0.27317890883768664,-0.13893243853497217,0.477826186773159,0.0,0.19144294326107306,-0.2598801055312333,0.0,0.0037699052993049264,0.4335558021947357,HeiTech Padu Bhd
-0.07627674238452099,-0.4530394082127714,0.0,-0.2597434098163534,-0.10970807465976415,0.0,0.0,0.20209028485698277,-0.40704922609521615,0.39333547767371274,0.23781995030582156,0.0,-0.05636604845284641,0.0,-0.37747740561391707,0.0,Axteria Group Bhd
0.4929677082258064,-0.281297449672168,0.0,0.0,0.0,0.0,0.0,0.07564751897141986,-0.5662364139916891,1.0342642220525287,0.0,0.06404204666921175,-0.0885346396780275,-0.04000605598326769,-1.3456378831956883,-0.25846769952868737,Solution Group Bhd
-0.2743337067900583,-0.5076223993060721,0.0,0.0,0.0,0.27970182092106743,-0.3167496986330637,0.13947673380760017,-0.9035550556064834,1.8264483822355941,0.27449758498872956,0.0,0.0,0.46934176606257033,-1.9030842939947716,0.0,Farlim Group (Malaysia) Bhd
-0.2651568711724902,0.0,-0.3242204168952511,-0.12838630374068916,0.0,0.5947361369999365,0.0,-0.16146999424048003,0.41757344926129736,-1.3000231121357875,0.22973789357215207,0.0,-0.15777785980735143,0.17520482286672479,0.0,0.0,BIG Industries Bhd
-0.02672571290218137,-0.15221129328485505,0.0,-0.3152993417465084,0.0,0.19582176775823731,-0.27458942978819073,-0.12015257413859684,-0.1665096022887669,-0.44076545672782236,0.0,0.0,0.1207174945788263,0.2587626885360056,0.0,0.0,APM Automotive Holdings Bhd
0.34197095337555644,0.0,0.0,-1.307420365687416,0.47704278660629074,0.06638234639468421,-0.2800897681845602,0.0,0.0,0.0,-0.20170260718628197,0.0,-0.20433154041777812,0.12675114053832776,0.17689317645473437,-0.11648739780011975,Sapura Industrial Bhd
0.0,-0.1423489923228284,-0.15104343340884518,-0.22470389336875043,-0.08026682155702844,0.0,0.0,-0.16780521904803586,-0.14138680997646672,0.5284767259409244,-0.25682583636462564,0.0,0.0,-0.2064916777745976,0.0,-0.07904282969928221,Jaycorp Bhd
-0.409816078286077,0.25200336881230967,-0.1133087552657126,-0.13180296344939205,-0.14691569612191305,0.0,0.0,-0.26095944164030793,0.0,-0.32435016765559527,0.22569002759925555,0.0,0.0,0.17211241219871845,0.0,-0.18569724290107087,Mobilia Holdings Bhd
-0.13424038902565338,0.13691386989812374,-0.28882898945177454,-0.2978495595146362,0.0,0.06053512992435316,0.08639187790382861,0.0,0.8765446930659974,-1.3107920141153075,0.0,0.0,0.0,0.0,-0.21234806175411008,0.157726160158832,Powertechnic Group Bhd
-0.18537746695234994,0.0,0.0,0.0,0.22488346371537885,0.2823019919284398,0.2813900770264757,-0.10923612224050237,1.1051264136673282,-0.9254706251258109,-0.13678680198585846,0.0,-0.3334612361823606,0.0,-1.1302294046633088,0.0,KKB Engineering Berhad
-0.11451147314446153,-0.8385027789873065,0.0,-0.26587106561399027,-0.025925837566757298,-0.3974467804022574,-0.15275909903397888,0.31877156074201723,-0.234280531280642,0.5052577050318339,0.2775242949330866,0.0,0.0,0.0,0.0,0.0,Emico Holdings Bhd
0.38896834679069714,-0.24562206671159467,0.0,-0.21783455796009063,0.0,-0.12409727853234659,0.0,0.0,-0.9931919020944343,0.9809973774386241,-0.2941655375308937,0.0,0.08618296289700411,-0.40492827098994355,0.0,-0.10484987352083568,Unisem M Bhd
0.2948272955212631,0.0,0.0,-0.3545299205856042,0.09247830381606781,-0.20629683158599924,0.0,0.5258047787283051,-1.5272888839179817,1.329395715034138,-0.5980241735160895,0.07537671317973227,0.0,-0.5643617082645981,0.0,0.0,D'nonce Technology Bhd
-1.0564266990729436,0.0,0.0,1.2635204218884928,0.17918046113646074,0.0,0.06287578538865593,0.0,0.800370091635554,0.03676590093783731,0.295637685988662,-2.6560414677538278,-0.40845689788840206,0.0,0.5488299551996475,0.0,GuocoLand (Malaysia) Bhd
-0.9862369487003027,2.280450345791534,-0.5992789383765376,-0.04605689798630008,0.0,-0.5735303852925349,0.0,-1.4229721350216928,0.9240644261607578,0.0,1.4667224796762526,0.0,-1.192706621319052,0.0,0.0,-0.7857083234033841,Matang Bhd
-0.2286510673641505,0.5458097409982271,-0.37169557180719226,-0.26941195907607,0.23537847671683793,0.0,-0.10611012868998726,-0.08305154056192574,0.0,0.0,-0.19324055539134144,0.0,-0.05087033441450346,0.0,0.0,-0.4147101553929951,UMedic Group Bhd
-0.6790521294361797,0.2052823996568729,-0.5801391014149061,0.0,0.0,0.5932408685328022,0.0,-0.6119518992548058,0.9020852370521047,-0.4875889441576991,-0.0835922397006466,-0.13990148386905726,0.0,0.0,0.0,-0.055282224587020576,Poh Huat Resources Holdings Bhd
0.0,-0.18314281845891928,-0.2407352539998358,0.0,-0.07520645337997989,0.0,-0.1319345689505896,-0.19818644939096597,-0.3327910546431302,0.7473564445616437,-0.26162243700201704,0.0,0.0,-0.01709443542946379,0.0,-0.24360972452458415,Dialog Group Bhd
0.38765935734600265,-0.20609130392034625,0.0,-0.04848177262440038,0.0,-0.09484469001035611,-0.14046543723418586,0.0,-0.5600563616310384,-0.8176511209201902,0.6653270697707439,0.0,0.0,0.0,-0.8648210492656082,0.7393977395530312,Fsbm Holdings Bhd
0.0,-0.2253641585364384,0.0,-0.14717132123049276,0.0,-0.1930991347935974,0.0,-0.14742927770298658,-0.15543593815815895,0.30771538248747143,-0.048910203655893714,0.0,-0.08251002695613915,-0.03440689038051432,-0.2192846733341827,0.0,AGX Group Bhd
0.06794176296615058,-0.4442565396173443,-0.15334238857700544,-0.22893325887557534,0.0,0.0,-0.7799207535357516,0.0,0.21178030910467818,0.19351218729717204,0.07605963380938974,0.0,0.0,0.05819728997044549,0.050761438048470456,0.0,Elsa Bhd
-0.9403274326508101,0.9405437584270142,-0.0857534680426758,-0.36844219450892396,0.0,0.0,0.0,-0.5202008646226729,-0.3819107141737016,0.6132240336085546,0.0,-0.11279187896111084,0.0,0.0,0.12553219580868147,-0.22193565843801252,Success Transformer Corporation Bhd
0.0,0.0,-0.005862981657887748,-0.7499891814173887,-0.14904758729359302,0.0,0.0,-0.3514449781967083,-0.20967896593095103,0.6761499600859064,0.14824174551900943,0.0,-0.10041339920424719,-0.030522242011982895,0.0,-0.17997548371986227,REDtone Digital Bhd
-0.471389206759109,-0.43301176912868,0.36764599120437036,0.0,0.0,0.0,-0.5116032136453562,0.0,0.6471123993745875,-0.8121918106345447,0.0875562416124539,0.0,-0.12879040138132414,0.31852632879936077,-0.024540621420098496,0.0,Tashin Holdings Bhd
0.3940453602748724,-0.851642769786266,0.0,-0.6014208307588189,0.0,-0.2990254656530985,-0.5188670812171837,0.0,0.0,0.3731756485415474,0.20119235541974034,0.271490466852083,-0.2813480044572092,0.3510974699418579,0.0,0.0,Malayan Flour Mills Bhd
-1.0862541178398626,-0.4536682829393801,-0.35582744065168176,0.0,-0.5649203970931294,0.0,0.8004769664061032,0.0,3.4360672543045174,-3.5328813884121857,-0.1375517396636563,0.0,0.0,0.0,0.19878495805039353,0.7338221232055124,Magma Group Bhd
-0.8676970193009625,1.021906430553449,-0.4677195386948607,-0.1275578258900645,0.0,0.0,0.0,-0.40360290104471896,0.7203069998206637,-0.39268297297474153,-0.43789882923732293,0.1808191214926791,-0.18819746234088844,0.0,0.0,0.0,CEKD Bhd
-0.27642748232145514,-0.06779957965377696,0.0,-0.14043817815780085,0.0,0.28828097294722016,-0.20971951333896466,-0.10843104359444844,0.24311728318336104,-0.5136057176730627,0.0,0.0,-0.060677116548034364,0.0,-0.11734626917306269,0.0,BP Plastics Holding Bhd
0.0,-0.3605963532167339,0.19073062182137307,-0.10059014968745304,0.0,0.0,-0.07191029036673033,0.04139299342534551,-0.1385446732498634,-0.2632320303645261,0.15616351643369586,0.0,0.0,0.0,-0.8828931217769663,0.4652917713322543,Mitrajaya Holdings Bhd
-0.2876534479703657,0.0,-0.16585353776432357,-0.4407931994004992,0.0,0.18724300682800238,0.0,-0.6279337314797693,0.6016571579204886,-0.740832287215308,0.0,0.0,0.0,0.08353116396465081,0.22416620743612878,0.19876237064100977,Yoong Onn Corporation Bhd
-0.7821351558170612,0.3122777808079814,0.0,0.0,0.0,0.3994513098551334,0.0,-0.35661967778114423,0.8308055497985924,-1.5641672268344984,0.24001787240325934,-0.09499402289724915,0.22916568086166378,0.0,-0.18404088958387957,0.0,Dancomech Holdings Bhd
0.0,-0.2558534203668854,-0.02814689984250307,-0.07819500822030308,0.0,0.0,-0.05094237821095299,0.0,0.0,-0.03424005307551527,-0.1381428601761667,0.0,-0.05254594163097839,-0.09345577460905945,-0.1914097808341921,-0.0478459650465734,Saliran Group Bhd
0.6500033219483643,-0.49252787511489404,0.3052172235408315,-0.17973509233057552,0.0,0.0,0.0,0.118525162930406,0.0,0.12022014655000929,-0.1460780749966636,0.0,0.0,0.12875676330419125,-1.2753674408821591,-0.2019048439920589,Seremban Engineering Bhd
-0.5171213844020415,0.0,-0.18689754298126907,0.008066088715371211,-0.19264321010677127,0.0,0.0,-0.31487799063229877,0.9573471009928762,-0.921532589293821,0.0,0.0,0.0,0.0949594397652207,0.14158996328197854,-0.04212557606575427,Fiamma Holdings Bhd
-0.41559545508664036,-0.07021010582339682,-0.14247996132173144,-0.09224105669143845,-0.13312636240788653,0.0,0.0,-0.18664112139572275,1.0837156487259476,-1.2796846845049958,0.0,0.0,0.0,-0.25959698248741747,0.0,0.5222243138910407,ACME Holdings Bhd
0.21243854904126971,-0.15625933405784115,0.0,-0.17935587140251893,-0.14245664740588357,0.0,-0.1130840291283414,-0.5139389532239587,-0.4851516835726346,0.34927790132058306,0.12583799217270775,0.0,-0.07097611577238146,0.0,0.0,0.0,LPC Group Bhd
0.3545734166461297,0.0,0.0,0.20032297009252872,0.0,-0.2970651945992664,-0.07324143109236783,0.286775385232301,-1.0772419182208255,0.4998005732451346,-0.33067044874197155,0.0,-0.055950268658643054,-0.48603624022645203,0.0,0.0,Hibiscus Petroleum Bhd
0.2789653698221543,-0.29494224614555736,0.27299520844943664,-0.4820119075628054,0.0,0.0,-0.6542947722085986,0.0,-0.30166447301889865,0.638640289956502,-0.2545634485274663,0.0,-0.1635854044457259,-0.02476867892299122,0.0,0.0,Ancom Nylex Bhd
0.0,0.0,0.24249474526776432,-0.19144993928309698,0.0,-0.21437150035793212,-0.21224560127685585,-0.1061845940845434,0.8936525904559111,-1.2614372565988095,0.29116512992424143,0.10728955837616014,0.0,-0.5394048546489818,0.0,0.0,Destini Bhd
1.063854066388307,-0.780785284175731,0.0,0.0,-0.324604313313953,-1.0268372893779438,-1.1472402188394084,0.9809503850315971,-0.28834514585063253,0.47077141099829345,-0.28717648384667316,0.0,0.0,0.0,0.3468190141480627,0.0,Box-Pak (Malaysia) Bhd
0.3026721949591743,-0.4289954372148382,0.0,-0.28686175420465565,0.08586776886697178,-0.16512693876333073,-0.8377129837292893,0.0,0.0,-0.08468789468699373,0.10546942435858002,0.0,0.0,0.23897735302856468,0.0776227335904601,0.0,CAB Cakaran Corporation Bhd
0.0,-0.20519184778363067,0.0,-0.5967254894713014,0.0,0.19157289886055337,0.17300444418365335,-0.4837528343559038,-0.2229121789746633,0.5740642379592878,0.0,0.0,-0.11694374158308636,0.0,-0.12287942858611915,-0.18330651782649482,BM Greentech Bhd
0.5812712651565501,-0.5863151959437348,0.0,0.0,-0.24180170399584783,-0.07074733884417005,0.0,0.0,-1.049664264583653,1.4970221584314949,0.0,-0.14330937335001417,-0.22954581903531102,0.0,-0.6238215644212408,-0.12664809433467417,Kinergy Advancement Bhd
0.24352635751051852,0.0,0.0,0.1699918555713893,-0.1474786803795397,-0.21757515808951208,-0.1509588577710677,0.0,0.3287362466442396,0.6445531955947755,-1.1271345753054345,-0.1725014629867898,0.0,-0.5681403967378665,0.0,0.0,Bright Packaging Industry Bhd
0.14817337337054046,-0.31745053462360867,0.0,-0.16911811313313305,0.0,0.0,-0.2967392609291251,-0.19876019351232518,-0.027760054540996296,-0.3618234817356942,0.0,0.0,-0.05578897457139459,0.09589784305666305,0.0,0.1823603156130237,BLD Plantation Bhd
-0.3151093250748516,-0.16149579831872332,0.0,-0.10581031436020193,0.0,0.11862068897242439,0.14294009422545642,-0.13083962823876055,0.7413383483355069,-1.5465886953724226,0.0,0.0699556980452049,0.0,0.0,0.0,0.18366695214445306,Timberwell Bhd
-0.19170196926479105,0.0,0.0,-0.3683584253598084,-0.07617090765168784,-0.062344593646725135,0.0,-0.13660785386757424,0.23584328539807203,-0.3509147779675785,0.06486457346642305,0.0,-0.2022565366657981,0.0830947476308105,0.0,0.0,Wang-Zheng Bhd
0.23668919583132314,-0.77794781112359,0.08263372181529353,-0.08014487936833936,0.08627353961302629,0.0,0.0,0.08829950115559324,0.0,0.35263084763108177,0.11336131468575084,0.0,0.0,0.11571249768377166,-1.223456565051787,0.0,TAS Offshore Bhd
0.09336660122540931,-0.4473934156836154,0.0,-0.04063721517109403,0.0,-0.3015587027972361,0.24971534838827925,0.0,-1.3294470791002229,0.8432611038771732,0.0,-0.2999379362989627,0.0,0.0,-0.31039582875579036,0.5359998815363282,Land & General Bhd
-0.46758467253773406,0.4783435934763097,-0.4706550681343228,-0.18074252756824602,-0.07149662832209469,0.0,0.15973351170618524,-0.4140596193072049,0.0,-0.07547980047558278,0.0,0.0,0.0,-0.10549346921972239,0.0,0.1399527733723346,Baba Eco Group Bhd
1.00048540668095,-0.4281535449060071,0.0,0.0,-0.20130523656658686,-0.7401379843576988,-0.6099814758775901,0.3721870391308063,-0.4954686743850146,0.5387545695337148,-0.3154710550915964,-0.12961451531900503,0.0,0.0,0.0,0.0,Hwa Tai Industries Bhd
0.0,-0.2685355037296214,-0.1849032715220665,-0.1334516141902555,0.0,-0.15507018806473283,0.11168547569220211,0.0,-0.13078846821270704,-0.43781877027526805,0.12111710203137523,0.0,-0.08635527701839185,0.0,0.1537697175170584,0.0,Wegmans Holdings Bhd
-0.8830875538733477,0.21466098081037424,-0.3955443898806839,-0.19981501085813622,0.0,0.2966734952981561,0.0,-0.36433420115033693,0.0,-0.1770563650080819,0.16733857803108965,0.12915847519218518,0.0,0.2004220927752606,0.0,0.0,IQ Group Holdings Bhd
-0.5301322147218218,0.2640563033935311,0.0,-0.3906420378457244,0.0,0.6482136503789684,0.0,-0.538224784052114,1.0359694904718784,-0.9475718089029428,0.0,-0.5042382866121725,-0.5760968011507395,0.0,0.0,0.5245281737211223,Cosmos Technology International Bhd
0.0,-0.4585861016443123,0.0,-0.060554781448077376,0.0,0.18356884387169514,0.0,0.0,-0.7126850575316229,0.9100012272369078,-0.04925660324567408,0.0,-0.08204356629583795,0.19098321746984462,-0.8811068640149643,-0.057063829531816344,Luster Industries Bhd
-0.2365087190140921,0.14271674257209926,-0.22738193484363478,-0.1995110419127747,0.0,0.0,0.04368041621298315,-0.30635337489473025,-0.5093249777432584,0.6557627794055363,0.0,0.0,0.0,0.0417567152618068,0.0,-0.42340235337786586,Lotus Circular Bhd
0.43511480484083376,-0.24832783492178848,0.0,-0.4264199277284089,-0.12683601689803195,0.4050115948809826,-0.863677203304682,0.0,0.0,-0.19176929591473335,-0.3149715697409848,0.1381000797711585,0.0,0.17274198838802257,0.0,0.0,Pentech Holding Bhd
-0.15623411384757857,0.36544941560829297,0.0,0.0,0.09791386914651722,0.4162237423301117,0.0,-0.8872685538135712,0.004978137896674266,-1.138076469685491,0.19183647789601732,0.0,-0.10906971956057225,0.0,0.19280899865465295,0.0,SLP Resources Bhd
-0.19192052272401314,0.0,-0.23074458513114046,-0.351930778294149,0.0,0.0,-0.434071587031285,-0.41157968964182345,1.892373055586611,-2.0791021044301297,0.5300462545825472,0.0,-0.06311255528981163,0.31840497906611887,0.0,0.0,Sumisaujana Group Bhd
0.6514325576576064,-0.8356891630441586,-0.30547581368302135,-0.25986936915440684,-0.03868450209425171,-0.1270277279356045,-0.2746275950628283,0.0,0.0,0.0,0.0,-0.13367513225711586,0.0,0.17369646335183522,0.0,0.1281067960034934,Milolo Bhd
-0.7240622522621015,1.4012160559770515,-0.43048272529998655,-0.9712202312441915,-0.24358655095927895,0.0,0.0,-0.4806906438596195,1.6863189238336522,-1.746762042018493,0.4326328712613486,0.0,0.0,0.0,0.053657241501359886,0.0,Three-A Resources Bhd
-0.9134257220605296,0.0,-0.19284333921555,-0.2965437052586597,0.0,-0.17037719831504913,0.44207663506841405,0.0,1.554352207363522,-1.602826741694334,0.0,-0.33655480857335296,0.42877058543837254,0.0,0.0,0.0637759453127721,Sunzen Group Bhd
-0.13123636873273756,-0.002959486927733654,-0.10889615414507897,-0.2332252463875489,-0.08062507057684098,0.0,-0.1253997135782212,-0.5381351886728871,-0.1853135138324876,0.5650108399348068,0.0,0.0,0.0,-0.18406054557999652,0.0,0.0,Oriental Food Industries Holdings Bhd
-0.17396443770432132,0.4649677193648592,0.0,-0.22312949249830638,0.0,-0.37974253536450087,-0.0805657493770369,0.0,-0.5012550819233736,0.9459262856701859,-0.6023967838810751,0.0,0.0,-0.7862487847432165,0.3094200221417757,0.0,Sum Technology Bhd
-0.1522975712153654,-0.12398440625643382,-0.17107366572592242,0.0,0.0,0.0,0.0,-0.06400984266669901,0.0,-0.5231911160982291,-0.018383939810397987,0.0,0.010319702683276755,0.0,0.2710994136512567,-0.2571580390209047,Oceancash Pacific Bhd
0.0,-0.2972715845705941,0.0,-0.15019851661385164,0.0,0.3523764357867685,-0.4902745431983978,0.0,0.34137635631213237,-1.1855544492128203,0.0,0.0,0.24806743724348088,0.5216479862186908,-0.4664502800743505,0.093846124191515,West River Bhd
-0.22191098339741702,-0.4077692865926647,0.30762485527425537,0.0,0.0,-0.32070705645652425,-0.1429224729331262,0.0,0.36342315395955943,-0.731907942268232,0.18034955245252898,0.0,0.0,0.0,-0.2628325751740742,0.2013762485925354,Ideal Capital Bhd
-0.1263732655703973,0.3019698695921705,-0.43989927123733663,-0.3565463351878074,-0.06277823020600282,0.23776661224120096,0.0,-0.4016689456371987,0.0,-0.16548706946356107,0.0,0.2462999491993817,0.0,0.0,0.0,-0.27173746309587415,Gdex Bhd
-1.177159783942887,1.7898821849547215,-0.3124651330929033,-0.05200667810580914,0.0,-0.18627613159501852,0.0,0.0,0.0,-0.5167612722872884,0.0,-0.15357217844814497,0.045380002866886586,0.0,-0.26959156914390847,-0.20803078829446198,Feytech Holdings Bhd
-2.024068302860465,0.0,-0.5476137934837925,-0.4413576250236254,0.0,-0.030320308044774452,0.2644499964831659,-0.966013834101234,1.3378407145344087,0.5306581022241024,0.3138694115555039,0.0,0.0,0.0,0.0,0.5193879540424481,RTS Technology Holdings Bhd
0.3036426811500902,-0.49167891277198417,0.0,-0.23939078931202007,0.21112040895734738,-0.11110277898327203,0.0,0.0,-0.5295790065971299,0.37054072173305447,0.0,0.27041568210023637,0.0,0.2466095549509699,-1.080632681814641,0.0,RedPlanet Bhd
0.0,-0.3148164695064586,0.0,0.0,0.0,-0.4252384438222373,0.0,0.5022226843004642,-0.09331277031600838,-0.19496318378466507,-0.13070325022605195,0.0,-0.24617365028769245,0.03569184722584808,-0.10378555148157498,-0.08013266279761488,Ta Win Holdings Bhd
0.21355310154136378,-0.3646269892690985,0.0,-0.5418255285143283,0.0,0.0,-0.2709386536667724,0.09936056731053267,-0.1612731454575154,0.5149883887143268,0.0,0.0,-0.08879604129129658,0.0,-0.3894366104618498,-0.06286742232230107,A-rank Bhd
0.0,0.0,-0.11308910908375282,0.0,-0.09755349370218126,-0.20701343746906345,0.0,-0.24261031764308033,0.0,-0.201774495013735,-0.4198490376721924,0.38284899043042653,0.14645248687458712,-0.1555073458402316,-0.14474575940208528,0.0,UCrest Bhd
0.4472864242037326,-0.54790352482445,0.0,-0.285349218651688,-0.07708286756839418,0.0,-0.48616748632693635,0.1404997511012196,-0.1982326098747214,0.11655056961609817,0.0,0.0,-0.08771426736719644,0.0,0.0,-0.074780264079217,Sime Darby Bhd
-0.34428184422228764,0.08161831795195831,0.0,-0.06379463873098765,0.0,0.07688873695879139,0.0,-0.4994878311766027,-0.31867710092067425,0.40726901321609427,0.10893293187085129,0.0,-0.03874679118438711,0.0,0.0,-0.46341060558850816,JCY International Bhd
0.0,-0.11061668234950793,-0.20218557874216952,-0.33446352088612363,0.0,0.0,0.22020329834792673,-0.3190071900391345,0.0,0.2032734223571952,-0.357061349732057,0.22143621933256838,0.0,-0.06796628151937883,-0.30775299812815193,0.0,HPP Holdings Bhd
0.27528186147657885,-0.35224600270440737,0.0,-0.48861813090198486,0.0,0.18757422593336154,-0.37867947538510804,0.0,0.0,-0.13369043077648002,0.011690772789400864,-0.1517609698363452,0.0,0.16645620513002313,0.0,-0.1904472171449073,Leong Hup International Bhd
0.25062168945383995,-0.8081543497408736,0.0709040671697598,-0.11162330580168865,0.0,-0.03560128368483384,-0.4592255713594284,0.08440329323537218,0.0,0.0,0.0,0.11901590483535854,0.0,0.11850772277706256,-0.28334407192626304,0.0,Pansar Bhd
-0.3183768456902485,0.0,-0.11225272750135618,-0.17444385844539034,0.0,0.0,-0.10952451098471197,-0.15402455810280732,0.603362855225507,-0.8106678353633014,0.3200654371833314,0.0,-0.12523700143247954,0.0,-0.17599013881512537,0.0,One Gasmaster Holdings Bhd
0.0,0.5404335511265534,-0.2581536881898609,0.0,-0.10991498473096016,-0.3785048374799657,0.00023363731284844772,0.0,-0.07107037489239836,0.0,-0.4748309927594936,-0.06401211326587919,-0.035146111649702744,-0.21228782017897335,0.0,0.0,DKLS Industries Bhd
-0.48558371699229136,0.48947864011902037,-0.027255401100063636,-1.1379877124893938,-0.9080045672934964,0.3456031080230121,0.0,0.0,0.999148045776975,-0.6710267466340026,-0.11497892000275382,0.0,0.44422071575576794,0.0,0.0,0.0,Jaya Tiasa Holdings Bhd
0.0,0.41824437364335404,-0.2922982190623742,-1.121911704316799,0.41696714619637953,0.24575534281657552,-0.09976207988182095,0.0,0.0,-0.23001044181236843,-0.10884986375420405,0.0,-0.19505463709927173,-0.09955134858085758,0.0,0.0,Zetrix AI Bhd
0.0,0.0,-0.14709876475439412,-0.03628730081971168,-0.6160728846414673,-0.06751242565488152,0.0,0.1960633603093167,-0.3050038453767998,0.4197598786243231,0.011281467333856737,0.0,0.0,-0.37749249562110887,0.0,-0.14442480270498764,Syarikat Takaful Malaysia Keluarga Bhd
-0.31843961606977245,0.40247285445652187,-0.2666202503878075,-0.2269442640994798,0.0,0.1967019551503948,0.0,-0.4870660927303928,-0.04877224276835204,-0.15423719833319352,0.0,0.0,-0.0888040286352043,0.0,0.0,-0.08035560988124431,Willowglen MSC Bhd
0.1947680951131437,-1.1313191649368142,0.24841385883026307,-0.22788255440048294,0.0,0.0,-0.30828570931062077,0.0,-0.6475477511888748,0.4493019376506829,0.0,0.3697061970102132,0.0,0.20148875067113692,-0.22375752636388618,0.0,Chin Hin Group Property Bhd
-0.31104468910788174,0.0,0.11810368108156033,-0.11629914343491342,-0.05201964013462798,0.0,-0.014770950705974568,-0.3680809951730245,0.0,0.0,0.0,-0.04097209970433002,-0.04423522687701368,-0.1923488898333836,0.0,-0.05809793635107972,Censof Holdings Bhd
-0.48196291013464276,0.614436911305756,0.0,-0.9696717709805858,0.02296456080916941,-0.027450569995549557,0.0,-0.4013978920495357,1.7772178768622962,-1.6554024831500638,0.0,0.0,0.0,0.32394388499577037,-0.2830545647215203,0.0,Dayang Enterprise Holdings Bhd
-0.6143471511604853,-0.6414972634502574,0.0,0.0,0.0,0.0,-0.2114828037624623,-0.4535652167773162,1.0294491822215326,0.0,-0.17347597086431688,0.19319902410916653,-0.11730777870606313,0.0,-0.4087390898609683,0.3147224457106966,PEOPLElogy Bhd
-0.7900704355539442,0.18992131252894473,-0.27405724594242364,0.06665355909613517,0.0,0.0,-0.18088798265100772,0.0,0.8171751244148165,-1.3026953175545326,0.0,0.15109845610424166,0.0,0.126543552126663,0.0,0.10915615077381209,MST Golf Group Bhd
0.0,0.1907562739964772,-0.36780851547679777,-0.12592510832183446,0.0,0.0,0.0,-0.38942578779381665,0.3154336702119072,-0.721545628655977,-0.0006629837694648485,0.0,0.0,0.0,0.12759868749978653,-0.11869813466495788,TSiC Bhd
0.5177740682448144,-0.49186920900214853,0.0,0.0,-0.1840872700500607,0.0,0.0,-0.2093481459074688,-0.5528122062813089,0.9853732098976289,0.3611298026425174,-0.06834959526047335,0.0,0.0,-1.1968624225587032,-0.2583761703053098,Crescendo Corp Bhd
0.0,-0.09995959313200785,0.0,-0.04267206032187048,-0.019846760607268754,-0.12353197189706433,0.0,-0.06924886786215136,-0.24451277933122803,0.0,0.0,-0.024171268853441466,-0.05388109957181047,-0.3717224198430258,-0.04853319197448719,0.0,Epicon Bhd
0.1544594033265214,0.0,-0.14710220672065957,-0.12172852466611721,0.0,0.0,-0.07896378644510377,-0.5993602069699252,-0.1255139501471341,0.28188605730550015,-0.25091230296176337,0.0,0.0,-0.057125465313204726,0.0,-0.1563351978709506,Rekatech Capital Bhd
0.0,0.0,-0.5358167792760921,-1.2401180043979596,-0.1846463370552805,0.0,0.24867375488207802,0.0,0.0,-0.5369190962290455,0.36487554981382014,0.0,0.46331616006174275,0.7115546321826275,-0.09644966751110262,-0.29668583453823916,Lianson Fleet Group Berhad
-0.41736128499925707,0.49027352012693337,-0.4088467717570462,0.0,-0.20608703322030014,0.16764244677419576,0.0,-0.5872206396331126,-0.07073502213886251,0.17199307559949442,0.0,0.0,-0.05211764518422645,0.0,-0.18995534714881954,0.0,Keck Seng (Malaysia) Bhd
0.0,-0.13252986834454425,0.0,-0.30195974001968345,0.0,0.0,-0.11184439469978605,-0.3480270344464156,-0.28535092443300225,0.5657671725515119,0.0,0.0,-0.08352135364870053,-0.13556653262657237,-0.14145401042103867,-0.1287963359578578,Sern Kou Resources Bhd
-0.2920015702323568,0.24550829176086997,0.0,0.0,0.0,0.0,-0.21732744170429524,-0.5195555123330533,0.746883809025624,-0.9571345140893138,0.2395909949511717,0.0,-0.10443342881515057,0.0,-0.12926538021762238,-0.11722101514293914,Croesus IT Holdings Bhd
-0.23640229813675237,0.394197722425259,0.08808152528975771,-0.33243187951180114,0.0,0.19888932845661725,0.0,-0.4857143071997534,0.1989181895918987,-0.4705631531517311,0.0,0.0,-0.03216317425763493,0.0,0.0,-0.4281282091945272,Malaysian Pacific Industries Bhd
0.0,0.05305256838234949,-0.31771608533105894,0.0,0.0,-0.12055145362780939,0.0,0.0,-0.14166237065364132,1.0183094665085526,-0.7845023685462882,0.0,-0.08983926784927881,0.0,-0.550973957778419,-0.17280393204148684,TMK Chemical Bhd
0.1649473332518575,-0.553197517333414,0.3357062095327734,-0.2129432083260319,-0.22215969772947158,-0.08602631592155417,0.0,0.0,-0.47363236754645976,-0.21566213681454874,0.26816303382211415,0.0,0.0,0.0,0.0,-0.11472039180081164,Resintech Bhd
-0.19635207973039914,0.0,-0.12020322098813487,-0.18492479365433523,0.0,0.0,0.0,-0.5272859045966409,-0.48947905460244256,0.5634705323152384,-0.11372552582225759,0.0,0.0,0.10521262182653994,-0.009904471193069305,-0.13784139835144218,Amtel Holdings Bhd
-0.9359189271504211,0.9285069397332585,0.0,0.0,0.0,-0.6901936540090761,-0.41277543639975733,0.39227848707719715,1.7269110559838474,-1.7195418317205229,-0.9282252685595058,0.0,0.0,0.9173970961487603,-0.38981722442184186,0.0,Techbond Group Bhd
-0.6012009278838008,0.0,0.5676327632052731,-0.10668364658425512,0.0,0.0,0.0,-0.09748745217846742,1.611134750061225,-1.5574153680726115,-0.7691767169607289,0.0,0.0,0.21824804544768275,-0.2574971353635215,-0.12277256778670878,Oasis Home Holding Bhd
0.0,0.0,-0.1501418435622971,-0.28157915236599396,-0.1300508896974555,0.12445303723013917,0.0,-0.33994263538223873,0.0,-0.27585930069861175,0.14974319028393523,0.0,-0.1382286534068065,0.10937309720903077,0.0,-0.18700317403921354,QES Group Bhd
-1.2267667166829128,0.0,-0.5647510862093725,0.0,0.8035424370649509,0.0,0.0,-0.36612657034627777,1.3481847761808181,-1.4276213206298523,-0.22706555666169342,-0.8563905512435851,0.0,0.4817670646803385,0.9139481906137539,0.0,Asia File Corporation Bhd
0.6939294936694949,-0.5703186241444332,0.0,-0.2577383094518733,0.0,-0.7504588243525803,-0.23802625058590557,0.24286760105209268,0.0,-0.7528054278429592,0.0,0.0,0.0,0.43155707850250324,-0.24109100931316985,0.31460128780477536,eDaran Bhd
-0.4386852481328495,0.6083641564001703,-0.32002388189252085,0.0,0.0,-0.20971010025485676,-0.17830433452889513,-0.5170927798834496,0.3320081002996324,0.0,0.0,0.0,-0.20754917039884493,-0.584160994568433,0.38554147513087655,0.0,AYER Holdings Bhd
-0.5099548922229385,0.0,0.0,-0.15309248136664527,-0.10240348560566229,0.1447046902105061,0.0,-0.16162526799728566,0.2846742810992678,-0.8564834632380733,0.08694955943179505,0.0,-0.09441008760673975,0.23111737207585878,0.0,0.0,White Horse Bhd
0.0,0.34966795183578725,0.0,-0.10120172340918247,0.04407145126326685,-0.10975202880800383,0.0,-0.11151778617775562,-0.6888708075201092,0.0,-0.21398243319768992,0.0,0.0,-0.2204860503594112,0.0,-0.07993102087440708,Insas Bhd
0.34171567050330043,-0.4371614840691885,0.13976473978670678,-0.5067301225655775,0.006311930208299185,0.0,-0.18173398511802674,-0.4897325578114655,-0.15787419101246872,0.5954870129720783,0.0,0.0,0.0,0.0,0.0,-0.4429230258149909,Master Tec Group Bhd
-0.16318532385258977,0.0,-1.0655669835059456,-0.07014938908252286,0.0,0.09436948262327391,0.0,-0.07457384061570971,-0.060858537453176126,0.33504413815323647,-0.37312514981342204,0.16245280191114994,0.0,0.0,0.08200296348854234,0.0,Techbase Industries Bhd
-0.5144091666160395,-0.8203977193569989,0.0,-0.0769535188184216,0.0,0.5868350450397322,-0.05111365560304438,0.0,0.0,0.0,0.20175588061598385,0.21790672894622737,-0.2613138924384445,0.0,-0.21547726464411907,-0.2086589219242601,Stratus Global Holdings Bhd
0.0,-0.5010776737215115,-0.09076008693993756,-0.10096063867599185,-0.0878933652759907,-0.24006078896304167,-0.47236735962844484,0.0,-0.27966205525064886,0.4809759013354343,0.0,0.0,-0.05754654875772824,0.0,0.20260588686155723,0.0,Tomei Consolidated Bhd
0.38818012051658346,-0.5276895068964056,0.14446209813845723,-0.2555134103884066,0.0,-0.21241830219670088,-0.6900989774016937,-0.1964416339480392,-0.15259037694016983,0.0,0.0,0.14479637369010967,0.0,0.2104607901422612,0.0,0.0,Chin Hin Group Bhd
0.7473757244540267,-0.6106745825976794,0.0,-0.18901519286522003,0.0,-0.6438701346170225,-0.13426583526941488,0.7449828058897581,-1.279879102953093,1.17709473472949,-0.420710462804242,0.0,0.0,-0.5384276978907441,0.0,0.0,Pan Malaysia Corporation Bhd
-0.4382238248657314,0.6892483346560063,0.4091381990661731,-0.3804969165471861,0.0,0.4987448956783932,-1.074385220837214,-0.12576750621955818,1.3152982535317845,-2.505209209250427,0.0,0.0,0.0,0.46224384549862907,0.0,0.0,Parlo Bhd
0.9802653381694381,-1.1898142146490676,0.2328446907635241,0.0,0.0,-0.12621499327918909,-0.24592214422371528,0.0,-0.1563463505359859,0.19915800445125076,0.3574813509367383,0.0,-0.17122632139770896,0.0,-1.02994373842151,0.0,Rimbunan Sawit Bhd
-0.06441809312901885,-0.031249972995133678,0.0,-0.20402098247644784,-0.06821329511428405,-0.07362777719395149,-0.10328786612344079,-0.029408649412605792,0.0,-0.30610427324585465,0.0,0.0,-0.07072852151734058,-0.19901228331237647,0.0,0.0,Fibromat (M) Bhd
0.10275596787930463,-0.01576640064134317,0.0,-0.050888535434163856,0.0,0.0,0.0,-0.08929004597553314,-0.26600958514958917,0.5173366996868565,-0.5480543754002171,0.0,-0.060127079906932016,0.0,-0.7083658113258443,-0.03384217090313911,Shin Yang Group Bhd
0.8221243365594911,-0.754292415607478,-0.22267321640751395,0.0,0.0,-0.1812366177944832,-0.805340705067354,0.7855647791644821,-0.08017455997932124,0.33255845803085365,0.0,0.0,-0.1603765602325945,0.0,-0.8914720908568241,0.0,Hengyuan Refining Company Bhd
0.0,-0.3697565964404183,0.0,-0.12608439298101695,-0.23954350069177857,0.0,-0.46387870036141376,0.0,-0.3727245827388582,0.7788430289861544,0.24051335366985355,0.0,-0.05671348596890935,-0.2758524026970427,-0.2765776880893827,0.0,Zantat Holdings Bhd
-0.17980604269167266,2.5571911582001063,0.0,-0.5645552423266226,0.0,-0.4341281809261651,0.0,-0.5723654455563996,-1.4873303010610979,0.0,1.0562432336343086,0.0,-1.4329277487607122,-0.49091068752464095,0.0,0.38228123725562546,AuMas Resources Bhd
-0.6643342754623588,0.428608558570627,-0.7266407761549101,-0.6832625803208897,-0.30834994522474124,0.47751588010567797,0.0,0.0,1.421114194907832,-1.5083861128979987,0.0,0.0,0.0,0.6055584855989082,-0.20815624441164382,0.0,PMCK Bhd
0.16229865817739353,0.0,-0.7095425230874218,0.0,-0.6109608106104998,0.2446964823608312,-0.2962177722546827,0.0,0.09955639788414664,-1.5783371114368354,0.0,0.11349208962691461,1.131662007002826,0.0,0.26987555432505184,0.0,AME Elite Consortium Bhd
0.0,-0.09822543725930369,0.0,-0.2631728923473927,0.0,0.0,0.0,-0.05386960839747239,-0.2963488167490626,0.28967676510317575,0.0,0.11978737453713673,-0.18043639339039427,-0.13605756249191436,-0.5396610402738352,-0.01673296578496074,Carimin Petroleum Bhd
0.5018036472095452,-0.3683853469655525,0.0,-0.2947692181364693,-0.23250309313976014,-0.14728063942971548,0.0,0.35910714615821177,-0.39493292026948623,-0.4127167512633317,0.0,0.0,0.0,0.0,-0.10450572485418474,-0.09006015667944256,Dagang NeXchange Bhd
0.4602490117857873,-0.47965837597359157,0.0,-0.06896016769511326,-0.24043097470904667,-0.18428072513091767,-0.8633748211213481,0.0,0.0,0.6171528519111268,-0.04829170881864579,0.0,-0.2835749008530985,0.0,0.0,-0.09359800605794075,OGX Group Bhd
0.2697965935745499,-0.31831413237574135,0.0,-0.36122239955258467,0.0,-0.6619179449599965,-0.9687367744882139,0.0,-0.699001881020003,1.2368202976251075,-0.2093343654563905,0.0,0.0,0.1906571252190458,0.3353562759622348,0.0,TP TEC Holding Bhd
0.0,-0.45759332217195575,0.33299582334203814,-0.30525211875624636,0.0,0.0,-0.9158209650668143,-0.24597663461075436,-0.28013446812774184,0.2693722936440075,0.0,0.25090144076414367,0.0,0.23433116087211817,-0.0688932688306357,0.0,Lb Aluminium Bhd
1.0138867920480203,-1.2264065916463873,0.0,0.0,0.0,-0.23151793130442763,-0.5916996804791018,0.7082834967537692,-1.233257005771083,1.00645472277196,0.0,0.0,-0.5205443405604284,0.0,-0.5220343231261801,0.40680967656330247,7-Eleven Malaysia Holdings Bhd
0.347899633153191,0.5288230212573012,-0.4118304443084441,0.32937297608277794,-0.3555345661305972,0.0,0.0,0.0,0.44998128342244526,-0.6613683226823993,-0.8685305021152662,0.0,-0.20043824632342142,0.0,-0.34949149736127055,0.0,L&P Global Bhd
0.3420021016475513,-0.3576975800304656,0.0,0.0,-0.1336148807711921,0.0,-0.29422983921936624,-0.2509452484692797,0.5286118141001649,-1.0839868418697687,0.0,0.0,0.0,0.28233030214781224,-0.42141253954544694,0.19712008959158747,Signature Alliance Group Bhd
0.14591230171620015,-0.5517118845700912,-0.14099570999423514,-0.4524068212284344,0.0,0.16382478985504112,0.0,-0.0095848762873732,0.0,0.0,0.0,-0.029134090064827964,-0.16728346148065495,0.0,-0.1186375405999302,-0.03306322618743728,ACO Group Bhd
0.46205886527773915,-0.731969537866323,0.5270472223421914,-0.20371121890038513,0.0,-0.2947149037782674,0.0,0.0,-0.9885219996870624,0.6568054656517751,0.0,0.0,-0.18036447808045758,0.14116223793915084,-0.5819076236291423,0.0,TSR Capital Bhd
0.22497495228729827,-0.5806666631559685,-0.09093614472994142,0.0,-0.10669592828197934,0.0,-0.22285155072920979,0.0,0.35503367415662157,0.0,0.0,0.0,-0.11515607504507464,-0.2154230417992561,-0.40966862365476164,-0.03791360438544353,Enproserve Group Bhd
0.40096091360734754,-0.5221467728844746,0.38065267395278957,-0.35799918597839625,0.0,0.0,0.0,0.14016141779866192,-0.7905542820887099,0.7162130420847961,0.0,0.0,-0.23301110888495413,0.19466318502723845,-1.1307779927236004,0.0,Melati Ehsan Holdings Bhd
-0.17518976707888856,0.0,0.0,0.0,0.0,0.22372522158354236,-0.10776930267438031,-0.5245059648038628,0.4085429075998915,-0.4866424637724719,0.0,-0.08195704842244857,-0.12685190674305732,-0.013923220288015,0.0,-0.32168017022593914,PIE Industrial Bhd
0.517186449147014,-0.5000578537512472,0.0,-0.2359467231167408,-0.1177161978737582,-0.4151428964642377,-0.831718211753447,-0.14648040863493736,-0.12669098616610883,0.3261495030339113,0.32093885370436104,0.0,0.0,0.0,0.0,0.0,Hextar Global Bhd
0.0,-0.09624500994814511,0.0,0.4656186228934156,-0.0553041753531146,-0.056147720320810154,0.0,-0.32502767148836414,-0.4946761191683586,0.7790785481794792,0.0,-0.6202082150202947,-0.5094611485833959,0.0,0.0,-0.29988077532634444,VS Industry Bhd
0.0,-0.3998137114261508,0.0,-0.36419048485988914,0.0,-0.08310432831637078,-0.6783859366910243,-0.09900623787992677,-0.14841573322262563,0.5573726030815789,0.0,0.0,-0.24357697472490822,0.28250705672364274,0.0,-0.0399004568288036,Solid Automotive Bhd
-0.3965380210786038,0.0,-0.5454821296062567,0.0,-0.05909684534165407,-0.08525169310577849,0.0,0.0,0.7804705133560021,-0.43106571069485405,-0.17755661912055995,0.0,-0.1617985477635207,0.11666976427603637,0.0,-0.25752485769224126,Adventa Bhd
0.0,-0.45168047464050365,0.5923039072856376,0.0,-0.20391037438798476,0.0,-0.4386567860824498,0.45620321937364694,-0.8399537253135823,0.9947839385180619,-0.42795506105394343,0.0,0.0,0.0,-0.1649932910787986,-0.7355947810077258,Joe Holding Bhd
0.10363103945278362,0.0,0.15822725573086527,-0.07709501872089328,0.0,0.0,-0.16016084226881283,0.0,-0.2262724587385938,0.37503679322153766,0.03902640490006076,-1.1895494811146097,-0.5188839969497877,0.26434312838862617,0.0,0.0,Globetronics Technology Bhd
-0.4041832333308,-0.03433583250335774,0.0,-0.17402846048654286,0.12548651380134462,0.13586560246862378,-0.12682862847550908,-0.7898879356206369,0.14207201641223247,0.0,0.0,0.0,0.0,0.0,-0.015027853630862979,-0.09121536441288003,SHH Resources Holdings Bhd
0.0,1.7310836446291087,0.0,-0.18773164474921225,0.0,-0.8237136658306552,-0.32237652648193904,-0.11938287447628351,-0.4008228816229101,-1.0350115160848006,-0.4134161494301184,0.0,-0.20516764376874697,0.0,0.0,0.543955403021055,MTAG Group Bhd
0.0,-0.12173573309390591,0.11256932534145747,-0.196022228964038,0.0,0.0,0.0,-0.04052868686089383,-0.36830516686483444,0.5681295771890854,-0.15819988937704174,0.0,-0.09520124082863057,-0.7942450492685558,-0.14011645358020589,0.0,Fbg Holdings Bhd
0.0,-0.740509511285212,0.0,-0.3094223196819721,0.0,0.0,-0.36146101745676407,-0.05889060802287615,0.093247076547732,-0.05054370185061176,0.11200463564855162,-0.07241751120146828,0.0,0.09656933535466505,0.05718991058607095,0.0,Bentley Music Group Bhd
0.615590206849555,-0.3884769578116021,-0.19359258659948958,-0.2863483891244337,0.0,0.0,-0.26492881668270246,0.3407954551735173,0.0,-0.20028173637981922,-0.3579795490387274,0.0,0.0,-0.26193799765595366,-0.23762051073126714,0.0,Protasco Bhd
0.26949907333479345,-0.2310234980950234,0.0,-0.3416424849781147,-0.13318678123381855,0.0,0.36637087339429103,-2.1699672887043735,0.4306149508296508,0.0,0.0,0.15710104223413335,0.0,0.0,-0.3566364454833096,0.7722326343882262,Tanco Holdings Bhd
0.0,-0.46898859036293394,0.0,0.256975175817618,0.6046012500898739,0.41861130833958105,-0.10229244047060886,0.0,-0.9588036020319606,1.1150473336845563,-0.41583135384616976,0.0,0.0,-1.0911900574505466,0.0,-0.600864503243477,JHM Consolidation Bhd
0.5758732686292225,-0.8455548472443751,-0.24835984718851004,-0.13171893287720654,0.0,0.0,0.0,0.0,0.0,-0.6034959185117776,0.35673507700274953,0.1517751490164969,0.0,-0.3037313826879527,-0.6575896230086297,0.46325480661344476,XOX Bhd
0.08901044714308282,0.0,-0.5963666572844988,-0.5576432704665165,-0.34594711200105144,0.0,0.08125283945707842,0.0,0.0,-0.49387791728196756,0.3000231794119446,0.04346223874010577,0.15344001383774222,0.0,0.0,0.07842927741788906,Tsh Resources Bhd
-0.2648055160046846,0.0,0.21788607659885662,0.0,0.0,-0.3080622661409674,0.0,0.1333383298503868,-0.5002107843410493,0.38335743110833115,0.0,0.0,-0.11830086628120574,-0.22045248239645998,0.17351991433672034,-0.7453586944998937,Nextgreen Global Bhd
0.09239804148430049,-0.18839803408271646,0.0,-0.2822690652705838,0.0,0.1687931288714961,0.21034466637810426,-1.4361723039842837,0.0,0.32407455366633114,0.0,0.0,-0.13362111165399887,0.14379899134121873,0.0,-0.15052538397417933,Hup Seng Industries Bhd
-1.0649978508400453,0.0,-0.6111044663104791,0.0,0.0,0.0,-0.09412357292854939,-0.2846898573395419,0.909129518973115,1.5360031206874378,-1.586966437168034,0.0,-0.3956353182736181,-0.31881931631605015,0.0,0.6575267177724103,Coastal Contracts Bhd
0.0,-0.39514071551384117,-0.12055907746713679,0.0,0.0,0.0,-0.2652930251841842,-0.5006622385297884,0.0,0.2352822690338904,0.16321826255566976,0.0,-0.15151477064546098,0.2116655178624037,-0.5952301238249557,0.16403001174739257,SL Innovation Capital Bhd
0.3278083665455802,0.0,0.3280349476163357,-3.704858172078533,3.0650390063229915,0.0,-0.8540888523475417,0.0,-0.49055148586444036,0.6779046047597744,0.0,-0.1662848460080227,-0.18540297091637425,0.0,-0.2526451519056927,0.0,Carlsberg Brewery Malaysia Bhd
0.16849443909518055,-0.7124433827767771,-0.1636914523822739,-0.16524722204631864,-0.1596151372356049,0.0,-1.0165991544801638,0.1440953945391168,0.0,0.7415732711903634,0.0,0.0,-0.3140236347362821,0.22102949719804765,0.0,0.0,Senheng New Retail Bhd
0.0,-0.18162435053235118,-0.020411973751547352,-0.13192032825758,-0.04481497777536982,0.0,0.0,-0.12587538633207734,0.0,-0.17566480556766875,-0.08066181482116197,-0.10420448073750793,0.0,0.0,-0.3402344237119235,-0.05510848715069802,TSA Group Bhd
-0.5938817627216647,0.7855239904703344,-0.7788296440930689,0.0,0.0,-0.4303815621416309,0.0,-0.8511479066873783,0.31941325082042143,0.0,0.0,-0.9891112895075952,0.41580287964509227,-0.18029856974351535,1.042172624414137,0.0,Lysaght Galvanized Steel Bhd
-0.6097347093349935,0.36935187865358465,0.11139114985238009,0.0,0.0,-1.0200088255389133,0.5999715692647477,-1.7648481224664259,0.2117182411602112,0.772161292384645,0.41523078279445846,0.0,0.0,0.0,0.0,-0.3462926345591917,Hong Leong Industries Bhd
-0.9026001247702842,0.46030825115071233,-0.28504648511221486,-0.25553975003744867,-0.23883191567798165,0.0,0.4078072789584293,0.0,1.4617392672133824,-1.6531538562674313,0.0,0.10778208202647768,-0.36715953176727867,0.0,0.0,0.0,Swift Energy Technology Bhd
0.5928528107323323,-0.9488231812137551,0.0,0.0,-0.241784404512324,-0.13263790861756983,-0.37466915103613785,0.04254523402503851,-0.5285235337762132,0.31360333859420647,-0.1315916560009199,0.0,0.0,0.0,0.1438463399460208,0.0,ASTEEL Group Bhd
-0.0879138122630515,0.0,-0.6112670543935436,-0.23994622308388255,-0.14979449709407747,-0.01771759734487932,-0.2019031435098427,0.0,0.0,1.0302272271013397,-0.49977137969551555,0.0,0.0,-0.233039478326916,0.0,-0.2557181691638694,TMC Life Sciences Bhd
0.25961953657770126,-0.1804739941053457,-0.5349221256016259,-0.23641550147776222,-0.1346079790562528,-0.2210270930389992,0.0,0.0,0.0,-0.9593666308376254,0.0,0.16714527674511537,0.0,0.0,0.26252871164787994,0.3095162418225056,KPJ Healthcare Bhd
0.0,-0.11806591944177382,0.0,-0.07677479041310499,-0.041623100492657564,0.0,-0.05088835059521135,-0.06016872966640559,0.0,0.0,0.0,-0.0834875058026811,-0.03377958878062008,-0.14213287210124198,-0.5950599178569541,-0.0670236633688272,Agricore CS Holdings Bhd
-0.4699235471752836,-0.19412185620735484,0.0,-0.3195568363493729,0.0,-0.12200465359506005,0.08552779673660701,-0.5571868388272397,0.0,0.18720027715025203,0.035609539139027646,0.0,0.0,0.032582392279750585,0.0,0.040948836211275916,Able Global Bhd
-0.6085823695096658,0.0,-1.1130987687027052,-0.11280367332471003,0.0,0.0,0.0,-0.30704520908493266,1.9364103878038585,-1.519698258237093,-0.35552683067508173,0.0,0.3793501359687865,0.0,0.11042301793467238,0.3063002340132037,Harn Len Corporation Bhd
-0.4499654573247578,-0.07681136418013851,-1.00497969018301,0.0,0.0,0.2088315554598363,0.0,0.07731248976167057,0.0,0.0,-0.23794898463882208,0.07249273338015327,0.0,0.28961484579306307,0.13048153200957624,-0.29368284780359194,XiDeLang Holdings Ltd
0.3033314872446388,-0.30835085456075784,-0.31013508761626785,-0.2627682392151125,0.0,-0.01852031618855099,0.0,0.0,-0.23996404083361442,-0.7670683521691276,0.2840381810995976,0.0,0.0,0.0,0.11503581238045875,-0.08129423654648381,Komarkcorp Bhd
0.0,-0.2715708321785223,-0.2459632801889058,-0.1795461326379768,-0.07120662826037033,0.0,-0.21167422083336812,0.0,0.38014556435038555,-0.6253701284138745,0.0,-0.07092759175739546,-0.09528041136151669,0.10243597187705711,0.0,0.0,Teamstar Bhd
0.5440585977548901,-0.3107496803575768,0.0,-0.2055424908188122,-0.11862156820634222,0.09025070909336996,-0.22527691502734623,0.0,0.0,0.3602254933790515,-0.3698265992324261,0.0,-0.06997672676023088,0.0,-0.9864420250066521,0.0,JS Solar Holding Bhd
-1.2078726184960868,1.103590617058944,0.0,0.0,-0.545503084974176,0.0,-0.936265213412846,-0.26553475997202436,1.7103089263182882,-2.3007648583444866,0.46802460112255917,0.0626356817340834,0.0,0.0,0.0,0.6181677247614528,Wellspire Holdings Bhd
-0.0522014441572904,-0.24831931254489037,0.0,-0.12742248746384938,-0.1876351108112193,-0.10624655259766237,0.0,0.0,-0.02534445951973454,-0.8245633829701071,0.16147682519787462,0.19513257936123862,-0.07818524454887149,0.0,0.0,0.0,Asia Brands Bhd
0.3509746277073307,-0.2507858907745656,0.0,-0.333198417350712,-0.11335800291232608,-0.15194367763026242,-0.2227850580260309,-0.18575025707482373,0.0,-0.7790549001163758,0.0,0.0,0.0,0.2438200720135963,0.0,0.1485321113447653,Signature International Bhd
0.0,-0.12628603393013668,0.0,-0.06020401692308826,0.0,-0.1695503482288782,-0.2746264934008288,-0.38393724455733375,-0.4132238664915066,0.6836728534185549,0.0,-0.14394677331730488,-0.3560004271383966,0.0,0.0,-0.04946778466686741,SAM Engineering & Equipment (M) Bhd
0.5588614787365861,-0.2685746184368147,-0.26603533622855036,0.0,0.0,0.0,0.05396163086718268,-0.22791416321847424,0.0,-0.24662582942722577,-0.6038162581868358,-0.25802202493153925,0.0,-0.03827867354402611,0.0,0.0,DS Sigma Holdings Bhd
0.0,-0.30889827419510507,0.0,-0.14581640501391674,0.0,0.0,0.1819144836019384,0.0,-1.2078462373139962,0.647055669785054,-0.29441006323203867,0.24029509066650379,-0.11577006381631816,-0.17351738782614295,-0.12067798587089053,0.0,MUI Properties Bhd
-1.1715380612577653,0.0,-1.5451344041956332,0.9963920451539872,0.0,1.310578084815138,1.055994351064785,-4.4895493013257095,4.335868523703314,0.0,0.0,0.9202779886977319,-1.5065636845618944,-1.2052107427136514,0.0,0.0,Scgm Bhd
-0.14154838391071425,-0.30427185010589475,-0.11389986526272158,-0.10575766586229829,0.0,0.0,-0.3573544862034599,0.0,0.41786259811929816,-0.656256829334233,0.0,0.0,-0.06011946598616949,0.14319941696673613,-0.12197558462861934,0.0,Mycron Steel Bhd
0.12295894984710493,0.3903553063640325,0.0,-0.29710304027604467,-0.24263153507275637,0.09962108304363615,-0.5281242442961201,0.0,0.0,0.2817158839754957,0.0,0.0,-0.18802982143916394,-0.8587016117643971,0.0,-0.08053666134267093,Oasis Harvest Corporation Bhd
-0.450111366596691,-0.512834176102694,0.4092532923962394,0.0,-0.021296397300394128,-0.14784397210945704,0.0,0.0,0.677712081606898,-0.971684407602012,0.1507288649406311,0.0,0.0,0.0,-0.7484980488714572,0.31401236957099704,Mulpha International Bhd
0.7460550252374747,-0.4830541436798997,0.0,0.0,-0.12161419128509054,-0.48427097178411493,-0.3296175561693248,0.0,-0.5596043713029087,0.6870745723611411,0.0,0.0,-0.09701046254170137,0.0,-0.4698397276644891,-0.18948936431507626,Perusahaan Sadur Timah Malaysia (PERSTIMA) Bhd
0.3286269439054576,-0.5184999097724923,-0.15370665286180493,-0.28722376997783494,0.0,-0.2777324666446239,-1.075119457810698,0.2914470692072183,0.0,0.6641669016231947,-0.15102704040086673,0.0,-0.12677077258390268,0.0,0.0,0.0,Metrod Holdings Bhd
0.0,0.11341709407826106,-0.4520546446901235,-0.2679533745976134,0.0,-0.41064107585082305,0.0,-0.10575214563224349,-0.07551060150911512,-0.12310967566115608,0.0,0.0,-0.12487993661416247,0.0,0.2669107886396471,-0.12680440946779326,Tek Seng Holdings Bhd
-0.2571539081359252,0.0,-0.19179785001840854,-0.2469272967601546,0.0,0.0,-0.38742397517003524,0.0,1.147518158810134,-1.245731628019717,0.0,-0.10915486954458213,0.43039639605739355,0.0,-0.16588669311892174,-0.28037557901574517,Semico Capital Bhd
0.0,0.10927934537268741,0.0,0.0,0.0,-0.12850608844489222,-0.16808386969768918,-0.5998387148933697,-0.39867839812137906,0.16932898358618398,-0.20573465474628355,0.0,0.0,-0.25718596405963007,0.2332572797066254,-0.06105441815007541,KJTS Group Berhad
-0.2136193807890978,0.34135129271714487,0.0,-0.2886520243383667,-0.2064393790111803,0.0,0.0,-0.9455192571474291,0.0,0.4959579511296411,-0.019305774343529827,-0.23501777442204713,-0.03970244720193472,0.0,0.0,-0.19702096298377147,United U-LI Corporation Bhd
0.49777661065118906,-0.48139679322324647,0.13080805713712995,-0.07321449625489435,0.0,-0.06774086175737382,-0.24120919638064864,0.0,0.0,-0.04272837813421961,0.0,0.0,-0.06449836990787043,0.0,-0.939865618341459,-0.028024211811868205,Farmiera Bhd
0.48758946434467837,-1.2203588536298258,0.0,-0.4817523990717258,0.0,-0.19314892192004288,0.0,0.0,-1.3414416646036758,1.3706866446554438,0.0,0.38798957740545137,-0.1473962923158184,0.420262479700872,-0.5930759468549761,0.0,Tomypak Holdings Bhd
-0.21262282033312715,-0.15540867683454973,0.22258524350230538,0.14326331048169935,0.5085719908182187,0.0,0.0,-0.21955361146879293,0.0,0.33150471461805725,0.0,-0.060541338601296874,0.6823305577969261,0.0,-2.5528454707913983,0.0,Econpile Holdings Bhd
-0.10509381138324103,-0.16733947881415515,-0.2616532668119795,-1.2578885680521512,1.1373807573030976,0.0,0.0,-0.5640843847847581,-0.17285032778017387,0.0,0.0,-0.05192156811613454,-0.2499909207303046,0.0,0.0,0.3787442099655081,Wellcall Holdings Bhd
-0.00951077106383151,0.0,-0.24872225306871087,-0.19218888009285426,-0.12907997046885217,-0.19066554792921458,0.0,-0.1071760820838729,-0.6375969338963235,0.5770118507911988,-0.20972681124963144,0.0,0.0,0.0,0.0,-0.1680187610607784,Managepay Systems Bhd
-0.09703599126728643,-0.39456224521756333,0.08324125769591012,-0.17614225200973463,-0.12085706681072386,0.0,-0.1329896966205787,0.0,0.17259199411376014,-0.43278170000678673,0.0,0.0,0.0,0.0,-0.4613475285936798,0.24335457640631208,Country View Bhd
-0.15121378972114635,-0.7033549254561808,0.21098582152180936,-0.13946822190069696,0.0,-0.2933469310073419,0.19945773693740199,0.0,-0.011443291799910044,-0.4826689327698467,0.21822910881413377,0.0,0.0,0.0,-0.16558563426196737,0.0,I-Bhd
-0.7807468691349746,0.0,0.0,-0.13910518344162712,0.0,0.0,-0.565425560598413,-0.07604222156655491,2.1744487204801457,-1.716987016117663,0.0,-0.4729399325822169,-0.03951079163923632,-0.09154334024807712,0.38752052778299717,0.0,Vanzo Holdings Bhd
-0.20217340605548628,-0.2361730245690221,-0.06716399536689487,-0.20775514686142774,0.0,0.0,-0.41467249494887953,-0.1051564244524628,0.5457696974981718,-0.8718664842246961,0.0,0.0,-0.08983096014842396,0.32739452866750524,0.0,0.0,Supreme Consolidated Resources Bhd
-0.5733070505486915,1.3665741913061797,0.0,-0.34585365461018086,-0.5243351200975,0.0,-0.4686664489690915,0.0,1.071518777951238,-1.3540905016404507,-0.8087318220178786,0.0,0.0,0.0,0.8261021034549677,-0.5121430501736316,Negri Sembilan Oil Palms Bhd
-0.5013886308564083,-0.23199029034813223,-0.14732030425934467,0.0,0.0,0.0,-0.45185389714530594,-0.8355127244973579,0.0,0.3243650180650109,0.0,0.11097396510660527,0.0,0.058116292579787565,-0.14453440148418498,0.49122944919106826,Scicom (MSC) Bhd
-0.6652307554070822,-0.26766975781859464,0.2466163900224019,-0.3733815969484224,0.19491524801861718,-0.16358855050424884,0.2036566936854931,-0.9831927149812335,0.0,0.6296055606598776,0.0,0.0,0.0,0.0,0.0,-0.15329289096100734,Astino Bhd
0.14833574112821046,0.0,0.0,-0.849059733012082,-0.020750032834707492,-0.14361026919512107,0.0,-0.2970354930016549,-0.07393837529850977,0.4830746051210087,-0.19589140924668233,0.0,0.0,-0.17803208483340555,-0.21412817004611853,0.0,VSTECS Bhd
0.0,0.0,-0.18873556925041954,-0.13467269956614278,-0.22337939124532585,0.0,-0.19104381833577494,-0.3532239715393203,-0.3261558396705148,0.4742906030328977,-0.020988610046596513,0.0,-0.06516955930048529,-0.3125605179768237,0.0,0.0,Cropmate Bhd
-0.1348508665543674,0.0,-0.13536149572096096,-0.9175724456185262,-0.1965916370961242,0.0,-0.018777198911603628,-0.22659268562027138,-0.42034581785626385,0.4535569936564365,-0.08324965156361469,0.0,0.0,0.33705800424750776,0.0,0.0,Sarawak Oil Palms Bhd
0.0,-0.13502338471615874,0.0,-0.30328376767483994,-0.14589195267624852,-0.03606109106047788,0.0,-0.21770992607160225,-0.9317202971461382,0.8994741163391365,-0.15280462032471975,0.0,0.0,-0.24241811423123052,0.0,-0.08416089427384872,KSL Holdings Bhd
-0.09197910046370933,-0.3736649350265435,-0.17517945433021062,0.0,0.0,0.0,-0.6515803574112904,0.13836217602459508,0.2786620456368128,0.13638104777296367,0.0,0.0,-0.1416063206270576,0.05039386512460564,-0.5220165096965719,0.0,Ho Wah Genting Bhd
0.0,-0.061176013856493405,0.16756294407041253,-0.09143262902742956,-0.07822267779725964,0.0,0.0,0.0,-0.13992956897309028,0.628490546064809,0.08197778345532857,0.0,-0.22116380587833442,0.0,-1.5193059575866297,-0.12038786462433557,Exsim Hospitality Bhd
0.3898021982829248,-0.3335489790651892,0.0,-0.16348901078631128,-0.06394731995289825,0.0,-0.4971013403332829,-0.027575747115342025,0.0,-0.10303079599889813,0.0,0.0,0.0,-0.1039332597489279,-0.39190412953397746,-0.06169103420226785,SRKK AI Berhad
-0.18251028695718735,0.0,-0.2627732903861334,-0.17093293278156715,-0.09914937909767184,-0.128607360427927,0.0,-0.16759510479497186,0.0,-0.6323123935556089,0.11153955264496357,0.0,0.0,0.09324539479927907,0.0,0.0736868095776305,Unimech Group Bhd
0.27945022568945976,-0.5612898775728361,0.0,-0.2757463899644391,0.0,0.0,-0.9439457109654336,0.1634137561403511,-0.23282384389713962,0.13641094950616817,0.0,0.1670759886150115,0.0,0.1576560676098628,0.0,-0.2582141638611464,Harrisons Holdings (Malaysia) Bhd
1.0330212738755653,-0.6515340593224495,0.0,0.0,0.2279503170866093,-1.0329159191833386,-0.95740874575018,0.0,-0.20071754432028596,0.29290984085675087,-0.40387367393253737,0.0,0.1822829427084209,0.0,0.13504896317168397,0.0,Mynews Holdings Bhd
-0.14477803542232084,0.0,-0.030839723645948985,-0.24370955871695646,-0.194330035880436,-0.172573662567262,0.0,0.0,-0.016477581437858824,0.0,-0.25008756938542376,-0.06449795696264218,-0.02332175004478951,-0.23683850036892498,0.0,0.0,TIME dotCom Bhd
-0.9024733811762962,-0.7886351838170872,1.437680509536158,-0.9178463720110394,0.0,0.0,-1.6449106835973317,-2.3518932801598487,0.45328074473340085,1.226601490133413,0.0,0.0,0.0,0.0,0.8534548451414021,1.2532810278186006,Sungei Bagan Rubber Company Malaya Bhd
-0.4137739103902902,0.4075281924062733,-0.3219159842813299,0.16995658418971082,-0.4036398432094946,0.0,0.0,0.0,0.8184417906604576,-0.573846243751982,-0.6977479899299355,-0.29592139096178727,-0.0706521143509536,0.0,0.0,0.0,Magni-Tech Industries Bhd
0.2538999654691685,-0.34635058857503986,-0.24754236071606392,-0.05726643335787366,0.0,-0.04774361795937532,0.0,0.0,0.0,-0.24676298014381154,-0.5461841499592937,0.0,0.0,-0.19514152040066743,-0.18846968017441929,0.23817513713676552,CAM Resources Bhd
0.0,-0.3854133761566067,-0.11062126909323579,-0.22298203222688093,-0.06598376737492244,-0.0570477887795368,-0.2298359576174414,-0.014725384408335263,-0.060686429499213004,0.0,0.0,0.0,-0.026508065153553417,0.0,-0.2116678441008651,0.0,Khind Holdings Bhd
-1.318464906727622,0.2104542931018081,-0.5395798506915931,-0.32849596543186765,0.2578148558354173,-0.23399224494502588,0.3370755742085868,0.0,1.4191384131149403,-1.3928675610258232,0.0,0.20031170434687717,0.0,0.0,0.0,0.0,Kamdar Group M Bhd
0.0,-0.5358303222238557,-0.29641982982211545,-0.21492152440171672,0.0,-0.05154751518698479,-0.3146322005193411,0.0,-0.28376384890127776,0.06882759059920907,0.0,0.0,0.3102950450098467,0.0,-0.06477433752599471,-0.007059448367071254,BIMOffice Group Bhd
-1.141841417482334,-0.46028573643971155,0.0,0.0,0.0,-0.4491314397592046,-0.24472046857761276,-0.5432896355183874,2.0534396926684733,-0.48467035757180277,-0.2699210552581081,0.0,0.0,-0.15310392197466122,0.0,0.2986942578544427,DPS Resources Bhd
-0.31838847097964285,0.0,-0.22428599248564934,0.0,-0.8364329983211108,-0.0275438092187537,0.04659428078144412,0.03841746380513499,-0.21681812268087944,0.5895280487999769,0.0,0.0,0.0,-0.6127163064783192,0.16582114240688117,0.0,Malayan Banking Bhd
0.0,-0.17188360725704263,-0.059628416580263854,-1.4844083034576152,-0.15554627976625313,-0.21862439624754368,0.23860849473037385,0.0,-0.30328533795781876,0.5905268296970105,0.0,0.0,0.0,0.2923705569353327,-0.12644339443291816,0.0,Amway (Malaysia) Holdings Bhd
0.19996670822156493,-0.3054955143087499,0.0,-0.1714932069393279,-0.00611236790554597,-0.10490891467685097,-0.09375289596915379,0.0,0.27284132847624104,-0.855926646798379,0.12391690030278468,0.0,0.0,0.0,-0.45778102078607447,0.0,Kia Lim Bhd
0.0,-0.24703185470324454,0.21412227173144216,-0.5695969633376038,-0.05604630514281261,0.0,-0.26075223167220246,-0.3849836210317714,-0.606270722564298,0.9896137982514025,0.0,0.0,-0.10198780914745946,0.0,-0.3833815058162601,0.0,Mestron Holdings Bhd
0.14417129397903936,-0.4646968544639945,-0.11976344460098554,-0.13727939865283326,0.0,-0.12458768787868708,-0.43048535205032007,0.0,0.0,-0.07898511130632928,0.0,0.0,-0.09343091128057017,0.1329488577906679,-0.23689831914543058,0.0,Samchem Holdings Bhd
0.0,-0.5202600560752271,0.0,-0.11403345833790812,0.0,-0.17847418263835507,-0.1870869955990516,-0.18094228898411824,0.5830965905652181,-0.30091572949840595,0.0,0.0,-0.27922576045962166,0.0,-0.19386434726257465,-0.03817903336480964,Ambest Group Bhd
0.41162147943850275,-0.22540577136323287,-0.2721007052197322,0.0,-0.22466820407125404,-0.3563878446614302,-0.07532591104028641,0.0,1.2618058664446772,-2.2634546480543123,0.0,0.0,0.0,-1.4063898149553387,0.0,1.7401020030244525,Vantris Energy Bhd
0.0,0.0,0.0,-1.0778810103619831,-0.0963834279250897,-0.19731650536316547,0.0,-0.24475988475842797,-0.22594745372139732,0.42412147513789367,0.0,0.0,-0.01659290475237634,0.13467495838706456,-0.0450699550671627,-0.06537714441673277,MCE Holdings Bhd
0.38826651942160223,-0.502611020369113,-0.06091547573654177,-0.2654040079860793,0.0,-0.18409832142943772,-1.0219642923355412,0.0,-0.28457286021961,0.7087656370107304,-0.12562603490187219,0.0,-0.06657126272923017,0.0,0.0,0.0,Dominant Enterprise Bhd
-0.08977314512292764,0.0,0.0,0.0,-0.05492614909074711,0.0,0.0,-0.07932379606879547,-0.09316499595555201,0.3146717854941732,0.22226700065835214,-1.1802079230981204,-0.7027126953577528,0.1637959318331611,0.0,0.08380220352320364,Hextar Capital Bhd
-1.0500744913385298,0.0,-0.3779689914227643,0.4952865985969908,-0.3716136001909936,0.7089128598277668,0.0,-0.5965450060365692,0.3143534266113739,0.34938681857995957,0.0,-0.3455344017925786,0.0,-0.5443842489493478,0.0,0.0,Fibon Bhd
0.09700430648138059,-0.27180329062354636,0.0,-0.06085423762511868,0.0,0.0,-0.08391076751568008,-0.5965624790466048,-0.12077461958076212,0.3702861396933457,0.0,0.0,0.0,-0.15921526391276944,-0.2617883868075313,-0.3307352906472546,Infomina Bhd
0.0,0.44363531589160604,-0.35520510032116226,-0.17245472383489574,-0.20074893716942951,0.0,-0.0027489873872037617,0.19119133760674556,-0.13630560710328685,-0.7361005342200994,0.0,0.0,0.0,0.0,-0.4506244483806776,0.0,Advance Synergy Bhd
0.1861377412597435,-0.5838054016328994,0.0,-0.29357474799935485,0.0,-0.20749606716065555,-0.4663785469523854,0.0,-0.5036095726531561,0.23039638856009584,0.0,0.0,0.0,0.1692916286985925,-0.05234167531963374,0.10100409722717248,Engtex Group Bhd
-0.5941873046691375,0.9172997909053934,-0.9291028858568006,0.0,0.0,0.0,0.0,-0.5666492181596167,0.0,-0.6614191858426071,0.3336455529936862,0.0,0.17442652961919042,-0.2397819932118766,0.3043149287920861,-0.1605924926894051,Kluang Rubber Company (Malaya) Bhd
-0.059424044191663236,-0.11727017399803841,-0.24150385681835357,0.0,0.0,-0.08841111310259053,-0.18451864842735036,0.0,-0.5508942405303129,0.9426744889679357,-0.5424109870259244,0.0,-0.1837380571369992,0.0,-0.401949349835282,0.0,Golden Pharos Bhd
0.0,0.0,0.0,-0.692826463517823,0.0,-0.11510833393473609,-0.11544944937108151,-0.2631120500101004,-0.3267002207061849,0.3940794860810533,0.0,0.0,-0.08494191771516126,0.06875394028299042,-0.15051947625707482,-0.144735005174948,Aurelius Technologies Bhd
-0.19204294066725036,0.0,-0.20643411319034088,0.0,0.0,-0.17823707464806518,0.0,0.0,0.36290061171374777,-1.9034571807672493,0.161319514368192,0.0,-0.057536238742555534,0.2154494463084041,0.18975167602676027,0.17714077640785922,Rohas Tecnic Bhd
-2.3474894085195483,2.4042919227809776,-0.4158790996635013,0.0,0.0,-0.12284561226456023,0.4146776367684565,-0.24040704239316701,1.8139547107516767,-2.512853054533296,0.0,0.0,-0.23401325714341778,-0.19627146310863997,0.0,0.0,FACB Industries Incorporated Bhd
0.12549298307303958,-0.17848351604859056,0.14083416467648413,-0.07266766737986768,-0.07465625285219511,0.0,-0.1531807528272163,-0.8165673794253269,-0.6424348043781893,0.8027038241930412,0.0,0.0,0.0,0.0,-0.5681625607440162,0.0,Insights Analytics Bhd
0.14759597469044294,-0.6238005087919234,0.0,-0.2124801191488242,-0.1382031201359972,-0.3454305658924025,-0.19270801102756369,0.18163757192627675,-0.18579142295584294,0.0,0.0,0.0,0.0,-0.03782636789115642,-0.03288152484058287,0.0,Hextar Industries Bhd
-0.2033048362352861,0.0,-0.18794321257509378,-0.2327369262978635,0.0,-0.2762336794373569,-0.03363144398739237,-0.05268859289226156,-0.019763214346767987,-0.5813795014452138,0.19339395809828233,0.0,0.0,0.0,0.0,-0.046585075261729815,Eupe Corporation Bhd
0.7070512173597351,-0.6892687860053829,0.38255549763465857,0.0,0.0,-0.5319991436672922,0.0,0.0,-0.34597896579003307,0.0,-0.0888649598764666,-0.04845924995383866,-0.36581368015798926,0.0,-0.24738319760628527,-0.21457592802494252,Warisan TC Holdings Bhd
0.531254077613335,-0.7225801114385324,0.3346184576993697,0.0,0.0,-0.220831871181687,0.0,0.3221424920847304,-0.6984349856330229,0.370516999301413,-0.2982195248698616,0.0,0.0,0.04187488946467794,-1.108126132540735,0.0,Meta Bright Group Bhd
0.4932869805809835,-0.3910934911885058,0.08133639887046072,-0.2515248658875542,0.0,0.0,-1.2879813843340615,0.0,-0.3112562619898172,0.32224192973256655,0.0,0.0,-0.1393789199466178,0.0,0.03458095017920071,0.0,Unitrade Industries Bhd
0.0,-0.20025082090033303,0.0,0.0,-0.16572145277945696,-0.15709439836521222,0.0,-0.13086168095050946,-0.2977805660964672,0.5680292441041335,-0.08526167408957419,-0.12688406614990097,0.0,-0.683869656107036,-0.1721504297308976,0.0,PT Resources Holdings Bhd
-0.10891009474508138,0.0,-0.41042372535489485,-0.2339528376585905,-0.29118316842868963,0.0,0.0,-0.5559455868111964,-0.09927689198566444,0.538114365030976,-0.41943724442585567,-0.12414681197523164,0.0,0.25251612411893043,0.0,0.0,Y.s.p. Southeast Asia Holding Bhd
0.6189483171711239,-0.5361566735005937,0.0,-0.25434959113626615,0.4063615702056329,-0.31053919037907635,0.0,0.30805550096869644,-0.961603170087463,-0.4108884612751078,0.0,0.0,-0.5311041441483566,0.0,0.2139746087705747,0.0,Euro Holdings Bhd
0.0,-0.2152952022294684,0.0,-0.3695020217714179,0.0,0.0,-0.02056218487889423,-0.013199046901572808,0.0,-0.2625657900747029,-0.07620268011921809,-0.04211064735615605,0.0,-0.09186435108635553,-0.25372840904677574,-0.11314017408567759,Seng Fong Holdings Bhd
-0.10616761443034414,0.4005058814456864,-0.3942462383512468,-0.49763295314601813,-0.01863178552649155,0.0,0.0,-0.044906677763021596,0.0,-0.2457807159815885,-0.18174233605275206,0.0,-0.17011320739792993,0.0,0.0,-0.20363934482834467,Efficient E-Solutions Bhd
0.5387283784535062,-1.1632460350344755,0.0,0.0,-0.06268046051706015,-0.3561841843920469,0.0,0.4129398180630129,-0.32583570396486444,0.2323556779377318,-0.17503770670193064,0.0,-0.1985053717223326,0.0,-0.36565138993239993,0.0,Esthetics International Group Bhd
0.48727728835549294,-0.3824096950191929,-0.2379438526296596,-0.2417084202924821,0.0,0.0,-0.06984470298109087,-0.08342840674567653,-0.11506398797972184,0.34321153148590666,0.0,0.0,0.0,-0.3162740212891796,-0.8480423107823943,0.0,Adnex Group Bhd
0.013284375319119674,0.0,-0.3995121488603347,0.0,0.0,0.0,-0.10574209091467827,0.0,-0.7582750774546668,1.0098144565184333,-0.6141547459892598,-0.008001315127021307,-0.1694765248352377,-0.27130762789006846,0.0,-0.17586408978014823,Mag Holdings Bhd
0.09823543690075022,-0.4875060576450539,0.0,-0.14523286711694275,0.0,-0.15741666592018017,-0.8407053110659747,0.0,0.0698594039760565,0.1491777317009092,0.15986428115221066,0.0,0.0,0.0,-0.42358715432273636,0.09651191061103413,AMS Advanced Material Bhd
0.5231305040207983,-0.5820621777792716,-0.17734386590559537,-0.38212779087629173,0.026372780146360148,-0.28137050177090367,-0.5072846910925266,-0.0038747488884104454,-0.48810286744831877,0.3893549507377678,0.0,0.0,0.0,0.0,0.0,0.0,Malaysia Smelting Corporation Bhd
-0.06618585796979552,-0.2884872403988304,0.0,-0.614567250350376,-0.24467407275146907,-0.006823515370483731,0.0,-0.24702362563075558,0.0,0.4917098622196847,0.0,0.0,0.0,-0.3646802780977228,-0.05399080449410216,-0.08901454103634465,Padini Holdings Berhad
-0.46982956437861445,1.3586304586691835,0.38663697635780125,-0.3007602351800447,-0.12953765337176448,-0.6548409889571543,0.0,-0.35534367337845507,0.0,-0.7720035828435178,-0.2380244120107185,0.0,0.0,0.0,-0.30929431225431814,0.0,Panasonic Manufacturing Malaysia Bhd
0.0,0.0,0.0,-0.2296972798094146,-0.041201174517838224,0.20161288638607616,0.0,-0.02635887608665217,-0.15295991884826077,-1.131960669769387,0.0,0.1255338606880255,0.0,0.10860886646305169,-0.12132054571363383,-0.21874796884220626,Salcon Bhd
0.41303118460232685,-1.0997456438385669,0.0,-0.10930057858315097,0.0,0.05405476558403228,-0.3978667009721726,0.0,0.0,0.33610768055546364,0.0,-0.10317273347384148,-0.14379473104729518,-0.22390880589637197,-0.21527293299079517,0.0,Bus Cap Bhd
0.32368310084535806,-0.7745841003819741,0.21149342517243494,-0.20842455606226984,-0.14089615536168013,0.0,-0.7412435144322874,0.0,-0.6099413307230699,0.4938682139662001,0.0,-0.11435129470273996,0.0,0.06931869500503307,0.0,0.0,Lay Hong Bhd
0.5444746593033917,-0.521273500896466,0.054232597409809236,0.0,0.0,-0.16620571758938493,-0.6415354411732281,0.0,-0.22376711100251587,0.2813278866248506,0.0,0.0,-0.12733643012413645,0.12947451016118228,-0.8205970001654752,0.0,Tcs Group Holdings Bhd
-0.25735279230621577,0.36970711348174373,0.0,0.6721013051149431,0.0,-0.2171964091749543,-0.2129719142685618,-0.6649148226809026,0.5541164101816575,-0.5322222898991019,-0.456516269371859,-0.7539688885537461,0.0,0.0,0.0,0.0,PPB Group Bhd
0.0,-0.08419264874039199,-0.1550677116231418,-0.14589324668266518,-0.17420434592105902,-0.08608351544693744,0.07574090126360122,0.0,0.0,-1.4209033369132869,0.2784959270740773,0.0,0.0,0.1452623521370161,0.05636322002471606,0.0,KYM Holdings Bhd
0.0,-0.3672861249056361,0.3311515416127207,-0.20360420585840694,-0.15144040658023145,0.0,0.0,0.0,-0.35132864069231723,0.4019164155429653,-0.16682287274880694,0.0,-0.07297242036419282,-0.6871029770617243,-0.24373729499497537,0.0,Propel Global Bhd
0.7625763372188067,-0.7058946472121139,0.3930666210627897,0.0,0.0,-0.2282380033366805,-0.02813962462018606,0.0,0.5717504062557274,-1.9718041432394098,-0.08468751104072403,0.0,-0.12221190679393712,-0.09884304454202154,0.0,0.0,Noesis Exed Bhd
0.23702102453583263,-0.18646036606423394,0.0,-0.07292969444714734,-0.17935582232337383,0.0,0.0,0.0,-0.5167418179349822,0.6292876560062843,-0.14412200741763515,0.0,0.0,-0.6738921727843075,-0.48810075714568674,-0.11786731840760693,Federal International Holdings Bhd
-0.37644067367063666,0.19399452175581353,-0.04491373555614753,0.0,-0.03844255549222454,0.0,0.0,-0.1931987711018558,-0.012926978943819955,0.4306387414556048,0.0,0.0,-0.2014717196172038,-0.5964213292705427,-0.6746763883042949,0.0,Bioalpha Holdings Bhd
0.6662140181199738,-0.8250801579317475,0.17190844102994343,-0.3549682267186374,0.0,-0.30032178900523787,-1.131225504356702,0.30265798930815696,0.17802400184013933,0.0,0.09480726286007626,0.0,0.0,-0.3202358381216195,0.0,0.0,Pharmaniaga Bhd
-2.6663943591555856,2.661767823308443,0.0,-0.9214060425455379,0.0,0.0,0.3061425328742997,0.0,1.6561271623746632,-2.452518046948575,-0.4004943939454931,0.8608238386152016,0.0,-0.28234935228265584,0.0,-0.2883143986963184,Astramina Group Berhad
-0.2690288243510071,0.7562114975270633,-0.2292183044660067,-0.6463827019906826,0.0,-0.731836751517281,0.0,-0.5473649166045007,0.3514292720486163,0.0,-0.19876302554240047,0.0,0.2889707090156143,0.0,0.0,-0.30192131977817516,AIMFLEX Bhd
0.22312902960159983,-0.5433586313599037,0.0,-0.16130717321545274,0.0,0.0,-1.3501940314811751,0.0,0.41047926261423595,-0.5309054409260557,0.0,-0.09543102278146431,0.0,0.38404719093078904,-0.20495983419403535,0.33784898786571477,Petron Malaysia Refining & Marketing Bhd
0.34508310048508906,-0.4237775248864357,0.0,-0.23446431623375283,-0.1696379075127792,-0.2557862491472449,-1.113143494006531,-0.09130937650816384,-0.21357615159942867,0.0,0.0,0.0,0.0,0.29222080809598516,0.3305489309419779,0.0,PCCS Group Bhd
-0.23989411360752075,0.21562641008694058,-0.42553902100534224,-0.06504626454371577,-0.28330063534741845,-0.3287111347579812,0.0,-0.17392780742463537,0.0,-0.3269850742720117,0.0,0.0,-0.04643509634934399,0.13583750440528664,0.0,0.0,Kumpulan Fima Bhd
-0.06097623699818502,0.0,0.0,-0.2122114845629369,-0.6228891721343344,0.0,-0.09732091156543579,-0.09529369244875688,-0.2287054094838737,0.2893127917422942,0.0,0.0,-0.1282810831034525,-0.1887642856107969,0.0,-0.19603214658422463,Allianz Malaysia Bhd
0.2552760918773724,0.0,0.2710565747495674,-0.26648548784694387,0.0,-0.15109909666421315,-0.19089799894552192,0.0,-0.7277973678180526,0.4150633779736119,0.0,-0.9229113078225885,-0.5441929383351741,0.0,0.31891178247347624,0.0,HSS Engineers Bhd
-0.4837851187595903,0.5552306274778588,-0.38691489761127273,-0.4475359617717211,0.0,0.0,-0.16831710946220602,-0.22759068035074834,0.5490855331394581,-0.7902136647885867,0.007232619481223484,0.0,-0.15584814297533378,0.0,0.0,0.0,Fima Corporation Bhd
-0.2532714859511903,-0.03440958214159919,-0.026164498571197632,-0.13216046192459419,0.0,-0.39525245664143444,-0.3659476758351928,0.0,0.6012253804648812,-0.6249427789312367,0.0,0.0,-0.3089659999889626,0.0,-0.012816775666431234,0.0,Guan Huat Seng Holdings Bhd
0.0,0.0,0.0,0.40249359836897847,-0.2299772837962471,-0.7132930595952137,-0.16200732345766777,0.0,-0.8043002863101394,1.0040171956758432,-0.3695918468250683,-0.25968497510784666,0.0,0.0,0.25219793122079603,-0.6748522031612966,Karex Bhd
0.1385370698700772,0.0,0.0,-0.14997333419312645,0.0,-0.10104844881799437,-0.14940535940768268,-0.16633775559342345,0.5399695992017052,-0.8460561697338561,-0.08560940129385695,0.0,-0.4505044079100836,-0.2872605987747815,0.0,0.0,Hume Cement Industries Bhd
0.4486817162805885,0.0,0.0,-0.21255255220132208,-0.409758405698487,-0.36368457064501136,0.0,0.0,-0.9788796321233966,1.009261196123497,-0.0930162195408376,0.0,0.061828438081249874,-0.5505302114797294,0.0,-0.47109540253148335,Flexidynamic Holdings Bhd
-0.37009160666992336,0.0,-0.720641746994285,-0.0846078691883172,-0.11720579453499666,0.5108043297145266,0.0,-0.18560397888907637,0.0,-1.1043932406948367,0.0,0.0,0.40547767974272514,0.0,0.29335803240023844,-0.1872000301639555,Marco Holdings Bhd
0.5906888352637104,-0.8070027939500263,0.0,-0.18715346027347118,0.0,0.0,-0.680778663166162,-0.07774952615220246,-0.183650145422809,0.4150333124173495,0.0,0.0,-0.030782310040650098,0.0,-0.46743698950035883,-0.13316195169266004,HSS Holdings Bhd
0.36542658541546885,-0.4796109051920856,0.0,-0.3866119976997206,0.0,0.30357059911507167,-0.18906615587493264,0.0,-0.11547602901505602,-0.08225246945805975,0.0,0.0,0.0,-0.6317110444605315,-0.22278421024613093,-0.12352098044554198,Haily Group Bhd
0.2779079807738456,-0.4950768458542731,0.0,-0.8782023243639274,0.0,-0.46604009623844533,0.0,0.0,-0.572025263755074,0.39568448875999773,0.0,0.15637157984885652,0.06020515684380812,0.41249017988192044,-0.45501896330046354,0.0,Hiap Teck Venture Bhd
-0.11405288263413361,-0.05406905485179428,0.0,-0.269575221368025,0.0,-0.16757148057600987,-0.045762798421885575,-0.0862478771739156,0.0,-0.6103576072832542,0.0,-0.023086310513339578,-0.09898119206171851,0.0,0.0,-0.09896546468520609,Amlex Holdings Bhd
-0.08074003093120992,0.0,-0.6081368935542882,-0.277481702178592,-0.29351771859154985,-0.2174640914606146,0.0,0.0,-0.33775944122461127,0.854471178398917,-0.3657891051689188,0.0,0.0,-0.2736725011285696,0.0,0.019166893397230014,Coraza Integrated Technology Bhd
0.0,0.0,0.13760419541563573,-0.1843897141504651,-0.2357755966349384,0.0,0.0,0.0,-0.09669600830938253,0.22695630925753144,0.1815701713491574,-0.04519013845240871,-0.07064233357933158,-1.1396579075758757,-0.35542193703385805,0.0,iCents Group Holdings Bhd
0.0,-0.7357575402381828,-0.06412281065467518,0.0,0.0,-0.18896192015906468,-0.3664334896122715,-0.1513783421479167,-0.4552675052365745,0.3430481777249793,0.0,0.0,0.0,0.18868101641196833,-0.06529966569556366,-0.09205817724103328,PWF Corporation Bhd
-0.18202077788738433,0.0,-0.444524977609693,0.0,0.0,-0.1890943870193138,-0.63657860574588,-0.14104762014576014,0.8906511516819683,-0.454589274494885,-0.8986018893943479,0.0,0.0,0.5864822209882059,-0.12016324817644551,0.0,Tong Herr Resources Bhd
0.07851750297730331,-0.9340515517642871,0.1163354108677824,0.0,-0.25337167130106736,0.0,0.12282604208717356,-1.1535792575597887,-0.16231140759076856,0.463043743394413,0.27572785176384534,-0.14991657975712053,0.0,0.0,0.0,0.0,Homeritz Corporation Bhd
1.0813533191382265,-0.356142711912143,0.0,0.5979408375152517,0.0,-0.49778968443424537,0.0,0.0,0.10127911260446146,-1.9091463890263638,0.22419238052593382,0.0,0.0,-0.7456922099568476,-0.30449638199689066,0.20986405309174255,WCT Holdings Bhd
0.25677249331067586,0.0,0.0,-0.26952149700609473,0.0,-0.1516180662901962,-0.058104614651064874,-0.1570599064737612,-0.21788369118754744,-0.5802154169965134,-0.11657116585593004,0.0,-0.13704863041733198,-0.17024391029790503,0.0,0.0,JKG Land Bhd
-0.11698566725327549,0.0,-0.5597850750410591,0.0,-0.05149108501633448,-0.29858728119725864,0.0,0.0,0.5814199973058619,-1.0234276840218275,-0.1453456801567814,0.0,-0.138051848576008,0.20146904340735433,-0.058654901302058304,0.0,Avangaad Bhd
0.31699147270676054,-0.5749093945817372,0.0,0.0,0.0,-2.4687350038120126,0.0,0.0,-0.89235195658158,0.46893101009111304,1.8862790787297001,-0.5023346919865418,0.0,2.004441569841423,-1.8519757398630246,0.0037130194266557135,Formosa Prosonic Industries Bhd
-0.1918096529186465,-0.644670572586651,0.41652548244021725,-0.36168548876821094,-0.3083151751034853,-0.2938546066252048,0.0,0.0,0.0,0.3693066590245231,0.0,-0.10267744992296084,0.0,-0.8090701054428435,0.30129277799389276,0.0,FoundPac Group Bhd
-0.17623155875980376,0.0,-0.2745956545230124,0.08765072985163831,-0.5921666086080319,-0.5465900036070451,-0.4710552839330498,0.11465120026467579,-0.2961196943527254,0.2486133662950889,0.0,0.0,0.0,0.0,0.0,0.27324453683984884,Public Bank Bhd
0.3704832639063462,0.0,0.23745207992188377,-0.3108933058829104,0.0,-0.20531305798099728,-0.29499009339550175,0.25544584391031,-0.11719784696256019,-0.6670805447870105,0.0,0.0,0.0,0.0,-0.2748898329870502,-0.6310366379265381,Borneo Oil Bhd
0.0,-0.16889481092569233,-0.43072727870308286,-0.3071695325780585,-0.13703601836329887,-0.22696733239399572,0.0,0.12338266354371186,0.0,-0.5457026460526685,0.19438253169846229,0.0,-0.07856237474636021,-0.062048079939900996,0.0,0.0,SKB Shutters Corporation Bhd
-0.06721749317853526,0.0,-0.3881403205527058,-0.21282822542544474,-0.19225976158882366,-0.07683050239418199,0.0,-0.0551123425403731,-0.09495187554851921,0.0,-0.28840256627316085,0.0,-0.0634690137552695,-0.20175393089039323,0.0,0.0,Suria Capital Holdings Bhd
0.42157586363761296,-0.34353688212339395,0.0,0.0,0.0,0.0,-0.19407203966311948,-0.24554862751234244,-0.07577818247941938,0.22249422955437675,0.0,0.0,-0.14243435583197533,-0.11291191569328851,-0.9681459145025403,-0.2062638796066815,Critical Holdings Bhd
0.0,-0.4312416844505013,-0.09139755890661905,-0.14668819848213363,-0.06029679735816873,-0.3514248083664527,-0.5638350088133447,-0.10984421743685975,-0.43673390985712107,0.6837278255827367,0.0,-0.13757947526743897,0.0,0.0,0.0,0.0,BMS Holdings Bhd
0.0,-0.15965638317646516,-0.2654168823579506,-0.6587167478509803,0.7495396328117052,0.0,-1.1508010412602483,0.0,0.0,0.262226379193754,-0.12957581209892036,0.0,0.0,0.09633077157665015,-0.24682204045679956,-0.14832471533662425,99 Speed Mart Retail Holdings Bhd
0.39844991813104425,-0.5144617748786792,0.23845521566444683,-0.1834031904779736,-0.12247463570371508,-0.16436220564827092,-0.09001946998794248,0.0,0.15539978542011257,-0.6593274714666539,0.0,0.0,0.0,0.0,-0.7116919717239457,0.0,ES Sunlogy Bhd
0.0,-0.35848915994180414,0.0,0.0,0.0,-0.4419933392725609,0.0021028066607067194,0.0,-0.38465161187602864,0.580728261514597,-0.21247615200457037,-0.043381052756871714,-0.06469866274513181,0.0,-0.5855461075362999,-0.1474457245013331,Eversafe Rubber Bhd
0.3881083142098046,-0.6759126647267035,0.22231665322048277,-0.3705060013891021,-0.06227573118758282,-0.4635199143353885,-0.5868972237167417,0.0,-0.27429739951012216,0.803048488065624,0.0,0.0,0.0,0.0,-0.6359698609441815,0.0,AYS Ventures Bhd
0.3715364812545888,-0.5323255072761084,0.23968281462116828,-0.191884063559392,0.0,-0.1570397981399954,0.0,0.0,-0.14043931383871694,-0.5072613792072648,0.12320547701497728,0.0,0.0,0.08687697290972518,-0.9491773198082257,0.0,EcoFirst Consolidated Bhd
0.0,0.3561788591084314,0.6645502734464276,0.20087621782415477,0.0,0.0,-0.7060743013518823,-4.811823299150158,1.3488695492726959,0.0,0.7168121361658315,0.10297397727400412,0.0,0.3673440482912923,0.10235396516271358,0.0,IcapitalBiz Bhd
-0.21818761035026732,0.0,0.0,0.0,-0.48545744538646113,0.5016406708627268,0.0,-0.15919538908191772,1.4154745633042598,-1.4329649862741691,-0.5484477187152611,0.0,-0.33368625532603996,0.0,-0.09369078342602499,-0.30913469820713324,SHL Consolidated Bhd
0.15501249674325018,0.3205159699012071,0.0951467641742314,0.0,0.0,0.0,0.0,-1.112438388785419,-0.35840459695258076,0.2207077799537247,0.0,-0.21310641751223744,-0.14892517051652832,0.0,-0.1863866005737674,-0.43775680054034777,IDB Technologies Bhd
0.0,0.0,-0.8115641135147107,0.1964002520640078,0.0,-0.7876816805875858,-0.7531991723818242,0.641865696419263,0.0,0.15373029738603283,-0.1494743532440945,0.0,0.30319707603323587,-0.2888438850605539,0.0,-0.17069641361969867,Johan Holdings Bhd
0.34709622910402294,-0.5109660763872746,0.0,-0.18641213299459336,-0.02772051042487783,0.0,-0.7590192797862477,-0.37501151118908377,-0.707987617442279,1.0324645164057498,-0.09684658869589896,0.0,0.0,0.0,0.0,-0.38381931111839473,Radiant Globaltech Bhd
0.0,-0.22463274287629023,-0.2990959449175929,-0.09053855588703008,0.18608246621185398,-0.24750769603020706,0.09726612062798168,0.0,-0.126085903126277,-1.180303858062755,0.14264076853200514,0.05863156985063064,0.0,0.0,0.0,0.0,Kerjaya Prospek Property Bhd
0.0,-0.16279657569878472,0.0,-0.3935912604721827,-0.20999182076498962,-0.5317547100115259,0.0,0.0,-0.3413149290730522,0.6689489939264348,-0.1750191920393982,0.0,-0.16404135686607843,0.0,-0.24058099437128827,-0.1361685394987102,PLYTEC Holding Bhd
0.0,-0.014564750965992761,0.18893352494391724,-0.11874205335182347,-0.15559902739200374,-0.1324870097559257,0.0,-0.35246817100995703,0.0,-0.4922444550310979,-0.14297505691470996,-0.10662230696827732,0.0,0.0,0.0,-0.36358751854821625,DSR Taiko Bhd
0.0,-0.06645471696264117,0.21129333042962709,-1.31851631354649,-0.10782101623210408,0.0,0.0,-0.7016694968347341,-0.04902707007554352,0.18993391027383796,-0.0947998554427701,0.03288926756948106,0.20641080843467166,0.0,0.0,0.0,Frontken Corporation Bhd
-0.26580939789816155,0.22285989835584544,-0.27448585560395056,-0.05381250446953897,-0.15433119359568742,-0.12547993000013857,-0.07385164987343641,-0.06437127512689243,0.0,-0.8716456449800793,0.0,0.0,-0.04113824664030408,0.0,0.0,0.0,Hextar Healthcare Bhd
0.43010096515888385,-0.25927794642370505,0.0,0.0,-0.1983166917472891,-0.20968062922052758,-0.1185418229771118,0.0,-0.4198717771728602,0.4952830029009609,0.0,0.0,-0.0781520558370867,-0.482948465286595,-0.8707683733066028,0.0,Alcom Group Bhd
-0.4861577727268218,0.6598610750515321,-0.09923887644759105,-0.48173431158815755,0.0,0.0,-0.9012380851328268,-0.3302289664975316,1.5249166608896647,-1.609835545669482,0.0,0.0,0.0,0.30717909396968435,-0.29782209055593634,0.0,Ocean Fresh Bhd
-0.28181245798826915,-0.07558567856636313,-0.05174596158501155,-0.11752730753703201,0.0,-0.43417398208306773,0.0,0.0,0.18365704507202385,-0.6449205232430197,0.21884934321676305,0.0,-0.15211980315999432,0.0,-0.36725389110314793,0.0,HCK Capital Group Bhd
0.0,-0.5511601053382791,0.0,-0.20579377278375788,0.0,0.3829843589188211,0.0,0.166806746724669,-2.051836395795543,1.0777581891617316,-0.23208618688826563,0.0,0.21822823443702233,0.0,-0.1501009928552092,-0.37861417978059875,YB Ventures Bhd
0.7777492678986292,-0.5561454380111701,0.0,0.0,0.0,-0.5807738711883886,-1.2557785261266736,0.21668346583319553,-0.4333152900720356,0.3971714826048187,-0.16380097824564752,0.0,0.0,0.18557910245484066,0.0,-0.31251798655278823,MSM Malaysia Holdings Bhd
-0.18324228982743795,-0.3465842786819193,0.0,0.0,-0.10212396746756056,0.0180628389095124,0.0,-0.14983368616063494,-0.6263761196675733,1.0029883095211194,-0.22890764420414816,0.0,0.0,-0.30414631639977346,-0.8110881793774879,0.0,Paragon Globe Bhd
0.0,-0.1757800812335101,-0.26556220178223383,0.0,-0.03635912402607433,0.0,-0.12205482098642097,0.0,0.4100302700424597,-1.194904510310295,-0.1764519080486861,0.0,0.0,-0.10480665327471841,-0.3078656950661001,0.23799751860323556,Sealink International Bhd
-1.4170511256403842,2.1572221688189765,0.0,0.0,0.0,-0.6817477555608499,-0.20411806951479136,-0.36104825166183324,0.0,0.0,-0.5047637082055649,0.08462891371857911,0.0,-0.1464628228602496,-0.6632827298741018,0.0,Kucingko Bhd
0.0,0.0,-0.9875225320811303,-0.7878495601638484,-0.3437210508659027,0.0,0.0,-0.10975956868557422,0.2026628479048264,0.3359310581665225,0.37073120740958704,0.0,0.0,-0.10569602266007837,-0.17667712733522042,-0.13634411722587148,IGB Real Estate Investment Trust
0.14435436810856342,-0.20065112803779023,-0.1136151273485742,-0.13415589720545532,0.0,0.0,0.0,-0.42921288295145804,0.0,-0.5042392347918774,-0.1694866892579357,0.1389338079522482,0.0,-0.3825248662733266,0.0,-0.08878709495776851,Kee Ming Group Bhd
0.2762616918512227,0.11316334681779028,0.0,-0.17583322034786886,0.0,0.0,-0.0752312355689442,-2.3786213324849648,0.0,-0.1769885135108421,0.7757607126873016,0.09786456305013891,0.0,0.04247761617611702,0.0,-0.24322704378244592,AppAsia Bhd
0.0,-0.32240321281154366,0.3101716250362314,-0.7169962685496898,0.0,-0.23287057158615626,-0.6815704888804202,0.0,-0.1405401410160345,0.3246011118266522,-0.04724202633501924,0.0,0.0,-0.048423400830906835,-0.18922592697537377,0.0,Inta Bina Group Bhd
-0.2726785180267405,0.0,-0.6985670164579786,-0.19189990724800718,0.0,-0.30129848788593944,-0.11587359290288934,0.0,0.635709392005636,-1.045294720731978,-0.3932051576443963,0.0,0.0,0.3127185151245522,0.31875456399154917,0.0,Orkim Bhd
-1.7915076743156702,-0.22044606665377178,-1.2344030295663175,0.0,0.0,0.23292901266296406,0.4260752280657121,0.0,2.9141677227884117,-2.299618462758923,0.2744804874018364,0.0,-0.26335219470418997,0.2097610975662081,0.0,0.0,Artroniq Bhd
-0.12732833692524265,0.32504853108525755,-0.21529133120150593,-0.14485833522597014,0.0,0.0,0.0,-0.11365639406878979,0.0,-0.3882397604458487,0.0,-0.34341235587902874,-0.21617748472530895,0.013167014048892544,0.0,-0.5471568850690179,Greatech Technology Bhd
0.6866962405242251,-0.9859941518464367,0.20905809494349628,0.0,0.0,0.0,0.0,0.08818736951126227,-1.8609566918937341,1.1357333210542007,-0.39128977233127393,0.0,0.0,-0.47144595993065647,-0.5534384430132809,0.3830047814524664,Golden Land Bhd
0.0,0.0,0.2168248855916007,0.0,-0.13681509095945807,-0.10559073052063732,0.1676758597716578,0.0,0.03327902110056047,0.21433530389358194,-0.08937421022364585,0.0,0.0,-0.8926219607210122,-1.0464503400711265,-0.12894085382545684,S & F Capital Bhd
0.35834593079268573,0.0,-0.47614830659354546,-0.16327460787362227,-0.25756585219655825,0.0,-0.1319940561090616,0.0,-1.0671066470357853,0.7275958544824863,-0.49320276094672244,0.0,-0.031663697796089046,-0.24119530470371509,0.0,0.0,MTT Shipping and Logistics Bhd
-0.05650364221492203,-0.31333073125930294,0.0,-0.375604141096762,-0.1873717864665279,0.0,0.0,-0.3375921030320188,-0.16839496005595866,0.0,-0.13039122043646953,0.21942058298709388,-0.15179436891819528,0.0,-0.28205212013517894,0.0,Leader Steel Holdings Bhd
0.16031366891113127,-0.30076520301118037,-0.1900849750391838,-0.12281313241160113,0.0,-0.02390082604247734,-0.4337825690858847,-0.1555964258105691,0.0,0.23560120414218014,-0.07329805767130312,0.0,0.0,0.0,-0.8841068525115757,0.0,SNS Network Technology Bhd
0.0,-0.09815318979957621,0.0,-0.30085473966384335,0.0,-0.358193473058085,0.11853196149644117,-0.19963581811033868,-0.6796513981126042,0.8014334822653301,-0.4641544371746576,0.0,-0.16216109237184428,-0.4581481558652993,0.0,0.0,InNature Bhd
0.9194972042305762,-0.5933450766151156,0.0,-0.516873935604675,-0.19699074356699556,-0.6802664923322259,-0.5413133452353467,0.0,-0.5640282747303532,0.6787079309262517,0.0,-0.11393212277153686,0.0,0.0,-0.1938074278975711,0.0,Leform Bhd
-0.10198546724853608,0.4677940908921089,0.0,-1.053429579717863,-0.2236646512282403,0.031754212523432586,0.0,-0.2769755996286599,-0.204696489918866,-0.04776503658676073,0.0,0.0,-0.30073545759844195,-0.10040882983492143,0.0,0.0,ITMAX System Bhd
-0.1337846877075705,0.0,-0.14444887787865288,0.0,-0.24523524948951073,0.020578527974126747,-0.05579018972185363,0.0,0.49446582078678136,-0.9371875820757165,0.0,0.0,0.0,-0.25291216265510025,-0.4819892793053886,-0.0789768509758894,MClean Technologies Bhd
-0.15304585265241766,0.0665705841769283,0.0,-0.4410003557495606,0.0,0.0,0.0,-0.842033668097406,-0.18361814943874571,0.10076757885585327,0.0,0.14236980029877888,0.041693013895841124,-0.09908262437729833,-0.44850000385002975,0.0,ViTrox Corporation Bhd
-0.3325786946117198,-0.16936856896123595,-0.281556099994389,-0.1548109877964055,0.0,-0.2467180139728786,-0.30361898745359867,0.0,-0.5220648963601666,0.43781384710904026,0.0,0.0,-0.12068645510581785,-0.12615558495812168,0.0,0.0,Bonia Corporation Bhd
0.9885834928306386,-0.8409596369950639,0.0,-0.17930395596596432,-0.275197966120757,0.0,0.0,0.5143448247965082,-1.4801020354356909,1.141995962911784,0.0,-0.19367167686746622,-0.18095530074921531,0.0,-1.3178505813114578,0.0,Nova MSC Bhd
1.0289532289410137,-0.5647486536694238,0.0,0.0,-0.30144084078790195,-0.8941852623452707,-1.321652870591677,0.4831035019286415,-0.43965971192001213,0.37870763231192395,0.0,0.0,0.0,0.0,-0.11040429307852229,-0.08328949497658412,Malaysia Steel Works (KL) Bhd
0.8544081482729691,0.0,-0.3667981035275801,-0.036930036557488055,-0.04797979828137865,-0.04954117648180705,-0.3739522667448101,0.0,-0.2662184386262333,-0.2353530727218818,-1.1924652098704065,-0.1179228436610371,0.0,0.0,0.0,0.0,Mercury Securities Group Bhd
0.5735376434785655,-0.4975909957991629,0.0,0.0,-0.0024664466676641668,-1.011329631253549,-0.7247609039158585,-0.202187239841916,-0.929290406784646,0.7975890202875047,0.0,0.0,0.0,0.0,-0.11349243213301863,0.2759835590297011,Associated Air-Pak Industries Bhd
0.5129064225149145,0.0,0.0,0.0,0.0,-1.1582011126860623,-0.5188732853442356,-0.08959502067536729,-0.5276780021331621,0.7457807640145829,0.04496926862862124,-0.15126690520901967,0.0,0.0,-0.44230748898132444,-0.25726672566685765,EG Industries Bhd
-0.4618496752163452,-0.26279943284790475,-0.7132319530980092,0.0,0.0,-0.1050176276658501,0.0,-0.18497770252329812,0.615061385183827,-0.6766738259261601,0.0,0.0,0.03037483326461254,0.0,-0.4038193427008393,0.314242976573112,Gromutual Bhd
0.0,0.4679386125255911,-0.6396673611890316,-0.36000274324754233,0.0,0.0,-0.2159219079415211,-0.8602318154451425,0.0,0.38840422407111974,0.0,-0.5344271708831855,-0.05265096358059407,0.3359456930177501,0.0,-0.38266553625768784,CPE Technology Bhd
-0.25092709951021225,0.0,-0.46759459220822497,-0.14780206585539032,0.0,0.0,0.0,0.20385566830023333,0.0,-0.4759157996869868,-0.36655535256701427,0.012845251920200218,-0.22474455765664317,-0.34142339156389984,0.20419118179649742,0.0,Globaltec Formation Bhd
-0.06445809132696301,0.0,-0.12858959309694812,0.0,0.0,-0.14266487407044984,0.0,-0.21350309141197601,0.21526021690092878,-0.7716230097039317,0.0,0.0,0.1453568649273596,-0.05526465712736568,-0.5581263220239722,-0.2863058925877462,Top Glove Corporation Bhd
-0.5958394880005446,1.379021451336189,-0.49574939957754044,0.0,-0.4739945092880243,0.0,0.0,0.0,1.372090005074001,-2.0576779486772097,-0.8538749904512594,-0.7255442145415316,0.2464821840471456,0.0,0.0,0.3424564492204293,Colform Group Bhd
-0.28834958863022037,0.5146365196719944,0.0,0.0,-0.3305320656191536,0.10000665068031442,-0.05960683810390721,-0.22184263921850383,0.0,-0.6265733454832144,0.10767169367586463,0.0,0.0,0.0,-0.7195414370478502,-0.34314142051877566,MYMBN Bhd
0.0,0.0,0.0,-0.06332499297181651,-0.12080607649445328,-0.30254965226242864,0.0,-0.24841046163343128,-0.4029137610278234,0.8470870004567845,0.0,0.0,-0.1084639110296578,-1.1438985674970334,-0.12572804923331377,-0.1987427434071143,Well Chip Group Bhd
0.0,0.0,0.0,0.6960854299771321,0.0,0.0,-0.45253868553419463,-0.6340319825544944,-0.3599087797624767,0.6200874382948051,-1.4761837998209717,0.37794854514241627,0.0,-0.5648273247061759,0.34908099648916396,-0.42697877299292364,Supermax Corporation Bhd
-1.6326980367840058,2.61654886977005,-1.4030669341091753,-0.9322075868264085,0.0,0.0,-0.7558907238362589,0.0,3.186968410928132,-2.566409999358318,0.0,-0.6004283986653245,0.0,0.0,-0.453758908531396,0.6581237996946185,Choo Bee Metal Industries Bhd
0.4353606624985109,-0.8301883198385726,0.24682265959841848,-0.12031769386451335,-0.1179001292880637,0.0,-0.440999290747725,0.0,-0.3513944112882723,0.48642072611378334,0.0,0.0,-0.29078409246023634,0.0,-0.9007339265316252,0.0,Guan Chong Bhd
-0.43250016004799563,-0.10338374364624081,0.4091534789991189,-0.04870765915812923,0.0,-0.493725811918348,0.0,-0.09665109062039862,1.0668132360593081,-2.0117804608307512,0.0,0.0,0.0,0.0,-0.10148558640868978,-0.07240207673836717,Tri-Mode System (M) Bhd
0.0,-0.3557263565334952,-0.07955546237145428,-0.3854506182946597,0.0,-0.18310915456275154,-0.1549262711302363,0.0,-0.12990837787868398,0.0,-0.2211243776666481,0.0,-0.13794582979918604,-0.09152949759359774,-0.14644964594804177,0.0,Power Root Bhd
0.6235777712645473,-0.5538364943658985,0.0,-0.29815049233193536,0.0,-0.2078710852235319,-0.5640178821943687,-0.07573081234459843,-0.48051422943793376,0.4188365300121457,0.0,0.0,0.0,-0.0880548993546437,-0.6675609674070304,0.0,Nestcon Bhd
0.8457472728850681,-0.5181681794066877,0.0,-0.20159403047060698,-0.13563282029466484,-0.28907577051610656,-1.1906351903898056,0.0,-0.3187552306651971,0.506133067456896,-0.4870521208006289,0.0,0.0,0.0,0.0,-0.10630371933776422,TPC Plus Bhd
0.0,-0.16937507618733735,-0.07238594602557731,-1.2834506814192497,0.0,-0.3408047980244208,0.10990512974509481,-0.10513704428712804,0.0,0.42761212403999627,-0.10715601516927328,-0.23346874730264436,-0.12236169672463157,0.0,0.0,0.0,DXN Holdings Bhd
0.6293646221346794,-0.5799152853197167,0.0,-0.20210551993624692,0.0,-0.718634698592629,-0.7975439182226797,0.0,-0.47221066162589126,0.6124165881350098,0.0,-0.10650580501092763,0.0,-0.06513761252722501,-0.19640768084852825,0.0,Leon Fuat Bhd
0.0,-0.11353919780102244,0.3048879690632275,0.0,0.0,0.0,-0.25222166907178034,0.0,-0.30126899742560137,0.3647879885640848,-0.2573720541743046,0.0,-0.18117795734408845,-0.22178230096729867,-1.2262021972853798,-0.025666635480634473,PRIVASIA Technology Bhd
-0.06479248676867166,-0.36203641256198976,-0.25846951709000077,0.0,-0.5483274135752481,-0.13593020172678894,-0.22500070705935382,0.0,-0.1912996236733652,0.44753748278332195,0.0,0.0,-0.10637612912238757,-0.4686361165841244,0.0,0.0,Alliance Bank Malaysia Bhd
0.3606432798846753,-0.36000630811302037,-0.028528889226054097,-0.6269834815909456,0.0,-0.16709065753942987,-0.14709670336611969,0.0,-0.3643747870022061,0.20484539232901355,0.0,0.0,0.0,0.0,-0.66237484707377,-0.12382562957064384,Kumpulan Kitacon Bhd
-0.005669646899632904,-0.3240482444993566,0.0,0.0,0.0,-0.18375957465202283,0.0,0.0,-0.5281648787521929,0.596686880969312,-0.37747839217135964,0.0,-0.2354860452580042,-0.3715337228353338,-0.18520121922787766,-0.30036857712660253,Smart Asia Chemical Bhd
0.3181332306340745,0.0,-0.46002128590527963,-0.2338057990808211,0.19034968384991013,-0.8561439575928437,-1.6822000563787678,0.3320351936772638,0.0,0.3415712363065597,0.0,0.0,0.0,0.0,0.2322779495632934,-0.09794107014682195,Texchem Resources Bhd
-0.1715440755316038,0.0,-0.1339550869162416,-0.08694315318732415,0.0,-0.15020954086521587,-0.24702168536250887,-0.1063184391081271,-0.2593686516175243,0.0,0.0,0.0,0.0,-0.5137193725735377,-0.09458587820715934,-0.15211332397958033,TOPVISION Eye Specialist Bhd
-0.12261191361571228,1.0106495873488415,-1.8776607734042787,0.0,0.0,0.49864556523020687,0.0,-1.4192256562617618,3.107973887756548,-2.4471260176436016,-1.1711048010318708,0.0,0.0,0.7647183006410272,0.0,-0.26017328495830916,FCW Holdings Bhd
-0.12872097697418594,-0.21521547956852483,-0.059852183775862544,0.0,-0.11945502900725817,-0.15180076428299702,-0.08822317613230486,0.0,0.0,0.0,0.0,0.0,-0.11943727395264285,-0.6050984948836114,-0.35165950710695243,-0.08351203280034736,Liftech Group Bhd
-0.20501167130013861,0.0,-0.30878809690579856,-0.29455923059995903,-0.1118936023004119,-0.464784571756356,-0.08638257941440339,0.0,0.0,-0.15579630093034666,-0.09987276996782568,0.0,-0.09226478102486527,0.0,0.0,-0.10619647335745853,PGF Capital Bhd
0.5403725398707959,-0.8014852116760851,0.0,0.0,-0.13536320792000778,-0.8819063484980263,-0.8530136712325939,0.4923388678842723,-0.7918577498677073,0.43527004696759203,-0.27424731730729257,0.0,0.0,0.0,0.0,0.34208415027739686,Chuan Huat Resources Bhd
-0.8170460745136403,1.5493034980521567,-0.24030661055987546,0.0,0.0,0.5278121830223832,0.0,-0.8610725818400694,2.1515698037778974,-3.1318310777126426,-0.7192098819619054,0.0,0.146694137477587,0.0,-0.5566247396263587,0.0,Oxford Innotech Bhd
0.2992402619443315,-0.31606243537782597,0.0,0.0,0.0,-0.2862420610439837,0.0,0.0,0.5773645711148193,-0.6492260769272546,0.1684333465028419,0.1687211491273689,0.0,-0.1553674455083633,-2.5083868690394837,0.7482617060152206,ENRA Group Bhd
0.0,0.0,-0.2889878074970568,-0.23734757230145903,0.022415250631397828,-0.5782301000747008,0.0,0.0,-1.0696059666674178,0.7941153667908492,0.0,0.0,-0.2767739981059025,-0.382122210514103,0.29347344101347717,-0.2309283868079898,SkyWorld Development Bhd
0.0,0.0,-0.13323992275552834,-0.14834378162601677,-0.1339119838617761,-0.2913192994476418,0.0,0.0,-0.4416568723203265,0.7167734988893164,-0.6960212707456749,0.0,0.0,-1.3205535849015044,0.3039526348118954,0.17271161119595857,Sunway Healthcare Holdings Bhd
0.0,-0.10106759141096433,-0.22197701368788628,0.0,-0.05541131496120753,-0.14972725736614162,-0.15546937684023981,-0.35350637156537607,0.0,0.0,-0.3307805019746954,0.0,-0.036155877898542466,-0.49022183492480614,0.0,-0.07882271582785066,Enest Group Bhd
-0.01305593533792715,-0.2839884795833861,-0.08231982886905548,-0.24393821657535317,-0.02663663419196698,-0.2321492493593379,-0.4561231435165067,0.0,0.0,0.0,-0.03930774685761503,0.0,0.0,-0.4329684722834429,0.0,-0.16567434379181026,Versatile Creative Bhd
0.0,0.0,-0.41838216459158695,-0.3912795859876858,-0.11081731769334155,0.17895125287945843,-0.23237560270310695,-1.2470541729097162,0.0,0.08541548248973786,0.0,0.09578251560898654,0.0,-0.10790239523584988,0.0,0.17137166858114639,Powerwell Holdings Bhd
0.0,0.0,-0.035447990104061154,-0.17451567013085562,0.0,0.0,-0.41885503550983416,0.0,-0.1673188037329556,0.5077120327064317,-0.11977017203354326,0.0,-0.07051913268564824,-0.07307520437825338,-1.2870195819853956,-0.1539311668286922,TechnoDex Bhd
-0.42382521145983937,0.4152800275066982,0.0,-0.12991064485035728,0.0,-0.0022870674741046447,-0.12821490956507048,-0.5081367996035467,1.0143915025162615,-1.4220904186336993,0.0,0.0,0.0,-0.1941145976416181,-0.6162597066127855,0.0,Reach Ten Holdings Bhd
0.5914702290695719,-0.41316776007104156,0.0,-0.15808315542758597,0.04929296424597659,0.12164493849067831,0.0,0.0,0.04337695963435051,-0.2032975384930546,0.0,0.0,0.0,-1.5016573257769281,-0.5879389531142998,0.05483095289233722,EI Power Bhd
0.9620231094978006,-0.8890450596509982,0.0,-0.2625360783232106,-0.35640174124419344,-0.043084204112724574,-1.279704421937721,-0.2373579088568442,-0.20098583453817506,0.4160470436378813,-0.12471494296687813,0.0,0.0,0.0,0.0,0.0,Dutch Lady Milk Industries Bhd
-0.08321132056480025,0.0,0.0,-0.8851652030730844,0.0,0.19372796810299406,0.0,0.0,2.126515980114129,-1.6815009345597018,-2.1904589683025364,0.24422922182261964,0.0,-0.10805051127954435,0.5305533098024994,-0.17266159303932738,Aquawalk Group Bhd
0.0,0.4039727245712342,-0.0855438449140215,-1.1941604838312958,0.3676992818023891,-0.2719544063601597,0.0,-0.513176746701244,-0.09647669155174667,-0.23802175053545935,-0.3623193093455507,-0.03668002432146955,0.0,0.0,0.0,0.0,Alpha IVF Group Bhd
-1.6008382525431255,0.7426565323823405,-0.23328723697339038,0.0,0.0,0.7796080057827511,-0.5193269530025161,-0.6470852776569592,2.063732446996806,-2.6838884245926535,0.0,0.0,0.0,0.3794744185057271,-0.3095430484011237,0.0,WTEC Group Bhd
-0.43490080699034356,0.0,-1.0456307792597084,0.0,-0.39951149247499745,1.3954261827587493,0.0,-0.39065841645172195,2.8008981732031195,-1.9240438303084695,-0.5796123117587856,0.0,0.0,-0.7390148905910323,-0.7191417162465072,0.0,MSB Global Group Bhd
-0.2732648061907016,0.0,-0.25515364910814253,-0.3681328385641717,0.0,0.163569196424592,0.0,0.1880467631053169,1.714308511537915,-1.2883787857059883,-1.0256867504566136,0.0,0.0,0.0,-0.8967451220879293,0.0,Camaroe Bhd
0.34381498640834224,-0.3500177962058948,0.3242791516564555,-0.0918589229437886,0.0,-0.4150553320425325,-0.09937462200486058,0.0,-0.2425237390342246,-0.4078265278578913,0.0,0.0,0.0,0.0,-0.9153193845657154,-0.20627520603092978,Scanwolf Corporation Bhd
0.7598619903935651,-0.4605226665255771,0.0,-0.7617364884970862,0.0,-0.7149460236832996,-0.8343505362031945,0.0,-0.28178013218085146,1.007008605412007,-0.17937811300136394,0.0,-0.37285581780776245,-0.23183752495008414,0.0,0.0,Ecoscience International Bhd
-0.03805392978694799,0.0,0.0,0.0,0.0,0.0,-0.3305550147980633,-0.3168283293737686,-0.2535346080866277,0.45326699762191586,-0.01806812009199398,-0.08998092088874224,-0.15139854906153175,0.0,-1.1877833797112558,-0.14749760808513726,Aurora Italia International Bhd
-0.31374160317454347,0.0,0.41356324747933093,0.0,0.0,-0.6526257284152623,0.4786232101121529,-0.14192803373530707,1.4917472379033792,-4.11173745605187,0.0,0.0,0.0,0.09214894544460961,0.05352762910907178,0.6094600382392589,Bintai Kinden Corporation Bhd
0.0,0.0,-0.07456340790219927,0.0,-0.06967448708990132,0.0,0.0,-0.6922491264406841,-0.10080482837263455,0.24233893615093752,-0.06012069756003197,0.0,-0.1262467137863506,-0.14720117154748147,-0.4336616256456488,-0.6193992792008491,AutoCount Dotcom Bhd
-0.25109753299779164,0.0,-0.19958353293653802,-0.10569319439669098,-0.08600741128520875,-0.4004704991162643,0.0,-0.029522751976891186,0.0,-1.150696035262902,-0.041356247139937026,0.07737176870794871,0.0,0.0,0.10070061031155537,0.0,BWYS Group Bhd
0.0,-0.792982613436432,-0.6623335892977353,-0.26589850217159666,0.0,0.0,-0.4726611314625407,0.9597204252372876,-0.9128872330009938,0.9328627823929176,-0.19437703088051309,0.0,0.0,-0.21587107366705713,-0.4649700345497079,0.0,EP Manufacturing Bhd
0.0,-0.051435758956286305,-0.5749096927400925,-0.16837938030952093,-0.1956065142311025,-0.4501880629771234,0.0,0.0,-0.1908007742786025,-0.9714604414959552,0.3699522307178439,0.0,-0.1214947901320686,0.0,0.0,0.2626692669710766,Gagasan Nadi Cergas Bhd
0.0,0.0,0.0,-0.41542298318006193,-0.1842622519001572,-0.2829383361182145,-0.34131312744789816,-0.03127526684237065,-0.7032117453424631,0.3737806357947142,-0.12826119847931364,0.0,-0.0744759103760325,0.0,-0.30843604509398875,0.0,MGB Bhd
-0.14961441716403417,0.21518227080829663,-0.29385273042807625,0.0,0.0,-0.303799910343648,-0.9952663509613118,0.0,0.22730833166571726,0.0,-0.7091874260587676,0.0,0.0,-0.236206113034872,0.2441801186963807,-0.1037481773668869,Tower Real Estate Investment Trust
0.6208794913964111,-0.6796734520631535,0.0,-0.1899902862630678,-0.3077837500937084,-0.5752015312368626,-0.7143059639286055,0.0,-0.569545631441951,0.6773505712008964,0.0,0.0,-0.12561452795321645,0.0,0.0,-0.2436067448397105,Safetyware Group Bhd
0.0,0.0,-0.3709695923690897,-0.20586074678198601,0.0,-0.1766100028593239,-0.10540886073483882,0.0,-0.025257209805297515,-0.9406391716652921,0.0,0.0,-0.11727707547048409,0.2810601572458329,-0.349377387937266,-0.09866946910120483,YLI Holdings Bhd
-1.4403547533677037,0.5562815244006503,-0.7469303193430722,0.3847018377234122,-0.4239636022188127,0.0,0.0,0.0,2.8822501715552815,-3.2727040863354775,0.32202879828225717,0.3963048544725292,0.0,0.0,-0.7863076225386397,0.0,ASM Automation Group Bhd
0.0,0.0,-0.78852104473453,2.7195695572533687,0.0,4.506859761491287,0.0,0.8809320050715588,-0.09983172117483553,0.0,0.0,-0.7483810496900258,0.0,-5.192044499608863,-2.8693066321767544,-0.5405406797578126,Alam Maritim Resources Bhd
0.0,-0.15553662737298715,0.0,-0.7144470458119204,-0.04629898216220381,0.17728976085284975,0.0,0.15896938440210784,0.0,0.2530038334519618,0.0,0.0,-0.5688000430314851,-0.15664066534125445,-0.9930599587483242,-0.09245043577689847,MMM Group Bhd
-0.023157823970163083,-0.1356429563254634,-0.07425366483459618,-0.838692671831702,-0.05381031962960463,0.0,-0.34614826942505855,-0.1279667213456065,-0.1284302863809931,0.0,-0.38034005919865704,0.0,0.0,0.0,0.0,-0.041299923939449396,Bermaz Auto Bhd
0.4601670714269794,-0.4408315329391479,0.0,-0.2686866867912694,0.0,0.9948687561958989,0.05048659591068728,0.31998439701048303,0.0,-0.44367628290308847,-0.5696262157433767,0.0,-0.19699028241510452,-2.06328153421148,0.0,0.0,Revenue Group Bhd
-0.05129714414081131,-0.14434477514596855,-0.05010637022532638,-0.12575159865040378,0.0,-0.15450066547103883,0.0,0.0,-0.1935081473631661,0.0,-0.2838277026695985,0.0,0.0,-0.513818361448629,-0.5229545851178116,-0.1180037461236375,SDS Group Bhd
0.0,-0.15977086515652586,0.0,-0.13887730364094972,0.0,-0.31790884001315955,-0.2362075580761311,-0.1421282376338142,-0.2056979025352834,0.2099167732540974,-0.12551893429026043,0.0,0.0,-0.8523318278301368,-0.20455441148159118,0.0,Sunview Group Bhd
0.4928355047893118,-0.6653342159816117,0.0,-0.554070699084964,-0.15216736055900285,-0.49897729825745124,-0.3802578116836669,-0.3142293606601262,-0.6163274055864071,0.7471614479076092,0.0,0.0,0.0,0.0,-0.23517279238168354,0.0,RNG Tech Bhd
-0.1463704318861593,0.26628653299918836,-0.48777476157643895,-0.09605610104452338,-0.1510667984056241,-0.2583598628156334,0.0,-0.10748508512652963,0.0,-1.6191473362103486,0.0,0.15585494332962574,0.0,0.0,0.0,0.25391990884172116,Igb Bhd
-0.31328238315650553,0.10847018374004858,-0.55377217339813,0.0,-0.1664826429011683,0.0,-0.434223967732538,-0.22310343652086786,0.0,0.537604950127192,-0.6579829619257995,0.0,0.0,-0.4175500575342383,-0.08695776327386678,0.0,Xin Synergy Group Bhd
0.296894200272991,-0.6242374932220812,0.0,-0.0902552676614472,0.0,-0.36111292479941126,0.0,0.10533244106633681,-0.3153194028495615,0.41490119426125566,-0.18693661863421016,-0.009832552193220634,0.0,0.0,-1.4518362424517792,0.0,DC Healthcare Holdings Bhd
-0.11380573028951828,0.0,-0.06381872112535426,0.0,0.0,0.06822788898409637,0.11505181152281774,-0.10026214194425001,0.0,-0.11030050778470113,-0.788311890690531,0.0,-0.1611923722496711,-0.07553570626187657,-0.9966481255042196,0.0,KHPT Holdings Bhd
0.0,-0.4121958955641225,0.0,0.0,-0.2714760762422013,-0.4852336408339981,-0.7832665481696734,0.2693424942402798,-0.24597094292787489,0.49768873885405973,0.0,0.0,0.0,-0.2531540226868934,-0.4541106477325876,-0.10251310177165181,Winstar Capital Bhd
0.0,-0.7662566123111566,0.0,0.0,-0.26266017473549536,0.045624685995880314,-0.11036173456884542,0.0,-0.5074771245744106,1.2468323707393985,-1.2289128301952412,0.0,0.0,0.0,-0.3305306859008396,-0.32931476216798594,Genting Malaysia Bhd
0.5256232356543362,-0.6176663590426384,0.0,0.0,0.2778714262651425,-0.2830709561057545,0.0,0.0,0.27160130380996755,-0.35053256971386815,0.0,0.0,-0.16343748542896339,-0.5298088626510333,-1.7423391301292381,0.3493281590484017,Eversendai Corporation Bhd
0.0,0.12133924525393686,-0.8792134321008258,0.0,0.0,0.0,0.0,-0.04102549682591878,1.2962615874096766,-0.80140086494202,-0.15758360525052018,0.0,-0.6336033048416568,-0.7595662484746744,0.09822407506659249,-0.51150703819273,Ocean Vantage Holdings Bhd
-0.09649296022892573,-0.3123347109670157,0.0,-0.18958526669026796,0.0,-0.2467856923720138,-0.15615194454740353,-0.18028115248620477,0.0,0.0,-0.2837370694381048,0.0,0.0,-0.10894033190349654,-0.5449715355153499,-0.1494877399773842,A1 A.K. Koh Group Bhd
0.0,-0.168564159463322,0.19533943825907185,-1.9365076932667622,-0.4495905535418765,-0.16048886287356534,-0.24966281387851283,-0.12830164173228695,-0.21380570196517404,0.3884102986646882,0.0,0.0,0.0,0.4467963024867582,0.0,0.0,Kerjaya Prospek Group Bhd
-0.07319469064151174,-0.38117490053723935,-0.1125148083715441,-0.0837990418218633,0.0,-0.07061314049193228,0.0,-0.250512303595933,0.0,0.0,-0.454385665519789,-0.12044375128265807,0.0,-0.6803564633009566,0.0,-0.05170472605663612,Kawan Renergy Bhd
-0.6555300721955466,0.0,-0.42728487934124276,0.0,-0.2201932910575528,0.0,0.0,0.0,2.021366572647174,-1.353087058402474,-1.8994043928074245,-0.32080754161086733,-0.47635077035261425,0.7846522633405996,0.0,0.25621377560251224,Sanichi Technology Bhd
-1.0723289732354822,0.0,-0.2918359300052618,0.0,0.0,-0.26267116621347375,-0.3134091162893677,-4.065109407281184,0.8617260791399712,0.0,0.0,0.47956973034992506,0.9824566388361711,0.0,-0.11049836175395773,1.4985332322398242,DynaFront Holdings Bhd
0.5446680211643439,-0.3275713355956797,-0.5215152135311941,-0.1204826841947999,0.0,0.0,-0.9410109755902543,-0.3329118940649408,0.0,0.3353568443440305,-0.7095555251729458,0.0,-0.07883553540190445,0.0,0.0,-0.1452561677893652,MyAxis Group Bhd
-0.8194725028113661,0.0,0.9406478286232067,-0.34244476344262664,0.0,0.0,0.4688512496489521,-0.8734666504074078,1.1897906147759898,-1.4411407906119071,-0.7345189826691105,-0.437088855352228,-0.26329913662698434,0.0,0.0,0.0,New Hoong Fatt Holdings Bhd
0.0,0.42348639263120547,-0.7566037723146287,0.0,-0.14707609484654577,-0.3074938366340678,0.0,0.0,-0.588422314374467,0.7596782912031642,-1.5414145301084112,0.0,-0.095273281761362,-0.3869129631661164,0.3252122030172788,0.0,GFM Services Bhd
-0.210163238830886,0.39624104095233,-0.6174791640660429,-0.5461493345010955,-0.5489547574079318,0.0,0.14501140571706803,0.0,0.324979367727148,-1.1071638242044632,-0.36563970304571286,0.0,0.0,0.21158482626901476,0.0,0.0,Johor Plantations Group Bhd
0.5083665169067442,-0.47249965007171857,0.5025419247620011,-0.357543608779862,0.0,-0.9046745426298824,-0.8518695166121357,0.0,-0.4780853243234159,0.7200613711867762,0.0,0.0,0.0,-0.49612566626280485,-0.5107854397654922,0.0,Vestland Bhd
0.0,0.0,-0.1484554669340516,-0.08415441454452721,0.0,0.0,-0.7125471139422876,-0.34183290785533527,0.0,-0.41727195575859183,-0.04509826420858599,0.0,-0.01251241437647873,0.08543305088251119,-0.5873857061423815,-0.0902283980140165,Manforce Group Bhd
0.0,0.3577064342773819,-0.0989253321695934,-0.3105807912918271,-0.17776777148995787,-0.48023164773455546,0.0,-1.233321596565576,-0.31864066262868174,0.4100999395997474,-0.11519498114838053,0.0,0.0,0.0,0.0,-0.39080922321569084,Kim Loong Resources Bhd
-0.2523046173567433,0.0,-0.6467930524987987,0.0,-0.1768918352741275,-0.11016584084561076,-0.2237462339727333,-0.33103629906872173,-0.1769734776159485,0.3567385400806005,0.0,-0.06727553487001581,0.0,0.0,0.0,-0.7333180805055813,Widad Group Bhd
0.0,-0.06721626952954171,0.0,-0.0759875496190703,-0.1206472530282086,-0.4347257920956246,0.0,0.0,-0.14748241702283688,0.0,-0.053379580630423806,0.0,-0.15279185032340245,-0.11742796559160149,-0.8032919803361469,-0.42084969403890965,RGT Bhd
-0.3635692235779331,1.1977702818900928,0.0,1.6072349198644031,-0.21438088861030108,0.0,-0.24170375985864165,0.0,0.0,0.0,0.0,-4.3217605094737435,-0.3005968049866908,0.4495129791268324,0.272234776405595,-0.4924319125766792,Genetec Technology Bhd
-0.3083768350827872,0.0,-0.13162875275007627,0.0,-0.16046517965844448,-0.1647114020913247,0.0,-0.21187809570570376,-0.18787662536567895,0.0,-0.17263383902643611,0.0,0.0,-0.509804623566268,-0.3874976761578539,-0.17973077434927925,Avaland Bhd
-0.24392275998879082,0.0,-0.4695782492356634,-0.09932657525845902,-0.07558945341458771,-0.2678118411740807,0.0,-0.33812267745965674,0.0,0.0,-0.8321724075052911,-0.024923562418121117,-0.041494217444301026,-0.028137985300457302,0.0,0.0,Rhong Khen International Bhd
-1.300649673951047,0.7369694736434045,-1.2337797684345375,0.0013015654079571255,0.0,0.0,-0.21475666851920527,0.0,2.2534515778699395,-1.6903546265406886,-1.3233445076585564,0.43970939586391333,-0.09623641356760028,0.0,0.0,0.0,Chemlite Innovation Bhd
0.0,-0.30736578605255616,-0.14914237452363838,-0.37100539893134443,-0.18297919216903935,0.0,0.0,0.0,-1.1805885723712102,1.10755477323366,-0.36013442686109426,-0.17252187958394488,0.0,-0.5569946194183855,-0.25962004884753914,0.0,Aemulus Holdings Bhd
-0.7120502725333913,0.0,-1.3092969484919053,-0.13149748811325054,-0.0777566803598796,0.3454465052929816,0.0,-0.2162798542936351,-0.1925671276161668,-0.47250939801602015,0.0,0.0,0.0,0.4381869103148543,-0.12669950532684365,0.0,MKH Oil Palm (East Kalimantan) Bhd
0.0,0.0,0.06338224753884637,-1.049611701407561,0.0,-0.46257646845962963,-0.3829461665392394,-0.08343064380469216,-0.2552558343662195,0.22562805623005122,-0.35350138348265486,0.0,-0.06306308338835968,0.0,-0.09985348656633691,0.0,Kelington Group Bhd
-0.1689477028629398,0.0,0.0,-0.1864155618742639,-0.07173085765696822,-0.11295752469783525,0.0,-1.0061942746488237,-0.11866851727194448,-0.35068220992391114,0.0,-0.013123098741851358,0.0,-0.06595148926313717,0.0,-0.391441451242109,Total Dynamic Holdings Bhd
0.0,0.2501032670511084,-0.16963313471851962,0.0,0.2612778526099825,0.0,-0.15829556896475167,-0.07522411926090866,0.0,0.1622119028795771,-0.0692759477660036,0.41924915562577414,0.0,-2.291136109584708,-0.8157552433185185,0.0,Golden Destinations Group Bhd
0.0,0.8244890898029338,-1.058009744131479,-0.3142176902026246,0.0,-0.2683145198969698,-0.6139879205493173,0.0,0.0,0.7009826099074505,0.7986248499963519,0.0,-0.5072769355200101,0.0,-1.622828940878729,-0.43661131324947655,Scope Industries Bhd
0.0,-1.0871086810563748,0.663727724668944,-0.34987672341534415,0.0,0.0,-0.31527034400495074,0.0,-0.8637966038370783,0.9439707272488219,0.0,-0.4201714151082267,0.0,0.898241276898362,-1.7765167287285857,-0.19685094520237892,Ralco Corporation Bhd
0.7872216388208386,-0.04811914628026322,0.32581892140053265,0.0,0.0,-0.15720276453182114,-0.2618596279896895,-0.13231648707004431,0.0,0.0,-0.7754622602841275,0.0,0.0,0.22246135569618594,-2.3775840688481678,-0.08807411720025504,Foodie Media Bhd
0.14933468964318264,0.28157948191752225,0.0,-1.9892617262125811,-0.11917088158645686,-0.6353917910454779,-0.03558062674076655,0.0,-0.41686180679904195,0.2243674977731948,-0.1269960251559564,0.0,0.0,0.150029606132216,0.0,0.0,Infoline Tec Group Bhd
0.2906443020356173,0.0,-0.28705025840601844,-1.6937910713206952,0.33004473734263134,0.0,-0.1111744348106934,0.0,-0.41602298554067935,0.3277437145717719,0.0,0.0,-0.17566377130403324,-0.44903365338028456,-0.34641213831256273,0.0,Gas Malaysia Bhd
-1.444045517579229,3.1884260684266823,-0.1933228435780993,0.0,0.0,0.0,0.0,-0.8879189444751009,-1.2156043304705688,-1.1546599153839858,0.0,-0.4295357209105597,0.0,-0.1399833983588766,-0.42697953044019565,0.16957119037472348,Oppstar Bhd
-0.057230168823711895,0.0,-0.6922094636935537,-0.026983893383016433,0.0,-0.04308985249311411,-0.1524812209566273,0.0,0.0,-0.41379120589529766,-0.846961479001937,0.0,-0.0614154499291377,-0.0891723537924034,0.0,-0.1518150567274356,Pegasus Heights Bhd
0.6018701910539086,-0.47095574013764735,0.0,0.0,0.0,-0.8602479746751922,-0.5499750298772554,0.3520779696805305,0.0,0.1878989913573089,0.0,-0.13681633513559638,0.0,-0.4933557338395246,-0.7833926502413294,-0.42172879702328425,Tuju Setia Bhd
0.0,-0.4258190210292717,0.5051977325719741,0.0,0.0401188053609023,-0.21138371306363693,0.0,0.0,-0.6626759002230812,0.32192833180535096,-0.3320393516508298,0.0,-0.2662188525213349,-0.766361715902901,-0.7781047997345695,0.0,Azam Jaya Bhd
-0.7349026777035519,0.5635214408360322,-0.4448228152789223,0.0,-0.05899156572658601,0.0,-0.21033005435833577,-0.25898689758519394,0.0,0.0,-1.1120709077777995,-0.15587329853149462,-0.10413641219709646,0.0,0.0,-0.09609067829711493,Southern Acids (M) Bhd
-0.9005837171307646,0.0,-0.3860842857650209,0.0,-0.5217805523544556,0.0,-0.1898833993079192,-0.12086167309414443,2.9921358701803973,-2.597713332649934,-0.06125807547461202,-0.3216118466691907,0.0,0.0,-0.5205143127894778,0.0,Sorento Capital Bhd
-0.3160499877783064,0.0,0.0,-0.11294482709959927,0.0,0.0,-0.09043811181217173,0.0,0.5089216643147121,-1.2269657281735984,-1.0889256689557514,0.0,-0.1106594352120591,-0.066070872579885,0.057378663432069765,-0.18871148414219308,Pba Holdings Bhd
0.2648018169969016,0.0,-0.8545165570430183,0.0,-0.3536259219558707,-0.6658036937578817,0.21581980312569451,0.0,-0.10283285696269573,-1.9106006043508044,0.0,0.0,0.0,0.24798851995589766,0.40142171577384567,0.12072382523312201,Yinson Holdings Berhad
0.3791857605229324,-0.22415068233846475,0.0,0.0,0.0,-0.3893917582261097,-0.2572671501003063,0.0,-0.37217584401785814,0.575656951016536,-0.42745863155640024,-0.18980203263772752,0.0,0.0,-1.6785820398949867,-0.08623218038499347,RGB International Bhd
-0.4433792693453824,0.0,-0.23054785806707445,-0.1974512883757409,-0.1239455362693187,-0.30858608796845016,0.0,0.0,0.0,-0.5730242805583207,-0.16664900156369444,0.0,-0.2078925295838728,-0.23429355004012914,-0.23868271054510098,0.0,GUH Holdings Bhd
0.0,0.0,0.0,-0.15987168277047425,-0.11157693854235208,-0.2940520708601084,-0.42739067494597843,0.0,-0.05790820496890581,0.3649467728063982,-0.093235705562902,0.0,0.0,-1.586280929317011,-0.16683536317740433,-0.2439011769778586,Ping Edge Technology Bhd
-1.1983902773820536,1.980405551058885,-0.01605525856442029,0.15267922172154963,0.0,-0.1263432060778125,0.0,-1.19256456749892,-0.435171244264733,-1.544451294988362,-0.6499875260362448,0.24614275634710658,0.0,0.0,0.0,0.0,Elsoft Research Bhd
-1.085534589787558,-0.37652634284588243,-0.5686944277804463,-1.1619409018333102,0.0,0.728616068866797,0.0,-3.3805522876473297,3.30054006599427,-0.8147284515973076,-0.3735783223858564,0.0,0.875384439370438,0.0,0.0,0.0,JcbNext Bhd
-0.5105370693987475,0.0,0.8494190514881876,0.0,0.0,0.0,-0.5846718529763024,-2.290687404524198,0.9039939228580782,0.4654925018944455,0.25144215254906405,0.0,-0.44975017695131525,0.0,-0.08775309938475519,-1.4107848844230557,Pimpinan Ehsan Bhd
-0.1591034540247596,0.0,0.0,-0.6764705899869916,0.0,0.0,0.0,-0.6087215722709316,-0.37243440386861554,0.7515990949447224,0.0,-0.19965027416541672,-0.2180605875187365,-1.005595572028611,-0.6697268037528038,0.2785582989817681,Key ASIC Bhd
-0.19346990960084764,0.0,-0.837872369975617,-0.32812813037777816,0.0,-0.39664664835488395,-0.529260922746972,0.0,0.0,0.0,-0.5986812974166602,-0.05266521261377344,0.0,0.12602437289890184,0.13688956248795206,-0.2326111992565661,Paradigm Real Estate Investment Trust
-0.24854826982474124,0.26979080717528126,-0.819270793449279,-0.21312140253077846,0.0,0.22281242012263605,0.0,-0.2960081237807723,0.0,0.36252715898980675,-1.6474167460142064,0.0,-0.1387792686179163,0.0,0.0,-0.43510158686148004,Hartalega Holdings Bhd
0.27702801037582103,0.0,0.0,0.16490915184058608,-0.1028518174143315,-0.3188522649755293,0.0,-0.13403764399676482,-0.8112772494645074,0.0,-0.46291443097052204,0.0,0.0,-0.35181516404344115,-1.0498235377747749,-0.19154104666144317,Milux Corporation Bhd
-0.18577034162242356,0.0,-0.18591096611515168,0.0,-0.14781756765060786,-0.11356911522181962,0.0,0.0,0.0,-1.2618821524898705,-0.634273897491698,-0.07732280445679708,-0.040012020616782884,-0.24648141418152314,0.0,-0.09133672108125049,Genting Plantations Bhd
-0.38046782553684405,0.5668815162629465,0.032755649528138864,-1.4285155760303223,0.0,0.0,0.0,-0.6805627470423676,1.9696157179965121,-1.8214751866608399,-0.8481653230293655,0.0,0.0,-0.12817835797567456,0.0,-0.26687998837419,Oriental Kopi Holdings Bhd
0.5169064712613096,-0.554378319671998,0.0,-0.10410876180479178,0.0,0.3128282513287022,0.0,0.3823971435464576,-0.8744642014004578,0.6961831786327806,0.0,0.0,0.0,-1.4839805479579662,-1.4361301264859254,-0.4556708903779884,Systech Bhd
-0.7721150686127087,1.3105456114989928,0.0,-2.2066124968245813,2.0148473212670734,-1.0498478133239815,0.0,-2.157814527195869,0.12709101668897954,0.0,0.0,-0.5393584399008697,-0.09908389163600305,0.0,0.346504097322224,0.0,Uchi Technologies Bhd
-0.751270095626065,1.4970866508960472,0.0,0.0,-0.16380709951185884,-0.7761463803122147,0.4774298082177175,-2.557335684639356,0.0,-0.5430949678076681,0.643327634683846,-0.1458698302778472,-0.717067584798816,0.0,0.0,0.0,Solar District Cooling Group Bhd
-0.9506560613835149,0.5803953467134717,-0.8898957635195266,-0.23578112160773898,-0.1777540070230675,0.0,-0.1215512928503844,-0.7979552171440788,0.3576418455479059,-1.1107893220575613,0.28902681230623806,0.0,0.0,0.0,0.0,0.0,SIK Cheong Bhd
-0.2184406773747711,0.2571884137764613,0.0,-0.29777138838246264,0.23754280112893433,0.710484544876794,-1.2905192651737032,0.0,0.0,-0.3216722062690617,0.0,0.0,-0.3155196871067821,-1.6997534036275488,0.0,-0.19038873180532578,Verdant Solar Holdings Bhd
0.0,0.0,-0.1341125212880834,-0.09119825809735449,-0.1541597554508958,0.0,-1.7378636448414724,-0.20139794108660586,0.569246899129114,-0.9693573041036999,-0.1012039536610311,0.0,-0.24008468909040762,0.0,-0.2523450832309448,0.0,Paos Holdings Bhd
-0.1912220391330029,-0.17723698594926904,0.0,-0.17793419035505684,0.0,-0.40783848923045646,0.0,0.0,-0.3204165295415829,-0.15172075031187715,-0.25140661331237335,0.0,-0.16742550504858897,-0.7546254646008278,-0.7141221573828774,0.0,YBS International Bhd
0.0,-0.07297536821643348,0.18922397820547143,0.0,0.0,-0.07550384012916402,0.0,-2.178544936762242,-0.6589793391861545,0.14418610047534328,0.021317681318924874,0.0,-0.08967887366428205,0.0,-0.14131126814895223,-0.5224001935057392,Sancy Bhd
-0.3655471719769234,0.15477967895782596,0.0,0.0,0.0,-0.07481310350435451,-0.6959600746877664,0.26376469627022864,-0.10383726955605176,0.0,0.0,0.0,-0.33231165492221215,-1.6847715161210715,-0.19198486887254027,-0.4056805988697957,ARK Resources Holdings Bhd
-0.17915890620356376,0.0,-0.4233146737199447,-1.056583141237501,0.0,-0.24545073180826932,-0.285854245606494,-0.14293583688713052,0.0,-0.19841281139616396,-0.2765292060869831,-0.034102781889465916,-0.7348724766087655,0.0,0.0,0.0,Keyfield International Bhd
0.0,-0.22177403259472056,0.0,-0.8731740611354125,-0.2935097882661542,-0.438976410138633,-0.8448248891061679,-0.2474669440538466,0.0,0.0,-0.5272003983109492,0.0,0.0,-0.0776849473979563,-0.04274339986775111,-0.35174741463274956,Petronas Dagangan Bhd
0.0,0.0,0.0,0.0,-0.5054553501707924,-2.638549590856145,-0.8321970400979477,-0.13974570440691192,-0.7545505624830185,-0.4113054932532143,1.6425558504399136,0.0,0.09365671028930841,0.0,-0.09743952215053196,-0.48334840395147627,PBS Bhd
0.9603682793554115,-1.0413316909304173,-0.23171382781882233,0.35632235591145034,0.0,0.5544840884077116,0.0,0.0,-0.9014855107337926,0.0,0.0,0.46858569596717103,-0.34021989325298047,-4.053557361555293,0.0,-0.1073286937734812,Jagasolution Bhd
0.0,-0.34955798252259984,0.0,-1.5393279447793062,-0.0795417280312821,-0.8573676893799287,0.0,-0.07427726806956972,-0.05298389607878624,0.0,-0.2721384726771684,-0.07570204020449989,0.0,-0.1397205012634738,-0.9542580970008988,0.0,MN Holdings Bhd
-1.5647211205600946,-0.8187417208603623,-0.7392349617979191,0.0,0.0,0.9120537028487729,0.0,-4.130974194215673,0.2096196220728821,-2.927176716926142,1.822812225954387,0.0,0.6936177767625843,0.0,2.1294218907374876,0.0,Jadi Imaging Holdings Bhd
0.0,-0.1527827878209013,0.2445754405987488,-1.57751404407942,-0.2804992656777996,-0.6189770618704951,-0.19593968355370017,0.0,0.0,0.0,-0.18113212728094535,0.0,0.0,-0.3178805081329455,-1.736120591924872,-0.11088972689848609,GDB Holdings Bhd
0.3737902183147721,-0.7511730366769769,0.0,-0.9320577136800301,-0.887624623538247,-1.0220108361847386,0.0,0.0,-0.3245214959673048,-0.41654847335451567,-0.4350074374804954,0.0,0.4523274299647647,-2.006901660224324,0.0,0.0,Sunway Construction Group Bhd
