company_name,period_end,risk_score,split,pn17_gn3_label
Onetech Solutions Holdings Bhd,2021-12-31,-1.7495036,fit,0
Onetech Solutions Holdings Bhd,2022-12-31,-2.3176887,fit,0
Onetech Solutions Holdings Bhd,2023-12-31,-2.8420043,fit,0
Onetech Solutions Holdings Bhd,2024-12-31,-2.5155973,val,0
Onetech Solutions Holdings Bhd,2025-12-31,-2.3321025,test,0
Three-A Resources Bhd,2021-12-31,-2.382389,fit,0
Three-A Resources Bhd,2022-12-31,-3.4517457,fit,0
Three-A Resources Bhd,2023-12-31,-2.7889898,fit,0
Three-A Resources Bhd,2024-12-31,-2.8518217,val,0
Three-A Resources Bhd,2025-12-31,-2.5219672,test,0
3REN Bhd,2021-12-31,-2.5455396,fit,0
3REN Bhd,2022-12-31,-2.8337636,fit,0
3REN Bhd,2023-12-31,-3.480028,fit,0
3REN Bhd,2024-12-31,-2.8088796,val,0
3REN Bhd,2025-12-31,-3.3551733,test,0
5E Resources Holdings Bhd,2022-12-31,-1.6900964,fit,0
5E Resources Holdings Bhd,2023-12-31,-0.8540169,fit,0
5E Resources Holdings Bhd,2024-12-31,-2.956476,val,0
5E Resources Holdings Bhd,2025-12-31,-2.222993,test,0
99 Speed Mart Retail Holdings Bhd,2022-12-31,-3.2144005,fit,0
99 Speed Mart Retail Holdings Bhd,2023-12-31,-3.2948077,fit,0
99 Speed Mart Retail Holdings Bhd,2024-12-31,-2.8686657,val,0
99 Speed Mart Retail Holdings Bhd,2025-12-31,-2.7475708,test,0
99 Speed Mart Retail Holdings Bhd,2026-12-31,-2.3825674,test,0
A1 A.K. Koh Group Bhd,2022-06-30,-2.547001,fit,0
A1 A.K. Koh Group Bhd,2023-06-30,-2.824134,fit,0
A1 A.K. Koh Group Bhd,2024-06-30,-2.8254573,val,0
A1 A.K. Koh Group Bhd,2025-06-30,-3.6672873,test,0
AirAsia Group Bhd,2024-12-31,-1.3957596,val,0
AirAsia Group Bhd,2025-12-31,-0.13113967,test,0
AirAsia Group Bhd,2026-12-31,-0.843639,test,0
Associated Air-Pak Industries Bhd,2023-12-31,-2.7287364,fit,0
Associated Air-Pak Industries Bhd,2024-12-31,-2.9608018,val,0
Associated Air-Pak Industries Bhd,2025-12-31,-3.133026,test,0
Astral Asia Bhd,2021-12-31,-0.90938056,fit,0
Astral Asia Bhd,2022-12-31,2.257072,fit,0
Astral Asia Bhd,2023-12-31,-2.3821888,fit,0
Astral Asia Bhd,2024-12-31,-2.3473995,val,0
Astral Asia Bhd,2025-12-31,-2.3981392,test,0
Able Global Bhd,2022-12-31,-2.2076495,fit,0
Able Global Bhd,2023-12-31,-3.8485663,fit,0
Able Global Bhd,2024-12-31,-1.9310517,val,0
Able Global Bhd,2025-12-31,-2.3942888,test,0
Able Global Bhd,2026-12-31,-2.5361688,test,0
AbleGroup Bhd,2021-12-31,-2.5593622,fit,0
AbleGroup Bhd,2022-12-31,-2.155862,fit,0
AbleGroup Bhd,2023-12-31,-2.3663027,fit,0
AbleGroup Bhd,2024-12-31,-2.1766481,val,0
AbleGroup Bhd,2025-12-31,-2.1555827,test,0
Alliance Bank Malaysia Bhd,2023-03-31,-2.0115907,fit,0
Alliance Bank Malaysia Bhd,2024-03-31,-0.21775568,val,0
Alliance Bank Malaysia Bhd,2025-03-31,-2.021407,test,0
Alliance Bank Malaysia Bhd,2026-03-31,-2.1947098,test,0
Alliance Bank Malaysia Bhd,2027-03-31,-2.4777439,test,0
ACME Holdings Bhd,2022-03-31,-1.3505616,fit,0
ACME Holdings Bhd,2023-03-31,-1.690912,fit,0
ACME Holdings Bhd,2024-03-31,-2.4941235,val,0
ACME Holdings Bhd,2025-03-31,-2.4797695,test,0
ACME Holdings Bhd,2026-03-31,-2.8729403,test,0
ACO Group Bhd,2023-02-28,-1.9782726,fit,0
ACO Group Bhd,2024-02-28,-1.9643009,val,0
ACO Group Bhd,2025-02-28,-3.1252353,test,0
ACO Group Bhd,2026-02-28,-2.6692402,test,0
ACO Group Bhd,2027-02-28,-2.50174,test,0
AutoCount Dotcom Bhd,2021-12-31,1.1099259,fit,0
AutoCount Dotcom Bhd,2022-12-31,-3.718474,fit,0
AutoCount Dotcom Bhd,2023-12-31,-1.4414294,fit,0
AutoCount Dotcom Bhd,2024-12-31,-2.9753022,val,0
AutoCount Dotcom Bhd,2025-12-31,-2.0131228,test,0
Adnex Group Bhd,2022-12-31,-0.93370855,fit,0
Adnex Group Bhd,2023-12-31,-3.1815715,fit,0
Adnex Group Bhd,2024-12-31,-3.7351193,val,0
Adnex Group Bhd,2025-12-31,-3.607056,test,0
Advancecon Holdings Bhd,2022-12-31,-1.4638119,fit,0
Advancecon Holdings Bhd,2023-12-31,-4.438607,fit,0
Advancecon Holdings Bhd,2024-12-31,-1.5083297,val,0
Advancecon Holdings Bhd,2025-12-31,-2.2361631,test,0
Advancecon Holdings Bhd,2026-12-31,-1.8742119,test,0
Adventa Bhd,2021-12-31,-2.2892826,fit,0
Adventa Bhd,2022-12-31,-2.2887332,fit,0
Adventa Bhd,2023-12-31,-2.9625142,fit,0
Adventa Bhd,2024-12-31,-4.1102448,val,0
Adventa Bhd,2025-12-31,-2.5061944,test,0
AE Multi Holdings Bhd,2022-03-31,0.7164196,fit,0
AE Multi Holdings Bhd,2023-03-31,-4.5508866,fit,0
AE Multi Holdings Bhd,2024-03-31,-0.50043833,val,0
AE Multi Holdings Bhd,2025-03-31,-0.9933002,test,0
AE Multi Holdings Bhd,2026-03-31,-1.944428,test,0
Aemulus Holdings Bhd,2022-09-30,-2.6634166,fit,0
Aemulus Holdings Bhd,2023-09-30,-1.8191496,fit,0
Aemulus Holdings Bhd,2024-09-30,-2.71053,val,0
Aemulus Holdings Bhd,2025-09-30,-2.5292141,test,0
Aemulus Holdings Bhd,2026-09-30,-2.5901809,test,0
AEON CO (M) Bhd,2022-12-31,0.017542139,fit,0
AEON CO (M) Bhd,2023-12-31,-2.1946843,fit,0
AEON CO (M) Bhd,2024-12-31,-0.37118572,val,0
AEON CO (M) Bhd,2025-12-31,-2.4006789,test,0
AEON CO (M) Bhd,2026-12-31,-1.3702558,test,0
AEON Credit Service (M) Bhd,2023-02-28,-0.60613215,fit,0
AEON Credit Service (M) Bhd,2024-02-28,-1.7058951,val,0
AEON Credit Service (M) Bhd,2025-02-28,-0.75311184,test,0
AEON Credit Service (M) Bhd,2026-02-28,-0.8589337,test,0
AEON Credit Service (M) Bhd,2027-02-28,0.19092718,test,0
Affin Bank Bhd,2022-12-31,-0.6428021,fit,0
Affin Bank Bhd,2023-12-31,-2.9903998,fit,0
Affin Bank Bhd,2024-12-31,-2.8491108,val,0
Affin Bank Bhd,2025-12-31,-2.9297695,test,0
Affin Bank Bhd,2026-12-31,-2.6684608,test,0
ABM Fujiya Bhd,2021-12-31,-2.4324028,fit,0
ABM Fujiya Bhd,2022-12-31,-2.5731568,fit,0
ABM Fujiya Bhd,2023-12-31,-2.0800595,fit,0
ABM Fujiya Bhd,2024-12-31,-1.7091405,val,0
ABM Fujiya Bhd,2025-12-31,-0.13803779,test,0
Agmo Holdings Bhd,2023-03-31,-1.4308784,fit,0
Agmo Holdings Bhd,2024-03-31,-2.006147,val,0
Agmo Holdings Bhd,2025-03-31,-1.9908141,test,0
Agmo Holdings Bhd,2026-03-31,-2.6128125,test,0
Agmo Holdings Bhd,2027-03-31,-3.3334374,test,0
Agricore CS Holdings Bhd,2021-12-31,-3.161284,fit,0
Agricore CS Holdings Bhd,2022-12-31,-2.7375298,fit,0
Agricore CS Holdings Bhd,2023-12-31,-3.011309,fit,0
Agricore CS Holdings Bhd,2024-12-31,-3.0687058,val,0
Agricore CS Holdings Bhd,2025-12-31,-3.5148034,test,0
AGX Group Bhd,2022-12-31,-2.9374974,fit,0
AGX Group Bhd,2023-12-31,-2.9372349,fit,0
AGX Group Bhd,2024-12-31,-3.041073,val,0
AGX Group Bhd,2025-12-31,-2.623012,test,0
AGX Group Bhd,2026-12-31,-2.949297,test,0
Aimax Bhd,2021-09-30,-2.3980618,fit,0
Aimax Bhd,2022-09-30,-2.7622995,fit,0
Aimax Bhd,2023-09-30,-2.38525,fit,0
Aimax Bhd,2024-09-30,-2.6971352,val,0
Aimax Bhd,2025-09-30,-2.4590843,test,0
AIMFLEX Bhd,2021-12-31,-2.5706568,fit,0
AIMFLEX Bhd,2022-12-31,-3.574944,fit,0
AIMFLEX Bhd,2023-12-31,-3.4092891,fit,0
AIMFLEX Bhd,2024-12-31,-3.143929,val,0
AIMFLEX Bhd,2025-12-31,-3.6039884,test,0
Ajinomoto (Malaysia) Bhd,2023-03-31,-2.714578,fit,0
Ajinomoto (Malaysia) Bhd,2024-03-31,-3.0052066,val,0
Ajinomoto (Malaysia) Bhd,2025-03-31,-3.248962,test,0
Ajinomoto (Malaysia) Bhd,2026-03-31,-2.4767172,test,0
Ajinomoto (Malaysia) Bhd,2027-03-31,-2.1927667,test,0
Ajiya Bhd,2021-12-31,-1.9408826,fit,0
Ajiya Bhd,2022-12-31,-1.8866057,fit,0
Ajiya Bhd,2023-12-31,-2.147845,fit,0
Ajiya Bhd,2024-12-31,-2.5988727,val,0
Ajiya Bhd,2025-12-31,-2.0629947,test,0
Alam Maritim Resources Bhd,2021-06-30,1.7898902,fit,0
Alam Maritim Resources Bhd,2022-06-30,3.5874279,fit,0
Alam Maritim Resources Bhd,2023-06-30,10.188463,fit,1
Alam Maritim Resources Bhd,2024-06-30,10.475392,val,1
Alam Maritim Resources Bhd,2025-06-30,3.076446,test,1
Al-Aqar Healthcare REIT,2022-12-31,-2.3246524,fit,0
Al-Aqar Healthcare REIT,2023-12-31,-2.2739744,fit,0
Al-Aqar Healthcare REIT,2024-12-31,-2.8128936,val,0
Al-Aqar Healthcare REIT,2025-12-31,-3.0847824,test,0
Al-Aqar Healthcare REIT,2026-12-31,-3.3757174,test,0
Alcom Group Bhd,2021-12-31,-3.0177102,fit,0
Alcom Group Bhd,2022-12-31,-4.333639,fit,0
Alcom Group Bhd,2023-12-31,-2.9523165,fit,0
Alcom Group Bhd,2024-12-31,-3.5668602,val,0
Alcom Group Bhd,2025-12-31,-3.5944648,test,0
Allianz Malaysia Bhd,2022-12-31,-2.2946343,fit,0
Allianz Malaysia Bhd,2023-12-31,-0.96305525,fit,0
Allianz Malaysia Bhd,2024-12-31,-2.8053837,val,0
Allianz Malaysia Bhd,2025-12-31,-3.0952926,test,0
Allianz Malaysia Bhd,2026-12-31,-3.0843322,test,0
Alpha IVF Group Bhd,2023-05-31,-3.0286403,fit,0
Alpha IVF Group Bhd,2024-05-31,-2.5269394,val,0
Alpha IVF Group Bhd,2025-05-31,-2.946814,test,0
Alpha IVF Group Bhd,2026-05-31,-2.0419505,test,0
Alpha IVF Group Bhd,2027-05-31,-3.9668283,test,0
Aldrich Resources Bhd,2023-06-30,-1.5560565,fit,0
Aldrich Resources Bhd,2024-06-30,-2.68002,val,0
Aldrich Resources Bhd,2025-06-30,-2.596423,test,0
Aldrich Resources Bhd,2026-06-30,-1.7347692,test,0
Al-Salam Real Estate Investment Trust,2022-12-31,-2.1996248,fit,0
Al-Salam Real Estate Investment Trust,2023-12-31,-2.4725888,fit,0
Al-Salam Real Estate Investment Trust,2024-12-31,7.4664116,val,0
Al-Salam Real Estate Investment Trust,2025-12-31,11.053552,test,0
Al-Salam Real Estate Investment Trust,2026-12-31,-1.2281094,test,0
Ammb Holdings Bhd,2023-03-31,-2.5659168,fit,0
Ammb Holdings Bhd,2024-03-31,-3.0724006,val,0
Ammb Holdings Bhd,2025-03-31,-1.555581,test,0
Ammb Holdings Bhd,2026-03-31,-2.6312962,test,0
Ammb Holdings Bhd,2027-03-31,-2.682858,test,0
Ambest Group Bhd,2022-12-31,-2.433052,fit,0
Ambest Group Bhd,2023-12-31,-2.51401,fit,0
Ambest Group Bhd,2024-12-31,-3.6656997,val,0
Ambest Group Bhd,2025-12-31,-2.5325866,test,0
AME Elite Consortium Bhd,2023-03-31,-2.3805103,fit,0
AME Elite Consortium Bhd,2024-03-31,-2.5805752,val,0
AME Elite Consortium Bhd,2025-03-31,-3.146819,test,0
AME Elite Consortium Bhd,2026-03-31,-2.6113799,test,0
AME Elite Consortium Bhd,2027-03-31,-4.000226,test,0
AME Real Estate Investment Trust,2023-03-31,-0.6666553,fit,0
AME Real Estate Investment Trust,2024-03-31,-2.8265796,val,0
AME Real Estate Investment Trust,2025-03-31,-2.5294573,test,0
AME Real Estate Investment Trust,2026-03-31,-0.6480613,test,0
AME Real Estate Investment Trust,2027-03-31,-2.2164855,test,0
AmFIRST Real Estate Investment Trust,2023-03-31,1.0511146,fit,0
AmFIRST Real Estate Investment Trust,2024-03-31,-0.16939309,val,0
AmFIRST Real Estate Investment Trust,2025-03-31,3.7698462,test,0
AmFIRST Real Estate Investment Trust,2026-03-31,0.6977016,test,0
AmFIRST Real Estate Investment Trust,2027-03-31,3.9605532,test,0
Amlex Holdings Bhd,2022-03-31,-2.6340466,fit,0
Amlex Holdings Bhd,2023-03-31,-3.203088,fit,0
Amlex Holdings Bhd,2024-03-31,-2.7602618,val,0
Amlex Holdings Bhd,2025-03-31,-3.075869,test,0
Amlex Holdings Bhd,2026-03-31,-2.5183582,test,0
AMS Advanced Material Bhd,2022-09-30,-2.5984058,fit,0
AMS Advanced Material Bhd,2023-09-30,-3.182367,fit,0
AMS Advanced Material Bhd,2024-09-30,-2.9402254,val,0
AMS Advanced Material Bhd,2025-09-30,-3.046578,test,0
Amtel Holdings Bhd,2021-11-30,-1.8849388,fit,0
Amtel Holdings Bhd,2022-11-30,-2.1095033,fit,0
Amtel Holdings Bhd,2023-11-30,-1.0403311,fit,0
Amtel Holdings Bhd,2024-11-30,-2.0455985,val,0
Amtel Holdings Bhd,2025-11-30,-2.3751361,test,0
Amway (Malaysia) Holdings Bhd,2022-12-31,-5.0847116,fit,0
Amway (Malaysia) Holdings Bhd,2023-12-31,-3.9978974,fit,0
Amway (Malaysia) Holdings Bhd,2024-12-31,-2.9190373,val,0
Amway (Malaysia) Holdings Bhd,2025-12-31,-3.6525674,test,0
Amway (Malaysia) Holdings Bhd,2026-12-31,-2.801267,test,0
Analabs Resources Bhd,2022-04-30,-2.4393733,fit,0
Analabs Resources Bhd,2023-04-30,-1.8629708,fit,0
Analabs Resources Bhd,2024-04-30,-1.4837053,val,0
Analabs Resources Bhd,2025-04-30,-2.4433844,test,0
Analabs Resources Bhd,2026-04-30,0.61570144,test,0
Ancom Logistics Bhd,2022-05-31,-1.6015532,fit,0
Ancom Logistics Bhd,2023-05-31,-1.627115,fit,0
Ancom Logistics Bhd,2024-05-31,-3.5107362,val,0
Ancom Logistics Bhd,2025-05-31,-3.2879245,test,0
Ancom Logistics Bhd,2026-05-31,0.39802572,test,0
Ancom Nylex Bhd,2023-05-31,-3.2091997,fit,0
Ancom Nylex Bhd,2024-05-31,-2.4871826,val,0
Ancom Nylex Bhd,2025-05-31,-2.5022612,test,0
Ancom Nylex Bhd,2026-05-31,-2.4240365,test,0
Ancom Nylex Bhd,2027-05-31,-2.6413236,test,0
Aneka Jaringan Holdings Bhd,2021-08-31,-2.5267074,fit,0
Aneka Jaringan Holdings Bhd,2022-08-31,-2.8884854,fit,0
Aneka Jaringan Holdings Bhd,2023-08-31,-1.9845448,fit,0
Aneka Jaringan Holdings Bhd,2024-08-31,-1.9308128,val,0
Aneka Jaringan Holdings Bhd,2025-08-31,-2.373597,test,0
Ann Joo Resources Bhd,2022-12-31,-1.6743102,fit,0
Ann Joo Resources Bhd,2023-12-31,-3.614741,fit,0
Ann Joo Resources Bhd,2024-12-31,-3.0527334,val,0
Ann Joo Resources Bhd,2025-12-31,1.1860269,test,0
Ann Joo Resources Bhd,2026-12-31,-1.0881276,test,0
Alpha Ocean Resources Bhd,2021-06-30,-2.8673253,fit,0
Alpha Ocean Resources Bhd,2022-06-30,-2.1220214,fit,0
Alpha Ocean Resources Bhd,2023-06-30,-2.651905,fit,0
Alpha Ocean Resources Bhd,2024-06-30,-4.6098914,val,0
Alpha Ocean Resources Bhd,2025-06-30,-3.1899395,test,0
APB Resources Bhd,2022-09-30,-2.6580696,fit,0
APB Resources Bhd,2025-09-30,-2.2282493,test,0
APB Resources Bhd,2026-09-30,-1.6458277,test,0
APM Automotive Holdings Bhd,2021-12-31,-1.5741701,fit,0
APM Automotive Holdings Bhd,2022-12-31,-2.556567,fit,0
APM Automotive Holdings Bhd,2023-12-31,-2.4822028,fit,0
APM Automotive Holdings Bhd,2024-12-31,-3.0478563,val,0
APM Automotive Holdings Bhd,2025-12-31,-2.2127278,test,0
Apollo Food Holdings Bhd,2023-04-30,-3.6283746,fit,0
Apollo Food Holdings Bhd,2024-04-30,-3.4462564,val,0
Apollo Food Holdings Bhd,2025-04-30,-6.014448,test,0
Apollo Food Holdings Bhd,2026-04-30,-4.091569,test,0
Apollo Food Holdings Bhd,2027-04-30,-3.6022694,test,0
AppAsia Bhd,2021-12-31,-2.6071203,fit,0
AppAsia Bhd,2022-12-31,-3.203431,fit,0
AppAsia Bhd,2023-12-31,-2.227475,fit,0
AppAsia Bhd,2024-12-31,-2.1759462,val,0
AppAsia Bhd,2025-12-31,-2.143884,test,0
Aquawalk Group Bhd,2022-12-31,-2.265664,fit,0
Aquawalk Group Bhd,2023-12-31,-2.634813,fit,0
Aquawalk Group Bhd,2024-12-31,-2.637204,val,0
Aquawalk Group Bhd,2025-12-31,-3.4911587,test,0
Aquawalk Group Bhd,2026-12-31,-5.2542634,test,0
A-rank Bhd,2021-07-31,-2.8688037,fit,0
A-rank Bhd,2022-07-31,-2.7552419,fit,0
A-rank Bhd,2023-07-31,-2.617494,fit,0
A-rank Bhd,2024-07-31,-2.2472026,val,0
A-rank Bhd,2025-07-31,-2.7636986,test,0
ARB Bhd,2024-12-31,-0.54394317,val,0
ARB Bhd,2025-12-31,-1.964946,test,0
ARK Resources Holdings Bhd,2022-03-31,-2.2506566,fit,0
ARK Resources Holdings Bhd,2023-03-31,1.7779005,fit,0
ARK Resources Holdings Bhd,2024-03-31,-7.139323,val,0
ARK Resources Holdings Bhd,2025-03-31,-6.1468835,test,0
ARK Resources Holdings Bhd,2026-03-31,-4.1323934,test,0
Arka Bhd,2021-12-31,-3.122928,fit,0
Arka Bhd,2022-12-31,-4.5404606,fit,0
Arka Bhd,2023-12-31,-4.82734,fit,0
Arka Bhd,2024-12-31,-1.983037,val,0
Arka Bhd,2025-12-31,-2.4097736,test,0
Bumi Armada Bhd,2022-12-31,-1.2791528,fit,0
Bumi Armada Bhd,2023-12-31,-1.0502204,fit,0
Bumi Armada Bhd,2024-12-31,-2.280792,val,0
Bumi Armada Bhd,2025-12-31,8.700332,test,0
Bumi Armada Bhd,2026-12-31,-1.0621287,test,0
AmanahRaya Real Estate Investment Trust,2022-12-31,-1.5308478,fit,0
AmanahRaya Real Estate Investment Trust,2023-12-31,0.54296434,fit,0
AmanahRaya Real Estate Investment Trust,2024-12-31,-2.4625552,val,0
AmanahRaya Real Estate Investment Trust,2025-12-31,-2.741659,test,0
AmanahRaya Real Estate Investment Trust,2026-12-31,-1.065478,test,0
Artroniq Bhd,2021-12-31,-2.7027988,fit,0
Artroniq Bhd,2025-12-31,-3.3910985,test,0
Advance Synergy Bhd,2021-12-31,-2.6318574,fit,0
Advance Synergy Bhd,2022-12-31,-2.236733,fit,0
Advance Synergy Bhd,2023-12-31,-3.237787,fit,0
Advance Synergy Bhd,2024-12-31,-2.1551185,val,0
Advance Synergy Bhd,2025-12-31,-1.962174,test,0
Asia Brands Bhd,2022-03-31,-2.6029592,fit,0
Asia Brands Bhd,2023-03-31,-2.9464781,fit,0
Asia Brands Bhd,2024-03-31,-2.5230377,val,0
Asia Brands Bhd,2025-03-31,-2.602537,test,0
Asia Brands Bhd,2026-03-31,-2.3138206,test,0
Asia File Corporation Bhd,2023-03-31,-2.1814954,fit,0
Asia File Corporation Bhd,2024-03-31,-2.7549055,val,0
Asia File Corporation Bhd,2025-03-31,-2.7234297,test,0
Asia File Corporation Bhd,2026-03-31,-3.0066037,test,0
Asia File Corporation Bhd,2027-03-31,-2.803089,test,0
Asian Pac Holdings Bhd,2022-03-31,-2.443546,fit,0
Asian Pac Holdings Bhd,2023-03-31,-2.2547421,fit,0
Asian Pac Holdings Bhd,2024-03-31,-2.41717,val,0
Asian Pac Holdings Bhd,2025-03-31,-2.1532912,test,0
Asian Pac Holdings Bhd,2026-03-31,-0.26327914,test,0
Asia Poly Holdings Bhd,2021-12-31,-2.6439588,fit,0
Asia Poly Holdings Bhd,2022-12-31,-3.9664314,fit,0
Asia Poly Holdings Bhd,2023-12-31,-2.5232184,fit,0
Asia Poly Holdings Bhd,2024-12-31,-2.6719172,val,0
Asia Poly Holdings Bhd,2025-12-31,-2.6369846,test,0
ASM Automation Group Bhd,2022-03-31,-1.3492123,fit,0
ASM Automation Group Bhd,2023-03-31,-2.8571649,fit,0
ASM Automation Group Bhd,2024-03-31,-2.678823,val,0
ASM Automation Group Bhd,2025-03-31,-2.2879448,test,0
ASM Automation Group Bhd,2026-03-31,-2.766622,test,0
ASTEEL Group Bhd,2021-12-31,-2.8324082,fit,0
ASTEEL Group Bhd,2022-12-31,-3.3987448,fit,0
ASTEEL Group Bhd,2023-12-31,-4.130716,fit,0
ASTEEL Group Bhd,2024-12-31,-2.4702215,val,0
ASTEEL Group Bhd,2025-12-31,-2.4793403,test,0
Astino Bhd,2021-07-31,-2.0924804,fit,0
Astino Bhd,2022-07-31,-2.993939,fit,0
Astino Bhd,2023-07-31,-2.7854085,fit,0
Astino Bhd,2024-07-31,-2.7674408,val,0
Astino Bhd,2025-07-31,-1.9205644,test,0
Astramina Group Berhad,2022-02-28,-2.326442,fit,0
Astramina Group Berhad,2023-02-28,-2.8389146,fit,0
Astramina Group Berhad,2024-02-28,-3.9756393,val,0
Astramina Group Berhad,2025-02-28,-3.1674168,test,0
Astramina Group Berhad,2026-02-28,-2.2903087,test,0
Astro Malaysia Holdings Bhd,2023-01-31,-0.13113967,fit,0
Astro Malaysia Holdings Bhd,2024-01-31,-0.56342673,val,0
Astro Malaysia Holdings Bhd,2025-01-31,-2.7091827,test,0
Astro Malaysia Holdings Bhd,2026-01-31,0.38995847,test,0
Astro Malaysia Holdings Bhd,2027-01-31,1.210749,test,0
Aurelius Technologies Bhd,2022-12-31,-2.6382048,fit,0
Aurelius Technologies Bhd,2023-12-31,-2.6844904,fit,0
Aurelius Technologies Bhd,2024-12-31,-2.1057606,val,0
Aurelius Technologies Bhd,2025-12-31,-3.015844,test,0
Aurelius Technologies Bhd,2026-12-31,-2.7393827,test,0
Atlan Holdings Bhd,2023-02-28,-2.3774858,fit,0
Atlan Holdings Bhd,2024-02-28,-2.215211,val,0
Atlan Holdings Bhd,2025-02-28,-2.8016543,test,0
Atlan Holdings Bhd,2026-02-28,-2.2825763,test,0
Atlan Holdings Bhd,2027-02-28,-2.2788885,test,0
Atrium Real Estate Investment Trust,2021-12-31,0.19935152,fit,0
Atrium Real Estate Investment Trust,2022-12-31,1.7374697,fit,0
Atrium Real Estate Investment Trust,2023-12-31,-2.8485663,fit,0
Atrium Real Estate Investment Trust,2024-12-31,-0.41745713,val,0
Atrium Real Estate Investment Trust,2025-12-31,-0.2634707,test,0
AuMas Resources Bhd,2023-03-31,-3.0753806,fit,0
AuMas Resources Bhd,2024-03-31,-3.6551273,val,0
AuMas Resources Bhd,2026-03-31,-3.975318,test,0
AuMas Resources Bhd,2027-03-31,-3.268774,test,0
Auro Holdings Bhd,2022-02-28,-1.4872084,fit,0
Auro Holdings Bhd,2023-02-28,-3.4876034,fit,0
Auro Holdings Bhd,2024-02-28,-1.7060473,val,0
Auro Holdings Bhd,2025-02-28,-2.6800368,test,0
Auro Holdings Bhd,2026-02-28,-1.889276,test,0
Aurora Italia International Bhd,2022-03-31,-2.3307958,fit,0
Aurora Italia International Bhd,2023-03-31,-3.5819886,fit,0
Aurora Italia International Bhd,2024-03-31,-2.7581954,val,0
Aurora Italia International Bhd,2025-03-31,-1.6424469,test,0
Aurora Italia International Bhd,2026-03-31,-3.5088835,test,0
Autoris Group Holdings Bhd,2022-12-31,-2.1450427,fit,0
Autoris Group Holdings Bhd,2023-12-31,-0.6654048,fit,0
Autoris Group Holdings Bhd,2024-12-31,-3.6013114,val,0
Autoris Group Holdings Bhd,2025-12-31,-2.6395557,test,0
Avaland Bhd,2022-12-31,-0.89861333,fit,0
Avaland Bhd,2023-12-31,-2.7494326,fit,0
Avaland Bhd,2024-12-31,-2.0734456,val,0
Avaland Bhd,2025-12-31,-2.5489979,test,0
Avaland Bhd,2026-12-31,-2.9657145,test,0
Avangaad Bhd,2022-12-31,-0.79644346,fit,0
Avangaad Bhd,2023-12-31,-0.7612221,fit,0
Avangaad Bhd,2024-12-31,1.3382194,val,0
Avangaad Bhd,2025-12-31,-2.2643852,test,0
Avangaad Bhd,2026-12-31,-2.7259293,test,0
Avillion Bhd,2022-03-31,-2.868573,fit,0
Avillion Bhd,2023-03-31,-3.090092,fit,0
Avillion Bhd,2024-03-31,-2.8238003,val,0
Avillion Bhd,2025-03-31,-2.2265525,test,0
Avillion Bhd,2026-03-31,0.08851454,test,0
AwanBiru Technology Bhd,2022-06-30,-1.6732094,fit,0
AwanBiru Technology Bhd,2023-06-30,-1.8232347,fit,0
AwanBiru Technology Bhd,2024-06-30,-2.0203662,val,0
AwanBiru Technology Bhd,2025-06-30,-2.6639583,test,0
AWC Bhd,2022-06-30,-2.6126256,fit,0
AWC Bhd,2023-06-30,-2.4751277,fit,0
AWC Bhd,2024-06-30,-2.9863734,val,0
AWC Bhd,2025-06-30,-2.8623374,test,0
AWC Bhd,2026-06-30,-2.4389777,test,0
Axiata Group Bhd,2022-12-31,1.316017,fit,0
Axiata Group Bhd,2023-12-31,1.1601573,fit,0
Axiata Group Bhd,2024-12-31,3.699392,val,0
Axiata Group Bhd,2025-12-31,8.320607,test,0
Axiata Group Bhd,2026-12-31,2.102611,test,0
Axis Real Estate Investment Trust,2022-12-31,-1.0143632,fit,0
Axis Real Estate Investment Trust,2023-12-31,-2.0439656,fit,0
Axis Real Estate Investment Trust,2024-12-31,0.79055834,val,0
Axis Real Estate Investment Trust,2025-12-31,0.8561572,test,0
Axis Real Estate Investment Trust,2026-12-31,0.104415536,test,0
Axteria Group Bhd,2021-12-31,-2.5242136,fit,0
Axteria Group Bhd,2022-12-31,-1.7667681,fit,0
Axteria Group Bhd,2023-12-31,-3.0981586,fit,0
Axteria Group Bhd,2024-12-31,-1.5610518,val,0
Axteria Group Bhd,2025-12-31,-2.4176614,test,0
AYER Holdings Bhd,2021-12-31,-2.421655,fit,0
AYER Holdings Bhd,2022-12-31,-2.9116826,fit,0
AYER Holdings Bhd,2023-12-31,-2.2658904,fit,0
AYER Holdings Bhd,2024-12-31,-2.416073,val,0
AYER Holdings Bhd,2025-12-31,-3.1705577,test,0
AYS Ventures Bhd,2022-03-31,-2.6580968,fit,0
AYS Ventures Bhd,2023-03-31,-2.7070956,fit,0
AYS Ventures Bhd,2024-03-31,-2.583194,val,0
AYS Ventures Bhd,2025-03-31,-3.120959,test,0
AYS Ventures Bhd,2026-03-31,-2.6548183,test,0
Azam Jaya Bhd,2021-12-31,-2.2066,fit,0
Azam Jaya Bhd,2022-12-31,-2.7248485,fit,0
Azam Jaya Bhd,2023-12-31,-2.7065759,fit,0
Azam Jaya Bhd,2024-12-31,-2.708187,val,0
Azam Jaya Bhd,2025-12-31,-3.5125482,test,0
Baba Eco Group Bhd,2021-10-31,-2.660105,fit,0
Baba Eco Group Bhd,2022-10-31,-2.3761358,fit,0
Baba Eco Group Bhd,2023-10-31,-2.940551,fit,0
Baba Eco Group Bhd,2024-10-31,-2.6944094,val,0
Baba Eco Group Bhd,2025-10-31,-2.3895075,test,0
British American Tobacco (Malaysia) Bhd,2022-12-31,-0.38673055,fit,0
British American Tobacco (Malaysia) Bhd,2023-12-31,-0.23774277,fit,0
British American Tobacco (Malaysia) Bhd,2024-12-31,-0.6153656,val,0
British American Tobacco (Malaysia) Bhd,2025-12-31,-0.3317589,test,0
British American Tobacco (Malaysia) Bhd,2026-12-31,-1.0095724,test,0
Bermaz Auto Bhd,2023-04-30,-2.5630283,fit,0
Bermaz Auto Bhd,2024-04-30,-2.8571866,val,0
Bermaz Auto Bhd,2025-04-30,-2.6783864,test,0
Bermaz Auto Bhd,2026-04-30,-0.99978745,test,0
Bermaz Auto Bhd,2027-04-30,-2.669823,test,0
BCB Bhd,2021-06-30,-2.3284967,fit,0
BCB Bhd,2022-06-30,-2.3421435,fit,0
BCB Bhd,2023-06-30,-2.865849,fit,0
BCB Bhd,2024-06-30,-2.4116483,val,0
BCB Bhd,2025-06-30,-2.9092872,test,0
Bina Darulaman Bhd,2021-12-31,-2.7101974,fit,0
Bina Darulaman Bhd,2022-12-31,-2.8493917,fit,0
Bina Darulaman Bhd,2023-12-31,-2.8216023,fit,0
Bina Darulaman Bhd,2024-12-31,1.3796009,val,0
Bina Darulaman Bhd,2025-12-31,-2.1514583,test,0
BEDI Bhd,2022-03-31,-1.530256,fit,0
BEDI Bhd,2023-03-31,-2.8595564,fit,0
BEDI Bhd,2024-03-31,-2.6488824,val,0
BEDI Bhd,2026-03-31,-2.7119055,test,0
Benalec Holdings Bhd,2022-06-30,-1.3162254,fit,0
Benalec Holdings Bhd,2023-06-30,-1.5394046,fit,0
Benalec Holdings Bhd,2024-06-30,-1.6232913,val,0
Benalec Holdings Bhd,2025-06-30,-2.658652,test,0
Benalec Holdings Bhd,2026-06-30,-1.9780817,test,0
Bentley Music Group Bhd,2024-06-30,-3.028765,val,0
Bentley Music Group Bhd,2025-06-30,-2.8353267,test,0
Bertam Alliance Bhd,2021-12-31,10.510732,fit,1
Bertam Alliance Bhd,2022-12-31,9.308454,fit,1
Bertam Alliance Bhd,2023-12-31,8.877411,fit,1
Bertam Alliance Bhd,2024-12-31,8.9620495,val,1
Bertam Alliance Bhd,2025-12-31,1.4970297,test,0
Beshom Holdings Bhd,2023-04-30,-2.143989,fit,0
Beshom Holdings Bhd,2024-04-30,-1.9981792,val,0
Beshom Holdings Bhd,2025-04-30,-1.9867865,test,0
Beshom Holdings Bhd,2026-04-30,-2.1905243,test,0
Beshom Holdings Bhd,2027-04-30,-2.0927594,test,0
Betamek Bhd,2022-03-31,-2.5145772,fit,0
Betamek Bhd,2023-03-31,-3.0453951,fit,0
Betamek Bhd,2024-03-31,-2.4968169,val,0
Betamek Bhd,2025-03-31,-2.1934993,test,0
Betamek Bhd,2026-03-31,-3.110363,test,0
Boustead Heavy Industries Corporation Bhd,2021-12-31,-0.6858603,fit,0
Boustead Heavy Industries Corporation Bhd,2022-12-31,0.34887248,fit,0
Boustead Heavy Industries Corporation Bhd,2023-12-31,-2.1975117,fit,0
Boustead Heavy Industries Corporation Bhd,2024-12-31,-4.861846,val,0
Boustead Heavy Industries Corporation Bhd,2025-12-31,-0.6835966,test,0
BIG Industries Bhd,2021-06-30,-2.905379,fit,0
BIG Industries Bhd,2022-06-30,-2.901153,fit,0
BIG Industries Bhd,2023-06-30,-1.6170783,fit,0
BIG Industries Bhd,2024-06-30,-2.7212462,val,0
BIG Industries Bhd,2025-06-30,-2.363553,test,0
Bank Islam Malaysia Bhd,2022-12-31,-2.474541,fit,0
Bank Islam Malaysia Bhd,2023-12-31,-2.4043229,fit,0
Bank Islam Malaysia Bhd,2024-12-31,-2.50476,val,0
Bank Islam Malaysia Bhd,2025-12-31,-2.092066,test,0
Bank Islam Malaysia Bhd,2026-12-31,-1.5771142,test,0
BIMOffice Group Bhd,2024-09-30,-2.3436708,val,0
BIMOffice Group Bhd,2025-09-30,-2.1493711,test,0
Binasat Communications Bhd,2022-06-30,-1.3551247,fit,0
Binasat Communications Bhd,2023-06-30,-3.3173904,fit,0
Binasat Communications Bhd,2025-06-30,-2.6161616,test,0
Binasat Communications Bhd,2026-06-30,-2.723391,test,0
Bintai Kinden Corporation Bhd,2022-03-31,2.5951111,fit,0
Bintai Kinden Corporation Bhd,2023-03-31,10.042252,fit,1
Bintai Kinden Corporation Bhd,2024-03-31,10.297079,val,1
Bintai Kinden Corporation Bhd,2025-03-31,-1.150435,test,1
Bintai Kinden Corporation Bhd,2026-03-31,-1.6561766,test,0
Bioalpha Holdings Bhd,2022-12-31,-2.4889934,fit,0
Bioalpha Holdings Bhd,2023-12-31,-2.4822488,fit,0
Bioalpha Holdings Bhd,2024-12-31,-2.997693,val,0
Bioalpha Holdings Bhd,2025-12-31,-2.224195,test,0
Bioalpha Holdings Bhd,2026-12-31,-2.4543922,test,0
Bintulu Port Holdings Bhd,2022-12-31,-2.5715997,fit,0
Bintulu Port Holdings Bhd,2023-12-31,-2.3256273,fit,0
Bintulu Port Holdings Bhd,2024-12-31,-2.6415222,val,0
Bintulu Port Holdings Bhd,2025-12-31,-2.1702063,test,0
Bintulu Port Holdings Bhd,2026-12-31,-2.5370882,test,0
Berjaya Assets Bhd,2021-06-30,1.3266633,fit,0
Berjaya Assets Bhd,2022-06-30,1.0734478,fit,0
Berjaya Assets Bhd,2023-06-30,-3.6473145,fit,0
Berjaya Assets Bhd,2024-06-30,-0.84824145,val,0
Berjaya Assets Bhd,2025-06-30,-0.6422832,test,0
Berjaya Corporation Bhd,2021-06-30,-0.98205936,fit,0
Berjaya Corporation Bhd,2022-06-30,-1.6750706,fit,0
Berjaya Corporation Bhd,2023-06-30,-1.789477,fit,0
Berjaya Corporation Bhd,2024-06-30,-1.7597928,val,0
Berjaya Corporation Bhd,2025-06-30,-0.6722803,test,0
Berjaya Food Bhd,2022-06-30,-2.0415974,fit,0
Berjaya Food Bhd,2023-06-30,-1.9247279,fit,0
Berjaya Food Bhd,2024-06-30,-1.309811,val,0
Berjaya Food Bhd,2025-06-30,-3.146715,test,0
Berjaya Food Bhd,2026-06-30,1.6294509,test,0
Batu Kawan Bhd,2022-09-30,-2.7849352,fit,0
Batu Kawan Bhd,2023-09-30,-2.2636821,fit,0
Batu Kawan Bhd,2024-09-30,-3.3767247,val,0
Batu Kawan Bhd,2025-09-30,-3.1482365,test,0
Batu Kawan Bhd,2026-09-30,-2.0843794,test,0
BLD Plantation Bhd,2022-03-31,-2.6542492,fit,0
BLD Plantation Bhd,2023-03-31,-2.5343444,fit,0
BLD Plantation Bhd,2024-03-31,-2.5038505,val,0
BLD Plantation Bhd,2025-03-31,-2.4236262,test,0
BLD Plantation Bhd,2026-03-31,-2.5907454,test,0
BM Greentech Bhd,2023-03-31,-2.3943172,fit,0
BM Greentech Bhd,2024-03-31,0.13597903,val,0
BM Greentech Bhd,2025-03-31,-2.9954026,test,0
BM Greentech Bhd,2026-03-31,-2.8939557,test,0
BM Greentech Bhd,2027-03-31,-2.2705412,test,0
BMS Holdings Bhd,2022-06-30,-2.8719406,fit,0
BMS Holdings Bhd,2023-06-30,-2.6207168,fit,0
BMS Holdings Bhd,2024-06-30,-2.917558,val,0
BMS Holdings Bhd,2025-06-30,-2.753154,test,0
Binastra Corporation Bhd,2023-01-31,7.4695964,fit,0
Binastra Corporation Bhd,2024-01-31,-1.7645904,val,0
Binastra Corporation Bhd,2025-01-31,-3.3577325,test,0
Binastra Corporation Bhd,2026-01-31,-3.0832849,test,0
Binastra Corporation Bhd,2027-01-31,-2.569145,test,0
Bonia Corporation Bhd,2022-06-30,-2.5554419,fit,0
Bonia Corporation Bhd,2023-06-30,-2.4180238,fit,0
Bonia Corporation Bhd,2024-06-30,-2.2534633,val,0
Bonia Corporation Bhd,2025-06-30,-2.339582,test,0
Bonia Corporation Bhd,2026-06-30,-3.1708703,test,0
Borneo Oil Bhd,2021-06-30,-2.081909,fit,0
Borneo Oil Bhd,2022-06-30,-2.608333,fit,0
Borneo Oil Bhd,2023-06-30,-2.6719143,fit,0
Borneo Oil Bhd,2024-06-30,-2.5251381,val,0
Borneo Oil Bhd,2025-06-30,-1.8778499,test,0
Box-Pak (Malaysia) Bhd,2021-12-31,-2.2216177,fit,0
Box-Pak (Malaysia) Bhd,2022-12-31,-2.4031806,fit,0
Box-Pak (Malaysia) Bhd,2023-12-31,-2.7350643,fit,0
Box-Pak (Malaysia) Bhd,2024-12-31,-1.7638725,val,0
Box-Pak (Malaysia) Bhd,2025-12-31,-2.0817165,test,0
BP Plastics Holding Bhd,2022-12-31,-2.2135673,fit,0
BP Plastics Holding Bhd,2023-12-31,-2.5550265,fit,0
BP Plastics Holding Bhd,2024-12-31,-2.7367013,val,0
BP Plastics Holding Bhd,2025-12-31,-2.3227031,test,0
BP Plastics Holding Bhd,2026-12-31,-2.2592762,test,0
Bina Puri Holdings Bhd,2022-12-31,-2.4029832,fit,0
Bina Puri Holdings Bhd,2023-12-31,-0.2174561,fit,0
Bina Puri Holdings Bhd,2024-12-31,-1.1410896,val,0
Bina Puri Holdings Bhd,2025-12-31,0.99631226,test,0
Bina Puri Holdings Bhd,2026-12-31,-1.1850069,test,0
Bright Packaging Industry Bhd,2022-08-31,-2.5437493,fit,0
Bright Packaging Industry Bhd,2023-08-31,-2.4046688,fit,0
Bright Packaging Industry Bhd,2024-08-31,-2.3585742,val,0
Bright Packaging Industry Bhd,2025-08-31,-3.2832918,test,0
Bright Packaging Industry Bhd,2026-08-31,-2.8370984,test,0
BSL Corporation Bhd,2021-06-30,-2.3855119,fit,0
BSL Corporation Bhd,2023-06-30,-2.3932238,fit,0
BSL Corporation Bhd,2025-06-30,-1.0034647,test,0
Brite-Tech Bhd,2021-12-31,-2.6160102,fit,0
Brite-Tech Bhd,2022-12-31,-1.8290083,fit,0
Brite-Tech Bhd,2023-12-31,-2.1683564,fit,0
Brite-Tech Bhd,2024-12-31,-2.6839135,val,0
Brite-Tech Bhd,2025-12-31,-2.7482736,test,0
Bursa Malaysia Bhd,2022-12-31,-4.421083,fit,0
Bursa Malaysia Bhd,2023-12-31,-2.4780207,fit,0
Bursa Malaysia Bhd,2024-12-31,0.88035464,val,0
Bursa Malaysia Bhd,2025-12-31,-7.2278643,test,0
Bursa Malaysia Bhd,2026-12-31,3.4061608,test,0
Bus Cap Bhd,2022-12-31,-3.2163413,fit,0
Bus Cap Bhd,2023-12-31,-3.2250752,fit,0
Bus Cap Bhd,2024-12-31,-3.762622,val,0
Bus Cap Bhd,2025-12-31,-3.7344382,test,0
BV Land Holdings Bhd,2022-04-30,-2.5097466,fit,0
BV Land Holdings Bhd,2025-04-30,-2.6215682,test,0
BV Land Holdings Bhd,2026-04-30,-2.7823136,test,0
BWYS Group Bhd,2021-12-31,-2.7921815,fit,0
BWYS Group Bhd,2022-12-31,-3.0523257,fit,0
BWYS Group Bhd,2023-12-31,-3.058058,fit,0
BWYS Group Bhd,2024-12-31,-2.868462,val,0
BWYS Group Bhd,2025-12-31,-2.5827246,test,0
CAB Cakaran Corporation Bhd,2022-09-30,-2.8657954,fit,0
CAB Cakaran Corporation Bhd,2023-09-30,-2.93308,fit,0
CAB Cakaran Corporation Bhd,2024-09-30,-3.1903677,val,0
CAB Cakaran Corporation Bhd,2025-09-30,-2.77649,test,0
CAB Cakaran Corporation Bhd,2026-09-30,-2.4427698,test,0
Cabnet Holdings Bhd,2024-02-28,-0.6504183,val,0
Cabnet Holdings Bhd,2025-02-28,-2.184135,test,0
Cabnet Holdings Bhd,2026-02-28,-2.8646739,test,0
Camaroe Bhd,2021-12-31,-3.1863327,fit,0
Camaroe Bhd,2022-12-31,-2.916322,fit,0
Camaroe Bhd,2023-12-31,-2.6871803,fit,0
Camaroe Bhd,2024-12-31,-2.7669501,val,0
Camaroe Bhd,2025-12-31,-3.6241152,test,0
CAM Resources Bhd,2021-12-31,-2.910396,fit,0
CAM Resources Bhd,2022-12-31,-2.8308651,fit,0
CAM Resources Bhd,2023-12-31,-2.5797448,fit,0
CAM Resources Bhd,2024-12-31,-2.7722204,val,0
CAM Resources Bhd,2025-12-31,-3.1461203,test,0
Can-One Bhd,2021-12-31,-2.5361817,fit,0
Can-One Bhd,2022-12-31,-2.4427412,fit,0
Can-One Bhd,2023-12-31,-2.726727,fit,0
Can-One Bhd,2024-12-31,-2.350593,val,0
Can-One Bhd,2025-12-31,9.634267,test,0
Capital A Berhad,2022-12-31,10.404699,fit,1
Capital A Berhad,2023-12-31,10.078247,fit,1
Capital A Berhad,2024-12-31,10.939005,val,1
Capital A Berhad,2025-12-31,-3.2438219,test,1
Capital A Berhad,2026-12-31,0.345866,test,0
Careplus Group Bhd,2021-06-30,-2.3466141,fit,0
Careplus Group Bhd,2024-06-30,-3.673662,val,0
Careplus Group Bhd,2025-06-30,-2.5319717,test,0
Carimin Petroleum Bhd,2021-06-30,-0.511425,fit,0
Carimin Petroleum Bhd,2022-06-30,-2.8671777,fit,0
Carimin Petroleum Bhd,2023-06-30,-2.7619357,fit,0
Carimin Petroleum Bhd,2024-06-30,-2.5802402,val,0
Carimin Petroleum Bhd,2025-06-30,-2.9583278,test,0
Carlo Rino Group Bhd,2021-06-30,-2.7561526,fit,0
Carlo Rino Group Bhd,2022-06-30,-2.2411516,fit,0
Carlo Rino Group Bhd,2023-06-30,-2.5175664,fit,0
Carlo Rino Group Bhd,2024-06-30,-2.9165597,val,0
Carlo Rino Group Bhd,2025-06-30,-2.9415002,test,0
Carlsberg Brewery Malaysia Bhd,2022-12-31,-2.970674,fit,0
Carlsberg Brewery Malaysia Bhd,2023-12-31,-5.586612,fit,0
Carlsberg Brewery Malaysia Bhd,2024-12-31,-2.4434063,val,0
Carlsberg Brewery Malaysia Bhd,2025-12-31,-0.95965576,test,0
Carlsberg Brewery Malaysia Bhd,2026-12-31,-2.3187559,test,0
Catcha Digital Bhd,2021-12-31,-2.1062036,fit,0
Catcha Digital Bhd,2022-12-31,-3.4589198,fit,0
Catcha Digital Bhd,2023-12-31,-3.486542,fit,0
Catcha Digital Bhd,2024-12-31,-2.9099581,val,0
Catcha Digital Bhd,2025-12-31,-1.6612061,test,0
CBH Engineering Holding Bhd,2022-12-31,-1.6696043,fit,0
CBH Engineering Holding Bhd,2023-12-31,-3.764565,fit,0
CBH Engineering Holding Bhd,2024-12-31,-2.6932313,val,0
CBH Engineering Holding Bhd,2025-12-31,-2.4605918,test,0
CBH Engineering Holding Bhd,2026-12-31,-0.76989186,test,0
CB Industrial Product Holding Bhd,2022-12-31,-2.051554,fit,0
CB Industrial Product Holding Bhd,2023-12-31,-2.2031252,fit,0
CB Industrial Product Holding Bhd,2024-12-31,-2.4671829,val,0
CB Industrial Product Holding Bhd,2025-12-31,-3.0252094,test,0
CB Industrial Product Holding Bhd,2026-12-31,-2.28793,test,0
CC International Bhd,2021-12-31,-2.6207874,fit,0
CC International Bhd,2022-12-31,-1.9522263,fit,0
CC International Bhd,2023-12-31,-2.1358364,fit,0
CC International Bhd,2024-12-31,-2.2541637,val,0
CC International Bhd,2025-12-31,-2.1625752,test,0
CCK Consolidated Holdings Bhd,2022-12-31,-2.3921318,fit,0
CCK Consolidated Holdings Bhd,2023-12-31,-2.7538712,fit,0
CCK Consolidated Holdings Bhd,2024-12-31,-2.8845992,val,0
CCK Consolidated Holdings Bhd,2025-12-31,-2.537095,test,0
CCK Consolidated Holdings Bhd,2026-12-31,-2.6740794,test,0
CelcomDigi Bhd,2022-12-31,-0.21545371,fit,0
CelcomDigi Bhd,2023-12-31,-3.9143138,fit,0
CelcomDigi Bhd,2024-12-31,-2.722489,val,0
CelcomDigi Bhd,2025-12-31,-2.1633732,test,0
CelcomDigi Bhd,2026-12-31,-1.7698377,test,0
CEKD Bhd,2021-08-31,-2.4871247,fit,0
CEKD Bhd,2022-08-31,-2.2212977,fit,0
CEKD Bhd,2023-08-31,-2.4087336,fit,0
CEKD Bhd,2024-08-31,-4.2746773,val,0
CEKD Bhd,2025-08-31,-2.7555916,test,0
Cengild Medical Bhd,2022-06-30,-2.9782984,fit,0
Cengild Medical Bhd,2023-06-30,-3.368838,fit,0
Cengild Medical Bhd,2024-06-30,-2.7624774,val,0
Cengild Medical Bhd,2025-06-30,-3.1979058,test,0
Cengild Medical Bhd,2026-06-30,-3.2521768,test,0
Censof Holdings Bhd,2022-03-31,-2.551419,fit,0
Censof Holdings Bhd,2023-03-31,-2.7509685,fit,0
Censof Holdings Bhd,2024-03-31,-3.0224853,val,0
Censof Holdings Bhd,2025-03-31,-2.8957586,test,0
Censof Holdings Bhd,2026-03-31,-2.7531898,test,0
Cepatwawasan Group Bhd,2021-12-31,-2.8433015,fit,0
Cepatwawasan Group Bhd,2022-12-31,-2.585207,fit,0
Cepatwawasan Group Bhd,2023-12-31,-2.5706608,fit,0
Cepatwawasan Group Bhd,2024-12-31,-3.648722,val,0
Cepatwawasan Group Bhd,2025-12-31,-2.8690298,test,0
Concrete Engineering Products Bhd,2021-08-31,3.9549308,fit,0
Concrete Engineering Products Bhd,2022-08-31,-3.562897,fit,0
Concrete Engineering Products Bhd,2023-08-31,-4.376889,fit,0
Concrete Engineering Products Bhd,2024-08-31,-1.3791094,val,0
Concrete Engineering Products Bhd,2025-08-31,-2.18281,test,0
CE Technology Bhd,2021-07-31,-2.6642258,fit,0
CE Technology Bhd,2022-07-31,-3.7460277,fit,0
CE Technology Bhd,2023-07-31,-3.3731184,fit,0
CE Technology Bhd,2024-07-31,-3.3891597,val,0
CE Technology Bhd,2025-07-31,-2.8684545,test,0
Computer Forms Malaysia Bhd,2022-02-28,-2.4822571,fit,0
Computer Forms Malaysia Bhd,2023-02-28,4.917714,fit,0
Computer Forms Malaysia Bhd,2024-02-28,-3.1381967,val,0
Computer Forms Malaysia Bhd,2025-02-28,2.300593,test,0
Computer Forms Malaysia Bhd,2026-02-28,-1.2705016,test,0
Critical Holdings Bhd,2022-06-30,-3.2051835,fit,0
Critical Holdings Bhd,2023-06-30,-1.7726959,fit,0
Critical Holdings Bhd,2024-06-30,-3.0861948,val,0
Critical Holdings Bhd,2025-06-30,-3.456098,test,0
Critical Holdings Bhd,2026-06-30,-2.9725518,test,0
Cheeding Holdings Bhd,2023-03-31,-2.053554,fit,0
Cheeding Holdings Bhd,2024-03-31,-3.2833927,val,0
Cheeding Holdings Bhd,2025-03-31,-3.2695913,test,0
Cheeding Holdings Bhd,2026-03-31,-3.111367,test,0
Cheeding Holdings Bhd,2027-03-31,1.9642195,test,0
Cheetah Holdings Bhd,2021-06-30,-2.3411753,fit,0
Cheetah Holdings Bhd,2022-06-30,-3.143592,fit,0
Cheetah Holdings Bhd,2023-06-30,-2.9018846,fit,0
Cheetah Holdings Bhd,2024-06-30,-1.5552619,val,0
Cheetah Holdings Bhd,2025-06-30,-2.1676648,test,0
Chin Hin Group Property Bhd,2022-12-31,-2.8990371,fit,0
Chin Hin Group Property Bhd,2023-12-31,-2.288729,fit,0
Chin Hin Group Property Bhd,2024-12-31,-2.2391818,val,0
Chin Hin Group Property Bhd,2025-12-31,-3.0440185,test,0
Chin Hin Group Bhd,2022-12-31,-1.8772302,fit,0
Chin Hin Group Bhd,2023-12-31,-2.0209754,fit,0
Chin Hin Group Bhd,2024-12-31,-2.7523427,val,0
Chin Hin Group Bhd,2025-12-31,-2.8837266,test,0
Chin Hin Group Bhd,2026-12-31,-2.8385398,test,0
Chin Teck Plantations Bhd,2022-08-31,-2.9543905,fit,0
Chin Teck Plantations Bhd,2023-08-31,-3.211603,fit,0
Chin Teck Plantations Bhd,2024-08-31,-3.5398293,val,0
Chin Teck Plantations Bhd,2025-08-31,-3.2287018,test,0
Chin Teck Plantations Bhd,2026-08-31,-2.759336,test,0
Chin Well Holdings Bhd,2022-06-30,-2.2589076,fit,0
Chin Well Holdings Bhd,2023-06-30,-2.3502893,fit,0
Chin Well Holdings Bhd,2024-06-30,-2.215378,val,0
Chin Well Holdings Bhd,2025-06-30,-1.4498401,test,0
Chin Well Holdings Bhd,2026-06-30,-1.620191,test,0
Choo Bee Metal Industries Bhd,2022-12-31,-1.6049585,fit,0
Choo Bee Metal Industries Bhd,2023-12-31,-1.5545293,fit,0
Choo Bee Metal Industries Bhd,2024-12-31,-2.7476976,val,0
Choo Bee Metal Industries Bhd,2025-12-31,-1.9651654,test,0
Choo Bee Metal Industries Bhd,2026-12-31,-2.5507047,test,0
Chuan Huat Resources Bhd,2021-06-30,-2.8767715,fit,0
Chuan Huat Resources Bhd,2022-06-30,-2.706347,fit,0
Chuan Huat Resources Bhd,2023-06-30,-2.8031921,fit,0
Chuan Huat Resources Bhd,2024-06-30,-2.283803,val,0
Chuan Huat Resources Bhd,2025-06-30,-2.8480978,test,0
CI Holdings Bhd,2022-06-30,-2.6855624,fit,0
CI Holdings Bhd,2023-06-30,-2.7058334,fit,0
CI Holdings Bhd,2024-06-30,-2.6208856,val,0
CI Holdings Bhd,2025-06-30,-3.276078,test,0
CI Holdings Bhd,2026-06-30,0.057447135,test,0
CIMB Group Holdings Bhd,2022-12-31,-2.3605573,fit,0
CIMB Group Holdings Bhd,2023-12-31,-1.809419,fit,0
CIMB Group Holdings Bhd,2024-12-31,-2.6807501,val,0
CIMB Group Holdings Bhd,2025-12-31,-2.5244572,test,0
CIMB Group Holdings Bhd,2026-12-31,-2.5300424,test,0
CJ Century Logistics Holdings Bhd,2022-12-31,-3.0172389,fit,0
CJ Century Logistics Holdings Bhd,2023-12-31,-2.668424,fit,0
CJ Century Logistics Holdings Bhd,2024-12-31,-3.502737,val,0
CJ Century Logistics Holdings Bhd,2025-12-31,-1.8958515,test,0
CJ Century Logistics Holdings Bhd,2026-12-31,-2.6489475,test,0
CUCKOO International (MAL) Bhd,2021-12-31,-1.8841677,fit,0
CUCKOO International (MAL) Bhd,2022-12-31,-2.6113997,fit,0
CUCKOO International (MAL) Bhd,2023-12-31,-3.0997028,fit,0
CUCKOO International (MAL) Bhd,2024-12-31,-2.8320127,val,0
CUCKOO International (MAL) Bhd,2025-12-31,-2.7102127,test,0
Chemlite Innovation Bhd,2021-12-31,-1.6322522,fit,0
Chemlite Innovation Bhd,2022-12-31,-2.1024666,fit,0
Chemlite Innovation Bhd,2023-12-31,-2.4893663,fit,0
Chemlite Innovation Bhd,2024-12-31,-3.0112312,val,0
Chemlite Innovation Bhd,2025-12-31,-4.808777,test,0
CapitaLand Malaysia Trust,2022-12-31,7.0674443,fit,0
CapitaLand Malaysia Trust,2023-12-31,3.9618812,fit,0
CapitaLand Malaysia Trust,2024-12-31,1.638758,val,0
CapitaLand Malaysia Trust,2025-12-31,4.9970193,test,0
CapitaLand Malaysia Trust,2026-12-31,2.1668217,test,0
Cloudpoint Technology Bhd,2022-12-31,-2.0787854,fit,0
Cloudpoint Technology Bhd,2023-12-31,0.84944,fit,0
Cloudpoint Technology Bhd,2024-12-31,-1.8896204,val,0
Cloudpoint Technology Bhd,2025-12-31,-2.754965,test,0
Cloudpoint Technology Bhd,2026-12-31,-2.8465328,test,0
CME Group Bhd,2021-09-30,-1.0810561,fit,0
CME Group Bhd,2022-09-30,-1.6306022,fit,0
CME Group Bhd,2024-09-30,-2.6070714,val,0
CME Group Bhd,2025-09-30,-0.99038374,test,0
Cahya Mata Sarawak Bhd,2022-12-31,-1.8802297,fit,0
Cahya Mata Sarawak Bhd,2023-12-31,-2.985378,fit,0
Cahya Mata Sarawak Bhd,2024-12-31,-3.3669908,val,0
Cahya Mata Sarawak Bhd,2025-12-31,-0.7513521,test,0
Cahya Mata Sarawak Bhd,2026-12-31,0.39614454,test,0
Cnergenz Bhd,2022-12-31,-2.4344337,fit,0
Cnergenz Bhd,2023-12-31,-3.4706328,fit,0
Cnergenz Bhd,2024-12-31,-3.9515982,val,0
Cnergenz Bhd,2025-12-31,-2.2613537,test,0
Cnergenz Bhd,2026-12-31,-1.6088701,test,0
Citra Nusa Holdings Bhd,2021-12-31,-2.4656162,fit,0
Citra Nusa Holdings Bhd,2022-12-31,-2.5046723,fit,0
Citra Nusa Holdings Bhd,2023-12-31,-2.512204,fit,0
Citra Nusa Holdings Bhd,2024-12-31,-2.5704353,val,0
Citra Nusa Holdings Bhd,2025-12-31,-2.3573954,test,0
China Ouhua Winery Holdings Ltd,2021-12-31,-3.0595233,fit,0
China Ouhua Winery Holdings Ltd,2022-12-31,-3.7525818,fit,0
China Ouhua Winery Holdings Ltd,2023-12-31,-3.7794385,fit,0
China Ouhua Winery Holdings Ltd,2024-12-31,-3.4555113,val,0
China Ouhua Winery Holdings Ltd,2025-12-31,-2.3532112,test,0
Coastal Contracts Bhd,2022-12-31,-2.3478749,fit,0
Coastal Contracts Bhd,2023-12-31,-3.4405508,fit,0
Coastal Contracts Bhd,2024-12-31,-2.2488554,val,0
Coastal Contracts Bhd,2025-12-31,-2.9847443,test,0
Coastal Contracts Bhd,2026-12-31,-3.6794739,test,0
Colform Group Bhd,2021-12-31,-2.3321993,fit,0
Colform Group Bhd,2022-12-31,-2.2156725,fit,0
Colform Group Bhd,2023-12-31,-2.2141073,fit,0
Colform Group Bhd,2024-12-31,-1.9894772,val,0
Colform Group Bhd,2025-12-31,-3.5648694,test,0
Comfort Gloves Bhd,2021-12-31,-2.5097296,fit,0
Comfort Gloves Bhd,2022-12-31,-3.014781,fit,0
Comfort Gloves Bhd,2023-12-31,-2.0885508,fit,0
Comfort Gloves Bhd,2024-12-31,-2.9940083,val,0
Comfort Gloves Bhd,2025-12-31,-4.542003,test,0
Compugates Holdings Bhd,2021-12-31,-2.0686328,fit,0
Compugates Holdings Bhd,2022-12-31,-1.9030248,fit,0
Compugates Holdings Bhd,2023-12-31,-2.6062145,fit,0
Compugates Holdings Bhd,2024-12-31,-2.3021061,val,0
Compugates Holdings Bhd,2025-12-31,-2.602582,test,0
Coraza Integrated Technology Bhd,2022-12-31,-1.527396,fit,0
Coraza Integrated Technology Bhd,2023-12-31,-3.4247494,fit,0
Coraza Integrated Technology Bhd,2024-12-31,-3.4442997,val,0
Coraza Integrated Technology Bhd,2025-12-31,-3.1095636,test,0
Coraza Integrated Technology Bhd,2026-12-31,-2.484187,test,0
Cosmos Technology International Bhd,2022-04-30,-2.5108814,fit,0
Cosmos Technology International Bhd,2023-04-30,-2.844441,fit,0
Cosmos Technology International Bhd,2024-04-30,-0.2264966,val,0
Cosmos Technology International Bhd,2025-04-30,-3.243654,test,0
Cosmos Technology International Bhd,2026-04-30,-2.938829,test,0
CPE Technology Bhd,2022-06-30,1.034902,fit,0
CPE Technology Bhd,2023-06-30,-3.006664,fit,0
CPE Technology Bhd,2024-06-30,-2.4522426,val,0
CPE Technology Bhd,2025-06-30,-3.9668202,test,0
CPE Technology Bhd,2026-06-30,-4.1687956,test,0
Crest Builder Holdings Bhd,2022-12-31,-1.4467418,fit,0
Crest Builder Holdings Bhd,2023-12-31,-1.8908966,fit,0
Crest Builder Holdings Bhd,2024-12-31,-1.9330307,val,0
Crest Builder Holdings Bhd,2025-12-31,-1.8644971,test,0
Crest Builder Holdings Bhd,2026-12-31,-1.8446532,test,0
Crescendo Corp Bhd,2023-01-31,-2.457114,fit,0
Crescendo Corp Bhd,2024-01-31,-2.6894107,val,0
Crescendo Corp Bhd,2025-01-31,-2.6890492,test,0
Crescendo Corp Bhd,2026-01-31,-3.9565113,test,0
Crescendo Corp Bhd,2027-01-31,-2.8933768,test,0
Crest Group Bhd,2021-12-31,-2.9828186,fit,0
Crest Group Bhd,2022-12-31,-2.0112445,fit,0
Crest Group Bhd,2023-12-31,-2.7885149,fit,0
Crest Group Bhd,2024-12-31,-2.0042856,val,0
Crest Group Bhd,2025-12-31,-2.596421,test,0
Croesus IT Holdings Bhd,2023-12-31,-2.419615,fit,0
Croesus IT Holdings Bhd,2024-12-31,-3.1015875,val,0
Croesus IT Holdings Bhd,2025-12-31,-2.0215216,test,0
Cropmate Bhd,2021-12-31,-2.64779,fit,0
Cropmate Bhd,2022-12-31,-3.0749695,fit,0
Cropmate Bhd,2023-12-31,-3.7474554,fit,0
Cropmate Bhd,2024-12-31,-3.0740235,val,0
Cropmate Bhd,2025-12-31,-2.977055,test,0
CSC Steel Holdings Bhd,2022-12-31,-1.9705544,fit,0
CSC Steel Holdings Bhd,2023-12-31,-2.8346987,fit,0
CSC Steel Holdings Bhd,2024-12-31,-2.4164007,val,0
CSC Steel Holdings Bhd,2025-12-31,-2.572528,test,0
CSC Steel Holdings Bhd,2026-12-31,-2.1934102,test,0
CTOS Digital Bhd,2022-12-31,-3.8433416,fit,0
CTOS Digital Bhd,2023-12-31,-1.4139295,fit,0
CTOS Digital Bhd,2024-12-31,-3.5872018,val,0
CTOS Digital Bhd,2025-12-31,-2.5609403,test,0
CTOS Digital Bhd,2026-12-31,-3.519345,test,0
Cuscapi Bhd,2021-12-31,2.5811958,fit,0
Cuscapi Bhd,2022-12-31,-1.7147434,fit,0
Cuscapi Bhd,2023-12-31,5.5515385,fit,0
Cuscapi Bhd,2024-12-31,-0.56216824,val,0
Cuscapi Bhd,2025-12-31,-1.979384,test,0
Country View Bhd,2021-11-30,-2.518411,fit,0
Country View Bhd,2022-11-30,-0.9877479,fit,0
Country View Bhd,2023-11-30,-3.0517766,fit,0
Country View Bhd,2024-11-30,-3.1791594,val,0
Country View Bhd,2025-11-30,-3.4251297,test,0
CWG Holdings Bhd,2022-06-30,-1.7011757,fit,0
CWG Holdings Bhd,2023-06-30,-2.9152992,fit,0
CWG Holdings Bhd,2024-06-30,-2.321882,val,0
CWG Holdings Bhd,2025-06-30,-2.1683652,test,0
CWG Holdings Bhd,2026-06-30,-2.3880997,test,0
Cyberjaya Education Group Bhd,2021-06-30,-0.87004256,fit,0
Cyberjaya Education Group Bhd,2024-06-30,-1.8074926,val,0
Cyberjaya Education Group Bhd,2025-06-30,-0.25265166,test,0
CYL Corp Bhd,2022-01-31,-2.1827655,fit,0
CYL Corp Bhd,2023-01-31,-2.222967,fit,0
CYL Corp Bhd,2024-01-31,-1.879687,val,0
CYL Corp Bhd,2025-01-31,-2.446102,test,0
CYL Corp Bhd,2026-01-31,-2.5584934,test,0
Cypark Resources Bhd,2025-04-30,-2.2899473,test,0
Cypark Resources Bhd,2026-04-30,-1.6261762,test,0
Cypark Resources Bhd,2027-04-30,-0.66559434,test,0
D & O Green Technologies Bhd,2022-12-31,-3.1446059,fit,0
D & O Green Technologies Bhd,2023-12-31,-1.5282716,fit,0
D & O Green Technologies Bhd,2024-12-31,-3.0155885,val,0
D & O Green Technologies Bhd,2025-12-31,-2.957599,test,0
D & O Green Technologies Bhd,2026-12-31,-2.0435777,test,0
Dancomech Holdings Bhd,2022-12-31,-2.5883236,fit,0
Dancomech Holdings Bhd,2023-12-31,-2.2330184,fit,0
Dancomech Holdings Bhd,2024-12-31,-2.147063,val,0
Dancomech Holdings Bhd,2025-12-31,-2.1588995,test,0
Dancomech Holdings Bhd,2026-12-31,-2.8621786,test,0
Dataprep Holdings Bhd,2023-03-31,-2.9216835,fit,0
Dataprep Holdings Bhd,2024-03-31,-2.740074,val,0
Dataprep Holdings Bhd,2025-03-31,-2.1066394,test,0
Daythree Digital Bhd,2021-12-31,-2.4017777,fit,0
Daythree Digital Bhd,2022-12-31,0.8389094,fit,0
Daythree Digital Bhd,2023-12-31,-3.9882631,fit,0
Daythree Digital Bhd,2024-12-31,-2.01495,val,0
Daythree Digital Bhd,2025-12-31,-1.2486008,test,0
Dayang Enterprise Holdings Bhd,2022-12-31,-2.7366107,fit,0
Dayang Enterprise Holdings Bhd,2023-12-31,-2.5040064,fit,0
Dayang Enterprise Holdings Bhd,2024-12-31,-2.3030536,val,0
Dayang Enterprise Holdings Bhd,2025-12-31,-3.1827598,test,0
Dayang Enterprise Holdings Bhd,2026-12-31,-2.3030388,test,0
DC Healthcare Holdings Bhd,2022-12-31,-2.900211,fit,0
DC Healthcare Holdings Bhd,2023-12-31,-2.0322301,fit,0
DC Healthcare Holdings Bhd,2024-12-31,-3.8433783,val,0
DC Healthcare Holdings Bhd,2025-12-31,-1.7727615,test,0
DC Healthcare Holdings Bhd,2026-12-31,-2.33094,test,0
Deleum Bhd,2022-12-31,-2.6282058,fit,0
Deleum Bhd,2023-12-31,-3.3286412,fit,0
Deleum Bhd,2024-12-31,-3.0337572,val,0
Deleum Bhd,2025-12-31,-2.4774084,test,0
Deleum Bhd,2026-12-31,-2.308265,test,0
Wawasan Dengkil Holdings Bhd,2021-06-30,-2.4448771,fit,0
Wawasan Dengkil Holdings Bhd,2022-06-30,-2.7074084,fit,0
Wawasan Dengkil Holdings Bhd,2023-06-30,-2.8723824,fit,0
Wawasan Dengkil Holdings Bhd,2024-06-30,-2.6126335,val,0
Wawasan Dengkil Holdings Bhd,2025-06-30,-3.0369127,test,0
Destini Bhd,2022-06-30,-1.5164853,fit,0
Destini Bhd,2023-06-30,-2.2170796,fit,0
Destini Bhd,2026-06-30,-2.5533888,test,0
Divfex Bhd,2021-06-30,-2.939043,fit,0
Divfex Bhd,2022-06-30,-2.9638743,fit,0
Divfex Bhd,2023-06-30,-4.2462506,fit,0
Divfex Bhd,2024-06-30,-2.6510515,val,0
Divfex Bhd,2025-06-30,-2.9302893,test,0
DGB Asia Bhd,2021-12-31,-2.6210287,fit,0
DGB Asia Bhd,2022-12-31,-2.7640219,fit,0
DGB Asia Bhd,2023-12-31,-2.8462005,fit,0
DGB Asia Bhd,2024-12-31,-2.5844533,val,0
DGB Asia Bhd,2025-12-31,-2.3866973,test,0
Dialog Group Bhd,2022-06-30,-2.6767032,fit,0
Dialog Group Bhd,2023-06-30,-2.3575017,fit,0
Dialog Group Bhd,2024-06-30,-2.5474555,val,0
Dialog Group Bhd,2025-06-30,-2.3645165,test,0
Dialog Group Bhd,2026-06-30,-3.0871394,test,0
Digistar Corporation Bhd,2021-09-30,-0.43549058,fit,0
Digistar Corporation Bhd,2022-09-30,-0.8812469,fit,0
Digistar Corporation Bhd,2023-09-30,-0.38999474,fit,0
Digistar Corporation Bhd,2024-09-30,0.13977194,val,0
Digistar Corporation Bhd,2025-09-30,-0.69863784,test,0
DKLS Industries Bhd,2021-12-31,-2.0488234,fit,0
DKLS Industries Bhd,2022-12-31,-2.702417,fit,0
DKLS Industries Bhd,2023-12-31,-2.7015476,fit,0
DKLS Industries Bhd,2024-12-31,-2.6760361,val,0
DKLS Industries Bhd,2025-12-31,-2.5643625,test,0
DKSH Holdings (Malaysia) Bhd,2022-12-31,-2.6624153,fit,0
DKSH Holdings (Malaysia) Bhd,2023-12-31,-2.5205004,fit,0
DKSH Holdings (Malaysia) Bhd,2024-12-31,-2.6818535,val,0
DKSH Holdings (Malaysia) Bhd,2025-12-31,-2.8697824,test,0
DKSH Holdings (Malaysia) Bhd,2026-12-31,-2.9024804,test,0
Dutch Lady Milk Industries Bhd,2022-12-31,-3.2342162,fit,0
Dutch Lady Milk Industries Bhd,2023-12-31,-2.8860898,fit,0
Dutch Lady Milk Industries Bhd,2024-12-31,-3.1867068,val,0
Dutch Lady Milk Industries Bhd,2025-12-31,-3.081272,test,0
Dutch Lady Milk Industries Bhd,2026-12-31,-3.002852,test,0
Dagang NeXchange Bhd,2023-12-31,-3.0981705,fit,0
Dagang NeXchange Bhd,2025-12-31,-4.506213,test,0
Dagang NeXchange Bhd,2026-12-31,-2.5521238,test,0
D'nonce Technology Bhd,2022-03-31,-2.658873,fit,0
D'nonce Technology Bhd,2023-03-31,-3.1163638,fit,0
D'nonce Technology Bhd,2024-03-31,-2.6046314,val,0
D'nonce Technology Bhd,2025-03-31,-3.3311768,test,0
D'nonce Technology Bhd,2026-03-31,-3.2067175,test,0
Dominant Enterprise Bhd,2022-03-31,-2.2681284,fit,0
Dominant Enterprise Bhd,2023-03-31,-3.0539777,fit,0
Dominant Enterprise Bhd,2024-03-31,-2.7447765,val,0
Dominant Enterprise Bhd,2025-03-31,-3.1121411,test,0
Dominant Enterprise Bhd,2026-03-31,-3.0455158,test,0
Duopharma Biotech Bhd,2022-12-31,-2.3448224,fit,0
Duopharma Biotech Bhd,2023-12-31,-2.3368666,fit,0
Duopharma Biotech Bhd,2024-12-31,-2.7582905,val,0
Duopharma Biotech Bhd,2025-12-31,-2.3939836,test,0
Duopharma Biotech Bhd,2026-12-31,-2.1118045,test,0
DPI Holdings Bhd,2022-05-31,-2.5940588,fit,0
DPI Holdings Bhd,2023-05-31,-2.4309263,fit,0
DPI Holdings Bhd,2024-05-31,-2.2125545,val,0
DPI Holdings Bhd,2025-05-31,-2.3575568,test,0
DPI Holdings Bhd,2026-05-31,-2.7572203,test,0
DPS Resources Bhd,2022-03-31,-2.3914254,fit,0
DPS Resources Bhd,2023-03-31,-1.8722752,fit,0
DPS Resources Bhd,2024-03-31,-3.1614287,val,0
DPS Resources Bhd,2025-03-31,-3.2482128,test,0
DPS Resources Bhd,2026-03-31,-2.6308649,test,0
DRB-HICOM Bhd,2022-12-31,-1.7647017,fit,0
DRB-HICOM Bhd,2023-12-31,2.9306412,fit,0
DRB-HICOM Bhd,2024-12-31,7.3889976,val,0
DRB-HICOM Bhd,2025-12-31,9.462726,test,0
DRB-HICOM Bhd,2026-12-31,9.381982,test,0
DSR Taiko Bhd,2021-06-30,-3.4724746,fit,0
DSR Taiko Bhd,2022-06-30,-1.0809288,fit,0
DSR Taiko Bhd,2023-06-30,-2.9348183,fit,0
DSR Taiko Bhd,2024-06-30,-3.9431818,val,0
DSR Taiko Bhd,2025-06-30,-2.8927226,test,0
DS Sigma Holdings Bhd,2021-06-30,-2.816867,fit,0
DS Sigma Holdings Bhd,2022-06-30,-2.983854,fit,0
DS Sigma Holdings Bhd,2023-06-30,-3.210796,fit,0
DS Sigma Holdings Bhd,2024-06-30,-3.6200469,val,0
DS Sigma Holdings Bhd,2025-06-30,-3.5341153,test,0
Dufu Technology Corp Bhd,2021-12-31,-3.0368555,fit,0
Dufu Technology Corp Bhd,2022-12-31,-4.024047,fit,0
Dufu Technology Corp Bhd,2023-12-31,-1.8511981,fit,0
Dufu Technology Corp Bhd,2024-12-31,-2.5827963,val,0
Dufu Technology Corp Bhd,2025-12-31,-1.9844425,test,0
DutaLand Bhd,2021-06-30,-3.915841,fit,0
DutaLand Bhd,2022-06-30,-3.6885858,fit,0
DutaLand Bhd,2023-06-30,-3.969963,fit,0
DutaLand Bhd,2024-06-30,-3.0002089,val,0
DutaLand Bhd,2025-06-30,-2.6484568,test,0
DXN Holdings Bhd,2023-02-28,0.42248872,fit,0
DXN Holdings Bhd,2024-02-28,-2.3279228,val,0
DXN Holdings Bhd,2025-02-28,-3.3867533,test,0
DXN Holdings Bhd,2026-02-28,-3.4264433,test,0
DXN Holdings Bhd,2027-02-28,-3.3039086,test,0
DynaFront Holdings Bhd,2021-06-30,-1.6969901,fit,0
DynaFront Holdings Bhd,2022-06-30,-2.130272,fit,0
DynaFront Holdings Bhd,2023-06-30,-4.2538857,fit,0
DynaFront Holdings Bhd,2024-06-30,-2.308794,val,0
DynaFront Holdings Bhd,2025-06-30,-2.7583535,test,0
Total Dynamic Holdings Bhd,2021-12-31,-2.7937927,fit,0
Total Dynamic Holdings Bhd,2022-12-31,-0.52284575,fit,0
Total Dynamic Holdings Bhd,2023-12-31,-2.0598881,fit,0
Total Dynamic Holdings Bhd,2024-12-31,-3.550833,val,0
Total Dynamic Holdings Bhd,2025-12-31,-3.494592,test,0
Eastern & Oriental Bhd,2023-03-31,-1.7706242,fit,0
Eastern & Oriental Bhd,2024-03-31,-2.895925,val,0
Eastern & Oriental Bhd,2025-03-31,-2.2299845,test,0
Eastern & Oriental Bhd,2026-03-31,-2.0831745,test,0
Eastern & Oriental Bhd,2027-03-31,-1.9592701,test,0
ECA Integrated Solution Bhd,2022-10-31,-2.6347942,fit,0
ECA Integrated Solution Bhd,2023-10-31,-2.7926028,fit,0
ECA Integrated Solution Bhd,2024-10-31,-4.166591,val,0
ECA Integrated Solution Bhd,2025-10-31,-3.4770184,test,0
ECA Integrated Solution Bhd,2026-10-31,-3.1463592,test,0
EC Excel Holdings Bhd,2021-12-31,-2.7550464,fit,0
EC Excel Holdings Bhd,2022-12-31,-2.6957526,fit,0
EC Excel Holdings Bhd,2023-12-31,-2.4848318,fit,0
EC Excel Holdings Bhd,2024-12-31,-2.3962762,val,0
EC Excel Holdings Bhd,2025-12-31,-2.7184935,test,0
Eckem Holdings Bhd,2022-12-31,-2.582488,fit,0
Eckem Holdings Bhd,2023-12-31,-3.1065392,fit,0
Eckem Holdings Bhd,2024-12-31,-2.6366765,val,0
Eckem Holdings Bhd,2025-12-31,-2.851907,test,0
ECM Libra Group Bhd,2021-12-31,-2.7601233,fit,0
ECM Libra Group Bhd,2022-12-31,-2.1453605,fit,0
ECM Libra Group Bhd,2023-12-31,-1.6467383,fit,0
ECM Libra Group Bhd,2024-12-31,-1.4604324,val,0
ECM Libra Group Bhd,2025-12-31,-2.7755904,test,0
EcoFirst Consolidated Bhd,2021-05-31,-1.9837227,fit,0
EcoFirst Consolidated Bhd,2022-05-31,3.703025,fit,0
EcoFirst Consolidated Bhd,2023-05-31,-2.8691936,fit,0
EcoFirst Consolidated Bhd,2024-05-31,-2.8787985,val,0
EcoFirst Consolidated Bhd,2025-05-31,-3.4160774,test,0
Ecomate Holdings Bhd,2022-02-28,-2.5450113,fit,0
Ecomate Holdings Bhd,2023-02-28,-2.0662222,fit,0
Ecomate Holdings Bhd,2024-02-28,-2.8206651,val,0
Ecomate Holdings Bhd,2025-02-28,-2.5205643,test,0
Ecomate Holdings Bhd,2026-02-28,-3.0562782,test,0
Econpile Holdings Bhd,2022-06-30,-2.5687883,fit,0
Econpile Holdings Bhd,2023-06-30,-2.7165604,fit,0
Econpile Holdings Bhd,2024-06-30,1.8032571,val,0
Econpile Holdings Bhd,2025-06-30,1.4267141,test,0
Econpile Holdings Bhd,2026-06-30,-1.7763343,test,0
Eco-Shop Marketing Bhd,2023-05-31,-3.1087174,fit,0
Eco-Shop Marketing Bhd,2024-05-31,-2.8571517,val,0
Eco-Shop Marketing Bhd,2025-05-31,-3.24895,test,0
Eco-Shop Marketing Bhd,2026-05-31,-2.539659,test,0
Eco-Shop Marketing Bhd,2027-05-31,-2.2153568,test,0
Eco World Development Group Bhd,2022-10-31,0.12672749,fit,0
Eco World Development Group Bhd,2023-10-31,-2.739867,fit,0
Eco World Development Group Bhd,2024-10-31,-1.1548393,val,0
Eco World Development Group Bhd,2025-10-31,-1.184391,test,0
Eco World Development Group Bhd,2026-10-31,-2.282464,test,0
eDaran Bhd,2021-06-30,1.9347724,fit,0
eDaran Bhd,2022-06-30,-4.2051725,fit,0
eDaran Bhd,2023-06-30,-3.0749238,fit,0
eDaran Bhd,2024-06-30,-1.9449582,val,0
eDaran Bhd,2025-06-30,-1.4302853,test,0
Edelteq Holdings Bhd,2022-12-31,-2.723422,fit,0
Edelteq Holdings Bhd,2023-12-31,-2.8976214,fit,0
Edelteq Holdings Bhd,2024-12-31,-2.1190097,val,0
Edelteq Holdings Bhd,2025-12-31,-2.2551816,test,0
Edelteq Holdings Bhd,2026-12-31,-2.3108044,test,0
Eden Inc Bhd,2021-06-30,-0.6080239,fit,0
Eden Inc Bhd,2022-06-30,-1.2061815,fit,0
Eden Inc Bhd,2023-06-30,-4.438406,fit,0
Eden Inc Bhd,2024-06-30,-2.2915993,val,0
Eden Inc Bhd,2025-06-30,-0.36403,test,0
Eduspec Holdings Bhd,2022-02-28,-1.473629,fit,0
Eduspec Holdings Bhd,2023-02-28,-1.847776,fit,0
Eduspec Holdings Bhd,2024-02-28,-4.290872,val,0
Eduspec Holdings Bhd,2025-02-28,-2.7646737,test,0
Eduspec Holdings Bhd,2026-02-28,-2.981926,test,0
Efficient E-Solutions Bhd,2021-12-31,-3.5123358,fit,0
Efficient E-Solutions Bhd,2022-12-31,-3.5104952,fit,0
Efficient E-Solutions Bhd,2023-12-31,-3.2002096,fit,0
Efficient E-Solutions Bhd,2024-12-31,-2.3742101,val,0
Efficient E-Solutions Bhd,2025-12-31,-1.8720257,test,0
Excel Force MSC Bhd,2021-06-30,-3.1918278,fit,0
Excel Force MSC Bhd,2024-06-30,-2.9344945,val,0
Excel Force MSC Bhd,2025-06-30,-2.7053182,test,0
Econframe Bhd,2021-08-31,-2.2809887,fit,0
Econframe Bhd,2022-08-31,-3.0258558,fit,0
Econframe Bhd,2023-08-31,-2.0137436,fit,0
Econframe Bhd,2024-08-31,-2.2256978,val,0
Econframe Bhd,2025-08-31,-3.110343,test,0
EG Industries Bhd,2022-06-30,-3.0281823,fit,0
EG Industries Bhd,2023-06-30,-2.704515,fit,0
EG Industries Bhd,2024-06-30,-2.519949,val,0
EG Industries Bhd,2025-06-30,-3.6398597,test,0
EG Industries Bhd,2026-06-30,-2.515609,test,0
Ecoscience International Bhd,2021-12-31,-2.7649748,fit,0
Ecoscience International Bhd,2022-12-31,-3.160047,fit,0
Ecoscience International Bhd,2023-12-31,-2.8087363,fit,0
Ecoscience International Bhd,2024-12-31,-3.1971753,val,0
Ecoscience International Bhd,2025-12-31,-1.3900154,test,0
Esthetics International Group Bhd,2023-03-31,-2.096907,fit,0
Esthetics International Group Bhd,2024-03-31,-3.0811627,val,0
Esthetics International Group Bhd,2025-03-31,-2.686871,test,0
Esthetics International Group Bhd,2026-03-31,-2.6943984,test,0
Esthetics International Group Bhd,2027-03-31,-3.0847623,test,0
EI Power Bhd,2023-12-31,-2.0833006,fit,0
EI Power Bhd,2024-12-31,-3.3532822,val,0
EI Power Bhd,2025-12-31,-3.6184678,test,0
EI Power Bhd,2026-12-31,-3.328994,test,0
EITA Resources Bhd,2022-09-30,-2.264748,fit,0
EITA Resources Bhd,2023-09-30,-2.5996547,fit,0
EITA Resources Bhd,2024-09-30,-3.335744,val,0
EITA Resources Bhd,2025-09-30,-2.4626853,test,0
EITA Resources Bhd,2026-09-30,-2.7490401,test,0
Ekovest Bhd,2022-06-30,-1.0381033,fit,0
Ekovest Bhd,2023-06-30,0.6152806,fit,0
Ekovest Bhd,2024-06-30,-1.029166,val,0
Ekovest Bhd,2025-06-30,1.196699,test,0
Ekovest Bhd,2026-06-30,0.08790074,test,0
Eksons Corporation Bhd,2023-03-31,-1.8050507,fit,0
Eksons Corporation Bhd,2024-03-31,-2.1399302,val,0
Eksons Corporation Bhd,2025-03-31,-3.1260371,test,0
Eksons Corporation Bhd,2026-03-31,-2.986712,test,0
Eksons Corporation Bhd,2027-03-31,-2.2837996,test,0
ELK-Desa Resources Bhd,2023-03-31,-2.5254166,fit,0
ELK-Desa Resources Bhd,2024-03-31,-1.9390485,val,0
ELK-Desa Resources Bhd,2025-03-31,-2.59962,test,0
ELK-Desa Resources Bhd,2026-03-31,-2.3579533,test,0
ELK-Desa Resources Bhd,2027-03-31,-2.1226845,test,0
Elridge Energy Holdings Bhd,2022-12-31,-2.3775887,fit,0
Elridge Energy Holdings Bhd,2023-12-31,-3.513561,fit,0
Elridge Energy Holdings Bhd,2024-12-31,-2.4260287,val,0
Elridge Energy Holdings Bhd,2025-12-31,-2.0073,test,0
Elridge Energy Holdings Bhd,2026-12-31,-1.7147737,test,0
Elsa Bhd,2022-12-31,-1.679728,fit,0
Elsa Bhd,2023-12-31,-3.315003,fit,0
Elsa Bhd,2024-12-31,-3.446448,val,0
Elsa Bhd,2025-12-31,-3.3188145,test,0
Elsoft Research Bhd,2022-12-31,-3.2277498,fit,0
Elsoft Research Bhd,2023-12-31,-2.808256,fit,0
Elsoft Research Bhd,2024-12-31,-3.599968,val,0
Elsoft Research Bhd,2025-12-31,-2.8177557,test,0
Elsoft Research Bhd,2026-12-31,-3.0378551,test,0
Evergreen Max Cash Capital Bhd,2021-12-31,-2.5487099,fit,0
Evergreen Max Cash Capital Bhd,2022-12-31,-2.5193665,fit,0
Evergreen Max Cash Capital Bhd,2023-12-31,-2.982441,fit,0
Evergreen Max Cash Capital Bhd,2024-12-31,-2.5329604,val,0
Evergreen Max Cash Capital Bhd,2025-12-31,-1.9255639,test,0
Eonmetall Group Bhd,2021-12-31,-2.7701323,fit,0
Eonmetall Group Bhd,2022-12-31,-2.6245131,fit,0
Eonmetall Group Bhd,2023-12-31,-2.7426589,fit,0
Eonmetall Group Bhd,2024-12-31,-2.1415935,val,0
Eonmetall Group Bhd,2025-12-31,-2.3152294,test,0
Emico Holdings Bhd,2022-03-31,-2.0499578,fit,0
Emico Holdings Bhd,2023-03-31,-7.071553,fit,0
Emico Holdings Bhd,2024-03-31,-2.4806335,val,0
Emico Holdings Bhd,2025-03-31,-3.0591943,test,0
Emico Holdings Bhd,2026-03-31,-2.7021813,test,0
Empire Premium Food Bhd,2024-03-31,-1.6473107,val,0
Empire Premium Food Bhd,2025-03-31,-3.73065,test,0
Empire Premium Food Bhd,2026-03-31,-3.5059588,test,0
Empire Premium Food Bhd,2027-03-31,-3.1915324,test,0
Encorp Bhd,2021-12-31,-1.704728,fit,0
Encorp Bhd,2022-12-31,-0.5975677,fit,0
Encorp Bhd,2023-12-31,-0.10595385,fit,0
Encorp Bhd,2024-12-31,-0.34338474,val,0
Encorp Bhd,2025-12-31,0.8697566,test,0
Enest Group Bhd,2021-12-31,-2.534829,fit,0
Enest Group Bhd,2022-12-31,-2.6149733,fit,0
Enest Group Bhd,2023-12-31,-2.966923,fit,0
Enest Group Bhd,2024-12-31,-2.346285,val,0
Enest Group Bhd,2025-12-31,-3.1167085,test,0
Eng Kah Corporation Bhd,2021-12-31,-1.9400277,fit,0
Eng Kah Corporation Bhd,2022-12-31,-2.6084547,fit,0
Eng Kah Corporation Bhd,2023-12-31,-2.278998,fit,0
Eng Kah Corporation Bhd,2024-12-31,-1.6392492,val,0
Eng Kah Corporation Bhd,2025-12-31,-2.0647814,test,0
Engtex Group Bhd,2022-12-31,-2.9372282,fit,0
Engtex Group Bhd,2023-12-31,-3.135375,fit,0
Engtex Group Bhd,2024-12-31,-3.8018146,val,0
Engtex Group Bhd,2025-12-31,-2.5475943,test,0
Engtex Group Bhd,2026-12-31,-2.7482972,test,0
Enproserve Group Bhd,2021-12-31,-1.7866094,fit,0
Enproserve Group Bhd,2022-12-31,-2.747566,fit,0
Enproserve Group Bhd,2023-12-31,-2.8330538,fit,0
Enproserve Group Bhd,2024-12-31,-3.7697337,val,0
Enproserve Group Bhd,2025-12-31,-2.9690819,test,0
ENRA Group Bhd,2023-03-31,-2.2420084,fit,0
ENRA Group Bhd,2024-03-31,-2.3200638,val,0
ENRA Group Bhd,2025-03-31,-3.468717,test,0
ENRA Group Bhd,2026-03-31,-2.7704337,test,0
ENRA Group Bhd,2027-03-31,-2.7752452,test,0
EPB Group Bhd,2021-12-31,-0.64901936,fit,0
EPB Group Bhd,2022-12-31,-3.569101,fit,0
EPB Group Bhd,2023-12-31,-3.378957,fit,0
EPB Group Bhd,2024-12-31,-2.7740304,val,0
EPB Group Bhd,2025-12-31,-2.8314085,test,0
Epicon Bhd,2021-12-31,1.6090945,fit,0
Epicon Bhd,2022-12-31,-2.5058022,fit,0
Epicon Bhd,2023-12-31,-1.3428942,fit,0
Epicon Bhd,2024-12-31,-3.2567968,val,0
Epicon Bhd,2025-12-31,-3.2918634,test,0
EP Manufacturing Bhd,2021-12-31,-1.0367525,fit,0
EP Manufacturing Bhd,2022-12-31,-2.7571177,fit,0
EP Manufacturing Bhd,2023-12-31,-2.4039638,fit,0
EP Manufacturing Bhd,2024-12-31,-2.8379004,val,0
EP Manufacturing Bhd,2025-12-31,-1.2575339,test,0
Eversafe Rubber Bhd,2021-12-31,-2.8134906,fit,0
Eversafe Rubber Bhd,2022-12-31,-2.6090736,fit,0
Eversafe Rubber Bhd,2023-12-31,-3.3351648,fit,0
Eversafe Rubber Bhd,2024-12-31,-2.9164195,val,0
Eversafe Rubber Bhd,2025-12-31,-1.9420124,test,0
ES Ceramics Technology Bhd,2022-05-31,-2.1452208,fit,0
ES Ceramics Technology Bhd,2023-05-31,-2.9856374,fit,0
ES Ceramics Technology Bhd,2024-05-31,-1.4589063,val,0
ES Ceramics Technology Bhd,2025-05-31,-2.9780753,test,0
ES Ceramics Technology Bhd,2026-05-31,-2.3878074,test,0
EquitiesTracker Holdings Bhd,2021-12-31,-2.3729913,fit,0
EquitiesTracker Holdings Bhd,2022-12-31,-1.970239,fit,0
EquitiesTracker Holdings Bhd,2023-12-31,-2.5311503,fit,0
EquitiesTracker Holdings Bhd,2024-12-31,-2.690555,val,0
EquitiesTracker Holdings Bhd,2025-12-31,0.1728417,test,0
Eupe Corporation Bhd,2022-02-28,-2.3594258,fit,0
Eupe Corporation Bhd,2023-02-28,-2.9832618,fit,0
Eupe Corporation Bhd,2024-02-28,-2.3868418,val,0
Eupe Corporation Bhd,2025-02-28,-2.4203622,test,0
Eupe Corporation Bhd,2026-02-28,-2.8521724,test,0
Euro Holdings Bhd,2021-06-30,-2.508778,fit,0
Euro Holdings Bhd,2022-06-30,-2.8305223,fit,0
Euro Holdings Bhd,2023-06-30,-2.498175,fit,0
Euro Holdings Bhd,2024-06-30,-2.936666,val,0
Euro Holdings Bhd,2025-06-30,-3.372278,test,0
Eurospan Holdings Bhd,2023-05-31,-1.9715344,fit,0
Eurospan Holdings Bhd,2024-05-31,-2.2542336,val,0
Eurospan Holdings Bhd,2025-05-31,-2.2802446,test,0
Eurospan Holdings Bhd,2026-05-31,-3.9451523,test,0
Eurospan Holdings Bhd,2027-05-31,-1.1898341,test,0
Evergreen Fibreboard Bhd,2022-12-31,-0.11928585,fit,0
Evergreen Fibreboard Bhd,2023-12-31,-2.6082954,fit,0
Evergreen Fibreboard Bhd,2024-12-31,-2.1606328,val,0
Evergreen Fibreboard Bhd,2025-12-31,-1.22109,test,0
Evergreen Fibreboard Bhd,2026-12-31,-1.067624,test,0
EWI Capital Bhd,2022-10-31,-2.8715487,fit,0
EWI Capital Bhd,2023-10-31,-3.2199085,fit,0
EWI Capital Bhd,2024-10-31,-4.042754,val,0
EWI Capital Bhd,2025-10-31,-3.457201,test,0
EWI Capital Bhd,2026-10-31,-3.9306908,test,0
Exsim Hospitality Bhd,2022-06-30,-2.3864722,fit,0
Exsim Hospitality Bhd,2023-06-30,-2.5133967,fit,0
Exsim Hospitality Bhd,2024-06-30,-0.9969772,val,0
Exsim Hospitality Bhd,2025-06-30,-1.3042889,test,0
Exsim Hospitality Bhd,2026-06-30,-2.3980076,test,0
Fraser & Neave Holdings Bhd,2022-09-30,-2.5636928,fit,0
Fraser & Neave Holdings Bhd,2023-09-30,-2.2474906,fit,0
Fraser & Neave Holdings Bhd,2024-09-30,-2.2705688,val,0
Fraser & Neave Holdings Bhd,2025-09-30,-2.366392,test,0
Fraser & Neave Holdings Bhd,2026-09-30,-2.4552476,test,0
FACB Industries Incorporated Bhd,2021-06-30,-2.6178448,fit,0
FACB Industries Incorporated Bhd,2022-06-30,-3.9990516,fit,0
FACB Industries Incorporated Bhd,2023-06-30,-3.182618,fit,0
FACB Industries Incorporated Bhd,2024-06-30,-3.0348191,val,0
FACB Industries Incorporated Bhd,2025-06-30,-3.062905,test,0
Farmiera Bhd,2021-12-31,-2.340649,fit,0
Farmiera Bhd,2022-12-31,-2.9323347,fit,0
Farmiera Bhd,2023-12-31,-3.0032902,fit,0
Farmiera Bhd,2024-12-31,-3.791875,val,0
Farmiera Bhd,2025-12-31,-3.9801457,test,0
Far East Holdings Bhd,2021-12-31,-2.3065572,fit,0
Far East Holdings Bhd,2022-12-31,-2.8645914,fit,0
Far East Holdings Bhd,2023-12-31,-2.47621,fit,0
Far East Holdings Bhd,2024-12-31,-2.4859285,val,0
Far East Holdings Bhd,2025-12-31,-2.4219377,test,0
Farlim Group (Malaysia) Bhd,2021-12-31,-2.573152,fit,0
Farlim Group (Malaysia) Bhd,2022-12-31,-3.420106,fit,0
Farlim Group (Malaysia) Bhd,2023-12-31,-2.4147248,fit,0
Farlim Group (Malaysia) Bhd,2024-12-31,-1.7163148,val,0
Farlim Group (Malaysia) Bhd,2025-12-31,-2.5096653,test,0
Fast Energy Holdings Bhd,2021-12-31,-2.7268977,fit,0
Fast Energy Holdings Bhd,2022-12-31,-3.1661725,fit,0
Fast Energy Holdings Bhd,2023-12-31,-1.7266717,fit,0
Fast Energy Holdings Bhd,2024-12-31,-2.473986,val,0
Fast Energy Holdings Bhd,2025-12-31,-3.4285338,test,0
Favelle Favco Bhd,2022-12-31,-0.3343417,fit,0
Favelle Favco Bhd,2023-12-31,-3.8706539,fit,0
Favelle Favco Bhd,2024-12-31,-3.0398743,val,0
Favelle Favco Bhd,2025-12-31,-2.5885816,test,0
Favelle Favco Bhd,2026-12-31,-1.1756136,test,0
Fbg Holdings Bhd,2022-06-30,-2.317397,fit,0
Fbg Holdings Bhd,2023-06-30,-2.3943274,fit,0
Fbg Holdings Bhd,2024-06-30,-2.6606836,val,0
Fbg Holdings Bhd,2025-06-30,-2.8941584,test,0
Fbg Holdings Bhd,2026-06-30,-3.5694096,test,0
FCW Holdings Bhd,2022-03-31,-2.3424954,fit,0
FCW Holdings Bhd,2023-03-31,2.2668014,fit,0
FCW Holdings Bhd,2024-03-31,-5.6992664,val,0
FCW Holdings Bhd,2025-03-31,-1.9651935,test,0
FCW Holdings Bhd,2026-03-31,-2.7270052,test,0
Feytech Holdings Bhd,2022-12-31,-2.7685812,fit,0
Feytech Holdings Bhd,2023-12-31,-3.4620094,fit,0
Feytech Holdings Bhd,2024-12-31,-2.8066454,val,0
Feytech Holdings Bhd,2025-12-31,-2.4375236,test,0
Feytech Holdings Bhd,2026-12-31,-3.3629298,test,0
Farm Fresh Bhd,2023-03-31,-2.1421347,fit,0
Farm Fresh Bhd,2024-03-31,-3.126959,val,0
Farm Fresh Bhd,2025-03-31,-1.8144279,test,0
Farm Fresh Bhd,2026-03-31,-2.175923,test,0
Farm Fresh Bhd,2027-03-31,-2.0086582,test,0
Fiamma Holdings Bhd,2022-12-31,-2.512454,fit,0
Fiamma Holdings Bhd,2023-12-31,-2.7178206,fit,0
Fiamma Holdings Bhd,2024-12-31,-1.6524316,val,0
Fiamma Holdings Bhd,2025-12-31,-2.456681,test,0
Fiamma Holdings Bhd,2026-12-31,-2.51223,test,0
Fibon Bhd,2022-05-31,-3.567459,fit,0
Fibon Bhd,2023-05-31,-3.4839928,fit,0
Fibon Bhd,2024-05-31,-3.759425,val,0
Fibon Bhd,2025-05-31,-2.6807663,test,0
Fibon Bhd,2026-05-31,-3.927247,test,0
Fibromat (M) Bhd,2022-12-31,-2.3546808,fit,0
Fibromat (M) Bhd,2023-12-31,-2.8877063,fit,0
Fibromat (M) Bhd,2024-12-31,-2.7300043,val,0
Fibromat (M) Bhd,2025-12-31,-2.3678901,test,0
Fibromat (M) Bhd,2026-12-31,-2.5207336,test,0
Federal International Holdings Bhd,2021-06-30,-2.5028644,fit,0
Federal International Holdings Bhd,2022-06-30,-2.4805326,fit,0
Federal International Holdings Bhd,2023-06-30,-2.5279026,fit,0
Federal International Holdings Bhd,2024-06-30,-3.1897058,val,0
Federal International Holdings Bhd,2025-06-30,-2.8026671,test,0
Fima Corporation Bhd,2023-03-31,-2.4366138,fit,0
Fima Corporation Bhd,2024-03-31,-2.6062222,val,0
Fima Corporation Bhd,2025-03-31,-3.0154161,test,0
Fima Corporation Bhd,2026-03-31,-2.778042,test,0
Fima Corporation Bhd,2027-03-31,-2.3158002,test,0
Fintec Global Bhd,2022-06-30,-2.4969003,fit,0
Fintec Global Bhd,2023-06-30,-2.2937417,fit,0
Fintec Global Bhd,2024-06-30,-2.4528215,val,0
Fintec Global Bhd,2025-06-30,-3.4455776,test,0
Focus Lumber Bhd,2022-12-31,-2.928341,fit,0
Focus Lumber Bhd,2023-12-31,-2.569835,fit,0
Focus Lumber Bhd,2024-12-31,-3.0183372,val,0
Focus Lumber Bhd,2025-12-31,-2.7149248,test,0
Focus Lumber Bhd,2026-12-31,-2.8766332,test,0
Flexidynamic Holdings Bhd,2021-12-31,-1.0899774,fit,0
Flexidynamic Holdings Bhd,2022-12-31,-3.2690942,fit,0
Flexidynamic Holdings Bhd,2023-12-31,-2.7736852,fit,0
Flexidynamic Holdings Bhd,2024-12-31,-2.6526728,val,0
Flexidynamic Holdings Bhd,2025-12-31,-3.120689,test,0
FM Global Logistics Holdings Bhd,2022-06-30,-2.6273184,fit,0
FM Global Logistics Holdings Bhd,2023-06-30,-2.747322,fit,0
FM Global Logistics Holdings Bhd,2024-06-30,-2.966611,val,0
FM Global Logistics Holdings Bhd,2025-06-30,-3.4915824,test,0
FM Global Logistics Holdings Bhd,2026-06-30,-3.007486,test,0
Focus Dynamics Group Bhd,2023-03-31,-1.4059643,fit,0
Focus Dynamics Group Bhd,2026-03-31,-2.407899,test,0
Focus Point Holdings Bhd,2022-12-31,-1.7072246,fit,0
Focus Point Holdings Bhd,2023-12-31,-2.520647,fit,0
Focus Point Holdings Bhd,2024-12-31,-1.1957921,val,0
Focus Point Holdings Bhd,2025-12-31,-2.1345694,test,0
Focus Point Holdings Bhd,2026-12-31,-1.639346,test,0
Foodie Media Bhd,2023-08-31,-1.3510399,fit,0
Foodie Media Bhd,2024-08-31,-3.4520147,val,0
Foodie Media Bhd,2025-08-31,-1.685862,test,0
Foodie Media Bhd,2026-08-31,-2.8722749,test,0
FoundPac Group Bhd,2022-06-30,-3.01386,fit,0
FoundPac Group Bhd,2023-06-30,-2.7195318,fit,0
FoundPac Group Bhd,2024-06-30,-2.543635,val,0
FoundPac Group Bhd,2025-06-30,-2.675492,test,0
FoundPac Group Bhd,2026-06-30,-2.583438,test,0
Farm Price Holdings Bhd,2022-12-31,-3.1275735,fit,0
Farm Price Holdings Bhd,2023-12-31,-3.0008025,fit,0
Farm Price Holdings Bhd,2024-12-31,-3.227585,val,0
Farm Price Holdings Bhd,2025-12-31,-2.4908974,test,0
Farm Price Holdings Bhd,2026-12-31,-2.9458091,test,0
Formosa Prosonic Industries Bhd,2021-12-31,-2.9042196,fit,0
Formosa Prosonic Industries Bhd,2022-12-31,-2.890799,fit,0
Formosa Prosonic Industries Bhd,2023-12-31,-1.3401438,fit,0
Formosa Prosonic Industries Bhd,2024-12-31,-2.7087257,val,0
Formosa Prosonic Industries Bhd,2025-12-31,-3.6991305,test,0
Frontken Corporation Bhd,2022-12-31,-3.509713,fit,0
Frontken Corporation Bhd,2023-12-31,-2.624159,fit,0
Frontken Corporation Bhd,2024-12-31,-2.7391765,val,0
Frontken Corporation Bhd,2025-12-31,-2.9368863,test,0
Frontken Corporation Bhd,2026-12-31,-4.4299073,test,0
Fsbm Holdings Bhd,2021-12-31,10.361859,fit,1
Fsbm Holdings Bhd,2022-12-31,9.905507,fit,1
Fsbm Holdings Bhd,2023-12-31,8.555478,fit,1
Fsbm Holdings Bhd,2024-12-31,-2.924197,val,0
Fsbm Holdings Bhd,2025-12-31,-3.0181954,test,0
G3 Global Bhd,2021-12-31,-2.8283117,fit,0
G3 Global Bhd,2022-12-31,-3.7564821,fit,0
G3 Global Bhd,2023-12-31,-1.8126541,fit,0
G3 Global Bhd,2024-12-31,-2.383129,val,0
G3 Global Bhd,2025-12-31,1.5419284,test,0
Gadang Holdings Bhd,2022-05-31,-1.0307761,fit,0
Gadang Holdings Bhd,2023-05-31,-2.0179281,fit,0
Gadang Holdings Bhd,2024-05-31,-2.1538343,val,0
Gadang Holdings Bhd,2025-05-31,-2.4178388,test,0
Gadang Holdings Bhd,2026-05-31,-2.524305,test,0
Gamuda Bhd,2022-07-31,-2.2436337,fit,0
Gamuda Bhd,2023-07-31,-2.2480009,fit,0
Gamuda Bhd,2024-07-31,-2.5241256,val,0
Gamuda Bhd,2025-07-31,-3.2778845,test,0
Gamuda Bhd,2026-07-31,-2.6589007,test,0
Gas Malaysia Bhd,2022-12-31,-3.0089455,fit,0
Gas Malaysia Bhd,2023-12-31,-3.8828542,fit,0
Gas Malaysia Bhd,2024-12-31,-2.783175,val,0
Gas Malaysia Bhd,2025-12-31,-4.6115985,test,0
Gas Malaysia Bhd,2026-12-31,-2.109307,test,0
Greater Bay Holdings Bhd,2021-12-31,-2.454311,fit,0
Greater Bay Holdings Bhd,2022-12-31,-4.0698895,fit,0
Greater Bay Holdings Bhd,2023-12-31,-3.0258079,fit,0
Greater Bay Holdings Bhd,2024-12-31,-2.2124484,val,0
Greater Bay Holdings Bhd,2025-12-31,-2.458398,test,0
Gabungan AQRS Bhd,2022-06-30,-1.8314619,fit,0
Gabungan AQRS Bhd,2023-06-30,-2.4881897,fit,0
Gabungan AQRS Bhd,2026-06-30,-2.9417038,test,0
G Capital Bhd,2021-12-31,-1.567938,fit,0
G Capital Bhd,2022-12-31,-2.2293198,fit,0
G Capital Bhd,2023-12-31,-3.2768831,fit,0
G Capital Bhd,2024-12-31,3.6753764,val,0
G Capital Bhd,2025-12-31,-0.9103935,test,0
Guan Chong Bhd,2022-12-31,-2.6064157,fit,0
Guan Chong Bhd,2023-12-31,-3.0933833,fit,0
Guan Chong Bhd,2024-12-31,-3.5676646,val,0
Guan Chong Bhd,2025-12-31,-0.31178758,test,0
Guan Chong Bhd,2026-12-31,-2.5274968,test,0
Grand Central Enterprises Bhd,2021-12-31,-3.5453649,fit,0
Grand Central Enterprises Bhd,2022-12-31,-1.4030163,fit,0
Grand Central Enterprises Bhd,2023-12-31,-3.2474658,fit,0
Grand Central Enterprises Bhd,2024-12-31,-3.0106292,val,0
Grand Central Enterprises Bhd,2025-12-31,-3.5729911,test,0
GDB Holdings Bhd,2022-12-31,-3.4282763,fit,0
GDB Holdings Bhd,2023-12-31,-2.3760536,fit,0
GDB Holdings Bhd,2024-12-31,-2.6200225,val,0
GDB Holdings Bhd,2025-12-31,-1.7019439,test,0
GDB Holdings Bhd,2026-12-31,-5.756225,test,0
Gdex Bhd,2022-12-31,-2.5021586,fit,0
Gdex Bhd,2023-12-31,-3.2325752,fit,0
Gdex Bhd,2024-12-31,-3.1138756,val,0
Gdex Bhd,2025-12-31,-2.3287575,test,0
Gdex Bhd,2026-12-31,-2.306603,test,0
Golden Destinations Group Bhd,2022-12-31,1.6055126,fit,0
Golden Destinations Group Bhd,2023-12-31,-5.7206125,fit,0
Golden Destinations Group Bhd,2024-12-31,-4.6248403,val,0
Golden Destinations Group Bhd,2025-12-31,-3.4884446,test,0
Wasco Greenergy Bhd,2023-12-31,-0.7484913,fit,0
Wasco Greenergy Bhd,2024-12-31,-3.1402678,val,0
Wasco Greenergy Bhd,2025-12-31,-3.0241718,test,0
Wasco Greenergy Bhd,2026-12-31,-2.6004457,test,0
Genetec Technology Bhd,2022-06-30,-2.8206427,fit,0
Genetec Technology Bhd,2023-06-30,-2.8227777,fit,0
Genetec Technology Bhd,2024-06-30,-3.2573385,val,0
Genetec Technology Bhd,2025-06-30,-2.5596168,test,0
Genetec Technology Bhd,2026-06-30,-2.982533,test,0
Genting Malaysia Bhd,2022-12-31,-2.4466743,fit,0
Genting Malaysia Bhd,2023-12-31,-0.8597692,fit,0
Genting Malaysia Bhd,2024-12-31,-2.3896751,val,0
Genting Malaysia Bhd,2025-12-31,-0.8702582,test,0
Genting Malaysia Bhd,2026-12-31,-1.4979044,test,0
Genting Plantations Bhd,2022-12-31,-2.619102,fit,0
Genting Plantations Bhd,2023-12-31,-3.0158913,fit,0
Genting Plantations Bhd,2024-12-31,-4.0544505,val,0
Genting Plantations Bhd,2025-12-31,-3.4629674,test,0
Genting Plantations Bhd,2026-12-31,-2.8989446,test,0
Genting Bhd,2022-12-31,-2.7386882,fit,0
Genting Bhd,2023-12-31,-2.371416,fit,0
Genting Bhd,2024-12-31,-2.7857528,val,0
Genting Bhd,2025-12-31,-3.0255299,test,0
Genting Bhd,2026-12-31,-3.2114,test,0
Geohan Corp Bhd,2022-12-31,-2.0857108,fit,0
Geohan Corp Bhd,2023-12-31,-2.6601386,fit,0
Geohan Corp Bhd,2024-12-31,-2.6941476,val,0
Geohan Corp Bhd,2025-12-31,-3.0698252,test,0
GE-SHEN Corporation Bhd,2021-12-31,-2.5491507,fit,0
GE-SHEN Corporation Bhd,2022-12-31,-2.696565,fit,0
GE-SHEN Corporation Bhd,2023-12-31,-2.5435693,fit,0
GE-SHEN Corporation Bhd,2024-12-31,-2.5189617,val,0
GE-SHEN Corporation Bhd,2025-12-31,-2.821919,test,0
GFM Services Bhd,2021-12-31,-1.397598,fit,0
GFM Services Bhd,2022-12-31,-1.1142186,fit,0
GFM Services Bhd,2023-12-31,-2.1520145,fit,0
GFM Services Bhd,2024-12-31,-1.8278409,val,0
GFM Services Bhd,2025-12-31,-2.485734,test,0
Guan Huat Seng Holdings Bhd,2022-07-31,-2.540076,fit,0
Guan Huat Seng Holdings Bhd,2023-07-31,-2.8045526,fit,0
Guan Huat Seng Holdings Bhd,2024-07-31,-3.9794269,val,0
Guan Huat Seng Holdings Bhd,2025-07-31,-2.7187507,test,0
George Kent (Malaysia) Bhd,2022-03-31,-2.3227713,fit,0
George Kent (Malaysia) Bhd,2023-03-31,-2.0460823,fit,0
George Kent (Malaysia) Bhd,2024-03-31,-1.666761,val,0
George Kent (Malaysia) Bhd,2025-03-31,-3.386321,test,0
George Kent (Malaysia) Bhd,2026-03-31,-2.2568383,test,0
Golden Land Bhd,2021-06-30,1.4912342,fit,0
Golden Land Bhd,2022-06-30,-3.749099,fit,0
Golden Land Bhd,2023-06-30,-1.8610625,fit,0
Golden Land Bhd,2024-06-30,-2.3769765,val,0
Golden Land Bhd,2025-06-30,-1.7628347,test,0
Glomac Bhd,2023-04-30,-1.2720406,fit,0
Glomac Bhd,2024-04-30,-2.7173567,val,0
Glomac Bhd,2025-04-30,4.848485,test,0
Glomac Bhd,2026-04-30,4.6104126,test,0
Glomac Bhd,2027-04-30,2.4375343,test,0
Globaltec Formation Bhd,2021-06-30,-3.0571468,fit,0
Globaltec Formation Bhd,2022-06-30,-3.168215,fit,0
Globaltec Formation Bhd,2023-06-30,-3.4881892,fit,0
Globaltec Formation Bhd,2024-06-30,-2.7674491,val,0
Globaltec Formation Bhd,2025-06-30,-3.063429,test,0
Glostrext Bhd,2022-03-31,-2.5810485,fit,0
Glostrext Bhd,2023-03-31,-2.8189387,fit,0
Glostrext Bhd,2024-03-31,-3.3583071,val,0
Glostrext Bhd,2025-03-31,-3.8172967,test,0
Glostrext Bhd,2026-03-31,-2.2864878,test,0
Gromutual Bhd,2021-12-31,-2.470857,fit,0
Gromutual Bhd,2022-12-31,-2.0456688,fit,0
Gromutual Bhd,2023-12-31,-2.2089,fit,0
Gromutual Bhd,2024-12-31,-2.6804588,val,0
Gromutual Bhd,2025-12-31,-2.2255778,test,0
Global Oriental Bhd,2023-03-31,-2.292753,fit,0
Global Oriental Bhd,2024-03-31,-2.5601075,val,0
Global Oriental Bhd,2025-03-31,3.976884,test,0
Global Oriental Bhd,2026-03-31,-1.9229019,test,0
Global Oriental Bhd,2027-03-31,1.6821878,test,0
Green Ocean Corporation Bhd,2021-03-31,-3.5187814,fit,0
Green Ocean Corporation Bhd,2023-03-31,-2.4341912,fit,0
Green Ocean Corporation Bhd,2025-03-31,-2.8504136,test,0
Go Hub Capital Bhd,2021-12-31,-1.9932731,fit,0
Go Hub Capital Bhd,2022-12-31,-2.5113273,fit,0
Go Hub Capital Bhd,2023-12-31,-2.7827077,fit,0
Go Hub Capital Bhd,2024-12-31,-3.7038198,val,0
Go Hub Capital Bhd,2025-12-31,-3.6171355,test,0
Gold LI Holdings Bhd,2023-01-31,-2.4473944,fit,0
Gold LI Holdings Bhd,2024-01-31,-3.3511257,val,0
Gold LI Holdings Bhd,2025-01-31,-1.6957531,test,0
Gold LI Holdings Bhd,2026-01-31,-1.9393824,test,0
Gopeng Bhd,2021-12-31,-3.8119905,fit,0
Gopeng Bhd,2022-12-31,-4.5160255,fit,0
Gopeng Bhd,2023-12-31,-3.128191,fit,0
Gopeng Bhd,2024-12-31,-2.6540425,val,0
Gopeng Bhd,2025-12-31,0.11216137,test,0
Green Packet Bhd,2021-06-30,-2.805555,fit,0
Green Packet Bhd,2022-06-30,-3.6723046,fit,0
Green Packet Bhd,2024-06-30,-1.207191,val,0
Green Packet Bhd,2025-06-30,0.4257181,test,0
Golden Pharos Bhd,2021-12-31,0.9870448,fit,0
Golden Pharos Bhd,2022-12-31,-1.988636,fit,0
Golden Pharos Bhd,2023-12-31,-3.3221114,fit,0
Golden Pharos Bhd,2024-12-31,-3.4242795,val,0
Golden Pharos Bhd,2025-12-31,-2.77621,test,0
GPP Resources Bhd,2021-06-30,-2.179719,fit,0
GPP Resources Bhd,2024-06-30,-2.196941,val,0
GPP Resources Bhd,2025-06-30,4.3813066,test,0
Greatech Technology Bhd,2022-12-31,-4.8508067,fit,0
Greatech Technology Bhd,2023-12-31,-2.122117,fit,0
Greatech Technology Bhd,2024-12-31,-2.5812016,val,0
Greatech Technology Bhd,2025-12-31,-2.2172754,test,0
Greatech Technology Bhd,2026-12-31,-1.8297478,test,0
Greentronics Technology Bhd,2021-12-31,-2.3532023,fit,0
Greentronics Technology Bhd,2022-12-31,-2.8351047,fit,0
Greentronics Technology Bhd,2023-12-31,-1.0083048,fit,0
Greentronics Technology Bhd,2024-12-31,-3.1273503,val,0
Greentronics Technology Bhd,2025-12-31,-3.5489058,test,0
Greenyield Bhd,2021-12-31,-2.5847907,fit,0
Greenyield Bhd,2022-12-31,-3.7342632,fit,0
Greenyield Bhd,2023-12-31,-2.4952521,fit,0
Greenyield Bhd,2024-12-31,-2.602789,val,0
Greenyield Bhd,2025-12-31,-2.6120665,test,0
Globetronics Technology Bhd,2022-12-31,-2.7152848,fit,0
Globetronics Technology Bhd,2023-12-31,-2.3414357,fit,0
Globetronics Technology Bhd,2024-12-31,-3.8285775,val,0
Globetronics Technology Bhd,2025-12-31,-3.1926003,test,0
GUH Holdings Bhd,2021-12-31,-0.045784682,fit,0
GUH Holdings Bhd,2022-12-31,-3.2889612,fit,0
GUH Holdings Bhd,2023-12-31,-2.665778,fit,0
GUH Holdings Bhd,2024-12-31,-3.490947,val,0
GUH Holdings Bhd,2025-12-31,-2.7439156,test,0
GuocoLand (Malaysia) Bhd,2021-06-30,-3.1107016,fit,0
GuocoLand (Malaysia) Bhd,2022-06-30,-2.2957573,fit,0
GuocoLand (Malaysia) Bhd,2023-06-30,-2.6098154,fit,0
GuocoLand (Malaysia) Bhd,2024-06-30,-2.7081954,val,0
GuocoLand (Malaysia) Bhd,2025-06-30,-3.4744942,test,0
Haily Group Bhd,2021-12-31,-1.8078891,fit,0
Haily Group Bhd,2022-12-31,-2.7372453,fit,0
Haily Group Bhd,2023-12-31,-2.678814,fit,0
Haily Group Bhd,2024-12-31,-3.0099583,val,0
Haily Group Bhd,2025-12-31,-3.240119,test,0
Hap Seng Consolidated Bhd,2022-12-31,-2.6079152,fit,0
Hap Seng Consolidated Bhd,2023-12-31,-3.1622436,fit,0
Hap Seng Consolidated Bhd,2024-12-31,-2.757601,val,0
Hap Seng Consolidated Bhd,2025-12-31,-2.5375092,test,0
Hap Seng Consolidated Bhd,2026-12-31,-2.7993238,test,0
Harbour-Link Group Bhd,2022-06-30,-2.755924,fit,0
Harbour-Link Group Bhd,2023-06-30,-2.1944942,fit,0
Harbour-Link Group Bhd,2024-06-30,-2.6127279,val,0
Harbour-Link Group Bhd,2025-06-30,-2.91586,test,0
Harbour-Link Group Bhd,2026-06-30,-2.7662895,test,0
Harrisons Holdings (Malaysia) Bhd,2021-12-31,-2.8267171,fit,0
Harrisons Holdings (Malaysia) Bhd,2022-12-31,-3.1248517,fit,0
Harrisons Holdings (Malaysia) Bhd,2023-12-31,-3.123811,fit,0
Harrisons Holdings (Malaysia) Bhd,2024-12-31,-3.1742573,val,0
Harrisons Holdings (Malaysia) Bhd,2025-12-31,-2.7588015,test,0
Harn Len Corporation Bhd,2021-05-31,-1.8301126,fit,0
Harn Len Corporation Bhd,2024-05-31,-2.4183614,val,0
Harn Len Corporation Bhd,2025-05-31,-3.5691154,test,0
Hartalega Holdings Bhd,2023-03-31,-4.941583,fit,0
Hartalega Holdings Bhd,2024-03-31,-2.3610594,val,0
Hartalega Holdings Bhd,2025-03-31,-1.9916532,test,0
Hartalega Holdings Bhd,2026-03-31,-2.7695897,test,0
Hartalega Holdings Bhd,2027-03-31,-2.0708697,test,0
Steel Hawk Bhd,2022-12-31,-2.489964,fit,0
Steel Hawk Bhd,2023-12-31,-2.4167566,fit,0
Steel Hawk Bhd,2024-12-31,-3.238235,val,0
Steel Hawk Bhd,2025-12-31,-2.7061968,test,0
Steel Hawk Bhd,2026-12-31,-1.6060656,test,0
HB Global Ltd,2021-12-31,-1.8293211,fit,0
HB Global Ltd,2022-12-31,-2.125542,fit,0
HB Global Ltd,2023-12-31,-2.5533679,fit,0
HB Global Ltd,2024-12-31,-3.0468202,val,0
HB Global Ltd,2025-12-31,-0.82770026,test,0
HCK Capital Group Bhd,2021-12-31,-2.6816885,fit,0
HCK Capital Group Bhd,2022-12-31,-2.463518,fit,0
HCK Capital Group Bhd,2023-12-31,-3.3488946,fit,0
HCK Capital Group Bhd,2024-12-31,-2.8200254,val,0
HCK Capital Group Bhd,2025-12-31,-2.4564788,test,0
He Group Bhd,2022-12-31,-3.170225,fit,0
He Group Bhd,2023-12-31,-3.0275834,fit,0
He Group Bhd,2024-12-31,-5.360933,val,0
He Group Bhd,2025-12-31,-3.2962675,test,0
He Group Bhd,2026-12-31,-2.3433375,test,0
Heineken Malaysia Bhd,2022-12-31,-2.6373763,fit,0
Heineken Malaysia Bhd,2023-12-31,-3.8414133,fit,0
Heineken Malaysia Bhd,2024-12-31,-2.3767588,val,0
Heineken Malaysia Bhd,2025-12-31,-3.388029,test,0
Heineken Malaysia Bhd,2026-12-31,-2.3338063,test,0
Hektar Real Estate Investment Trust,2022-12-31,-0.86421394,fit,0
Hektar Real Estate Investment Trust,2023-12-31,-0.9104564,fit,0
Hektar Real Estate Investment Trust,2024-12-31,-1.4970322,val,0
Hektar Real Estate Investment Trust,2025-12-31,-1.0412084,test,0
Hektar Real Estate Investment Trust,2026-12-31,4.755558,test,0
Hengyuan Refining Company Bhd,2021-12-31,-2.3039699,fit,0
Hengyuan Refining Company Bhd,2022-12-31,-2.935163,fit,0
Hengyuan Refining Company Bhd,2023-12-31,-2.9668298,fit,0
Hengyuan Refining Company Bhd,2024-12-31,-2.5055904,val,0
Hengyuan Refining Company Bhd,2025-12-31,-4.301726,test,0
HeveaBoard Bhd,2022-12-31,-0.018677726,fit,0
HeveaBoard Bhd,2023-12-31,-2.4310858,fit,0
HeveaBoard Bhd,2024-12-31,-2.6932938,val,0
HeveaBoard Bhd,2025-12-31,-0.40046406,test,0
HeveaBoard Bhd,2026-12-31,-3.0828044,test,0
Hextar Capital Bhd,2021-12-31,-1.7770758,fit,0
Hextar Capital Bhd,2022-12-31,-3.5910835,fit,0
Hextar Capital Bhd,2023-12-31,-2.1933784,fit,0
Hextar Capital Bhd,2024-12-31,-2.515634,val,0
Hextar Capital Bhd,2025-12-31,-3.8375535,test,0
Hextar Healthcare Bhd,2022-12-31,-2.7367573,fit,0
Hextar Healthcare Bhd,2023-12-31,-2.872545,fit,0
Hextar Healthcare Bhd,2024-12-31,-2.4053879,val,0
Hextar Healthcare Bhd,2025-12-31,-2.4005215,test,0
Hextar Healthcare Bhd,2026-12-31,-2.0360005,test,0
Hextar Industries Bhd,2021-12-31,-2.6079566,fit,0
Hextar Industries Bhd,2023-12-31,-2.674897,fit,0
Hextar Industries Bhd,2024-12-31,-2.9508338,val,0
Hextar Industries Bhd,2025-12-31,-3.2738361,test,0
Hextar Retail Bhd,2021-12-31,-1.8634067,fit,0
Hextar Retail Bhd,2022-12-31,-3.3587468,fit,0
Hextar Retail Bhd,2023-12-31,-1.2528934,fit,0
Hextar Retail Bhd,2024-12-31,-2.1388237,val,0
Hextar Retail Bhd,2025-12-31,-2.856186,test,0
Hextar Global Bhd,2022-12-31,-2.7876945,fit,0
Hextar Global Bhd,2023-12-31,-2.6393368,fit,0
Hextar Global Bhd,2024-12-31,-1.6966636,val,0
Hextar Global Bhd,2025-12-31,-1.4787967,test,0
Hextar Global Bhd,2026-12-31,-2.8379035,test,0
Hextar Technologies Solutions Bhd,2022-03-31,-1.5295103,fit,0
Hextar Technologies Solutions Bhd,2023-03-31,-5.4897485,fit,0
Hextar Technologies Solutions Bhd,2024-03-31,-1.6620861,val,0
Hextar Technologies Solutions Bhd,2025-03-31,-2.5186129,test,0
Hextar Technologies Solutions Bhd,2026-03-31,-2.7646725,test,0
Hexza Corp Bhd,2021-06-30,-3.2074804,fit,0
Hexza Corp Bhd,2022-06-30,-3.420291,fit,0
Hexza Corp Bhd,2023-06-30,-2.761653,fit,0
Hexza Corp Bhd,2024-06-30,-4.228837,val,0
Hexza Corp Bhd,2025-06-30,-3.1451383,test,0
Hiap Huat Holdings Bhd,2021-12-31,-2.4506388,fit,0
Hiap Huat Holdings Bhd,2022-12-31,-1.8577596,fit,0
Hiap Huat Holdings Bhd,2023-12-31,-3.1597996,fit,0
Hiap Huat Holdings Bhd,2024-12-31,-2.4595675,val,0
Hiap Huat Holdings Bhd,2025-12-31,-0.8530761,test,0
HI Mobility Bhd,2023-01-31,-2.0901082,fit,0
HI Mobility Bhd,2024-01-31,-2.9532483,val,0
HI Mobility Bhd,2025-01-31,-2.7102978,test,0
HI Mobility Bhd,2027-01-31,-2.852843,test,0
Hiap Teck Venture Bhd,2022-07-31,-2.52127,fit,0
Hiap Teck Venture Bhd,2023-07-31,-2.3257604,fit,0
Hiap Teck Venture Bhd,2024-07-31,-3.6439128,val,0
Hiap Teck Venture Bhd,2025-07-31,-2.3668242,test,0
Hiap Teck Venture Bhd,2026-07-31,-2.6912425,test,0
Hibiscus Petroleum Bhd,2022-06-30,-1.9168359,fit,0
Hibiscus Petroleum Bhd,2023-06-30,-2.5478995,fit,0
Hibiscus Petroleum Bhd,2024-06-30,-3.401463,val,0
Hibiscus Petroleum Bhd,2025-06-30,-2.5250514,test,0
Hibiscus Petroleum Bhd,2026-06-30,-3.179183,test,0
Kumpulan H & L High-Tech Bhd,2021-10-31,-2.4954853,fit,0
Kumpulan H & L High-Tech Bhd,2022-10-31,-3.2190034,fit,0
Kumpulan H & L High-Tech Bhd,2023-10-31,-2.8255386,fit,0
Kumpulan H & L High-Tech Bhd,2024-10-31,-2.3650002,val,0
Kumpulan H & L High-Tech Bhd,2025-10-31,-2.8497639,test,0
Hil Industries Bhd,2022-12-31,-1.6519684,fit,0
Hil Industries Bhd,2023-12-31,-2.1263862,fit,0
Hil Industries Bhd,2024-12-31,-1.9552656,val,0
Hil Industries Bhd,2025-12-31,-2.400559,test,0
Hil Industries Bhd,2026-12-31,-1.8524437,test,0
Hartanah Kenyalang Bhd,2022-01-31,-1.1203845,fit,0
Hartanah Kenyalang Bhd,2023-01-31,-3.3758001,fit,0
Hartanah Kenyalang Bhd,2024-01-31,-3.070293,val,0
Hartanah Kenyalang Bhd,2025-01-31,-2.8123083,test,0
Hartanah Kenyalang Bhd,2026-01-31,-2.7587729,test,0
Hong Leong Bank Bhd,2022-06-30,-2.5028403,fit,0
Hong Leong Bank Bhd,2023-06-30,-2.5053709,fit,0
Hong Leong Bank Bhd,2024-06-30,-2.4637132,val,0
Hong Leong Bank Bhd,2025-06-30,-2.618681,test,0
Hong Leong Bank Bhd,2026-06-30,-1.811241,test,0
Hong Leong Capital Bhd,2021-06-30,-2.8539045,fit,0
Hong Leong Capital Bhd,2022-06-30,-1.8704652,fit,0
Hong Leong Capital Bhd,2023-06-30,-3.6745882,fit,0
Hong Leong Capital Bhd,2024-06-30,-2.506079,val,0
Hong Leong Capital Bhd,2025-06-30,-1.5226184,test,0
Hong Leong Financial Group Bhd,2022-06-30,-2.5858493,fit,0
Hong Leong Financial Group Bhd,2023-06-30,-2.7388105,fit,0
Hong Leong Financial Group Bhd,2024-06-30,-2.479362,val,0
Hong Leong Financial Group Bhd,2025-06-30,-2.543959,test,0
Hong Leong Financial Group Bhd,2026-06-30,-2.5198205,test,0
Hong Leong Industries Bhd,2022-06-30,-2.268348,fit,0
Hong Leong Industries Bhd,2023-06-30,-2.5674105,fit,0
Hong Leong Industries Bhd,2024-06-30,-2.4880261,val,0
Hong Leong Industries Bhd,2025-06-30,-2.7393267,test,0
Hong Leong Industries Bhd,2026-06-30,-3.1807742,test,0
HLT Global Bhd,2021-12-31,-2.562669,fit,0
HLT Global Bhd,2022-12-31,-1.2669086,fit,0
HLT Global Bhd,2023-12-31,1.8026953,fit,0
HLT Global Bhd,2024-12-31,-1.513941,val,0
HLT Global Bhd,2025-12-31,-0.8931638,test,0
Harvest Miracle Capital Bhd,2022-03-31,-1.8008235,fit,0
Harvest Miracle Capital Bhd,2023-03-31,-2.103093,fit,0
Harvest Miracle Capital Bhd,2024-03-31,-2.3961473,val,0
Harvest Miracle Capital Bhd,2025-03-31,-2.3729076,test,0
Harvest Miracle Capital Bhd,2026-03-31,-2.7447622,test,0
Hock Soon Capital Bhd,2022-09-30,-2.2425423,fit,0
Hock Soon Capital Bhd,2023-09-30,-2.5191412,fit,0
Hock Soon Capital Bhd,2024-09-30,-1.7734547,val,0
Hock Soon Capital Bhd,2025-09-30,-2.3219965,test,0
Homeritz Corporation Bhd,2022-08-31,-2.0588312,fit,0
Homeritz Corporation Bhd,2023-08-31,-2.880573,fit,0
Homeritz Corporation Bhd,2024-08-31,-1.9320866,val,0
Homeritz Corporation Bhd,2025-08-31,-4.4905314,test,0
Homeritz Corporation Bhd,2026-08-31,-2.6963735,test,0
Hydropipes Bhd,2022-12-31,-2.1355162,fit,0
Hydropipes Bhd,2023-12-31,-2.9073632,fit,0
Hydropipes Bhd,2024-12-31,-3.0249534,val,0
Hydropipes Bhd,2025-12-31,-3.6275578,test,0
HPMT Holdings Bhd,2022-12-31,-1.9135158,fit,0
HPMT Holdings Bhd,2023-12-31,-2.2691014,fit,0
HPMT Holdings Bhd,2024-12-31,-2.424237,val,0
HPMT Holdings Bhd,2025-12-31,-2.3956532,test,0
HPMT Holdings Bhd,2026-12-31,-2.2647305,test,0
HPP Holdings Bhd,2022-05-31,-2.6336074,fit,0
HPP Holdings Bhd,2023-05-31,-2.5240345,fit,0
HPP Holdings Bhd,2024-05-31,-2.7484717,val,0
HPP Holdings Bhd,2025-05-31,-2.5597684,test,0
HPP Holdings Bhd,2026-05-31,-2.8274956,test,0
Hap Seng Plantations Holdings Bhd,2022-12-31,-3.0014515,fit,0
Hap Seng Plantations Holdings Bhd,2023-12-31,-2.8939552,fit,0
Hap Seng Plantations Holdings Bhd,2024-12-31,-2.7558467,val,0
Hap Seng Plantations Holdings Bhd,2025-12-31,-3.6996806,test,0
Hap Seng Plantations Holdings Bhd,2026-12-31,-3.4536092,test,0
HSS Holdings Bhd,2022-12-31,-2.3531945,fit,0
HSS Holdings Bhd,2023-12-31,-2.7239592,fit,0
HSS Holdings Bhd,2024-12-31,-2.9562902,val,0
HSS Holdings Bhd,2025-12-31,-3.5141222,test,0
HSS Engineers Bhd,2022-12-31,-1.819469,fit,0
HSS Engineers Bhd,2023-12-31,-2.481689,fit,0
HSS Engineers Bhd,2024-12-31,-2.3116384,val,0
HSS Engineers Bhd,2025-12-31,-2.351234,test,0
HSS Engineers Bhd,2026-12-31,-2.8798976,test,0
HeiTech Padu Bhd,2021-12-31,-2.592672,fit,0
HeiTech Padu Bhd,2022-12-31,-2.8212981,fit,0
HeiTech Padu Bhd,2023-12-31,-2.3218837,fit,0
HeiTech Padu Bhd,2024-12-31,-3.0359793,val,0
HeiTech Padu Bhd,2025-12-31,-2.5789008,test,0
Hua Yang Bhd,2023-03-31,-1.1331787,fit,0
Hua Yang Bhd,2024-03-31,-2.1495633,val,0
Hua Yang Bhd,2025-03-31,-2.204344,test,0
Hua Yang Bhd,2026-03-31,0.24329054,test,0
Hua Yang Bhd,2027-03-31,1.7405288,test,0
Hubline Bhd,2021-09-30,-2.3783863,fit,0
Hubline Bhd,2022-09-30,-2.3130364,fit,0
Hubline Bhd,2023-09-30,-2.6754146,fit,0
Hubline Bhd,2024-09-30,-2.2244294,val,0
Hubline Bhd,2025-09-30,-0.97873604,test,0
Hume Cement Industries Bhd,2022-06-30,-1.2510388,fit,0
Hume Cement Industries Bhd,2023-06-30,-1.8942477,fit,0
Hume Cement Industries Bhd,2024-06-30,-2.3846388,val,0
Hume Cement Industries Bhd,2025-06-30,-2.5856485,test,0
Hume Cement Industries Bhd,2026-06-30,-2.8513932,test,0
Hup Seng Industries Bhd,2022-12-31,-3.0896266,fit,0
Hup Seng Industries Bhd,2023-12-31,-2.88496,fit,0
Hup Seng Industries Bhd,2024-12-31,-3.737153,val,0
Hup Seng Industries Bhd,2025-12-31,-2.6440074,test,0
Hup Seng Industries Bhd,2026-12-31,-1.9223652,test,0
Hwa Tai Industries Bhd,2021-12-31,-2.9960554,fit,0
Hwa Tai Industries Bhd,2022-12-31,5.3471756,fit,0
Hwa Tai Industries Bhd,2023-12-31,5.4023795,fit,0
Hwa Tai Industries Bhd,2024-12-31,-2.2637599,val,0
Hwa Tai Industries Bhd,2025-12-31,-2.3036704,test,0
Ho Wah Genting Bhd,2021-12-31,-0.4369797,fit,0
Ho Wah Genting Bhd,2022-12-31,-2.0926595,fit,0
Ho Wah Genting Bhd,2023-12-31,-3.3919215,fit,0
Ho Wah Genting Bhd,2024-12-31,-3.1988776,val,0
Ho Wah Genting Bhd,2025-12-31,-3.2027175,test,0
Insights Analytics Bhd,2023-04-30,-2.1036267,fit,0
Insights Analytics Bhd,2024-04-30,-3.3250432,val,0
Insights Analytics Bhd,2025-04-30,-2.141918,test,0
Insights Analytics Bhd,2026-04-30,-2.3692276,test,0
Insights Analytics Bhd,2027-04-30,-2.589031,test,0
I-Bhd,2022-12-31,-2.7527988,fit,0
I-Bhd,2023-12-31,-1.9298004,fit,0
I-Bhd,2024-12-31,-2.801419,val,0
I-Bhd,2025-12-31,-2.8253427,test,0
I-Bhd,2026-12-31,-2.9252675,test,0
Ibraco Bhd,2022-12-31,-2.8477564,fit,0
Ibraco Bhd,2023-12-31,-2.7953262,fit,0
Ibraco Bhd,2024-12-31,-2.7860143,val,0
Ibraco Bhd,2025-12-31,-2.9031022,test,0
Ibraco Bhd,2026-12-31,-2.2568915,test,0
IcapitalBiz Bhd,2022-05-31,-0.29059175,fit,0
IcapitalBiz Bhd,2023-05-31,-2.659009,fit,0
IcapitalBiz Bhd,2024-05-31,-1.2472697,val,0
IcapitalBiz Bhd,2025-05-31,-2.2541435,test,0
IcapitalBiz Bhd,2026-05-31,-1.5991844,test,0
iCents Group Holdings Bhd,2022-06-30,0.053688794,fit,0
iCents Group Holdings Bhd,2023-06-30,-3.4800518,fit,0
iCents Group Holdings Bhd,2024-06-30,-2.9149115,val,0
iCents Group Holdings Bhd,2025-06-30,-3.7809398,test,0
Iconic Worldwide Bhd,2021-06-30,-1.4919574,fit,0
Iconic Worldwide Bhd,2022-06-30,-3.3341253,fit,0
Iconic Worldwide Bhd,2023-06-30,-1.4294306,fit,0
Iconic Worldwide Bhd,2024-06-30,4.0195723,val,0
Iconic Worldwide Bhd,2025-06-30,-2.8003857,test,0
ICT Zone Asia Bhd,2023-01-31,-2.6709807,fit,0
ICT Zone Asia Bhd,2024-01-31,-3.3719294,val,0
ICT Zone Asia Bhd,2025-01-31,-3.2292328,test,0
ICT Zone Asia Bhd,2026-01-31,-3.1093216,test,0
ICT Zone Asia Bhd,2027-01-31,-2.6561544,test,0
IDB Technologies Bhd,2021-06-30,-2.8605254,fit,0
IDB Technologies Bhd,2022-06-30,-2.5550623,fit,0
IDB Technologies Bhd,2023-06-30,-3.0446572,fit,0
IDB Technologies Bhd,2024-06-30,-3.194503,val,0
IDB Technologies Bhd,2025-06-30,-2.405272,test,0
Ideal Capital Bhd,2021-12-31,-2.3260367,fit,0
Ideal Capital Bhd,2022-12-31,-2.1520174,fit,0
Ideal Capital Bhd,2023-12-31,-2.4599357,fit,0
Ideal Capital Bhd,2024-12-31,-3.2748232,val,0
Ideal Capital Bhd,2025-12-31,-3.1044655,test,0
IFCA MSC Bhd,2021-12-31,-3.6230085,fit,0
IFCA MSC Bhd,2022-12-31,-3.4976077,fit,0
IFCA MSC Bhd,2023-12-31,-4.6154957,fit,0
IFCA MSC Bhd,2024-12-31,-2.4691463,val,0
IFCA MSC Bhd,2025-12-31,-2.8168497,test,0
Igb Bhd,2022-12-31,-0.8553276,fit,0
Igb Bhd,2023-12-31,-2.8763506,fit,0
Igb Bhd,2024-12-31,-1.4696054,val,0
Igb Bhd,2025-12-31,-2.6223586,test,0
Igb Bhd,2026-12-31,-2.0252392,test,0
IGB Commercial Real Estate Investment Trust,2022-12-31,4.96571,fit,0
IGB Commercial Real Estate Investment Trust,2023-12-31,-1.4559276,fit,0
IGB Commercial Real Estate Investment Trust,2024-12-31,-2.2918994,val,0
IGB Commercial Real Estate Investment Trust,2025-12-31,-1.9432203,test,0
IGB Commercial Real Estate Investment Trust,2026-12-31,-2.559662,test,0
IGB Real Estate Investment Trust,2022-12-31,0.5950197,fit,0
IGB Real Estate Investment Trust,2023-12-31,-2.2357838,fit,0
IGB Real Estate Investment Trust,2024-12-31,-2.6997771,val,0
IGB Real Estate Investment Trust,2025-12-31,-2.9075768,test,0
IGB Real Estate Investment Trust,2026-12-31,-2.759597,test,0
Infraharta Holdings Bhd,2021-06-30,-2.1165028,fit,0
Infraharta Holdings Bhd,2022-06-30,-1.4642581,fit,0
Infraharta Holdings Bhd,2023-06-30,-2.1481166,fit,0
Infraharta Holdings Bhd,2024-06-30,-2.1842375,val,0
Infraharta Holdings Bhd,2025-06-30,-2.3303077,test,0
IHH Healthcare Bhd,2022-12-31,-2.871294,fit,0
IHH Healthcare Bhd,2023-12-31,-3.497489,fit,0
IHH Healthcare Bhd,2024-12-31,-1.5363362,val,0
IHH Healthcare Bhd,2025-12-31,-2.5389037,test,0
IHH Healthcare Bhd,2026-12-31,-1.7995381,test,0
IJM Corporation Bhd,2023-03-31,-2.5104547,fit,0
IJM Corporation Bhd,2024-03-31,-3.0447044,val,0
IJM Corporation Bhd,2025-03-31,-2.4660144,test,0
IJM Corporation Bhd,2026-03-31,-2.9495058,test,0
IJM Corporation Bhd,2027-03-31,-2.6510112,test,0
Imaspro Corporation Bhd,2022-06-30,-3.5902824,fit,0
Imaspro Corporation Bhd,2023-06-30,-3.0684257,fit,0
Imaspro Corporation Bhd,2024-06-30,-4.6404533,val,0
Imaspro Corporation Bhd,2025-06-30,-3.5932896,test,0
Imaspro Corporation Bhd,2026-06-30,-2.8738122,test,0
Inari Amertron Bhd,2022-06-30,-3.8667858,fit,0
Inari Amertron Bhd,2023-06-30,-2.6920285,fit,0
Inari Amertron Bhd,2024-06-30,-2.5310402,val,0
Inari Amertron Bhd,2025-06-30,-2.350884,test,0
Inari Amertron Bhd,2026-06-30,-2.5829968,test,0
Inch Kenneth Kajang Rubber PLC,2021-12-31,-2.630939,fit,0
Inch Kenneth Kajang Rubber PLC,2022-12-31,-3.0914402,fit,0
Inch Kenneth Kajang Rubber PLC,2023-12-31,-2.3598113,fit,0
Inch Kenneth Kajang Rubber PLC,2024-12-31,-2.5079892,val,0
Inch Kenneth Kajang Rubber PLC,2025-12-31,-0.9702333,test,0
Infomina Bhd,2023-05-31,-2.1813512,fit,0
Infomina Bhd,2024-05-31,-5.5663357,val,0
Infomina Bhd,2025-05-31,-3.40492,test,0
Infomina Bhd,2026-05-31,-2.128008,test,0
Infomina Bhd,2027-05-31,-2.9916172,test,0
Infoline Tec Group Bhd,2022-03-31,-1.9319557,fit,0
Infoline Tec Group Bhd,2023-03-31,-3.4381716,fit,0
Infoline Tec Group Bhd,2026-03-31,-2.8242455,test,0
InNature Bhd,2022-12-31,-2.4326835,fit,0
InNature Bhd,2023-12-31,-2.5847518,fit,0
InNature Bhd,2024-12-31,-3.8634827,val,0
InNature Bhd,2025-12-31,-2.5899816,test,0
InNature Bhd,2026-12-31,-4.168423,test,0
Innoprise Plantations Bhd,2022-12-31,-2.9019046,fit,0
Innoprise Plantations Bhd,2023-12-31,-2.2791677,fit,0
Innoprise Plantations Bhd,2024-12-31,-2.5636752,val,0
Innoprise Plantations Bhd,2025-12-31,-2.5629575,test,0
Innoprise Plantations Bhd,2026-12-31,-3.0959706,test,0
Insas Bhd,2022-06-30,-2.5896506,fit,0
Insas Bhd,2023-06-30,-2.7603745,fit,0
Insas Bhd,2024-06-30,-2.8625314,val,0
Insas Bhd,2025-06-30,-2.319038,test,0
Insas Bhd,2026-06-30,-2.776383,test,0
Inspace Creation Bhd,2022-11-30,-1.3063908,fit,0
Inspace Creation Bhd,2023-11-30,-2.8718266,fit,0
Inspace Creation Bhd,2024-11-30,-3.4561815,val,0
Inspace Creation Bhd,2025-11-30,-3.147394,test,0
Inta Bina Group Bhd,2022-12-31,-2.3965437,fit,0
Inta Bina Group Bhd,2023-12-31,-2.777126,fit,0
Inta Bina Group Bhd,2024-12-31,-3.1272955,val,0
Inta Bina Group Bhd,2025-12-31,-3.1416316,test,0
Inta Bina Group Bhd,2026-12-31,-2.7341862,test,0
IOI Corporation Bhd,2022-06-30,-2.7132783,fit,0
IOI Corporation Bhd,2023-06-30,-2.955645,fit,0
IOI Corporation Bhd,2024-06-30,-2.4804075,val,0
IOI Corporation Bhd,2025-06-30,-2.5301087,test,0
IOI Corporation Bhd,2026-06-30,-2.1987476,test,0
IOI Properties Group Bhd,2022-06-30,-2.604539,fit,0
IOI Properties Group Bhd,2023-06-30,-3.0900908,fit,0
IOI Properties Group Bhd,2024-06-30,2.5092242,val,0
IOI Properties Group Bhd,2025-06-30,-2.2060344,test,0
IOI Properties Group Bhd,2026-06-30,-2.751849,test,0
IQ Group Holdings Bhd,2023-03-31,-2.0110273,fit,0
IQ Group Holdings Bhd,2024-03-31,-1.9701996,val,0
IQ Group Holdings Bhd,2025-03-31,-2.2699122,test,0
IQ Group Holdings Bhd,2026-03-31,-2.2893105,test,0
IQ Group Holdings Bhd,2027-03-31,-2.1213882,test,0
Ireka Corporation Bhd,2022-06-30,11.134428,fit,1
Ireka Corporation Bhd,2023-06-30,9.941729,fit,1
Ireka Corporation Bhd,2024-06-30,8.964107,val,1
Ireka Corporation Bhd,2025-06-30,11.045489,test,1
Ireka Corporation Bhd,2025-12-31,10.527186,test,1
IRIS Group Bhd,2023-03-31,0.81068313,fit,0
IRIS Group Bhd,2024-03-31,-3.270822,val,0
IRIS Group Bhd,2025-03-31,-3.358841,test,0
IRIS Group Bhd,2026-03-31,-1.5948701,test,0
IRIS Group Bhd,2027-03-31,-2.02423,test,0
ISF Group Bhd,2023-12-31,-1.7709312,fit,0
ISF Group Bhd,2024-12-31,-2.975894,val,0
ISF Group Bhd,2025-12-31,-2.0187562,test,0
ISF Group Bhd,2026-12-31,-3.4167776,test,0
ITMAX System Bhd,2022-12-31,-2.7281096,fit,0
ITMAX System Bhd,2023-12-31,-5.492563,fit,0
ITMAX System Bhd,2024-12-31,-2.300849,val,0
ITMAX System Bhd,2025-12-31,-5.67341,test,0
ITMAX System Bhd,2026-12-31,-3.9857967,test,0
Iskandar Waterfront City Bhd,2021-12-31,-2.9373834,fit,0
Iskandar Waterfront City Bhd,2022-12-31,-3.4438906,fit,0
Iskandar Waterfront City Bhd,2023-12-31,-2.6459084,fit,0
Iskandar Waterfront City Bhd,2024-12-31,-3.1640985,val,0
Iskandar Waterfront City Bhd,2025-12-31,-1.221839,test,0
Jadi Imaging Holdings Bhd,2022-03-31,-2.1117752,fit,0
Jadi Imaging Holdings Bhd,2023-03-31,-2.1788807,fit,0
Jadi Imaging Holdings Bhd,2024-03-31,-1.944729,val,0
Jadi Imaging Holdings Bhd,2025-03-31,-3.0586808,test,0
Jadi Imaging Holdings Bhd,2026-03-31,-6.8520875,test,0
JAG Bhd,2021-12-31,-0.77393055,fit,0
JAG Bhd,2022-12-31,-0.34080064,fit,0
JAG Bhd,2023-12-31,-6.2907887,fit,0
JAG Bhd,2024-12-31,1.6608007,val,0
JAG Bhd,2025-12-31,-3.1963763,test,0
Jagasolution Bhd,2021-06-30,-3.0242682,fit,0
Jagasolution Bhd,2022-06-30,-4.2367826,fit,0
Jagasolution Bhd,2025-06-30,-4.16031,test,0
JAG Capital Bhd,2021-06-30,3.0161302,fit,0
JAG Capital Bhd,2022-06-30,-2.1167648,fit,0
JAG Capital Bhd,2023-06-30,-3.0203724,fit,0
JAG Capital Bhd,2024-06-30,-2.7541182,val,0
JAG Capital Bhd,2025-06-30,-2.0788994,test,0
JAKS Resources Bhd,2022-12-31,-0.24510163,fit,0
JAKS Resources Bhd,2023-12-31,-0.2476311,fit,0
JAKS Resources Bhd,2024-12-31,0.81055653,val,0
JAKS Resources Bhd,2025-12-31,-0.3956255,test,0
JAKS Resources Bhd,2026-12-31,-0.18382245,test,0
Jasa Kita Bhd,2022-03-31,-2.9455695,fit,0
Jasa Kita Bhd,2023-03-31,-2.9322956,fit,0
Jasa Kita Bhd,2024-03-31,-2.6275797,val,0
Jasa Kita Bhd,2025-03-31,-3.5903494,test,0
Jasa Kita Bhd,2026-03-31,-3.3813877,test,0
Jaycorp Bhd,2022-07-31,-2.5762744,fit,0
Jaycorp Bhd,2023-07-31,-2.2594957,fit,0
Jaycorp Bhd,2024-07-31,-2.469989,val,0
Jaycorp Bhd,2025-07-31,-2.8666468,test,0
Jaycorp Bhd,2026-07-31,-2.580887,test,0
JcbNext Bhd,2021-12-31,-1.7017435,fit,0
JcbNext Bhd,2022-12-31,-2.2629085,fit,0
JcbNext Bhd,2023-12-31,-2.469827,fit,0
JcbNext Bhd,2024-12-31,-1.4540935,val,0
JcbNext Bhd,2025-12-31,-2.1445568,test,0
JCY International Bhd,2022-09-30,-2.6924343,fit,0
JCY International Bhd,2023-09-30,-2.7881813,fit,0
JCY International Bhd,2024-09-30,-1.8547381,val,0
JCY International Bhd,2025-09-30,-1.9171313,test,0
JCY International Bhd,2026-09-30,-2.4066377,test,0
Kumpulan Jetson Bhd,2022-03-31,-2.018461,fit,0
Kumpulan Jetson Bhd,2025-03-31,-1.3109782,test,0
Kumpulan Jetson Bhd,2026-03-31,4.8073525,test,0
JF Technology Bhd,2021-06-30,-3.214949,fit,0
JF Technology Bhd,2022-06-30,-4.791641,fit,0
JF Technology Bhd,2023-06-30,-3.3890293,fit,0
JF Technology Bhd,2024-06-30,-2.8153932,val,0
JF Technology Bhd,2025-06-30,-4.641539,test,0
JHM Consolidation Bhd,2022-12-31,-2.273269,fit,0
JHM Consolidation Bhd,2023-12-31,-2.6460316,fit,0
JHM Consolidation Bhd,2024-12-31,-2.6088448,val,0
JHM Consolidation Bhd,2025-12-31,-2.557971,test,0
JHM Consolidation Bhd,2026-12-31,-3.6324637,test,0
Jiankun International Bhd,2021-12-31,-2.189627,fit,0
Jiankun International Bhd,2022-12-31,-2.5181284,fit,0
Jiankun International Bhd,2025-12-31,-0.887576,test,0
Jishan Bhd,2021-12-31,-2.4575026,fit,0
Jishan Bhd,2022-12-31,-2.3506658,fit,0
Jishan Bhd,2023-12-31,-3.086231,fit,0
Jishan Bhd,2024-12-31,-2.1832178,val,0
Jishan Bhd,2025-12-31,-2.2093518,test,0
JKG Land Bhd,2023-01-31,-2.7302122,fit,0
JKG Land Bhd,2024-01-31,-1.6613626,val,0
JKG Land Bhd,2025-01-31,-3.8126247,test,0
JKG Land Bhd,2026-01-31,-2.6389046,test,0
JKG Land Bhd,2027-01-31,-2.8142874,test,0
Joe Holding Bhd,2022-03-31,-3.2901835,fit,0
Joe Holding Bhd,2023-03-31,-3.5525434,fit,0
Joe Holding Bhd,2024-03-31,-3.4349608,val,0
Joe Holding Bhd,2025-03-31,-0.44209132,test,0
Joe Holding Bhd,2026-03-31,-2.3505962,test,0
Johan Holdings Bhd,2021-07-31,-2.8952744,fit,0
Johan Holdings Bhd,2022-07-31,0.08520675,fit,0
Johan Holdings Bhd,2023-07-31,-3.208084,fit,0
Johan Holdings Bhd,2024-07-31,-2.7027504,val,0
Johan Holdings Bhd,2025-07-31,-3.4855275,test,0
Johor Plantations Group Bhd,2022-12-31,-2.1730578,fit,0
Johor Plantations Group Bhd,2023-12-31,-1.4375709,fit,0
Johor Plantations Group Bhd,2024-12-31,-2.6802697,val,0
Johor Plantations Group Bhd,2025-12-31,-3.155249,test,0
Johor Plantations Group Bhd,2026-12-31,-2.1989565,test,0
Jentayu Sustainables Bhd,2022-06-30,-1.1919584,fit,0
Jentayu Sustainables Bhd,2023-06-30,-2.8996437,fit,0
Jentayu Sustainables Bhd,2024-06-30,-3.1271555,val,0
Jentayu Sustainables Bhd,2025-06-30,-2.6023765,test,0
Jentayu Sustainables Bhd,2026-06-30,-1.3915194,test,0
JS Solar Holding Bhd,2022-03-31,-2.8379443,fit,0
JS Solar Holding Bhd,2023-03-31,-3.2569995,fit,0
JS Solar Holding Bhd,2024-03-31,-2.61242,val,0
JS Solar Holding Bhd,2025-03-31,-3.4634128,test,0
JS Solar Holding Bhd,2026-03-31,-3.5095837,test,0
Jati Tinggi Group Bhd,2022-11-30,-2.8227496,fit,0
Jati Tinggi Group Bhd,2023-11-30,-3.629974,fit,0
Jati Tinggi Group Bhd,2024-11-30,-3.4938214,val,0
Jati Tinggi Group Bhd,2025-11-30,-2.514713,test,0
Jati Tinggi Group Bhd,2026-11-30,-2.6694775,test,0
Jaya Tiasa Holdings Bhd,2022-06-30,-1.4397403,fit,0
Jaya Tiasa Holdings Bhd,2023-06-30,-4.1739597,fit,0
Jaya Tiasa Holdings Bhd,2024-06-30,-2.3006694,val,0
Jaya Tiasa Holdings Bhd,2025-06-30,-2.4960594,test,0
Jaya Tiasa Holdings Bhd,2026-06-30,-2.6359568,test,0
K-One Technology Bhd,2021-12-31,-2.5482311,fit,0
K-One Technology Bhd,2022-12-31,-2.87996,fit,0
K-One Technology Bhd,2023-12-31,-3.0383437,fit,0
K-One Technology Bhd,2024-12-31,-2.80694,val,0
K-One Technology Bhd,2025-12-31,-1.8941715,test,0
Kamdar Group M Bhd,2021-06-30,-3.206406,fit,0
Kamdar Group M Bhd,2022-06-30,-2.2780392,fit,0
Kamdar Group M Bhd,2023-06-30,-2.0004127,fit,0
Kamdar Group M Bhd,2024-06-30,-2.222761,val,0
Kamdar Group M Bhd,2025-06-30,-1.9102486,test,0
Karex Bhd,2022-06-30,-2.4483838,fit,0
Karex Bhd,2023-06-30,-0.89458776,fit,0
Karex Bhd,2024-06-30,-2.9024901,val,0
Karex Bhd,2025-06-30,-2.5679038,test,0
Karex Bhd,2026-06-30,-3.926644,test,0
Karyon Industries Bhd,2022-03-31,-2.6755235,fit,0
Karyon Industries Bhd,2023-03-31,-2.291151,fit,0
Karyon Industries Bhd,2024-03-31,-2.744283,val,0
Karyon Industries Bhd,2025-03-31,-2.1854465,test,0
Karyon Industries Bhd,2026-03-31,-2.307691,test,0
Kawan Food Bhd,2022-12-31,-2.3927996,fit,0
Kawan Food Bhd,2023-12-31,-2.2817338,fit,0
Kawan Food Bhd,2024-12-31,-2.4324474,val,0
Kawan Food Bhd,2025-12-31,-2.4882174,test,0
Kawan Food Bhd,2026-12-31,-2.9091284,test,0
Kee Ming Group Bhd,2024-03-31,-0.6265748,val,0
Kee Ming Group Bhd,2025-03-31,-3.4090576,test,0
Kee Ming Group Bhd,2026-03-31,-3.8496475,test,0
Kee Ming Group Bhd,2027-03-31,-3.8690786,test,0
Kein Hing International Bhd,2022-04-30,-2.7947738,fit,0
Kein Hing International Bhd,2023-04-30,-2.3562927,fit,0
Kein Hing International Bhd,2024-04-30,-3.291858,val,0
Kein Hing International Bhd,2025-04-30,-2.8859491,test,0
Kein Hing International Bhd,2026-04-30,-3.0894885,test,0
KEN Holdings Bhd,2021-12-31,-1.9791336,fit,0
KEN Holdings Bhd,2022-12-31,-1.9107534,fit,0
KEN Holdings Bhd,2023-12-31,-2.2766297,fit,0
KEN Holdings Bhd,2024-12-31,-1.8102913,val,0
KEN Holdings Bhd,2025-12-31,-2.8925502,test,0
Kenanga Investment Bank Bhd,2021-12-31,-0.28902376,fit,0
Kenanga Investment Bank Bhd,2022-12-31,7.4263806,fit,0
Kenanga Investment Bank Bhd,2023-12-31,-1.4709183,fit,0
Kenanga Investment Bank Bhd,2024-12-31,-2.941775,val,0
Kenanga Investment Bank Bhd,2025-12-31,1.1193514,test,0
Kawan Renergy Bhd,2022-10-31,-3.353255,fit,0
Kawan Renergy Bhd,2023-10-31,-3.4009645,fit,0
Kawan Renergy Bhd,2024-10-31,-2.0649433,val,0
Kawan Renergy Bhd,2025-10-31,-2.7701848,test,0
Kawan Renergy Bhd,2026-10-31,-2.3834116,test,0
Kerjaya Prospek Group Bhd,2022-12-31,-2.2570102,fit,0
Kerjaya Prospek Group Bhd,2023-12-31,-2.065965,fit,0
Kerjaya Prospek Group Bhd,2024-12-31,-2.3489943,val,0
Kerjaya Prospek Group Bhd,2025-12-31,-2.8523445,test,0
Kerjaya Prospek Group Bhd,2026-12-31,-3.3682141,test,0
KESM Industries Bhd,2022-07-31,-2.751936,fit,0
KESM Industries Bhd,2023-07-31,-3.5016754,fit,0
KESM Industries Bhd,2024-07-31,-3.2625751,val,0
KESM Industries Bhd,2025-07-31,-2.3780007,test,0
KESM Industries Bhd,2026-07-31,-2.0686052,test,0
Key ASIC Bhd,2021-05-31,-2.7640464,fit,0
Key ASIC Bhd,2022-05-31,-3.335819,fit,0
Key ASIC Bhd,2023-05-31,-3.8830905,fit,0
Key ASIC Bhd,2024-05-31,-2.4948823,val,0
Key ASIC Bhd,2025-05-31,-3.8542883,test,0
Keyfield International Bhd,2022-12-31,-2.3453321,fit,0
Keyfield International Bhd,2023-12-31,-2.3842747,fit,0
Keyfield International Bhd,2024-12-31,-2.640942,val,0
Keyfield International Bhd,2025-12-31,-4.178094,test,0
Keyfield International Bhd,2026-12-31,-1.9027835,test,0
Kumpulan Fima Bhd,2023-03-31,-2.4270573,fit,0
Kumpulan Fima Bhd,2024-03-31,-2.8288205,val,0
Kumpulan Fima Bhd,2025-03-31,-2.8047667,test,0
Kumpulan Fima Bhd,2026-03-31,-2.3450751,test,0
Kumpulan Fima Bhd,2027-03-31,-2.1637034,test,0
Kelington Group Bhd,2022-12-31,-2.5536013,fit,0
Kelington Group Bhd,2023-12-31,-2.509315,fit,0
Kelington Group Bhd,2024-12-31,-3.3884585,val,0
Kelington Group Bhd,2025-12-31,-2.9686797,test,0
Kelington Group Bhd,2026-12-31,-2.9255435,test,0
Key Alliance Group Bhd,2022-03-31,-1.814745,fit,0
Key Alliance Group Bhd,2023-03-31,-2.855249,fit,0
Key Alliance Group Bhd,2024-03-31,-3.6079535,val,0
Key Alliance Group Bhd,2025-03-31,3.375062,test,0
Key Alliance Group Bhd,2026-03-31,7.1487846,test,0
Kgw Group Bhd,2021-12-31,-4.8771544,fit,0
Kgw Group Bhd,2022-12-31,-2.7410378,fit,0
Kgw Group Bhd,2023-12-31,-2.980731,fit,0
Kgw Group Bhd,2024-12-31,-3.4340298,val,0
Kgw Group Bhd,2025-12-31,-2.8977187,test,0
KHPT Holdings Bhd,2021-12-31,-2.0858233,fit,0
KHPT Holdings Bhd,2022-12-31,-2.8031948,fit,0
KHPT Holdings Bhd,2023-12-31,-3.2786944,fit,0
KHPT Holdings Bhd,2024-12-31,-3.2119076,val,0
KHPT Holdings Bhd,2025-12-31,-2.8905547,test,0
Khee San Bhd,2021-06-30,3.6458626,fit,0
Khee San Bhd,2022-06-30,9.368719,fit,1
Khee San Bhd,2023-06-30,10.549074,fit,1
Khee San Bhd,2024-06-30,9.979008,val,1
Khee San Bhd,2025-06-30,0.6408564,test,1
Khind Holdings Bhd,2021-12-31,-2.5440826,fit,0
Khind Holdings Bhd,2022-12-31,-2.4397016,fit,0
Khind Holdings Bhd,2023-12-31,-2.883808,fit,0
Khind Holdings Bhd,2024-12-31,-3.286209,val,0
Khind Holdings Bhd,2025-12-31,-2.9526105,test,0
Kim Hin Joo (Malaysia) Bhd,2021-12-31,-2.2679782,fit,0
Kim Hin Joo (Malaysia) Bhd,2022-12-31,-2.8366156,fit,0
Kim Hin Joo (Malaysia) Bhd,2023-12-31,-2.2536108,fit,0
Kim Hin Joo (Malaysia) Bhd,2024-12-31,-2.7890158,val,0
Kim Hin Joo (Malaysia) Bhd,2025-12-31,-2.1779156,test,0
Kia Lim Bhd,2021-12-31,1.9153606,fit,0
Kia Lim Bhd,2022-12-31,2.397336,fit,0
Kia Lim Bhd,2023-12-31,-2.051969,fit,0
Kia Lim Bhd,2024-12-31,6.794205,val,0
Kia Lim Bhd,2025-12-31,-3.0283763,test,0
Kim Hin Industry Bhd,2021-12-31,-2.5026538,fit,0
Kim Hin Industry Bhd,2022-12-31,-1.3609848,fit,0
Kim Hin Industry Bhd,2023-12-31,-1.9631565,fit,0
Kim Hin Industry Bhd,2024-12-31,-2.1169558,val,0
Kim Hin Industry Bhd,2025-12-31,-1.2559193,test,0
Kimlun Corporation Bhd,2022-12-31,2.6473768,fit,0
Kimlun Corporation Bhd,2023-12-31,-1.6339658,fit,0
Kimlun Corporation Bhd,2024-12-31,-3.570613,val,0
Kimlun Corporation Bhd,2025-12-31,-2.281634,test,0
Kimlun Corporation Bhd,2026-12-31,-1.9987444,test,0
Kinergy Advancement Bhd,2022-12-31,-2.384976,fit,0
Kinergy Advancement Bhd,2023-12-31,-2.5809462,fit,0
Kinergy Advancement Bhd,2024-12-31,-3.14226,val,0
Kinergy Advancement Bhd,2025-12-31,-2.5749931,test,0
Kinergy Advancement Bhd,2026-12-31,-2.3471627,test,0
KIP Real Estate Investment Trust,2022-06-30,-1.9359467,fit,0
KIP Real Estate Investment Trust,2023-06-30,-2.2319884,fit,0
KIP Real Estate Investment Trust,2024-06-30,-2.5027745,val,0
KIP Real Estate Investment Trust,2025-06-30,-3.8407836,test,0
KIP Real Estate Investment Trust,2026-06-30,-1.4380137,test,0
Kumpulan Kitacon Bhd,2022-12-31,-1.924013,fit,0
Kumpulan Kitacon Bhd,2023-12-31,-1.5098203,fit,0
Kumpulan Kitacon Bhd,2024-12-31,-3.1375577,val,0
Kumpulan Kitacon Bhd,2025-12-31,-3.3315957,test,0
Kumpulan Kitacon Bhd,2026-12-31,-2.7934153,test,0
KJTS Group Berhad,2022-12-31,-3.0428674,fit,0
KJTS Group Berhad,2023-12-31,-3.412648,fit,0
KJTS Group Berhad,2024-12-31,-2.8141963,val,0
KJTS Group Berhad,2025-12-31,-2.039047,test,0
KJTS Group Berhad,2026-12-31,-2.9017818,test,0
KKB Engineering Berhad,2022-12-31,-2.3639443,fit,0
KKB Engineering Berhad,2023-12-31,-2.4910934,fit,0
KKB Engineering Berhad,2024-12-31,-2.401025,val,0
KKB Engineering Berhad,2025-12-31,-3.2240193,test,0
KKB Engineering Berhad,2026-12-31,-1.8997108,test,0
KLCCP Stapled Group,2022-12-31,-2.6498508,fit,0
KLCCP Stapled Group,2023-12-31,-2.6788552,fit,0
KLCCP Stapled Group,2024-12-31,-2.1698384,val,0
KLCCP Stapled Group,2025-12-31,-2.4989388,test,0
KLCCP Stapled Group,2026-12-31,-1.8769224,test,0
Kuala Lumpur Kepong Bhd,2022-09-30,-2.1824248,fit,0
Kuala Lumpur Kepong Bhd,2023-09-30,-2.495365,fit,0
Kuala Lumpur Kepong Bhd,2024-09-30,-3.2761965,val,0
Kuala Lumpur Kepong Bhd,2025-09-30,-4.012365,test,0
Kuala Lumpur Kepong Bhd,2026-09-30,-2.3374817,test,0
Kluang Rubber Company (Malaya) Bhd,2021-06-30,-3.3810394,fit,0
Kluang Rubber Company (Malaya) Bhd,2022-06-30,-3.7612321,fit,0
Kluang Rubber Company (Malaya) Bhd,2023-06-30,-3.0927153,fit,0
Kluang Rubber Company (Malaya) Bhd,2024-06-30,-2.474262,val,0
Kluang Rubber Company (Malaya) Bhd,2025-06-30,-4.34071,test,0
Kim Loong Resources Bhd,2023-01-31,-2.817731,fit,0
Kim Loong Resources Bhd,2024-01-31,-2.6713243,val,0
Kim Loong Resources Bhd,2025-01-31,-2.418278,test,0
Kim Loong Resources Bhd,2026-01-31,-2.4830325,test,0
Kim Loong Resources Bhd,2027-01-31,-2.3170319,test,0
KNM Group Bhd,2024-12-31,9.354558,val,1
KNM Group Bhd,2025-12-31,10.233151,test,0
Knusford Bhd,2023-03-31,-2.0296488,fit,0
Knusford Bhd,2024-03-31,-2.1070592,val,0
Knusford Bhd,2025-03-31,-1.1131948,test,0
Knusford Bhd,2026-03-31,0.5645933,test,0
Kobay Technology Bhd,2022-06-30,-2.890896,fit,0
Kobay Technology Bhd,2023-06-30,-1.8556654,fit,0
Kobay Technology Bhd,2024-06-30,-2.686666,val,0
Kobay Technology Bhd,2025-06-30,-2.853592,test,0
Kobay Technology Bhd,2026-06-30,-3.0508149,test,0
Komarkcorp Bhd,2021-06-30,-2.4285758,fit,0
Komarkcorp Bhd,2022-06-30,-3.6405761,fit,0
Komarkcorp Bhd,2023-06-30,-1.2041762,fit,0
Komarkcorp Bhd,2025-06-30,-2.6753151,test,0
Oriental Kopi Holdings Bhd,2022-09-30,-2.1957252,fit,0
Oriental Kopi Holdings Bhd,2023-09-30,-3.2681053,fit,0
Oriental Kopi Holdings Bhd,2024-09-30,-3.38507,val,0
Oriental Kopi Holdings Bhd,2025-09-30,-2.6660025,test,0
Oriental Kopi Holdings Bhd,2026-09-30,-5.0149064,test,0
Kossan Rubber Industries Bhd,2022-12-31,-4.933239,fit,0
Kossan Rubber Industries Bhd,2023-12-31,-2.0292635,fit,0
Kossan Rubber Industries Bhd,2024-12-31,-2.7139716,val,0
Kossan Rubber Industries Bhd,2025-12-31,-4.472896,test,0
Kossan Rubber Industries Bhd,2026-12-31,-3.2894387,test,0
Kotra Industries Bhd,2022-06-30,-2.437746,fit,0
Kotra Industries Bhd,2023-06-30,-2.3232346,fit,0
Kotra Industries Bhd,2024-06-30,-3.77189,val,0
Kotra Industries Bhd,2025-06-30,-3.0953104,test,0
Kotra Industries Bhd,2026-06-30,-2.7919614,test,0
KPJ Healthcare Bhd,2022-12-31,0.8724959,fit,0
KPJ Healthcare Bhd,2023-12-31,-1.1932771,fit,0
KPJ Healthcare Bhd,2024-12-31,-1.6517812,val,0
KPJ Healthcare Bhd,2025-12-31,-1.5952877,test,0
KPJ Healthcare Bhd,2026-12-31,-1.8622496,test,0
Kerjaya Prospek Property Bhd,2023-03-31,-2.7220173,fit,0
Kerjaya Prospek Property Bhd,2024-03-31,-2.4046466,val,0
Kerjaya Prospek Property Bhd,2025-03-31,-2.7295165,test,0
Kerjaya Prospek Property Bhd,2026-03-31,-2.9778793,test,0
Kerjaya Prospek Property Bhd,2027-03-31,-2.6342237,test,0
Kumpulan Perangsang Selangor Bhd,2022-12-31,-2.5936074,fit,0
Kumpulan Perangsang Selangor Bhd,2023-12-31,-2.5430574,fit,0
Kumpulan Perangsang Selangor Bhd,2024-12-31,1.7669271,val,0
Kumpulan Perangsang Selangor Bhd,2025-12-31,-2.349857,test,0
Kumpulan Perangsang Selangor Bhd,2026-12-31,-2.2505043,test,0
Kretam Holdings Bhd,2021-12-31,-2.5560424,fit,0
Kretam Holdings Bhd,2022-12-31,-3.2141259,fit,0
Kretam Holdings Bhd,2023-12-31,-2.7203407,fit,0
Kretam Holdings Bhd,2024-12-31,-2.4681067,val,0
Kretam Holdings Bhd,2025-12-31,-2.5081725,test,0
Kronologi Asia Bhd,2023-01-31,0.06004359,fit,0
Kronologi Asia Bhd,2024-01-31,-2.3132691,val,0
Kronologi Asia Bhd,2025-01-31,-2.227664,test,0
Kronologi Asia Bhd,2026-01-31,-3.2737563,test,0
Kronologi Asia Bhd,2027-01-31,-1.2443565,test,0
Keck Seng (Malaysia) Bhd,2021-12-31,-2.311414,fit,0
Keck Seng (Malaysia) Bhd,2022-12-31,-3.4970791,fit,0
Keck Seng (Malaysia) Bhd,2023-12-31,-2.2697072,fit,0
Keck Seng (Malaysia) Bhd,2024-12-31,-2.188938,val,0
Keck Seng (Malaysia) Bhd,2025-12-31,-2.2932389,test,0
KSL Holdings Bhd,2022-12-31,-1.6268368,fit,0
KSL Holdings Bhd,2023-12-31,-1.6170081,fit,0
KSL Holdings Bhd,2024-12-31,-1.8468416,val,0
KSL Holdings Bhd,2025-12-31,-3.062487,test,0
KSL Holdings Bhd,2026-12-31,-2.8958895,test,0
Kim Teck Cheong Consolidated Bhd,2022-06-30,-2.9738154,fit,0
Kim Teck Cheong Consolidated Bhd,2023-06-30,-3.196661,fit,0
Kim Teck Cheong Consolidated Bhd,2024-06-30,-2.6777272,val,0
Kim Teck Cheong Consolidated Bhd,2025-06-30,-2.7077281,test,0
Kim Teck Cheong Consolidated Bhd,2026-06-30,-3.1089334,test,0
KTI Landmark Berhad,2021-12-31,-2.6041844,fit,0
KTI Landmark Berhad,2022-12-31,-2.6478896,fit,0
KTI Landmark Berhad,2023-12-31,-3.0960877,fit,0
KTI Landmark Berhad,2024-12-31,-2.7597082,val,0
KTI Landmark Berhad,2025-12-31,-1.7208179,test,0
Kucingko Bhd,2021-12-31,-2.6241279,fit,0
Kucingko Bhd,2022-12-31,-2.0219347,fit,0
Kucingko Bhd,2023-12-31,-2.654285,fit,0
Kucingko Bhd,2024-12-31,-2.8431513,val,0
Kucingko Bhd,2025-12-31,-3.1234624,test,0
KYM Holdings Bhd,2022-01-31,-2.0686092,fit,0
KYM Holdings Bhd,2023-01-31,-2.8027475,fit,0
KYM Holdings Bhd,2024-01-31,-3.938857,val,0
KYM Holdings Bhd,2025-01-31,-1.9735775,test,0
KYM Holdings Bhd,2026-01-31,-2.2974877,test,0
Land & General Bhd,2023-03-31,-2.1914449,fit,0
Land & General Bhd,2024-03-31,-2.336577,val,0
Land & General Bhd,2025-03-31,-1.7185365,test,0
Land & General Bhd,2026-03-31,-2.6609547,test,0
Land & General Bhd,2027-03-31,-2.79175,test,0
L&P Global Bhd,2022-12-31,-2.895914,fit,0
L&P Global Bhd,2023-12-31,-2.1052084,fit,0
L&P Global Bhd,2024-12-31,-3.913918,val,0
L&P Global Bhd,2025-12-31,-2.8589115,test,0
L&P Global Bhd,2026-12-31,-4.1977515,test,0
LAC Med Bhd,2023-12-31,-1.06746,fit,0
LAC Med Bhd,2024-12-31,-2.8350139,val,0
LAC Med Bhd,2025-12-31,-3.1970665,test,0
LAC Med Bhd,2026-12-31,-2.3764896,test,0
Lagenda Properties Bhd,2022-12-31,-2.28608,fit,0
Lagenda Properties Bhd,2023-12-31,-2.447717,fit,0
Lagenda Properties Bhd,2024-12-31,-1.4075154,val,0
Lagenda Properties Bhd,2025-12-31,-2.6723108,test,0
Lagenda Properties Bhd,2026-12-31,-2.2742043,test,0
Lambo Group Bhd,2021-09-30,-0.13113967,fit,0
Lambo Group Bhd,2023-09-30,9.592656,fit,1
Lambo Group Bhd,2024-09-30,10.090233,val,1
Lambo Group Bhd,2025-09-30,2.2414613,test,1
Landmarks Bhd,2021-12-31,3.1979551,fit,0
Landmarks Bhd,2022-12-31,-2.3235047,fit,0
Landmarks Bhd,2023-12-31,-0.09917332,fit,0
Landmarks Bhd,2024-12-31,-2.6766996,val,0
Landmarks Bhd,2025-12-31,5.8441954,test,0
Lay Hong Bhd,2023-03-31,-2.845599,fit,0
Lay Hong Bhd,2024-03-31,-3.0092661,val,0
Lay Hong Bhd,2025-03-31,-2.7477129,test,0
Lay Hong Bhd,2026-03-31,-2.716353,test,0
Lay Hong Bhd,2027-03-31,-2.6718106,test,0
Lb Aluminium Bhd,2022-04-30,-2.445555,fit,0
Lb Aluminium Bhd,2023-04-30,-2.8296962,fit,0
Lb Aluminium Bhd,2024-04-30,-2.9136193,val,0
Lb Aluminium Bhd,2025-04-30,-3.2102222,test,0
Lb Aluminium Bhd,2026-04-30,-2.4490294,test,0
LBI Capital Bhd,2021-12-31,-2.0905771,fit,0
LBI Capital Bhd,2022-12-31,-3.1049144,fit,0
LBI Capital Bhd,2023-12-31,-2.170774,fit,0
LBI Capital Bhd,2024-12-31,-2.783315,val,0
LBI Capital Bhd,2025-12-31,-3.2341535,test,0
Lbs Bina Group Bhd,2022-12-31,-1.8699001,fit,0
Lbs Bina Group Bhd,2023-12-31,-2.0405207,fit,0
Lbs Bina Group Bhd,2024-12-31,-2.519478,val,0
Lbs Bina Group Bhd,2025-12-31,-2.419968,test,0
Lbs Bina Group Bhd,2026-12-31,-3.0183487,test,0
Lotte Chemical Titan Holding Bhd,2022-12-31,-2.2289398,fit,0
Lotte Chemical Titan Holding Bhd,2023-12-31,-3.0616667,fit,0
Lotte Chemical Titan Holding Bhd,2024-12-31,-1.9578308,val,0
Lotte Chemical Titan Holding Bhd,2025-12-31,0.188927,test,0
Lotte Chemical Titan Holding Bhd,2026-12-31,1.8502508,test,0
Lebtech Bhd,2021-12-31,-2.6192095,fit,0
Lebtech Bhd,2022-12-31,-2.971852,fit,0
Lebtech Bhd,2023-12-31,-1.887232,fit,0
Lebtech Bhd,2024-12-31,-2.2961779,val,0
Lebtech Bhd,2025-12-31,-2.1832557,test,0
Lee Swee Kiat Group Bhd,2022-12-31,-2.6136897,fit,0
Lee Swee Kiat Group Bhd,2023-12-31,-2.9534924,fit,0
Lee Swee Kiat Group Bhd,2024-12-31,-2.8615122,val,0
Lee Swee Kiat Group Bhd,2025-12-31,-2.524963,test,0
Lee Swee Kiat Group Bhd,2026-12-31,-3.250436,test,0
Leform Bhd,2022-12-31,-2.9873695,fit,0
Leform Bhd,2023-12-31,-3.282138,fit,0
Leform Bhd,2024-12-31,-3.2944956,val,0
Leform Bhd,2025-12-31,-2.8894083,test,0
Leform Bhd,2026-12-31,-3.2694433,test,0
Leon Fuat Bhd,2021-12-31,-3.0189924,fit,0
Leon Fuat Bhd,2022-12-31,-3.221609,fit,0
Leon Fuat Bhd,2023-12-31,-3.012978,fit,0
Leon Fuat Bhd,2024-12-31,-3.36844,val,0
Leon Fuat Bhd,2025-12-31,-2.8489804,test,0
LFE Corporation Bhd,2021-12-31,-2.465597,fit,0
LFE Corporation Bhd,2022-12-31,-3.5826156,fit,0
LFE Corporation Bhd,2023-12-31,-2.3881397,fit,0
LFE Corporation Bhd,2024-12-31,-2.7530112,val,0
LFE Corporation Bhd,2025-12-31,-3.078366,test,0
Lianson Fleet Group Berhad,2022-12-31,-1.4641081,fit,0
Lianson Fleet Group Berhad,2023-12-31,-5.147421,fit,0
Lianson Fleet Group Berhad,2024-12-31,1.1702067,val,0
Lianson Fleet Group Berhad,2025-12-31,-2.461836,test,0
Lianson Fleet Group Berhad,2026-12-31,-2.7561946,test,0
LGMS Bhd,2022-12-31,-1.6173089,fit,0
LGMS Bhd,2023-12-31,-1.4268126,fit,0
LGMS Bhd,2024-12-31,-3.6476965,val,0
LGMS Bhd,2025-12-31,-2.7516696,test,0
LGMS Bhd,2026-12-31,-2.2977896,test,0
Leong Hup International Bhd,2022-12-31,-2.6781752,fit,0
Leong Hup International Bhd,2023-12-31,-2.0279925,fit,0
Leong Hup International Bhd,2024-12-31,-2.4371977,val,0
Leong Hup International Bhd,2025-12-31,-2.5597608,test,0
Leong Hup International Bhd,2026-12-31,-2.4936385,test,0
Lien Hoe Corporation Bhd,2021-12-31,1.7136236,fit,0
Lien Hoe Corporation Bhd,2022-12-31,1.2311001,fit,0
Lien Hoe Corporation Bhd,2023-12-31,-0.70495677,fit,0
Lien Hoe Corporation Bhd,2024-12-31,-0.96439064,val,0
Lien Hoe Corporation Bhd,2025-12-31,-2.685347,test,0
Liftech Group Bhd,2022-12-31,-1.6692247,fit,0
Liftech Group Bhd,2023-12-31,-2.6130424,fit,0
Liftech Group Bhd,2024-12-31,-2.7588074,val,0
Liftech Group Bhd,2025-12-31,-3.8314464,test,0
Lii Hen Industries Bhd,2022-12-31,-2.1889267,fit,0
Lii Hen Industries Bhd,2023-12-31,-2.7789316,fit,0
Lii Hen Industries Bhd,2024-12-31,-2.3449283,val,0
Lii Hen Industries Bhd,2025-12-31,-2.540559,test,0
Lii Hen Industries Bhd,2026-12-31,-2.2309978,test,0
Lion Industries Corporation Bhd,2022-06-30,-0.56143725,fit,0
Lion Industries Corporation Bhd,2024-06-30,-1.7465892,val,0
Lion Industries Corporation Bhd,2025-06-30,-1.1668543,test,0
Lion Industries Corporation Bhd,2026-06-30,-2.3341982,test,0
LKL International Bhd,2023-12-31,-2.3414352,fit,0
LKL International Bhd,2024-12-31,-2.2335846,val,0
LKL International Bhd,2025-12-31,-1.9116182,test,0
Lotus KFM Bhd,2021-09-30,-2.0416346,fit,0
Lotus KFM Bhd,2022-09-30,-2.7846026,fit,0
Lotus KFM Bhd,2023-09-30,-2.2546515,fit,0
Lotus KFM Bhd,2024-09-30,-3.4471114,val,0
Lotus KFM Bhd,2025-09-30,-2.9905438,test,0
Lotus Circular Bhd,2021-06-30,-1.9280983,fit,0
Lotus Circular Bhd,2022-06-30,-3.2764316,fit,0
Lotus Circular Bhd,2023-06-30,-2.560729,fit,0
Lotus Circular Bhd,2024-06-30,-2.1434348,val,0
Lotus Circular Bhd,2025-06-30,-2.4178133,test,0
LPC Group Bhd,2024-04-30,-1.6759852,val,0
LPC Group Bhd,2025-04-30,-2.1610653,test,0
LPC Group Bhd,2026-04-30,-2.6156297,test,0
Lpi Capital Bhd,2022-12-31,-2.7500405,fit,0
Lpi Capital Bhd,2023-12-31,-3.1845877,fit,0
Lpi Capital Bhd,2024-12-31,-2.6435874,val,0
Lpi Capital Bhd,2025-12-31,-2.7778232,test,0
Lpi Capital Bhd,2026-12-31,-2.9246914,test,0
Lim Seong Hai Capital Bhd,2022-09-30,-2.4154768,fit,0
Lim Seong Hai Capital Bhd,2023-09-30,-2.931166,fit,0
Lim Seong Hai Capital Bhd,2024-09-30,-3.368842,val,0
Lim Seong Hai Capital Bhd,2025-09-30,-2.4717557,test,0
Lim Seong Hai Capital Bhd,2026-09-30,-2.3179142,test,0
Leader Steel Holdings Bhd,2021-12-31,-1.9004316,fit,0
Leader Steel Holdings Bhd,2022-12-31,-3.9552832,fit,0
Leader Steel Holdings Bhd,2023-12-31,-2.6731582,fit,0
Leader Steel Holdings Bhd,2024-12-31,-2.7700713,val,0
Leader Steel Holdings Bhd,2025-12-31,-2.3595812,test,0
LTKM Bhd,2023-03-31,-2.7139843,fit,0
LTKM Bhd,2024-03-31,-2.5757372,val,0
LTKM Bhd,2025-03-31,-3.2327826,test,0
LTKM Bhd,2026-03-31,-2.6426878,test,0
LTKM Bhd,2027-03-31,-2.971454,test,0
Luster Industries Bhd,2021-12-31,-2.2475505,fit,0
Luster Industries Bhd,2022-12-31,-2.7556517,fit,0
Luster Industries Bhd,2023-12-31,-1.3783903,fit,0
Luster Industries Bhd,2024-12-31,-1.8988452,val,0
Luster Industries Bhd,2025-12-31,-2.6018388,test,0
Luxchem Corporation Bhd,2022-12-31,-2.2147226,fit,0
Luxchem Corporation Bhd,2023-12-31,-2.245333,fit,0
Luxchem Corporation Bhd,2024-12-31,-2.7694786,val,0
Luxchem Corporation Bhd,2025-12-31,-2.7266264,test,0
Luxchem Corporation Bhd,2026-12-31,-2.1894195,test,0
Life Water Bhd,2022-06-30,-2.4850357,fit,0
Life Water Bhd,2023-06-30,-3.169651,fit,0
Life Water Bhd,2024-06-30,-2.4493005,val,0
Life Water Bhd,2025-06-30,-2.8296275,test,0
Life Water Bhd,2026-06-30,-2.4231012,test,0
LYC Healthcare Bhd,2022-03-31,-0.43173638,fit,0
LYC Healthcare Bhd,2023-03-31,1.6522474,fit,0
LYC Healthcare Bhd,2024-03-31,4.308498,val,0
LYC Healthcare Bhd,2025-03-31,-1.5262703,test,0
LYC Healthcare Bhd,2026-03-31,0.18166292,test,1
Lysaght Galvanized Steel Bhd,2021-12-31,-2.3737848,fit,0
Lysaght Galvanized Steel Bhd,2022-12-31,-2.8928597,fit,0
Lysaght Galvanized Steel Bhd,2023-12-31,-2.8453636,fit,0
Lysaght Galvanized Steel Bhd,2024-12-31,-0.967754,val,0
Lysaght Galvanized Steel Bhd,2025-12-31,-3.4919984,test,0
M & A Equity Holdings Bhd,2021-06-30,-1.9211555,fit,0
M & A Equity Holdings Bhd,2022-06-30,-2.5089862,fit,0
M & A Equity Holdings Bhd,2023-06-30,-2.9794304,fit,0
M & A Equity Holdings Bhd,2024-06-30,-2.521534,val,0
M & A Equity Holdings Bhd,2025-06-30,-2.433168,test,0
Marine & General Bhd,2022-04-30,-0.75353193,fit,0
Marine & General Bhd,2023-04-30,-1.064761,fit,0
Marine & General Bhd,2024-04-30,-1.2240745,val,0
Marine & General Bhd,2025-04-30,-0.56127596,test,0
Marine & General Bhd,2026-04-30,0.46742377,test,0
MAA Group Bhd,2021-06-30,-0.96299493,fit,0
MAA Group Bhd,2023-06-30,-1.3851832,fit,0
MAA Group Bhd,2024-06-30,-4.0611124,val,0
MAA Group Bhd,2025-06-30,-3.1094236,test,0
Mag Holdings Bhd,2023-06-30,-2.8581908,fit,0
Mag Holdings Bhd,2024-06-30,-2.594346,val,0
Mag Holdings Bhd,2025-06-30,-3.066329,test,0
Magma Group Bhd,2021-12-31,-2.0426056,fit,0
Magma Group Bhd,2023-12-31,-2.4515617,fit,0
Magma Group Bhd,2024-12-31,-1.2961245,val,0
Magma Group Bhd,2025-12-31,-1.0782653,test,0
Magna Prima Bhd,2021-12-31,-0.9692937,fit,0
Magna Prima Bhd,2022-12-31,1.1132714,fit,0
Magna Prima Bhd,2023-12-31,-2.742187,fit,0
Magna Prima Bhd,2024-12-31,-2.7710702,val,0
Magna Prima Bhd,2025-12-31,-1.8094312,test,0
Magni-Tech Industries Bhd,2023-04-30,-2.1803298,fit,0
Magni-Tech Industries Bhd,2024-04-30,-2.5198832,val,0
Magni-Tech Industries Bhd,2025-04-30,-3.428066,test,0
Magni-Tech Industries Bhd,2026-04-30,-2.718387,test,0
Magni-Tech Industries Bhd,2027-04-30,-2.357091,test,0
Magnum Bhd,2022-12-31,4.894166,fit,0
Magnum Bhd,2023-12-31,-2.72994,fit,0
Magnum Bhd,2024-12-31,-1.4274716,val,0
Magnum Bhd,2025-12-31,-1.9727678,test,0
Magnum Bhd,2026-12-31,-2.1803937,test,0
Mah Sing Group Bhd,2022-12-31,-2.716346,fit,0
Mah Sing Group Bhd,2023-12-31,-2.851089,fit,0
Mah Sing Group Bhd,2024-12-31,-2.44872,val,0
Mah Sing Group Bhd,2025-12-31,-3.0792594,test,0
Mah Sing Group Bhd,2026-12-31,-2.4148228,test,0
Malakoff Corp Bhd,2022-12-31,-2.0297027,fit,0
Malakoff Corp Bhd,2023-12-31,-1.3717343,fit,0
Malakoff Corp Bhd,2024-12-31,-2.7280052,val,0
Malakoff Corp Bhd,2025-12-31,-1.5339835,test,0
Malakoff Corp Bhd,2026-12-31,1.3783599,test,0
Malton Bhd,2022-06-30,-1.7473338,fit,0
Malton Bhd,2023-06-30,0.23428556,fit,0
Malton Bhd,2024-06-30,-2.3144877,val,0
Malton Bhd,2025-06-30,-0.80239844,test,0
Malton Bhd,2026-06-30,-0.83291924,test,0
Manulife Holdings Bhd,2021-12-31,-2.8811135,fit,0
Manulife Holdings Bhd,2022-12-31,-2.568153,fit,0
Manulife Holdings Bhd,2023-12-31,-2.0212548,fit,0
Manulife Holdings Bhd,2024-12-31,-2.4693918,val,0
Manulife Holdings Bhd,2025-12-31,-1.8673779,test,0
Marco Holdings Bhd,2021-12-31,-2.7262557,fit,0
Marco Holdings Bhd,2022-12-31,-3.5735996,fit,0
Marco Holdings Bhd,2023-12-31,-2.8230615,fit,0
Marco Holdings Bhd,2024-12-31,-1.7932832,val,0
Marco Holdings Bhd,2025-12-31,-2.7331583,test,0
Malaysia Steel Works (KL) Bhd,2021-12-31,-3.007853,fit,0
Malaysia Steel Works (KL) Bhd,2022-12-31,-2.656923,fit,0
Malaysia Steel Works (KL) Bhd,2023-12-31,-2.9313538,fit,0
Malaysia Steel Works (KL) Bhd,2024-12-31,-2.7956438,val,0
Malaysia Steel Works (KL) Bhd,2025-12-31,-3.274302,test,0
Master-Pack Group Bhd,2021-12-31,-2.104544,fit,0
Master-Pack Group Bhd,2022-12-31,-1.9565301,fit,0
Master-Pack Group Bhd,2023-12-31,-3.2935748,fit,0
Master-Pack Group Bhd,2024-12-31,-2.492898,val,0
Master-Pack Group Bhd,2025-12-31,-2.3158622,test,0
Matang Bhd,2021-06-30,-3.2659304,fit,0
Matang Bhd,2022-06-30,-4.7161365,fit,0
Matang Bhd,2023-06-30,-3.9162896,fit,0
Matang Bhd,2024-06-30,-3.9047933,val,0
Matang Bhd,2025-06-30,-4.3417373,test,0
Matrix Concepts Holdings Bhd,2023-03-31,-2.59922,fit,0
Matrix Concepts Holdings Bhd,2024-03-31,-2.5585616,val,0
Matrix Concepts Holdings Bhd,2025-03-31,-2.2713368,test,0
Matrix Concepts Holdings Bhd,2026-03-31,-2.8337412,test,0
Matrix Concepts Holdings Bhd,2027-03-31,-2.3229485,test,0
Maxim Global Bhd,2021-12-31,-2.3225815,fit,0
Maxim Global Bhd,2022-12-31,-4.5024695,fit,0
Maxim Global Bhd,2023-12-31,-3.2904058,fit,0
Maxim Global Bhd,2024-12-31,-2.4435127,val,0
Maxim Global Bhd,2025-12-31,-1.680027,test,0
Maxis Bhd,2022-12-31,-1.5895755,fit,0
Maxis Bhd,2023-12-31,-1.3771784,fit,0
Maxis Bhd,2024-12-31,-1.6361812,val,0
Maxis Bhd,2025-12-31,-0.84483325,test,0
Maxis Bhd,2026-12-31,-0.8510772,test,0
Malayan Banking Bhd,2022-12-31,-2.51152,fit,0
Malayan Banking Bhd,2023-12-31,-2.4681258,fit,0
Malayan Banking Bhd,2024-12-31,-2.7512522,val,0
Malayan Banking Bhd,2025-12-31,-1.9585735,test,0
Malayan Banking Bhd,2026-12-31,-2.6281843,test,0
Maybulk Bhd,2021-12-31,-3.0488665,fit,0
Maybulk Bhd,2022-12-31,-4.13079,fit,0
Maybulk Bhd,2023-12-31,-3.070962,fit,0
Maybulk Bhd,2024-12-31,-4.2093344,val,0
Maybulk Bhd,2025-12-31,-3.9281335,test,0
Mayu Global Group Bhd,2021-06-30,-1.593839,fit,0
Mayu Global Group Bhd,2022-06-30,-1.7562516,fit,0
Mayu Global Group Bhd,2023-06-30,-1.8821293,fit,0
Mayu Global Group Bhd,2024-06-30,-2.3631892,val,0
Mayu Global Group Bhd,2025-06-30,-2.9170654,test,0
Muar Ban Lee Group Bhd,2021-12-31,-2.9766245,fit,0
Muar Ban Lee Group Bhd,2022-12-31,-3.6939662,fit,0
Muar Ban Lee Group Bhd,2023-12-31,-2.7228115,fit,0
Muar Ban Lee Group Bhd,2024-12-31,-2.0167038,val,0
Muar Ban Lee Group Bhd,2025-12-31,-2.587444,test,0
MBM Resources Bhd,2022-12-31,-2.2246923,fit,0
MBM Resources Bhd,2023-12-31,-2.4022374,fit,0
MBM Resources Bhd,2024-12-31,-2.526633,val,0
MBM Resources Bhd,2025-12-31,-2.3367684,test,0
MBM Resources Bhd,2026-12-31,-2.3418243,test,0
MYMBN Bhd,2021-12-31,-2.5690258,fit,0
MYMBN Bhd,2022-12-31,-2.9459007,fit,0
MYMBN Bhd,2023-12-31,-2.3438132,fit,0
MYMBN Bhd,2024-12-31,-4.539192,val,0
MYMBN Bhd,2025-12-31,-2.884062,test,0
Meta Bright Group Bhd,2023-12-31,-2.2726605,fit,0
Meta Bright Group Bhd,2024-12-31,-2.3920496,val,0
Meta Bright Group Bhd,2025-12-31,-3.3120224,test,0
Meta Bright Group Bhd,2026-12-31,-2.665726,test,0
MBSB Bhd,2022-12-31,-2.749918,fit,0
MBSB Bhd,2023-12-31,-2.5576818,fit,0
MBSB Bhd,2024-12-31,-2.3628128,val,0
MBSB Bhd,2025-12-31,-1.9589174,test,0
MBSB Bhd,2026-12-31,-2.9111025,test,0
MCE Holdings Bhd,2022-07-31,-2.7039483,fit,0
MCE Holdings Bhd,2023-07-31,-3.0245361,fit,0
MCE Holdings Bhd,2024-07-31,-3.3251812,val,0
MCE Holdings Bhd,2025-07-31,-2.3863664,test,0
MCE Holdings Bhd,2026-07-31,-2.8743777,test,0
Malayan Cement Bhd,2022-06-30,-0.34989512,fit,0
Malayan Cement Bhd,2023-06-30,-2.0715995,fit,0
Malayan Cement Bhd,2024-06-30,2.2149158,val,0
Malayan Cement Bhd,2025-06-30,-2.0786378,test,0
Malayan Cement Bhd,2026-06-30,-1.9875275,test,0
MClean Technologies Bhd,2022-12-31,-2.6998212,fit,0
MClean Technologies Bhd,2023-12-31,-2.5621288,fit,0
MClean Technologies Bhd,2024-12-31,-2.4078414,val,0
MClean Technologies Bhd,2025-12-31,-2.6936927,test,0
MClean Technologies Bhd,2026-12-31,-1.9272169,test,0
MCOM Holdings Bhd,2021-06-30,6.203247,fit,0
MCOM Holdings Bhd,2022-06-30,-1.906042,fit,0
MCOM Holdings Bhd,2025-06-30,-2.2982512,test,0
Media Prima Bhd,2022-06-30,0.4198521,fit,0
Media Prima Bhd,2024-06-30,-2.4623528,val,0
Media Prima Bhd,2025-06-30,1.0597446,test,0
Media Prima Bhd,2026-06-30,4.36418,test,0
Mega Fortris Bhd,2021-06-30,-2.8611884,fit,0
Mega Fortris Bhd,2022-06-30,-2.8517127,fit,0
Mega Fortris Bhd,2023-06-30,-2.6579554,fit,0
Mega Fortris Bhd,2024-06-30,-2.9743335,val,0
Mega Fortris Bhd,2025-06-30,-2.526722,test,0
Melati Ehsan Holdings Bhd,2021-08-31,-0.64888763,fit,0
Melati Ehsan Holdings Bhd,2022-08-31,-2.859824,fit,0
Melati Ehsan Holdings Bhd,2023-08-31,-2.75787,fit,0
Melati Ehsan Holdings Bhd,2024-08-31,-2.4482048,val,0
Melati Ehsan Holdings Bhd,2025-08-31,-2.6439683,test,0
Melewar Industrial Group Bhd,2021-06-30,-2.602909,fit,0
Melewar Industrial Group Bhd,2022-06-30,-2.4638643,fit,0
Melewar Industrial Group Bhd,2023-06-30,-1.8598201,fit,0
Melewar Industrial Group Bhd,2024-06-30,-3.5601106,val,0
Melewar Industrial Group Bhd,2025-06-30,0.16645646,test,0
Menang Corporation (M) Bhd,2021-06-30,1.4320729,fit,0
Menang Corporation (M) Bhd,2022-06-30,-0.7813916,fit,0
Menang Corporation (M) Bhd,2023-06-30,4.553077,fit,0
Menang Corporation (M) Bhd,2024-06-30,-2.3341563,val,0
Menang Corporation (M) Bhd,2025-06-30,-2.1992471,test,0
Mentiga Corporation Bhd,2021-12-31,-1.9158779,fit,0
Mentiga Corporation Bhd,2022-12-31,-2.4906347,fit,0
Mentiga Corporation Bhd,2023-12-31,-4.622729,fit,0
Mentiga Corporation Bhd,2024-12-31,-4.4605417,val,0
Mentiga Corporation Bhd,2025-12-31,-2.7653885,test,0
Mercury Industries Bhd,2021-06-30,10.904104,fit,0
Mercury Industries Bhd,2022-06-30,6.846879,fit,0
Mercury Industries Bhd,2023-06-30,-3.062514,fit,0
Mercury Industries Bhd,2025-06-30,-1.8271811,test,0
Mercury Securities Group Bhd,2022-10-31,-1.1434296,fit,0
Mercury Securities Group Bhd,2023-10-31,-1.0354986,fit,0
Mercury Securities Group Bhd,2024-10-31,-2.1342626,val,0
Mercury Securities Group Bhd,2025-10-31,-3.119435,test,0
Mercury Securities Group Bhd,2026-10-31,-4.044339,test,0
Mestron Holdings Bhd,2022-12-31,-2.9218504,fit,0
Mestron Holdings Bhd,2023-12-31,-3.5814862,fit,0
Mestron Holdings Bhd,2024-12-31,-2.2569535,val,0
Mestron Holdings Bhd,2025-12-31,-2.8450384,test,0
Mestron Holdings Bhd,2026-12-31,-3.0779138,test,0
Metro Healthcare Bhd,2022-12-31,-2.818667,fit,0
Metro Healthcare Bhd,2023-12-31,-2.8424075,fit,0
Metro Healthcare Bhd,2024-12-31,-2.999389,val,0
Metro Healthcare Bhd,2025-12-31,-2.5225852,test,0
Metro Healthcare Bhd,2026-12-31,-2.7325134,test,0
Metrod Holdings Bhd,2021-12-31,-1.7344373,fit,0
Metrod Holdings Bhd,2022-12-31,-1.262009,fit,0
Metrod Holdings Bhd,2023-12-31,-2.6197495,fit,0
Metrod Holdings Bhd,2024-12-31,-2.4439466,val,0
Metrod Holdings Bhd,2025-12-31,-2.502069,test,0
Mega First Corporation Bhd,2022-12-31,-2.449018,fit,0
Mega First Corporation Bhd,2023-12-31,-2.6276116,fit,0
Mega First Corporation Bhd,2024-12-31,-2.6741884,val,0
Mega First Corporation Bhd,2025-12-31,-2.6918583,test,0
Mega First Corporation Bhd,2026-12-31,-2.8090513,test,0
Manforce Group Bhd,2024-02-28,-2.5117533,val,0
Manforce Group Bhd,2025-02-28,-2.416224,test,0
Manforce Group Bhd,2026-02-28,-3.4542694,test,0
Malayan Flour Mills Bhd,2022-12-31,-2.7596035,fit,0
Malayan Flour Mills Bhd,2023-12-31,-1.6084455,fit,0
Malayan Flour Mills Bhd,2024-12-31,-2.9980257,val,0
Malayan Flour Mills Bhd,2025-12-31,-3.0182736,test,0
Malayan Flour Mills Bhd,2026-12-31,-3.1164832,test,0
MGB Bhd,2022-12-31,-1.0576156,fit,0
MGB Bhd,2023-12-31,-0.85642326,fit,0
MGB Bhd,2024-12-31,-2.6765022,val,0
MGB Bhd,2025-12-31,-2.6239429,test,0
MGB Bhd,2026-12-31,-3.3758018,test,0
Malaysian Genomics Resource Centre Bhd,2022-06-30,-3.028691,fit,0
Malaysian Genomics Resource Centre Bhd,2023-06-30,-3.5057058,fit,0
Malaysian Genomics Resource Centre Bhd,2025-06-30,-2.4046893,test,0
Malaysian Genomics Resource Centre Bhd,2026-06-30,-2.3008442,test,0
Malaysia Marine and Heavy Engineering Holdings Bhd,2022-12-31,4.878632,fit,0
Malaysia Marine and Heavy Engineering Holdings Bhd,2023-12-31,2.842888,fit,0
Malaysia Marine and Heavy Engineering Holdings Bhd,2024-12-31,-4.2776213,val,0
Malaysia Marine and Heavy Engineering Holdings Bhd,2025-12-31,6.8241954,test,0
Malaysia Marine and Heavy Engineering Holdings Bhd,2026-12-31,-3.2607012,test,0
MHC Plantations Bhd,2021-12-31,-2.5991306,fit,0
MHC Plantations Bhd,2022-12-31,-2.4584906,fit,0
MHC Plantations Bhd,2023-12-31,-3.0514622,fit,0
MHC Plantations Bhd,2024-12-31,-3.3532794,val,0
MHC Plantations Bhd,2025-12-31,-2.4283483,test,0
MI Technovation Bhd,2022-12-31,-2.3757536,fit,0
MI Technovation Bhd,2023-12-31,-2.5802662,fit,0
MI Technovation Bhd,2024-12-31,-2.3292508,val,0
MI Technovation Bhd,2025-12-31,-3.09394,test,0
MI Technovation Bhd,2026-12-31,-3.0486767,test,0
Microlink Solutions Bhd,2022-03-31,-2.5094776,fit,0
Microlink Solutions Bhd,2023-03-31,-2.8582494,fit,0
Microlink Solutions Bhd,2024-03-31,-2.9698427,val,0
Microlink Solutions Bhd,2025-03-31,-2.1411738,test,0
MIECO Bhd,2021-12-31,-2.792415,fit,0
MIECO Bhd,2022-12-31,-1.2446744,fit,0
MIECO Bhd,2023-12-31,-3.4139018,fit,0
MIECO Bhd,2024-12-31,-2.3881795,val,0
MIECO Bhd,2025-12-31,-1.5865508,test,0
Milolo Bhd,2024-09-30,-2.1522598,val,0
Milolo Bhd,2025-09-30,-2.5656323,test,0
Milux Corporation Bhd,2021-12-31,-2.4272099,fit,0
Milux Corporation Bhd,2022-12-31,-2.0308902,fit,0
Milux Corporation Bhd,2023-12-31,-1.9917263,fit,0
Milux Corporation Bhd,2024-12-31,-2.5692792,val,0
Milux Corporation Bhd,2025-12-31,-2.917024,test,0
Minho (M) Bhd,2021-12-31,-1.961981,fit,0
Minho (M) Bhd,2022-12-31,-2.3416033,fit,0
Minho (M) Bhd,2023-12-31,-2.4790094,fit,0
Minho (M) Bhd,2024-12-31,-2.0592349,val,0
Minho (M) Bhd,2025-12-31,-2.1020536,test,0
Minox International Group Bhd,2021-12-31,-2.405254,fit,0
Minox International Group Bhd,2022-12-31,-2.1132302,fit,0
Minox International Group Bhd,2023-12-31,-2.3550339,fit,0
Minox International Group Bhd,2024-12-31,-2.2994487,val,0
Minox International Group Bhd,2025-12-31,-2.6777098,test,0
MISC Bhd,2022-12-31,-1.7362249,fit,0
MISC Bhd,2023-12-31,-2.6557465,fit,0
MISC Bhd,2024-12-31,-2.3789186,val,0
MISC Bhd,2025-12-31,-0.59762305,test,0
MISC Bhd,2026-12-31,-2.5138645,test,0
Mitrajaya Holdings Bhd,2022-12-31,1.6248783,fit,0
Mitrajaya Holdings Bhd,2023-12-31,-2.1217375,fit,0
Mitrajaya Holdings Bhd,2024-12-31,-2.58424,val,0
Mitrajaya Holdings Bhd,2025-12-31,-2.8795369,test,0
Mitrajaya Holdings Bhd,2026-12-31,-3.4507563,test,0
Majuperak Holdings Bhd,2021-12-31,-3.2803519,fit,0
Majuperak Holdings Bhd,2022-12-31,-5.5880075,fit,0
Majuperak Holdings Bhd,2023-12-31,-3.627128,fit,0
Majuperak Holdings Bhd,2024-12-31,-2.227054,val,0
Majuperak Holdings Bhd,2025-12-31,-2.4675992,test,0
MKH Bhd,2022-09-30,-2.588623,fit,0
MKH Bhd,2023-09-30,-2.3510492,fit,0
MKH Bhd,2024-09-30,-3.0339673,val,0
MKH Bhd,2025-09-30,-2.1611583,test,0
MKH Bhd,2026-09-30,-2.3134947,test,0
MKH Oil Palm (East Kalimantan) Bhd,2021-09-30,-0.9384701,fit,0
MKH Oil Palm (East Kalimantan) Bhd,2022-09-30,-1.973333,fit,0
MKH Oil Palm (East Kalimantan) Bhd,2023-09-30,-3.1149433,fit,0
MKH Oil Palm (East Kalimantan) Bhd,2024-09-30,-3.8259537,val,0
MKH Oil Palm (East Kalimantan) Bhd,2025-09-30,-2.4255831,test,0
M K Land Holdings Bhd,2021-06-30,-2.9999304,fit,0
M K Land Holdings Bhd,2022-06-30,-2.8739617,fit,0
M K Land Holdings Bhd,2023-06-30,2.5308661,fit,0
M K Land Holdings Bhd,2024-06-30,6.685576,val,0
M K Land Holdings Bhd,2025-06-30,4.1099286,test,0
MMAG Holdings Bhd,2022-03-31,-1.5557898,fit,0
MMAG Holdings Bhd,2023-03-31,0.1763939,fit,0
MMAG Holdings Bhd,2024-03-31,2.333509,val,0
MMAG Holdings Bhd,2025-03-31,1.5452383,test,0
MMIS Bhd,2021-06-30,-2.5068438,fit,0
MMIS Bhd,2022-06-30,-2.2225459,fit,0
MMIS Bhd,2023-06-30,-2.7949002,fit,0
MMIS Bhd,2024-06-30,-2.7112794,val,0
MMIS Bhd,2025-06-30,-2.121473,test,0
MMM Group Bhd,2022-03-31,-1.3175141,fit,1
MMM Group Bhd,2023-03-31,10.412682,fit,1
MMM Group Bhd,2024-03-31,10.985906,val,1
MMM Group Bhd,2025-03-31,-1.562642,test,1
MMM Group Bhd,2026-03-31,-3.3071818,test,1
MMS Ventures Bhd,2021-12-31,-2.4675992,fit,0
MMS Ventures Bhd,2022-12-31,-2.768858,fit,0
MMS Ventures Bhd,2023-12-31,-2.22875,fit,0
MMS Ventures Bhd,2024-12-31,-2.6142478,val,0
MMS Ventures Bhd,2025-12-31,-2.927398,test,0
MN Holdings Bhd,2022-06-30,-2.607335,fit,0
MN Holdings Bhd,2023-06-30,-2.529338,fit,0
MN Holdings Bhd,2024-06-30,-2.7912772,val,0
MN Holdings Bhd,2025-06-30,-3.1711218,test,0
MN Holdings Bhd,2026-06-30,-4.4155903,test,0
Mnrb Holdings Bhd,2023-03-31,-2.6009853,fit,0
Mnrb Holdings Bhd,2024-03-31,0.71616125,val,0
Mnrb Holdings Bhd,2025-03-31,-2.1018145,test,0
Mnrb Holdings Bhd,2026-03-31,-2.5871036,test,0
Mnrb Holdings Bhd,2027-03-31,-2.4580972,test,0
Mobilia Holdings Bhd,2022-12-31,-2.463145,fit,0
Mobilia Holdings Bhd,2023-12-31,-2.5227861,fit,0
Mobilia Holdings Bhd,2024-12-31,-2.5799484,val,0
Mobilia Holdings Bhd,2025-12-31,-2.2451816,test,0
Mobilia Holdings Bhd,2026-12-31,-2.5480523,test,0
Managepay Systems Bhd,2021-06-30,-2.6331985,fit,0
Managepay Systems Bhd,2022-06-30,-2.6621811,fit,0
Managepay Systems Bhd,2025-06-30,-3.1888463,test,0
Malaysian Pacific Industries Bhd,2022-06-30,-2.9962304,fit,0
Malaysian Pacific Industries Bhd,2023-06-30,-2.4921145,fit,0
Malaysian Pacific Industries Bhd,2024-06-30,-1.5817887,val,0
Malaysian Pacific Industries Bhd,2025-06-30,-2.2713175,test,0
Malaysian Pacific Industries Bhd,2026-06-30,-2.1327622,test,0
Matrix Parking Solution Holdings Bhd,2021-12-31,0.14103124,fit,0
Matrix Parking Solution Holdings Bhd,2022-12-31,-1.7289519,fit,0
Matrix Parking Solution Holdings Bhd,2023-12-31,-2.0780256,fit,0
Matrix Parking Solution Holdings Bhd,2024-12-31,-2.036221,val,0
Matrix Parking Solution Holdings Bhd,2025-12-31,-3.197654,test,0
MQ Technology Bhd,2022-02-28,-2.7164607,fit,0
MQ Technology Bhd,2023-02-28,-3.407752,fit,0
MQ Technology Bhd,2024-02-28,-2.362249,val,0
MQ Technology Bhd,2025-02-28,-2.451434,test,0
MQ Technology Bhd,2026-02-28,-2.3693984,test,0
Malaysian Resources Corporation Bhd,2022-12-31,2.7062247,fit,0
Malaysian Resources Corporation Bhd,2023-12-31,-2.8888938,fit,0
Malaysian Resources Corporation Bhd,2024-12-31,-0.3355039,val,0
Malaysian Resources Corporation Bhd,2025-12-31,4.9830294,test,0
Malaysian Resources Corporation Bhd,2026-12-31,-2.054653,test,0
Mr DIY Group (M) Bhd,2022-12-31,-2.502078,fit,0
Mr DIY Group (M) Bhd,2023-12-31,-1.5179808,fit,0
Mr DIY Group (M) Bhd,2024-12-31,-1.6311157,val,0
Mr DIY Group (M) Bhd,2025-12-31,-2.3407571,test,0
Mr DIY Group (M) Bhd,2026-12-31,-1.901641,test,0
MSB Global Group Bhd,2021-12-31,-2.5337882,fit,0
MSB Global Group Bhd,2022-12-31,-2.6230073,fit,0
MSB Global Group Bhd,2023-12-31,-2.3701224,fit,0
MSB Global Group Bhd,2024-12-31,-2.0073445,val,0
MSB Global Group Bhd,2025-12-31,-3.0745132,test,0
Malaysia Smelting Corporation Bhd,2022-12-31,-2.2250419,fit,0
Malaysia Smelting Corporation Bhd,2023-12-31,-3.6422095,fit,0
Malaysia Smelting Corporation Bhd,2024-12-31,-2.380906,val,0
Malaysia Smelting Corporation Bhd,2025-12-31,-2.7352104,test,0
Malaysia Smelting Corporation Bhd,2026-12-31,-2.682712,test,0
MSM Malaysia Holdings Bhd,2022-12-31,-2.8153994,fit,0
MSM Malaysia Holdings Bhd,2023-12-31,-3.5362866,fit,0
MSM Malaysia Holdings Bhd,2024-12-31,-2.294278,val,0
MSM Malaysia Holdings Bhd,2025-12-31,-0.847337,test,0
MSM Malaysia Holdings Bhd,2026-12-31,-3.5044768,test,0
Mesiniaga Bhd,2021-12-31,-3.2508042,fit,0
Mesiniaga Bhd,2022-12-31,-3.0389743,fit,0
Mesiniaga Bhd,2023-12-31,-3.1427426,fit,0
Mesiniaga Bhd,2024-12-31,-2.2511303,val,0
Mesiniaga Bhd,2025-12-31,-3.1371105,test,0
MST Golf Group Bhd,2021-12-31,-2.8584578,fit,0
MST Golf Group Bhd,2022-12-31,-2.8744435,fit,0
MST Golf Group Bhd,2023-12-31,-2.2571397,fit,0
MST Golf Group Bhd,2024-12-31,-2.7124019,val,0
MST Golf Group Bhd,2025-12-31,-2.2263541,test,0
MTAG Group Bhd,2022-06-30,-2.6174362,fit,0
MTAG Group Bhd,2023-06-30,-2.3429444,fit,0
MTAG Group Bhd,2024-06-30,-3.004757,val,0
MTAG Group Bhd,2025-06-30,-3.7229674,test,0
MTAG Group Bhd,2026-06-30,-2.4429388,test,0
Master Tec Group Bhd,2022-12-31,-2.9568214,fit,0
Master Tec Group Bhd,2023-12-31,-2.9624217,fit,0
Master Tec Group Bhd,2024-12-31,-2.5265806,val,0
Master Tec Group Bhd,2025-12-31,-2.4808464,test,0
Master Tec Group Bhd,2026-12-31,-2.9446993,test,0
MTT Shipping and Logistics Bhd,2022-12-31,-2.8003845,fit,0
MTT Shipping and Logistics Bhd,2023-12-31,-2.6410692,fit,0
MTT Shipping and Logistics Bhd,2024-12-31,-3.8353305,val,0
MTT Shipping and Logistics Bhd,2025-12-31,-3.2443357,test,0
Muda Holdings Bhd,2021-12-31,-1.163228,fit,0
Muda Holdings Bhd,2022-12-31,-3.1455572,fit,0
Muda Holdings Bhd,2023-12-31,-1.7302659,fit,0
Muda Holdings Bhd,2024-12-31,-1.9714429,val,0
Muda Holdings Bhd,2025-12-31,-1.9523036,test,0
Mudajaya Group Bhd,2021-12-31,-1.0124716,fit,0
Mudajaya Group Bhd,2022-12-31,-2.6313343,fit,0
Mudajaya Group Bhd,2023-12-31,-1.774656,fit,0
Mudajaya Group Bhd,2024-12-31,-0.9842304,val,0
Mudajaya Group Bhd,2025-12-31,0.14842522,test,0
Multi-Usage Holdings Bhd,2021-06-30,-1.1857575,fit,0
Multi-Usage Holdings Bhd,2022-06-30,-0.8461448,fit,0
Multi-Usage Holdings Bhd,2023-06-30,-1.8678393,fit,0
Multi-Usage Holdings Bhd,2024-06-30,-3.6551104,val,0
Multi-Usage Holdings Bhd,2025-06-30,-1.5884775,test,0
Muhibbah Engineering (M) Bhd,2022-12-31,5.202171,fit,0
Muhibbah Engineering (M) Bhd,2023-12-31,6.1180058,fit,0
Muhibbah Engineering (M) Bhd,2024-12-31,1.8383245,val,0
Muhibbah Engineering (M) Bhd,2025-12-31,-2.50467,test,0
Muhibbah Engineering (M) Bhd,2026-12-31,-1.5295321,test,0
Malayan United Industries Bhd,2021-06-30,2.3250375,fit,0
Malayan United Industries Bhd,2022-06-30,5.8301067,fit,0
Malayan United Industries Bhd,2023-06-30,-4.1355314,fit,0
Malayan United Industries Bhd,2024-06-30,8.656733,val,0
Malayan United Industries Bhd,2025-06-30,-1.831872,test,0
MUI Properties Bhd,2021-06-30,-6.3029923,fit,0
MUI Properties Bhd,2022-06-30,-3.2243829,fit,0
MUI Properties Bhd,2023-06-30,-2.8849788,fit,0
MUI Properties Bhd,2024-06-30,-2.3471353,val,0
MUI Properties Bhd,2025-06-30,-2.8466232,test,0
Mulpha International Bhd,2021-12-31,-1.8454372,fit,0
Mulpha International Bhd,2022-12-31,-2.4928007,fit,0
Mulpha International Bhd,2023-12-31,-2.619327,fit,0
Mulpha International Bhd,2024-12-31,-3.079185,val,0
Mulpha International Bhd,2025-12-31,-2.0538425,test,0
MyAxis Group Bhd,2024-07-31,-2.3833497,val,0
MyAxis Group Bhd,2025-07-31,-2.9101188,test,0
Mycron Steel Bhd,2022-06-30,-1.8822137,fit,0
Mycron Steel Bhd,2023-06-30,-2.8457823,fit,0
Mycron Steel Bhd,2024-06-30,-3.0246377,val,0
Mycron Steel Bhd,2025-06-30,-2.7326887,test,0
Mycron Steel Bhd,2026-06-30,-2.4236927,test,0
Mynews Holdings Bhd,2022-10-31,-0.67686796,fit,0
Mynews Holdings Bhd,2023-10-31,-3.8124785,fit,0
Mynews Holdings Bhd,2024-10-31,-0.94834244,val,0
Mynews Holdings Bhd,2025-10-31,0.562371,test,0
Mynews Holdings Bhd,2026-10-31,-2.5312562,test,0
MyTech Group Bhd,2022-03-31,-2.968971,fit,0
MyTech Group Bhd,2023-03-31,-2.4205673,fit,0
MyTech Group Bhd,2024-03-31,-3.7790878,val,0
MyTech Group Bhd,2025-03-31,-4.367717,test,0
MyTech Group Bhd,2026-03-31,-2.3476183,test,0
N2n Connect Bhd,2022-12-31,-1.62386,fit,0
N2n Connect Bhd,2023-12-31,-1.0830275,fit,0
N2n Connect Bhd,2024-12-31,-0.89820933,val,0
N2n Connect Bhd,2025-12-31,-0.93747115,test,0
N2n Connect Bhd,2026-12-31,-1.0542492,test,0
Gagasan Nadi Cergas Bhd,2021-12-31,-2.325558,fit,0
Gagasan Nadi Cergas Bhd,2022-12-31,-2.2627091,fit,0
Gagasan Nadi Cergas Bhd,2023-12-31,-2.019321,fit,0
Gagasan Nadi Cergas Bhd,2024-12-31,-0.86827946,val,0
Gagasan Nadi Cergas Bhd,2025-12-31,-2.2046304,test,0
Naim Holdings Bhd,2021-12-31,-2.5878944,fit,0
Naim Holdings Bhd,2022-12-31,-2.8896897,fit,0
Naim Holdings Bhd,2023-12-31,-3.0166414,fit,0
Naim Holdings Bhd,2024-12-31,-2.4236536,val,0
Naim Holdings Bhd,2025-12-31,-2.095222,test,0
NationGate Holdings Bhd,2022-12-31,-3.0744412,fit,0
NationGate Holdings Bhd,2023-12-31,-1.2531922,fit,0
NationGate Holdings Bhd,2024-12-31,-2.872024,val,0
NationGate Holdings Bhd,2025-12-31,-4.1854753,test,0
NationGate Holdings Bhd,2026-12-31,0.5316479,test,0
NCT Alliance Bhd,2021-12-31,-2.2806234,fit,0
NCT Alliance Bhd,2022-12-31,-2.4158137,fit,0
NCT Alliance Bhd,2023-12-31,-2.221714,fit,0
NCT Alliance Bhd,2024-12-31,-2.4490826,val,0
NCT Alliance Bhd,2025-12-31,-2.7285664,test,0
Northeast Group Bhd,2022-09-30,-3.1976526,fit,0
Northeast Group Bhd,2023-09-30,-3.0366397,fit,0
Northeast Group Bhd,2024-09-30,-2.769223,val,0
Northeast Group Bhd,2025-09-30,-4.1131063,test,0
Northeast Group Bhd,2026-09-30,-2.3998601,test,0
Nestcon Bhd,2021-12-31,1.075978,fit,0
Nestcon Bhd,2022-12-31,-3.5533118,fit,0
Nestcon Bhd,2023-12-31,-1.8671802,fit,0
Nestcon Bhd,2024-12-31,-3.118636,val,0
Nestcon Bhd,2025-12-31,-3.601497,test,0
Nestle (Malaysia) Bhd,2022-12-31,-2.0401704,fit,0
Nestle (Malaysia) Bhd,2023-12-31,-1.8039229,fit,0
Nestle (Malaysia) Bhd,2024-12-31,-1.2060416,val,0
Nestle (Malaysia) Bhd,2025-12-31,-0.27987462,test,0
Nestle (Malaysia) Bhd,2026-12-31,-1.2018607,test,0
NetX Holdings Bhd,2021-11-30,-4.109824,fit,0
NetX Holdings Bhd,2022-11-30,-2.3566537,fit,0
NetX Holdings Bhd,2023-11-30,-1.4355693,fit,0
NetX Holdings Bhd,2024-11-30,-2.2963917,val,0
NetX Holdings Bhd,2025-11-30,-3.9039392,test,0
NexG Bhd,2023-03-31,-2.6135948,fit,0
NexG Bhd,2024-03-31,-2.6646235,val,0
NexG Bhd,2025-03-31,-2.2877488,test,0
NexG Bhd,2026-03-31,-1.8613015,test,0
NexG Bhd,2027-03-31,-2.438431,test,0
Nexg Bina Bhd,2021-06-30,-2.3097823,fit,0
Nexg Bina Bhd,2022-06-30,-2.687764,fit,0
Nexg Bina Bhd,2023-06-30,-2.605959,fit,0
Nexg Bina Bhd,2024-06-30,-2.7297163,val,0
Nexg Bina Bhd,2025-06-30,-1.9085994,test,0
Nextgreen Global Bhd,2022-12-31,-3.0983455,fit,0
Nextgreen Global Bhd,2023-12-31,-0.2646952,fit,0
Nextgreen Global Bhd,2024-12-31,-2.70495,val,0
Nextgreen Global Bhd,2025-12-31,-2.549203,test,0
Nextgreen Global Bhd,2026-12-31,-2.4071815,test,0
Nuenergy Holdings Bhd,2021-12-31,-3.0819378,fit,0
Nuenergy Holdings Bhd,2022-12-31,0.16012695,fit,0
Nuenergy Holdings Bhd,2023-12-31,-2.923448,fit,0
Nuenergy Holdings Bhd,2024-12-31,-1.7945235,val,0
Nuenergy Holdings Bhd,2025-12-31,2.0897427,test,0
New Hoong Fatt Holdings Bhd,2021-12-31,-2.5814154,fit,0
New Hoong Fatt Holdings Bhd,2022-12-31,-3.0956948,fit,0
New Hoong Fatt Holdings Bhd,2023-12-31,-1.8637165,fit,0
New Hoong Fatt Holdings Bhd,2024-12-31,-1.9401462,val,0
New Hoong Fatt Holdings Bhd,2025-12-31,-2.2646585,test,0
Niche Capital Emas Holdings Bhd,2021-06-30,-2.3521044,fit,0
Niche Capital Emas Holdings Bhd,2022-06-30,-2.3889155,fit,0
Niche Capital Emas Holdings Bhd,2023-06-30,-1.5622548,fit,0
Niche Capital Emas Holdings Bhd,2024-06-30,-2.3637753,val,0
Niche Capital Emas Holdings Bhd,2025-06-30,-2.2751944,test,0
NI Hsin Group Bhd,2021-12-31,-2.4072442,fit,0
NI Hsin Group Bhd,2022-12-31,-4.3798695,fit,0
NI Hsin Group Bhd,2023-12-31,-2.3827882,fit,0
NI Hsin Group Bhd,2025-12-31,-2.5006304,test,0
Noesis Exed Bhd,2024-06-30,-1.3148443,val,0
Noesis Exed Bhd,2025-06-30,-2.3237534,test,0
Northern Solar Holdings Bhd,2022-12-31,0.20544094,fit,0
Northern Solar Holdings Bhd,2023-12-31,-3.0003474,fit,0
Northern Solar Holdings Bhd,2024-12-31,-2.644168,val,0
Northern Solar Holdings Bhd,2025-12-31,-1.8471904,test,0
Northern Solar Holdings Bhd,2026-12-31,-3.5013328,test,0
Notion VTec Bhd,2022-09-30,-2.4230497,fit,0
Notion VTec Bhd,2023-09-30,-2.5026882,fit,0
Notion VTec Bhd,2024-09-30,-2.2119074,val,0
Notion VTec Bhd,2025-09-30,-3.0560267,test,0
Notion VTec Bhd,2026-09-30,-2.4886837,test,0
Nova Wellness Group Bhd,2022-06-30,-2.1286356,fit,0
Nova Wellness Group Bhd,2023-06-30,-4.0739837,fit,0
Nova Wellness Group Bhd,2024-06-30,-1.9615594,val,0
Nova Wellness Group Bhd,2025-06-30,-3.0359306,test,0
Nova Wellness Group Bhd,2026-06-30,-1.5801147,test,0
Nova MSC Bhd,2023-03-31,-2.5011609,fit,0
Nova MSC Bhd,2024-03-31,-2.2521136,val,0
Nova MSC Bhd,2025-03-31,-3.576148,test,0
Nova MSC Bhd,2026-03-31,-2.5390701,test,0
Nova Technology Services Bhd,2021-06-30,-2.4989657,fit,0
Nova Technology Services Bhd,2022-06-30,-5.024338,fit,0
Nova Technology Services Bhd,2023-06-30,0.8784398,fit,0
Nova Technology Services Bhd,2025-06-30,-2.7689993,test,0
Negri Sembilan Oil Palms Bhd,2021-12-31,-3.5214708,fit,0
Negri Sembilan Oil Palms Bhd,2022-12-31,-3.3782642,fit,0
Negri Sembilan Oil Palms Bhd,2023-12-31,-2.1571462,fit,0
Negri Sembilan Oil Palms Bhd,2024-12-31,-2.6647499,val,0
Negri Sembilan Oil Palms Bhd,2025-12-31,-2.3481305,test,0
NTPM Holdings Bhd,2023-04-30,-2.1454177,fit,0
NTPM Holdings Bhd,2024-04-30,-1.5732144,val,0
NTPM Holdings Bhd,2025-04-30,0.09814735,test,0
NTPM Holdings Bhd,2026-04-30,-2.8142161,test,0
NTPM Holdings Bhd,2027-04-30,-2.3757432,test,0
Oasis Harvest Corporation Bhd,2021-12-31,0.0005605072,fit,0
Oasis Harvest Corporation Bhd,2022-12-31,-1.3351619,fit,0
Oasis Harvest Corporation Bhd,2023-12-31,-0.55186725,fit,0
Oasis Harvest Corporation Bhd,2025-12-31,-2.9618165,test,0
OB Holdings Bhd,2021-05-31,-2.5837507,fit,0
OB Holdings Bhd,2022-05-31,-3.3526523,fit,0
OB Holdings Bhd,2023-05-31,-2.4933782,fit,0
OB Holdings Bhd,2024-05-31,-2.7559774,val,0
OB Holdings Bhd,2025-05-31,-2.0877714,test,0
OCB Bhd,2021-12-31,-2.3418162,fit,0
OCB Bhd,2022-12-31,-3.144371,fit,0
OCB Bhd,2023-12-31,-2.0215988,fit,0
OCB Bhd,2024-12-31,-2.6936808,val,0
OCB Bhd,2025-12-31,-2.3700757,test,0
OCK Group Bhd,2021-12-31,-1.2639264,fit,0
OCK Group Bhd,2022-12-31,-1.9500784,fit,0
OCK Group Bhd,2023-12-31,-2.0610917,fit,0
OCK Group Bhd,2024-12-31,-0.13144046,val,0
OCK Group Bhd,2025-12-31,0.38191023,test,0
Oceancash Pacific Bhd,2022-12-31,-2.534095,fit,0
Oceancash Pacific Bhd,2023-12-31,-2.5236387,fit,0
Oceancash Pacific Bhd,2024-12-31,-2.7376482,val,0
Oceancash Pacific Bhd,2025-12-31,-2.3943558,test,0
Oceancash Pacific Bhd,2026-12-31,-2.685151,test,0
OCR Group Bhd,2021-12-31,-2.0441146,fit,0
OCR Group Bhd,2022-12-31,-2.5194366,fit,0
OCR Group Bhd,2023-12-31,-2.4900897,fit,0
OCR Group Bhd,2024-12-31,-0.47449008,val,0
OCR Group Bhd,2025-12-31,-2.1774495,test,0
Ocean Fresh Bhd,2021-12-31,-2.8356555,fit,0
Ocean Fresh Bhd,2022-12-31,-3.1149423,fit,0
Ocean Fresh Bhd,2023-12-31,-3.70837,fit,0
Ocean Fresh Bhd,2024-12-31,-2.439766,val,0
Ocean Fresh Bhd,2025-12-31,-2.4977453,test,0
Oriental Food Industries Holdings Bhd,2022-03-31,-2.4119372,fit,0
Oriental Food Industries Holdings Bhd,2023-03-31,-2.1477287,fit,0
Oriental Food Industries Holdings Bhd,2024-03-31,-2.158788,val,0
Oriental Food Industries Holdings Bhd,2025-03-31,-2.8340824,test,0
Oriental Food Industries Holdings Bhd,2026-03-31,-2.9503324,test,0
One Gasmaster Holdings Bhd,2022-12-31,-2.7833612,fit,0
One Gasmaster Holdings Bhd,2023-12-31,-2.9448674,fit,0
One Gasmaster Holdings Bhd,2024-12-31,-2.6787536,val,0
One Gasmaster Holdings Bhd,2025-12-31,-2.9672575,test,0
Oasis Home Holding Bhd,2022-06-30,-2.5709128,fit,0
Oasis Home Holding Bhd,2023-06-30,-2.0410688,fit,0
Oasis Home Holding Bhd,2024-06-30,-2.7605445,val,0
Oasis Home Holding Bhd,2025-06-30,-2.9239895,test,0
Oriental Interest Bhd,2021-08-31,-2.807789,fit,0
Oriental Interest Bhd,2022-08-31,-2.7581813,fit,0
Oriental Interest Bhd,2023-08-31,-2.519912,fit,0
Oriental Interest Bhd,2024-08-31,-2.825947,val,0
Oriental Interest Bhd,2025-08-31,-3.084738,test,0
OKA Corporation Bhd,2023-03-31,-2.2709908,fit,0
OKA Corporation Bhd,2024-03-31,-3.3707414,val,0
OKA Corporation Bhd,2025-03-31,-2.20311,test,0
OKA Corporation Bhd,2026-03-31,-2.2225146,test,0
OKA Corporation Bhd,2027-03-31,-1.9437982,test,0
Olympia Industries Bhd,2021-12-31,4.1027255,fit,0
Olympia Industries Bhd,2022-12-31,-2.5833359,fit,0
Olympia Industries Bhd,2023-12-31,3.1132085,fit,0
Olympia Industries Bhd,2024-12-31,5.842497,val,0
Olympia Industries Bhd,2025-12-31,-3.947558,test,0
OpenMove AI Bhd,2022-12-31,-2.0779307,fit,0
OpenMove AI Bhd,2023-12-31,-1.7401465,fit,0
OpenMove AI Bhd,2024-12-31,-1.6724359,val,0
OpenMove AI Bhd,2026-12-31,-1.2302316,test,0
Omesti Bhd,2021-10-31,-2.1604898,fit,0
Omesti Bhd,2022-10-31,0.35874984,fit,0
Omesti Bhd,2023-10-31,1.2648437,fit,0
Omesti Bhd,2024-10-31,-1.7011421,val,0
Omesti Bhd,2025-10-31,-1.3075413,test,0
One Glove Group Bhd,2022-03-31,-0.13255835,fit,0
One Glove Group Bhd,2023-03-31,-2.4637737,fit,0
One Glove Group Bhd,2024-03-31,-2.5884058,val,0
One Glove Group Bhd,2025-03-31,2.396216,test,0
One Glove Group Bhd,2026-03-31,0.38039836,test,0
OpenSys (M) Bhd,2021-12-31,-2.6036618,fit,0
OpenSys (M) Bhd,2022-12-31,-2.7569091,fit,0
OpenSys (M) Bhd,2023-12-31,-3.4992123,fit,0
OpenSys (M) Bhd,2024-12-31,-3.0329785,val,0
OpenSys (M) Bhd,2025-12-31,-2.4760768,test,0
Oppstar Bhd,2023-03-31,-3.9217386,fit,0
Oppstar Bhd,2024-03-31,-2.0474544,val,0
Oppstar Bhd,2025-03-31,-5.7984967,test,0
Oppstar Bhd,2026-03-31,-2.4787426,test,0
Oppstar Bhd,2027-03-31,-3.5132697,test,0
Optimax Holdings Bhd,2022-12-31,-2.446659,fit,0
Optimax Holdings Bhd,2023-12-31,-2.7965515,fit,0
Optimax Holdings Bhd,2024-12-31,-2.3995166,val,0
Optimax Holdings Bhd,2025-12-31,-2.1953228,test,0
Optimax Holdings Bhd,2026-12-31,-2.6388345,test,0
Orgabio Holdings Bhd,2022-06-30,-2.7149334,fit,0
Orgabio Holdings Bhd,2023-06-30,-3.6014297,fit,0
Orgabio Holdings Bhd,2024-06-30,-4.3389072,val,0
Orgabio Holdings Bhd,2025-06-30,-4.182926,test,0
Orgabio Holdings Bhd,2026-06-30,-3.412192,test,0
Oriental Holdings Bhd,2021-12-31,-2.6762118,fit,0
Oriental Holdings Bhd,2022-12-31,-2.4115388,fit,0
Oriental Holdings Bhd,2023-12-31,-3.1616523,fit,0
Oriental Holdings Bhd,2024-12-31,-1.9465458,val,0
Oriental Holdings Bhd,2025-12-31,-2.6817045,test,0
Orkim Bhd,2023-12-31,-2.521438,fit,0
Orkim Bhd,2024-12-31,-2.6107533,val,0
Orkim Bhd,2025-12-31,-2.7276258,test,0
Orkim Bhd,2026-12-31,-2.9195194,test,0
Ornapaper Bhd,2021-12-31,0.6517099,fit,0
Ornapaper Bhd,2022-12-31,1.3135934,fit,0
Ornapaper Bhd,2023-12-31,-1.6793245,fit,0
Ornapaper Bhd,2024-12-31,-3.1317358,val,0
Ornapaper Bhd,2025-12-31,-3.0017292,test,0
OSK Holdings Bhd,2022-12-31,-1.8222964,fit,0
OSK Holdings Bhd,2023-12-31,-1.8158175,fit,0
OSK Holdings Bhd,2024-12-31,-1.9968082,val,0
OSK Holdings Bhd,2025-12-31,-1.2410198,test,0
OSK Holdings Bhd,2026-12-31,-1.9512142,test,0
Osk Ventures International Bhd,2021-12-31,-2.4296856,fit,0
Osk Ventures International Bhd,2022-12-31,-2.62781,fit,0
Osk Ventures International Bhd,2023-12-31,-2.3177388,fit,0
Osk Ventures International Bhd,2024-12-31,-2.6297514,val,0
Osk Ventures International Bhd,2025-12-31,-2.6056964,test,0
Ocean Vantage Holdings Bhd,2021-12-31,-2.6484573,fit,0
Ocean Vantage Holdings Bhd,2022-12-31,-3.423471,fit,0
Ocean Vantage Holdings Bhd,2023-12-31,-2.9694054,fit,0
Ocean Vantage Holdings Bhd,2024-12-31,-2.6488686,val,0
Ocean Vantage Holdings Bhd,2025-12-31,-2.6132452,test,0
Only World Group Holdings Bhd,2022-06-30,-1.0579927,fit,0
Only World Group Holdings Bhd,2023-06-30,-2.0930612,fit,0
Only World Group Holdings Bhd,2024-06-30,-2.2156816,val,0
Only World Group Holdings Bhd,2025-06-30,-1.2222985,test,0
Only World Group Holdings Bhd,2026-06-30,-2.3944552,test,0
Oxford Innotech Bhd,2022-12-31,-1.3633634,fit,0
Oxford Innotech Bhd,2023-12-31,-3.8050437,fit,0
Oxford Innotech Bhd,2024-12-31,-3.1538067,val,0
Oxford Innotech Bhd,2025-12-31,-2.707357,test,0
Oxford Innotech Bhd,2026-12-31,-3.1919518,test,0
Pacific and Orient Bhd,2021-09-30,4.20943,fit,0
Pacific and Orient Bhd,2022-09-30,-2.3891692,fit,0
Pacific and Orient Bhd,2023-09-30,-1.9415663,fit,0
Pacific and Orient Bhd,2024-09-30,-2.521432,val,0
Pacific and Orient Bhd,2025-09-30,-1.0480496,test,0
PA Resources Bhd,2022-06-30,-2.5740635,fit,0
PA Resources Bhd,2023-06-30,-1.8935791,fit,0
PA Resources Bhd,2024-06-30,-2.795732,val,0
PA Resources Bhd,2025-06-30,-1.4965483,test,0
PA Resources Bhd,2026-06-30,-2.731274,test,0
Padini Holdings Berhad,2022-06-30,-2.305239,fit,0
Padini Holdings Berhad,2023-06-30,-2.387225,fit,0
Padini Holdings Berhad,2024-06-30,-2.2956789,val,0
Padini Holdings Berhad,2025-06-30,-1.6546124,test,0
Padini Holdings Berhad,2026-06-30,-2.268176,test,0
Panasonic Manufacturing Malaysia Bhd,2023-03-31,-2.3946123,fit,0
Panasonic Manufacturing Malaysia Bhd,2024-03-31,-1.9730121,val,0
Panasonic Manufacturing Malaysia Bhd,2025-03-31,-2.2325578,test,0
Panasonic Manufacturing Malaysia Bhd,2026-03-31,-1.9719396,test,0
Panasonic Manufacturing Malaysia Bhd,2027-03-31,-3.078951,test,0
Panda Eco System Bhd,2021-12-31,-3.3702943,fit,0
Panda Eco System Bhd,2022-12-31,-3.339501,fit,0
Panda Eco System Bhd,2023-12-31,-2.028798,fit,0
Panda Eco System Bhd,2024-12-31,-3.077353,val,0
Panda Eco System Bhd,2025-12-31,-2.5477815,test,0
Pansar Bhd,2022-03-31,-3.7286875,fit,0
Pansar Bhd,2023-03-31,-3.0092037,fit,0
Pansar Bhd,2024-03-31,-0.25404137,val,0
Pansar Bhd,2025-03-31,4.6517887,test,0
Pansar Bhd,2026-03-31,-2.767468,test,0
Pantech Group Holdings Bhd,2023-02-28,-2.3693519,fit,0
Pantech Group Holdings Bhd,2024-02-28,-3.007545,val,0
Pantech Group Holdings Bhd,2025-02-28,-3.3646803,test,0
Pantech Group Holdings Bhd,2026-02-28,-2.273301,test,0
Pantech Group Holdings Bhd,2027-02-28,-2.306126,test,0
Paos Holdings Bhd,2021-05-31,-2.709087,fit,0
Paos Holdings Bhd,2022-05-31,-3.7168143,fit,0
Paos Holdings Bhd,2023-05-31,-0.6977712,fit,0
Paos Holdings Bhd,2024-05-31,-4.566238,val,0
Paos Holdings Bhd,2025-05-31,-3.4973178,test,0
Paradigm Real Estate Investment Trust,2025-12-31,-2.7928991,test,0
Paradigm Real Estate Investment Trust,2026-12-31,-2.6410584,test,0
Paramount Corporation Bhd,2022-12-31,-2.279639,fit,0
Paramount Corporation Bhd,2023-12-31,-2.6898093,fit,0
Paramount Corporation Bhd,2024-12-31,-2.3981533,val,0
Paramount Corporation Bhd,2025-12-31,-1.6253048,test,0
Paramount Corporation Bhd,2026-12-31,-2.2489939,test,0
Parkson Holdings Bhd,2023-06-30,-2.3512325,fit,0
Parkson Holdings Bhd,2024-06-30,-1.4324291,val,0
Parkson Holdings Bhd,2025-06-30,-1.3846413,test,0
Parkson Holdings Bhd,2026-06-30,-1.199285,test,0
Parkwood Holdings Bhd,2021-12-31,-1.3437059,fit,0
Parkwood Holdings Bhd,2022-12-31,-1.7779232,fit,0
Parkwood Holdings Bhd,2023-12-31,-1.6103097,fit,0
Parkwood Holdings Bhd,2024-12-31,-1.5279002,val,0
Parkwood Holdings Bhd,2025-12-31,-1.8648019,test,0
Parlo Bhd,2021-12-31,-2.4655921,fit,0
Parlo Bhd,2023-12-31,2.0355496,fit,0
Parlo Bhd,2024-12-31,-2.6416204,val,0
Parlo Bhd,2025-12-31,-3.0327291,test,0
Pasdec Holdings Bhd,2021-12-31,-0.45324966,fit,0
Pasdec Holdings Bhd,2022-12-31,-1.9941148,fit,0
Pasdec Holdings Bhd,2023-12-31,-1.8519256,fit,0
Pasdec Holdings Bhd,2024-12-31,-1.4896777,val,0
Pasdec Holdings Bhd,2025-12-31,-1.5447217,test,0
Pavilion Real Estate Investment Trust,2022-12-31,0.22964457,fit,0
Pavilion Real Estate Investment Trust,2023-12-31,0.2507397,fit,0
Pavilion Real Estate Investment Trust,2024-12-31,-2.0438635,val,0
Pavilion Real Estate Investment Trust,2025-12-31,-1.6064376,test,0
Pavilion Real Estate Investment Trust,2026-12-31,0.02509752,test,0
Pba Holdings Bhd,2021-12-31,-2.8391979,fit,0
Pba Holdings Bhd,2022-12-31,-2.9387722,fit,0
Pba Holdings Bhd,2023-12-31,-2.8604841,fit,0
Pba Holdings Bhd,2024-12-31,-2.792041,val,0
Pba Holdings Bhd,2025-12-31,-2.7009413,test,0
Public Bank Bhd,2022-12-31,-2.4991882,fit,0
Public Bank Bhd,2023-12-31,-2.3259442,fit,0
Public Bank Bhd,2024-12-31,-2.4884467,val,0
Public Bank Bhd,2025-12-31,-2.5106535,test,0
Public Bank Bhd,2026-12-31,-2.504203,test,0
PBS Bhd,2021-12-31,-2.250583,fit,0
PBS Bhd,2022-12-31,-2.8901265,fit,0
PBS Bhd,2023-12-31,-3.6390595,fit,0
PBS Bhd,2024-12-31,-3.2861576,val,0
PBS Bhd,2025-12-31,-3.4763212,test,0
PCCS Group Bhd,2022-03-31,-2.7860749,fit,0
PCCS Group Bhd,2023-03-31,-3.231643,fit,0
PCCS Group Bhd,2024-03-31,-3.7420554,val,0
PCCS Group Bhd,2025-03-31,-2.7605715,test,0
PCCS Group Bhd,2026-03-31,-2.6467998,test,0
PETRONAS Chemicals Group Bhd,2022-12-31,-2.3795373,fit,0
PETRONAS Chemicals Group Bhd,2023-12-31,-3.4628253,fit,0
PETRONAS Chemicals Group Bhd,2024-12-31,-3.5003633,val,0
PETRONAS Chemicals Group Bhd,2025-12-31,-2.9749553,test,0
PETRONAS Chemicals Group Bhd,2026-12-31,-3.2683985,test,0
Pimpinan Ehsan Bhd,2021-12-31,-1.4291033,fit,0
Pimpinan Ehsan Bhd,2022-12-31,-3.6328156,fit,0
Pimpinan Ehsan Bhd,2023-12-31,-2.786053,fit,0
Pimpinan Ehsan Bhd,2024-12-31,-2.4669228,val,0
Pimpinan Ehsan Bhd,2025-12-31,-2.8449492,test,0
Pecca Group Bhd,2022-06-30,-2.4918234,fit,0
Pecca Group Bhd,2023-06-30,-2.465719,fit,0
Pecca Group Bhd,2024-06-30,-2.4632025,val,0
Pecca Group Bhd,2025-06-30,-2.5195966,test,0
Pecca Group Bhd,2026-06-30,-2.4452672,test,0
Pekat Group Bhd,2022-12-31,-2.4104276,fit,0
Pekat Group Bhd,2023-12-31,-2.975733,fit,0
Pekat Group Bhd,2024-12-31,-1.905136,val,0
Pekat Group Bhd,2025-12-31,-3.0193913,test,0
Pekat Group Bhd,2026-12-31,-2.9302568,test,0
Petra Energy Bhd,2021-12-31,-2.8586485,fit,0
Petra Energy Bhd,2022-12-31,-5.5848737,fit,0
Petra Energy Bhd,2023-12-31,2.730418,fit,0
Petra Energy Bhd,2024-12-31,-3.057968,val,0
Petra Energy Bhd,2025-12-31,-2.6450312,test,0
Pensonic Holdings Bhd,2021-05-31,-3.3362713,fit,0
Pensonic Holdings Bhd,2022-05-31,-3.6834753,fit,0
Pensonic Holdings Bhd,2023-05-31,-3.375855,fit,0
Pensonic Holdings Bhd,2024-05-31,-3.1555955,val,0
Pensonic Holdings Bhd,2025-05-31,-3.6384428,test,0
Pentamaster Corporation Bhd,2022-12-31,-2.736633,fit,0
Pentamaster Corporation Bhd,2023-12-31,-2.1554015,fit,0
Pentamaster Corporation Bhd,2024-12-31,-3.0062885,val,0
Pentamaster Corporation Bhd,2025-12-31,-2.6160495,test,0
Pentamaster Corporation Bhd,2026-12-31,-2.2481058,test,0
Pentech Holding Bhd,2022-12-31,-0.9708712,fit,0
Pentech Holding Bhd,2023-12-31,-3.5779352,fit,0
Pentech Holding Bhd,2024-12-31,-3.6580827,val,0
Pentech Holding Bhd,2025-12-31,-3.7748632,test,0
PEOPLElogy Bhd,2021-12-31,-2.5213227,fit,0
PEOPLElogy Bhd,2022-12-31,-2.7494628,fit,0
PEOPLElogy Bhd,2023-12-31,-3.1938672,fit,0
PEOPLElogy Bhd,2024-12-31,-2.9137254,val,0
PEOPLElogy Bhd,2025-12-31,-1.841718,test,0
Perdana Petroleum Bhd,2022-12-31,-1.2240188,fit,0
Perdana Petroleum Bhd,2023-12-31,-2.5667987,fit,0
Perdana Petroleum Bhd,2024-12-31,-2.6968439,val,0
Perdana Petroleum Bhd,2025-12-31,-2.8061974,test,0
Perdana Petroleum Bhd,2026-12-31,-2.121815,test,0
Permaju Industries Berhad,2021-09-30,-1.699658,fit,0
Permaju Industries Berhad,2022-09-30,-2.5059638,fit,0
Permaju Industries Berhad,2023-09-30,0.049211696,fit,0
Permaju Industries Berhad,2025-09-30,-2.413907,test,0
Perusahaan Sadur Timah Malaysia (PERSTIMA) Bhd,2023-03-31,-2.975859,fit,0
Perusahaan Sadur Timah Malaysia (PERSTIMA) Bhd,2024-03-31,-2.435606,val,0
Perusahaan Sadur Timah Malaysia (PERSTIMA) Bhd,2025-03-31,-3.1224687,test,0
Perusahaan Sadur Timah Malaysia (PERSTIMA) Bhd,2026-03-31,-2.7946916,test,0
Perusahaan Sadur Timah Malaysia (PERSTIMA) Bhd,2027-03-31,-2.3104959,test,0
Pertama Digital Bhd,2021-12-31,6.6872616,fit,0
Pertama Digital Bhd,2022-12-31,10.251973,fit,0
Pertama Digital Bhd,2023-12-31,9.799386,fit,0
Pertama Digital Bhd,2024-12-31,7.713907,val,0
Pertama Digital Bhd,2025-12-31,-3.7422893,test,0
Pesona Metro Holdings Bhd,2022-12-31,-1.9648796,fit,0
Pesona Metro Holdings Bhd,2023-12-31,-3.4041865,fit,0
Pesona Metro Holdings Bhd,2024-12-31,-2.230765,val,0
Pesona Metro Holdings Bhd,2025-12-31,-2.4656777,test,0
Pesona Metro Holdings Bhd,2026-12-31,-2.3004882,test,0
PESTEC International Bhd,2022-06-30,-0.95920527,fit,0
PESTEC International Bhd,2023-06-30,-3.455449,fit,0
PESTEC International Bhd,2026-06-30,-1.9330082,test,0
Petronas Dagangan Bhd,2022-12-31,-3.1629362,fit,0
Petronas Dagangan Bhd,2023-12-31,-3.300511,fit,0
Petronas Dagangan Bhd,2024-12-31,-3.3692641,val,0
Petronas Dagangan Bhd,2025-12-31,-3.1986315,test,0
Petronas Dagangan Bhd,2026-12-31,-4.116778,test,0
Petronas Gas Bhd,2022-12-31,-1.7387055,fit,0
Petronas Gas Bhd,2023-12-31,-1.6036106,fit,0
Petronas Gas Bhd,2024-12-31,-2.3780956,val,0
Petronas Gas Bhd,2025-12-31,-2.609421,test,0
Petronas Gas Bhd,2026-12-31,-3.2040288,test,0
Petron Malaysia Refining & Marketing Bhd,2022-12-31,-3.2309356,fit,0
Petron Malaysia Refining & Marketing Bhd,2023-12-31,-2.2360022,fit,0
Petron Malaysia Refining & Marketing Bhd,2024-12-31,-3.5119572,val,0
Petron Malaysia Refining & Marketing Bhd,2025-12-31,-3.329499,test,0
Petron Malaysia Refining & Marketing Bhd,2026-12-31,-3.4636042,test,0
Propel Global Bhd,2021-06-30,-1.1787853,fit,0
Propel Global Bhd,2022-06-30,-3.660336,fit,0
Propel Global Bhd,2023-06-30,-4.2687807,fit,0
Propel Global Bhd,2024-06-30,-2.3992481,val,0
Propel Global Bhd,2025-06-30,-3.2256012,test,0
PGF Capital Bhd,2023-02-28,-2.6599987,fit,0
PGF Capital Bhd,2024-02-28,-2.559109,val,0
PGF Capital Bhd,2025-02-28,-2.3691502,test,0
PGF Capital Bhd,2026-02-28,-2.3469236,test,0
PGF Capital Bhd,2027-02-28,-2.7000804,test,0
Pantech Global Bhd,2022-02-28,-2.7759423,fit,0
Pantech Global Bhd,2023-02-28,-2.45404,fit,0
Pantech Global Bhd,2024-02-28,-2.921626,val,0
Pantech Global Bhd,2025-02-28,-3.4959133,test,0
Pantech Global Bhd,2026-02-28,-2.1759026,test,0
Paragon Globe Bhd,2022-03-31,-2.3110538,fit,0
Paragon Globe Bhd,2023-03-31,-3.8511295,fit,0
Paragon Globe Bhd,2024-03-31,-0.68487656,val,0
Paragon Globe Bhd,2025-03-31,-2.5003736,test,0
Paragon Globe Bhd,2026-03-31,-2.8871431,test,0
Pharmaniaga Bhd,2022-12-31,-0.47328416,fit,0
Pharmaniaga Bhd,2023-12-31,9.986409,fit,1
Pharmaniaga Bhd,2024-12-31,10.338924,val,1
Pharmaniaga Bhd,2025-12-31,-2.2928257,test,1
Pharmaniaga Bhd,2026-12-31,-2.3239374,test,0
Pegasus Heights Bhd,2021-12-31,-2.3662646,fit,0
Pegasus Heights Bhd,2022-12-31,-2.8900027,fit,0
Pegasus Heights Bhd,2023-12-31,-3.867186,fit,0
Pegasus Heights Bhd,2024-12-31,-2.875802,val,0
Pegasus Heights Bhd,2025-12-31,-2.6482034,test,0
Progressive Impact Corporation Bhd,2021-12-31,-2.6453001,fit,0
Progressive Impact Corporation Bhd,2022-12-31,-2.6498575,fit,0
Progressive Impact Corporation Bhd,2023-12-31,-2.695757,fit,0
Progressive Impact Corporation Bhd,2024-12-31,-2.6518428,val,0
Progressive Impact Corporation Bhd,2025-12-31,-2.692155,test,0
PIE Industrial Bhd,2022-12-31,-2.3332665,fit,0
PIE Industrial Bhd,2023-12-31,-2.1230714,fit,0
PIE Industrial Bhd,2024-12-31,-2.3680353,val,0
PIE Industrial Bhd,2025-12-31,-2.5062928,test,0
PIE Industrial Bhd,2026-12-31,-2.488426,test,0
Pineapple Resources Bhd,2021-06-30,-2.1737168,fit,0
Pineapple Resources Bhd,2022-06-30,-2.7664382,fit,0
Pineapple Resources Bhd,2023-06-30,-2.5314357,fit,0
Pineapple Resources Bhd,2024-06-30,-2.647085,val,0
Pineapple Resources Bhd,2025-06-30,-1.7682941,test,0
Ping Edge Technology Bhd,2023-10-31,3.2171202,fit,0
Ping Edge Technology Bhd,2024-10-31,-4.371772,val,0
Ping Edge Technology Bhd,2025-10-31,-3.375658,test,0
PJBumi Bhd,2022-06-30,-0.7571932,fit,0
PJBumi Bhd,2023-06-30,-1.6385379,fit,0
PJBumi Bhd,2024-06-30,0.95709944,val,0
PJBumi Bhd,2025-06-30,-2.4914992,test,0
PLB Engineering Bhd,2021-08-31,-1.1319094,fit,0
PLB Engineering Bhd,2022-08-31,-1.7882845,fit,0
PLB Engineering Bhd,2023-08-31,0.07417978,fit,0
PLB Engineering Bhd,2024-08-31,-1.440817,val,0
PLB Engineering Bhd,2025-08-31,0.8437607,test,0
Plenitude Bhd,2022-06-30,-2.1701567,fit,0
Plenitude Bhd,2023-06-30,-2.3714237,fit,0
Plenitude Bhd,2024-06-30,-2.4936,val,0
Plenitude Bhd,2025-06-30,-2.3412328,test,0
Plenitude Bhd,2026-06-30,-2.325084,test,0
Prolintas Infra Business Trust,2022-12-31,-0.73,fit,0
Prolintas Infra Business Trust,2023-12-31,-1.0221338,fit,0
Prolintas Infra Business Trust,2024-12-31,-1.7688476,val,0
Prolintas Infra Business Trust,2025-12-31,-2.9480681,test,0
Prolintas Infra Business Trust,2026-12-31,-3.3321037,test,0
PLS Plantations Bhd,2021-06-30,4.820593,fit,0
PLS Plantations Bhd,2022-06-30,-2.318816,fit,0
PLS Plantations Bhd,2023-06-30,-3.4071734,fit,0
PLS Plantations Bhd,2024-06-30,-2.256221,val,0
PLS Plantations Bhd,2025-06-30,-0.1860139,test,0
PLYTEC Holding Bhd,2021-12-31,-2.8061485,fit,0
PLYTEC Holding Bhd,2022-12-31,-2.9416597,fit,0
PLYTEC Holding Bhd,2023-12-31,-2.9479022,fit,0
PLYTEC Holding Bhd,2024-12-31,-3.6360667,val,0
PLYTEC Holding Bhd,2025-12-31,-1.5833188,test,0
PMB Technology Bhd,2022-12-31,-3.003402,fit,0
PMB Technology Bhd,2023-12-31,-2.8532102,fit,0
PMB Technology Bhd,2024-12-31,-2.4168248,val,0
PMB Technology Bhd,2025-12-31,-2.5483596,test,0
PMB Technology Bhd,2026-12-31,-2.883195,test,0
PMCK Bhd,2023-04-30,-2.7178679,fit,0
PMCK Bhd,2024-04-30,-3.174621,val,0
PMCK Bhd,2025-04-30,-2.8521986,test,0
PMCK Bhd,2026-04-30,-3.5594828,test,0
PMCK Bhd,2027-04-30,-2.14303,test,0
Pan Malaysia Corporation Bhd,2021-06-30,-2.4257288,fit,0
Pan Malaysia Corporation Bhd,2022-06-30,-7.07199,fit,0
Pan Malaysia Corporation Bhd,2023-06-30,-1.912805,fit,0
Pan Malaysia Corporation Bhd,2024-06-30,0.7015759,val,0
Pan Malaysia Corporation Bhd,2025-06-30,-2.2718108,test,0
Press Metal Aluminium Holdings Bhd,2022-12-31,-1.6088307,fit,0
Press Metal Aluminium Holdings Bhd,2023-12-31,-2.8109536,fit,0
Press Metal Aluminium Holdings Bhd,2024-12-31,-2.3051882,val,0
Press Metal Aluminium Holdings Bhd,2025-12-31,-2.6542032,test,0
Press Metal Aluminium Holdings Bhd,2026-12-31,-2.5667868,test,0
Pan Merchant Bhd,2021-12-31,-3.0100403,fit,0
Pan Merchant Bhd,2022-12-31,-2.8736043,fit,0
Pan Merchant Bhd,2023-12-31,-3.0029523,fit,0
Pan Merchant Bhd,2024-12-31,-2.537832,val,0
Pan Merchant Bhd,2025-12-31,-3.091919,test,0
PMW International Bhd,2021-12-31,-2.7901578,fit,0
PMW International Bhd,2022-12-31,-3.850731,fit,0
PMW International Bhd,2023-12-31,-2.7750282,fit,0
PMW International Bhd,2024-12-31,-2.6780787,val,0
PMW International Bhd,2025-12-31,-2.9717252,test,0
Poh Kong Holdings Bhd,2021-07-31,-1.993022,fit,0
Poh Kong Holdings Bhd,2022-07-31,-3.2348619,fit,0
Poh Kong Holdings Bhd,2023-07-31,-1.6663392,fit,0
Poh Kong Holdings Bhd,2024-07-31,-2.686222,val,0
Poh Kong Holdings Bhd,2025-07-31,-1.9278905,test,0
Poh Huat Resources Holdings Bhd,2022-10-31,-2.1072526,fit,0
Poh Huat Resources Holdings Bhd,2023-10-31,-2.970765,fit,0
Poh Huat Resources Holdings Bhd,2024-10-31,-2.6277652,val,0
Poh Huat Resources Holdings Bhd,2025-10-31,-2.1676693,test,0
Poh Huat Resources Holdings Bhd,2026-10-31,-2.7696478,test,0
Polydamic Group Bhd,2021-06-30,-0.61720043,fit,0
Polydamic Group Bhd,2022-06-30,-3.2339382,fit,0
Polydamic Group Bhd,2023-06-30,-3.02945,fit,0
Polydamic Group Bhd,2024-06-30,-2.4554987,val,0
Polydamic Group Bhd,2025-06-30,-2.4490395,test,0
Pos Malaysia Bhd,2022-12-31,1.7810274,fit,0
Pos Malaysia Bhd,2023-12-31,0.42377314,fit,0
Pos Malaysia Bhd,2024-12-31,1.4438652,val,0
Pos Malaysia Bhd,2025-12-31,-1.9845321,test,0
Pos Malaysia Bhd,2026-12-31,-1.5392238,test,0
Powertechnic Group Bhd,2021-12-31,-2.8032386,fit,0
Powertechnic Group Bhd,2022-12-31,-3.28526,fit,0
Powertechnic Group Bhd,2023-12-31,-2.7490668,fit,0
Powertechnic Group Bhd,2024-12-31,-2.5010273,val,0
Powertechnic Group Bhd,2025-12-31,-2.8878329,test,0
PPB Group Bhd,2022-12-31,-2.8644779,fit,0
PPB Group Bhd,2023-12-31,-2.8085244,fit,0
PPB Group Bhd,2024-12-31,-2.8359346,val,0
PPB Group Bhd,2025-12-31,-2.6491206,test,0
PPB Group Bhd,2026-12-31,-2.2078254,test,0
Public Packages Holdings Bhd,2021-12-31,-2.557773,fit,0
Public Packages Holdings Bhd,2022-12-31,-2.7551181,fit,0
Public Packages Holdings Bhd,2023-12-31,-2.9440675,fit,0
Public Packages Holdings Bhd,2024-12-31,-2.8117177,val,0
Public Packages Holdings Bhd,2025-12-31,-2.8169725,test,0
Pappajack Bhd,2021-12-31,-2.851882,fit,0
Pappajack Bhd,2022-12-31,-3.884206,fit,0
Pappajack Bhd,2023-12-31,-2.1787448,fit,0
Pappajack Bhd,2024-12-31,-2.9883308,val,0
Pappajack Bhd,2025-12-31,-2.3419263,test,0
Prestar Resources Bhd,2021-12-31,-1.9456174,fit,0
Prestar Resources Bhd,2022-12-31,-3.4374454,fit,0
Prestar Resources Bhd,2023-12-31,-2.4943805,fit,0
Prestar Resources Bhd,2024-12-31,-2.3181653,val,0
Prestar Resources Bhd,2025-12-31,-2.4931238,test,0
PRG Holdings Bhd,2021-12-31,-2.6401794,fit,0
PRG Holdings Bhd,2022-12-31,-2.7714777,fit,0
PRG Holdings Bhd,2023-12-31,-2.284764,fit,0
PRG Holdings Bhd,2024-12-31,-2.4186585,val,0
PRG Holdings Bhd,2025-12-31,0.7514293,test,0
PRIVASIA Technology Bhd,2021-12-31,-2.7159436,fit,0
PRIVASIA Technology Bhd,2022-12-31,-3.7452254,fit,0
PRIVASIA Technology Bhd,2023-12-31,-2.812056,fit,0
PRIVASIA Technology Bhd,2024-12-31,-3.2557828,val,0
PRIVASIA Technology Bhd,2025-12-31,-2.448977,test,0
Perak Corporation Bhd,2021-12-31,6.2314663,fit,1
Perak Corporation Bhd,2022-12-31,9.658239,fit,1
Perak Corporation Bhd,2023-12-31,3.994865,fit,1
Perak Corporation Bhd,2024-12-31,4.698961,val,1
Perak Corporation Bhd,2025-12-31,-1.1789385,test,1
Protasco Bhd,2022-12-31,-2.2477012,fit,0
Protasco Bhd,2023-12-31,-3.317153,fit,0
Protasco Bhd,2024-12-31,-2.595916,val,0
Protasco Bhd,2025-12-31,-2.9486964,test,0
Protasco Bhd,2026-12-31,-3.4222448,test,0
PSP Energy Bhd,2022-06-30,-2.1363025,fit,0
PSP Energy Bhd,2023-06-30,-3.0033383,fit,0
PSP Energy Bhd,2024-06-30,-2.9795187,val,0
PSP Energy Bhd,2025-06-30,-2.421128,test,0
Pintaras Jaya Bhd,2022-06-30,-2.8303413,fit,0
Pintaras Jaya Bhd,2023-06-30,-2.5778527,fit,0
Pintaras Jaya Bhd,2024-06-30,-2.1700652,val,0
Pintaras Jaya Bhd,2025-06-30,-1.0602851,test,0
Pintaras Jaya Bhd,2026-06-30,-1.4902314,test,0
Perak Transit Bhd,2022-12-31,-2.0284848,fit,0
Perak Transit Bhd,2023-12-31,-2.0681925,fit,0
Perak Transit Bhd,2024-12-31,-2.153425,val,0
Perak Transit Bhd,2025-12-31,-2.6829271,test,0
Perak Transit Bhd,2026-12-31,0.36367348,test,0
PT Resources Holdings Bhd,2022-04-30,-2.8703165,fit,0
PT Resources Holdings Bhd,2023-04-30,-3.1860416,fit,0
PT Resources Holdings Bhd,2024-04-30,-3.67366,val,0
PT Resources Holdings Bhd,2025-04-30,-3.5219843,test,0
PT Resources Holdings Bhd,2026-04-30,-3.773514,test,0
PTT Synergy Group Bhd,2021-06-30,-2.7218316,fit,0
PTT Synergy Group Bhd,2022-06-30,-3.2733626,fit,0
PTT Synergy Group Bhd,2023-06-30,-3.4958448,fit,0
PTT Synergy Group Bhd,2024-06-30,-2.4784727,val,0
PTT Synergy Group Bhd,2025-06-30,-0.04967601,test,0
Puncak Niaga Holdings Bhd,2021-12-31,-1.3098643,fit,0
Puncak Niaga Holdings Bhd,2022-12-31,-1.4405748,fit,0
Puncak Niaga Holdings Bhd,2023-12-31,-2.402391,fit,0
Puncak Niaga Holdings Bhd,2024-12-31,0.3736687,val,0
Puncak Niaga Holdings Bhd,2025-12-31,-1.2605133,test,0
PWF Corporation Bhd,2021-12-31,-2.0830262,fit,0
PWF Corporation Bhd,2022-12-31,-3.2123387,fit,0
PWF Corporation Bhd,2023-12-31,-3.1808958,fit,0
PWF Corporation Bhd,2024-12-31,-2.7999957,val,0
PWF Corporation Bhd,2025-12-31,-1.6687278,test,0
Power Root Bhd,2023-03-31,-2.4227524,fit,0
Power Root Bhd,2024-03-31,-2.382134,val,0
Power Root Bhd,2025-03-31,-2.085642,test,0
Power Root Bhd,2026-03-31,-2.8074262,test,0
Power Root Bhd,2027-03-31,-2.8959148,test,0
Powerwell Holdings Bhd,2023-03-31,-2.5174706,fit,0
Powerwell Holdings Bhd,2024-03-31,-3.2310598,val,0
Powerwell Holdings Bhd,2025-03-31,-3.7272143,test,0
Powerwell Holdings Bhd,2026-03-31,-2.6701806,test,0
Powerwell Holdings Bhd,2027-03-31,-2.2664423,test,0
QES Group Bhd,2022-12-31,-2.535785,fit,0
QES Group Bhd,2023-12-31,-2.6725504,fit,0
QES Group Bhd,2024-12-31,-3.2063994,val,0
QES Group Bhd,2025-12-31,-2.6718888,test,0
QES Group Bhd,2026-12-31,-2.9250867,test,0
QL Resources Bhd,2023-03-31,-2.3833096,fit,0
QL Resources Bhd,2024-03-31,-2.6446073,val,0
QL Resources Bhd,2025-03-31,-2.5256596,test,0
QL Resources Bhd,2026-03-31,-2.5416882,test,0
QL Resources Bhd,2027-03-31,-2.3428574,test,0
Quality Concrete Holdings Bhd,2022-01-31,-2.1956139,fit,0
Quality Concrete Holdings Bhd,2023-01-31,-1.8097733,fit,0
Quality Concrete Holdings Bhd,2024-01-31,0.9639636,val,0
Quality Concrete Holdings Bhd,2025-01-31,2.267533,test,0
Quality Concrete Holdings Bhd,2026-01-31,-2.0255005,test,0
Radium Development Bhd,2022-12-31,-1.3034531,fit,0
Radium Development Bhd,2023-12-31,-2.6393716,fit,0
Radium Development Bhd,2024-12-31,-2.7892597,val,0
Radium Development Bhd,2025-12-31,-2.240425,test,0
Radium Development Bhd,2026-12-31,-2.992068,test,0
Ralco Corporation Bhd,2021-12-31,-2.2429886,fit,0
Ralco Corporation Bhd,2022-12-31,-2.851742,fit,0
Ralco Corporation Bhd,2023-12-31,0.6797502,fit,0
Ralco Corporation Bhd,2024-12-31,-1.170041,val,0
Ralco Corporation Bhd,2025-12-31,0.0012712628,test,0
Ramssol Group Bhd,2022-12-31,-2.4578462,fit,0
Ramssol Group Bhd,2023-12-31,-3.2807903,fit,0
Ramssol Group Bhd,2024-12-31,-1.697453,val,0
Ramssol Group Bhd,2025-12-31,-2.6454647,test,0
Ramssol Group Bhd,2026-12-31,-2.408416,test,0
Ranhill Utilities Bhd,2022-06-30,-1.5081617,fit,0
Ranhill Utilities Bhd,2023-06-30,-1.3448675,fit,0
Ranhill Utilities Bhd,2024-06-30,-2.2678046,val,0
Ranhill Utilities Bhd,2026-06-30,-1.869332,test,0
Rce Capital Bhd,2023-03-31,-1.5292326,fit,0
Rce Capital Bhd,2024-03-31,-1.4974271,val,0
Rce Capital Bhd,2025-03-31,-1.3775854,test,0
Rce Capital Bhd,2026-03-31,-1.5177814,test,0
Rce Capital Bhd,2027-03-31,-1.1918947,test,0
Reach Ten Holdings Bhd,2022-12-31,1.5526505,fit,0
Reach Ten Holdings Bhd,2023-12-31,-3.5360289,fit,0
Reach Ten Holdings Bhd,2024-12-31,-3.0669158,val,0
Reach Ten Holdings Bhd,2025-12-31,-3.2612212,test,0
Reach Ten Holdings Bhd,2026-12-31,-1.912891,test,0
REDtone Digital Bhd,2022-06-30,-2.5079696,fit,0
REDtone Digital Bhd,2023-06-30,-2.5226855,fit,0
REDtone Digital Bhd,2024-06-30,-2.4361086,val,0
REDtone Digital Bhd,2025-06-30,-2.3758495,test,0
REDtone Digital Bhd,2026-06-30,-2.679291,test,0
Rekatech Capital Bhd,2021-06-30,-1.2437681,fit,0
Rekatech Capital Bhd,2022-06-30,-1.9886473,fit,0
Rekatech Capital Bhd,2023-06-30,-2.1015823,fit,0
Rekatech Capital Bhd,2024-06-30,-3.5720387,val,0
Rekatech Capital Bhd,2025-06-30,-2.4059181,test,0
Reneuco Bhd,2022-06-30,5.2956486,fit,0
Reneuco Bhd,2023-06-30,4.4728675,fit,0
Reneuco Bhd,2023-09-30,3.3771203,fit,0
Reneuco Bhd,2024-09-30,7.50288,val,1
Reneuco Bhd,2025-03-31,8.362257,test,1
Resintech Bhd,2022-03-31,-2.4527287,fit,0
Resintech Bhd,2023-03-31,-3.2602096,fit,0
Resintech Bhd,2024-03-31,-2.585921,val,0
Resintech Bhd,2025-03-31,-2.7863708,test,0
Resintech Bhd,2026-03-31,-2.599153,test,0
RNG Tech Bhd,2022-12-31,-1.4785886,fit,0
RNG Tech Bhd,2023-12-31,-1.7698464,fit,0
RNG Tech Bhd,2024-12-31,-2.8364012,val,0
RNG Tech Bhd,2025-12-31,-2.947918,test,0
Revenue Group Bhd,2022-06-30,-2.9070852,fit,0
Revenue Group Bhd,2023-06-30,-2.8193214,fit,0
Revenue Group Bhd,2024-06-30,-2.744951,val,0
Revenue Group Bhd,2025-06-30,-0.80584514,test,0
Revenue Group Bhd,2026-06-30,-3.8208253,test,0
RGB International Bhd,2022-12-31,-0.34092227,fit,0
RGB International Bhd,2023-12-31,-3.062904,fit,0
RGB International Bhd,2024-12-31,-5.490338,val,0
RGB International Bhd,2025-12-31,-2.8730295,test,0
RGB International Bhd,2026-12-31,-2.8309026,test,0
Ray Go Solar Holdings Bhd,2021-10-31,-2.6146789,fit,0
Ray Go Solar Holdings Bhd,2022-10-31,-2.9646769,fit,0
Ray Go Solar Holdings Bhd,2023-10-31,-2.53577,fit,0
Ray Go Solar Holdings Bhd,2024-10-31,-2.8482895,val,0
Ray Go Solar Holdings Bhd,2025-10-31,-2.4108725,test,0
RGT Bhd,2021-06-30,-2.0206003,fit,0
RGT Bhd,2022-06-30,-3.2237203,fit,0
RGT Bhd,2023-06-30,-4.0727296,fit,0
RGT Bhd,2024-06-30,-2.3546515,val,0
RGT Bhd,2025-06-30,-2.7869043,test,0
Radiant Globaltech Bhd,2021-12-31,-2.5948687,fit,0
Radiant Globaltech Bhd,2022-12-31,-3.0903018,fit,0
Radiant Globaltech Bhd,2023-12-31,-2.676491,fit,0
Radiant Globaltech Bhd,2024-12-31,-3.4024558,val,0
Radiant Globaltech Bhd,2025-12-31,-3.3131258,test,0
RHB Bank Bhd,2022-12-31,-2.6201527,fit,0
RHB Bank Bhd,2023-12-31,-2.7678766,fit,0
RHB Bank Bhd,2024-12-31,-2.6149313,val,0
RHB Bank Bhd,2025-12-31,-2.617215,test,0
RHB Bank Bhd,2026-12-31,-2.4536347,test,0
Rhone Ma Holdings Bhd,2022-12-31,-2.5125706,fit,0
Rhone Ma Holdings Bhd,2023-12-31,-2.5726545,fit,0
Rhone Ma Holdings Bhd,2024-12-31,-2.1522703,val,0
Rhone Ma Holdings Bhd,2025-12-31,-2.018309,test,0
Rhone Ma Holdings Bhd,2026-12-31,-2.63136,test,0
Rhong Khen International Bhd,2022-06-30,-2.623804,fit,0
Rhong Khen International Bhd,2023-06-30,-2.686649,fit,0
Rhong Khen International Bhd,2024-06-30,-3.2981179,val,0
Rhong Khen International Bhd,2025-06-30,-1.9510596,test,0
Rhong Khen International Bhd,2026-06-30,-2.6935174,test,0
Reservoir Link Energy Bhd,2022-06-30,-2.5484319,fit,0
Reservoir Link Energy Bhd,2025-06-30,-3.88791,test,0
Reservoir Link Energy Bhd,2026-06-30,-1.1990447,test,0
Rohas Tecnic Bhd,2022-12-31,3.0380237,fit,0
Rohas Tecnic Bhd,2023-12-31,-3.2824428,fit,0
Rohas Tecnic Bhd,2024-12-31,-3.0096211,val,0
Rohas Tecnic Bhd,2025-12-31,-2.3205013,test,0
Rohas Tecnic Bhd,2026-12-31,-2.4359665,test,0
RedPlanet Bhd,2021-06-30,-1.9743184,fit,0
RedPlanet Bhd,2022-06-30,-2.301387,fit,0
RedPlanet Bhd,2023-06-30,-2.3288906,fit,0
RedPlanet Bhd,2024-06-30,1.4602798,val,0
RedPlanet Bhd,2025-06-30,-2.8139741,test,0
Rimbunan Sawit Bhd,2021-12-31,-1.0314175,fit,0
Rimbunan Sawit Bhd,2022-12-31,-2.3264272,fit,0
Rimbunan Sawit Bhd,2023-12-31,1.7595832,fit,0
Rimbunan Sawit Bhd,2024-12-31,-2.623888,val,0
Rimbunan Sawit Bhd,2025-12-31,-2.8285434,test,0
RT Pastry Holdings Bhd,2022-12-31,-1.6700901,fit,0
RT Pastry Holdings Bhd,2023-12-31,-3.3360164,fit,0
RT Pastry Holdings Bhd,2024-12-31,-2.852412,val,0
RT Pastry Holdings Bhd,2025-12-31,-2.1741443,test,0
RTS Technology Holdings Bhd,2021-12-31,-2.1210136,fit,0
RTS Technology Holdings Bhd,2022-12-31,-1.9168789,fit,0
RTS Technology Holdings Bhd,2023-12-31,-2.4576857,fit,0
RTS Technology Holdings Bhd,2024-12-31,-2.2547853,val,0
RTS Technology Holdings Bhd,2025-12-31,-2.2427032,test,0
Riverview Rubber Estates Bhd,2021-12-31,-2.585807,fit,0
Riverview Rubber Estates Bhd,2022-12-31,-3.0236638,fit,0
Riverview Rubber Estates Bhd,2023-12-31,-2.427325,fit,0
Riverview Rubber Estates Bhd,2024-12-31,-2.833386,val,0
Riverview Rubber Estates Bhd,2025-12-31,-2.7914834,test,0
S & F Capital Bhd,2021-06-30,-2.646166,fit,0
S & F Capital Bhd,2022-06-30,-2.2393274,fit,0
S & F Capital Bhd,2023-06-30,-3.6652799,fit,0
S & F Capital Bhd,2024-06-30,-3.2347968,val,0
S & F Capital Bhd,2025-06-30,-3.0696175,test,0
Southern Acids (M) Bhd,2023-03-31,-2.5187263,fit,0
Southern Acids (M) Bhd,2024-03-31,-2.3775287,val,0
Southern Acids (M) Bhd,2025-03-31,-2.7968059,test,0
Southern Acids (M) Bhd,2026-03-31,-2.079179,test,0
Southern Acids (M) Bhd,2027-03-31,-3.1318765,test,0
Safetyware Group Bhd,2021-12-31,-2.8300564,fit,0
Safetyware Group Bhd,2022-12-31,-3.49102,fit,0
Safetyware Group Bhd,2023-12-31,-2.7826805,fit,0
Safetyware Group Bhd,2024-12-31,-2.2207568,val,0
Safetyware Group Bhd,2025-12-31,-2.6321583,test,0
Signature Alliance Group Bhd,2021-12-31,-1.8511473,fit,0
Signature Alliance Group Bhd,2022-12-31,-2.535243,fit,0
Signature Alliance Group Bhd,2023-12-31,-2.6664329,fit,0
Signature Alliance Group Bhd,2024-12-31,-3.382342,val,0
Signature Alliance Group Bhd,2025-12-31,-2.495195,test,0
Salcon Bhd,2022-12-31,-2.656266,fit,0
Salcon Bhd,2023-12-31,-2.0643208,fit,0
Salcon Bhd,2024-12-31,-2.192763,val,0
Salcon Bhd,2025-12-31,-2.6908646,test,0
Salcon Bhd,2026-12-31,-2.1971145,test,0
Saliran Group Bhd,2021-12-31,-1.6473815,fit,0
Saliran Group Bhd,2022-12-31,-2.4025853,fit,0
Saliran Group Bhd,2023-12-31,-2.61335,fit,0
Saliran Group Bhd,2024-12-31,-2.7841544,val,0
Saliran Group Bhd,2025-12-31,-3.0338984,test,0
Salutica Bhd,2022-06-30,-2.473351,fit,0
Salutica Bhd,2023-06-30,-2.0879302,fit,0
Salutica Bhd,2024-06-30,-1.1540251,val,0
Salutica Bhd,2025-06-30,-1.839618,test,0
Salutica Bhd,2026-06-30,-1.9193884,test,0
SAM Engineering & Equipment (M) Bhd,2023-03-31,-2.5511916,fit,0
SAM Engineering & Equipment (M) Bhd,2024-03-31,-2.4254303,val,0
SAM Engineering & Equipment (M) Bhd,2025-03-31,-2.5836234,test,0
SAM Engineering & Equipment (M) Bhd,2026-03-31,-2.4980803,test,0
SAM Engineering & Equipment (M) Bhd,2027-03-31,-3.1440773,test,0
Samaiden Group Bhd,2022-06-30,-2.5231814,fit,0
Samaiden Group Bhd,2023-06-30,-3.2790952,fit,0
Samaiden Group Bhd,2024-06-30,-3.3484886,val,0
Samaiden Group Bhd,2025-06-30,-3.6486936,test,0
Samaiden Group Bhd,2026-06-30,-2.7264252,test,0
Samchem Holdings Bhd,2021-12-31,-2.9506867,fit,0
Samchem Holdings Bhd,2022-12-31,-2.9758,fit,0
Samchem Holdings Bhd,2023-12-31,-2.7919805,fit,0
Samchem Holdings Bhd,2024-12-31,-3.2089221,val,0
Samchem Holdings Bhd,2025-12-31,-2.8556876,test,0
Sancy Bhd,2022-03-31,-1.1712717,fit,0
Sancy Bhd,2023-03-31,-3.7771945,fit,0
Sancy Bhd,2024-03-31,-4.31835,val,0
Sancy Bhd,2025-03-31,-1.5696353,test,0
Sancy Bhd,2026-03-31,-1.1306591,test,0
Sanichi Technology Bhd,2022-03-31,-2.0290914,fit,0
Sanichi Technology Bhd,2025-03-31,-3.2776945,test,0
Sanichi Technology Bhd,2026-03-31,-2.8961298,test,0
Sapura Industrial Bhd,2022-01-31,-2.6992528,fit,0
Sapura Industrial Bhd,2023-01-31,-2.9340942,fit,0
Sapura Industrial Bhd,2024-01-31,-2.6258626,val,0
Sapura Industrial Bhd,2025-01-31,-2.5005484,test,0
Sapura Industrial Bhd,2026-01-31,-1.9935638,test,0
Sapura Resources Bhd,2023-01-31,-0.07582509,fit,0
Sapura Resources Bhd,2024-01-31,-0.7964015,val,0
Sapura Resources Bhd,2025-01-31,-0.4029056,test,0
Sapura Resources Bhd,2026-01-31,-2.146457,test,0
Sapura Resources Bhd,2027-01-31,0.82782555,test,0
Sasbadi Holdings Bhd,2022-08-31,-2.3003361,fit,0
Sasbadi Holdings Bhd,2023-08-31,-2.4770458,fit,0
Sasbadi Holdings Bhd,2025-08-31,-2.1645095,test,0
Sasbadi Holdings Bhd,2026-08-31,-2.339785,test,0
Sungei Bagan Rubber Company Malaya Bhd,2021-06-30,-3.4224937,fit,0
Sungei Bagan Rubber Company Malaya Bhd,2022-06-30,-4.0987983,fit,0
Sungei Bagan Rubber Company Malaya Bhd,2023-06-30,-3.638902,fit,0
Sungei Bagan Rubber Company Malaya Bhd,2024-06-30,-2.2944138,val,0
Sungei Bagan Rubber Company Malaya Bhd,2025-06-30,-2.4072435,test,0
Sbc Corporation Bhd,2023-03-31,-2.8104286,fit,0
Sbc Corporation Bhd,2024-03-31,-2.634544,val,0
Sbc Corporation Bhd,2025-03-31,-2.5611892,test,0
Sbc Corporation Bhd,2026-03-31,-2.5147722,test,0
Sbc Corporation Bhd,2027-03-31,-1.6690406,test,0
SBH Marine Holdings Bhd,2021-12-31,-2.8552198,fit,0
SBH Marine Holdings Bhd,2022-12-31,-3.0999672,fit,0
SBH Marine Holdings Bhd,2023-12-31,-3.596613,fit,0
SBH Marine Holdings Bhd,2024-12-31,-2.62757,val,0
SBH Marine Holdings Bhd,2025-12-31,-3.231102,test,0
SBS Nexus Bhd,2022-12-31,-1.9121234,fit,0
SBS Nexus Bhd,2023-12-31,-2.5853767,fit,0
SBS Nexus Bhd,2024-12-31,-2.8321736,val,0
SBS Nexus Bhd,2025-12-31,-2.5850072,test,0
SIK Cheong Bhd,2022-03-31,-3.2489078,fit,0
SIK Cheong Bhd,2023-03-31,-3.757078,fit,0
SIK Cheong Bhd,2024-03-31,-2.2969532,val,0
SIK Cheong Bhd,2025-03-31,-3.728066,test,0
SIK Cheong Bhd,2026-03-31,-3.9303563,test,0
SCC Holdings Bhd,2021-12-31,-2.4012072,fit,0
SCC Holdings Bhd,2022-12-31,-2.3044186,fit,0
SCC Holdings Bhd,2023-12-31,-2.4098816,fit,0
SCC Holdings Bhd,2024-12-31,-2.1879613,val,0
SCC Holdings Bhd,2025-12-31,-2.4059753,test,0
Southern Cable Group Bhd,2022-12-31,-2.9091153,fit,0
Southern Cable Group Bhd,2023-12-31,-2.5088036,fit,0
Southern Cable Group Bhd,2024-12-31,-3.0222967,val,0
Southern Cable Group Bhd,2025-12-31,-1.8389487,test,0
Southern Cable Group Bhd,2026-12-31,-2.7719085,test,0
Scgm Bhd,2021-12-31,-0.49041653,fit,0
Scgm Bhd,2022-12-31,-3.085933,fit,0
Scgm Bhd,2023-12-31,-2.4626226,fit,0
Scgm Bhd,2024-12-31,-0.60231984,val,0
Scgm Bhd,2025-12-31,-2.1240964,test,0
Scicom (MSC) Bhd,2022-06-30,-2.2765265,fit,0
Scicom (MSC) Bhd,2023-06-30,-2.670588,fit,0
Scicom (MSC) Bhd,2024-06-30,-2.6531003,val,0
Scicom (MSC) Bhd,2025-06-30,-1.423628,test,0
Scicom (MSC) Bhd,2026-06-30,-2.2855601,test,0
Scientex Bhd,2022-07-31,-2.6489575,fit,0
Scientex Bhd,2023-07-31,-2.6783807,fit,0
Scientex Bhd,2024-07-31,-2.6929913,val,0
Scientex Bhd,2025-07-31,-2.7720637,test,0
Scientex Bhd,2026-07-31,-2.3012955,test,0
Scanwolf Corporation Bhd,2021-06-30,-2.0657012,fit,0
Scanwolf Corporation Bhd,2022-06-30,-2.4661055,fit,0
Scanwolf Corporation Bhd,2023-06-30,-2.7253652,fit,0
Scanwolf Corporation Bhd,2024-06-30,-2.264782,val,0
Scanwolf Corporation Bhd,2025-06-30,-3.4792793,test,0
Supercomnet Technologies Bhd,2022-12-31,-3.1735559,fit,0
Supercomnet Technologies Bhd,2023-12-31,-1.98257,fit,0
Supercomnet Technologies Bhd,2024-12-31,-3.4853725,val,0
Supercomnet Technologies Bhd,2025-12-31,-2.2644513,test,0
Supercomnet Technologies Bhd,2026-12-31,-2.5763812,test,0
Scope Industries Bhd,2021-06-30,-2.5125089,fit,0
Scope Industries Bhd,2022-06-30,-4.5018454,fit,0
Scope Industries Bhd,2023-06-30,-4.015934,fit,0
Scope Industries Bhd,2024-06-30,-3.056814,val,0
Scope Industries Bhd,2025-06-30,-2.2756352,test,0
Solar District Cooling Group Bhd,2022-12-31,-2.6134474,fit,0
Solar District Cooling Group Bhd,2023-12-31,-2.7403023,fit,0
Solar District Cooling Group Bhd,2024-12-31,-1.8018686,val,0
Solar District Cooling Group Bhd,2025-12-31,-4.872534,test,0
Solar District Cooling Group Bhd,2026-12-31,-4.9820213,test,0
SD Guthrie Bhd,2022-12-31,-2.5789716,fit,0
SD Guthrie Bhd,2023-12-31,-2.928233,fit,0
SD Guthrie Bhd,2024-12-31,-2.5472708,val,0
SD Guthrie Bhd,2025-12-31,-2.8255353,test,0
SD Guthrie Bhd,2026-12-31,-2.3904948,test,0
Selangor Dredging Bhd,2023-03-31,-2.5887506,fit,0
Selangor Dredging Bhd,2024-03-31,-2.855318,val,0
Selangor Dredging Bhd,2025-03-31,-2.5183613,test,0
Selangor Dredging Bhd,2026-03-31,-2.3808506,test,0
Selangor Dredging Bhd,2027-03-31,-0.7131709,test,0
SDS Group Bhd,2023-03-31,-2.7473133,fit,0
SDS Group Bhd,2024-03-31,-3.479125,val,0
SDS Group Bhd,2025-03-31,-3.120802,test,0
SDS Group Bhd,2026-03-31,-3.139761,test,0
SDS Group Bhd,2027-03-31,-3.5173979,test,0
Seacera Group Bhd,2021-06-30,6.3473268,fit,1
Seacera Group Bhd,2022-06-30,9.965312,fit,1
Seacera Group Bhd,2023-06-30,10.337298,fit,1
Seacera Group Bhd,2024-06-30,-1.7957543,val,0
Seacera Group Bhd,2025-06-30,-1.0299715,test,0
SEAL Incorporated Bhd,2022-06-30,-2.372942,fit,0
SEAL Incorporated Bhd,2023-06-30,-2.137032,fit,0
SEAL Incorporated Bhd,2024-06-30,-2.4476182,val,0
SEAL Incorporated Bhd,2025-06-30,-0.77334535,test,0
SEAL Incorporated Bhd,2026-06-30,-2.8666508,test,0
Sealink International Bhd,2022-12-31,0.13275865,fit,0
Sealink International Bhd,2023-12-31,-2.5135612,fit,0
Sealink International Bhd,2024-12-31,-2.8586144,val,0
Sealink International Bhd,2025-12-31,-3.2293172,test,0
Sealink International Bhd,2026-12-31,-3.0929685,test,0
Seremban Engineering Bhd,2021-06-30,-1.8516644,fit,0
Seremban Engineering Bhd,2022-06-30,-2.7846887,fit,0
Seremban Engineering Bhd,2023-06-30,-1.9922464,fit,0
Seremban Engineering Bhd,2024-06-30,-3.36506,val,0
Seremban Engineering Bhd,2025-06-30,-3.396955,test,0
SEDANIA Innovator Bhd,2021-06-30,-2.5359004,fit,0
SEDANIA Innovator Bhd,2022-06-30,-3.8211622,fit,0
SEDANIA Innovator Bhd,2025-06-30,-3.9985967,test,0
See Hup Consolidated Bhd,2022-03-31,-2.863132,fit,0
See Hup Consolidated Bhd,2023-03-31,-3.5231473,fit,0
See Hup Consolidated Bhd,2024-03-31,-2.232225,val,0
See Hup Consolidated Bhd,2025-03-31,-3.4200926,test,0
See Hup Consolidated Bhd,2026-03-31,-2.404064,test,0
SEG International Bhd,2021-12-31,-2.7738996,fit,0
SEG International Bhd,2022-12-31,-1.6871557,fit,0
SEG International Bhd,2023-12-31,-3.8610134,fit,0
SEG International Bhd,2024-12-31,-1.9462502,val,0
SEG International Bhd,2025-12-31,-0.92437196,test,0
7-Eleven Malaysia Holdings Bhd,2022-12-31,0.046605885,fit,0
7-Eleven Malaysia Holdings Bhd,2023-12-31,0.7960988,fit,0
7-Eleven Malaysia Holdings Bhd,2024-12-31,-2.5913272,val,0
7-Eleven Malaysia Holdings Bhd,2025-12-31,3.6686323,test,0
7-Eleven Malaysia Holdings Bhd,2026-12-31,0.1852966,test,0
Semico Capital Bhd,2022-06-30,-1.4494661,fit,0
Semico Capital Bhd,2023-06-30,-2.894306,fit,0
Semico Capital Bhd,2024-06-30,-3.4564943,val,0
Semico Capital Bhd,2025-06-30,-2.8635197,test,0
Eversendai Corporation Bhd,2021-12-31,-0.56063664,fit,0
Eversendai Corporation Bhd,2022-12-31,-0.55574834,fit,0
Eversendai Corporation Bhd,2023-12-31,-0.6644199,fit,0
Eversendai Corporation Bhd,2024-12-31,1.469493,val,0
Eversendai Corporation Bhd,2025-12-31,-2.9552617,test,0
Seng Fong Holdings Bhd,2022-06-30,-2.8181343,fit,0
Seng Fong Holdings Bhd,2023-06-30,-2.7800634,fit,0
Seng Fong Holdings Bhd,2024-06-30,-3.8147316,val,0
Seng Fong Holdings Bhd,2025-06-30,-2.8662007,test,0
Seng Fong Holdings Bhd,2026-06-30,-3.8801913,test,0
Senheng New Retail Bhd,2022-12-31,-2.4430392,fit,0
Senheng New Retail Bhd,2023-12-31,-3.3172507,fit,0
Senheng New Retail Bhd,2024-12-31,-3.429788,val,0
Senheng New Retail Bhd,2025-12-31,-2.8654485,test,0
Senheng New Retail Bhd,2026-12-31,-2.5569224,test,0
Sentral REIT,2022-12-31,-1.1316016,fit,0
Sentral REIT,2023-12-31,-2.097647,fit,0
Sentral REIT,2024-12-31,-3.6367257,val,0
Sentral REIT,2025-12-31,-3.6345296,test,0
Sentral REIT,2026-12-31,5.643929,test,0
Sern Kou Resources Bhd,2021-06-30,-2.1750903,fit,0
Sern Kou Resources Bhd,2022-06-30,-2.6824484,fit,0
Sern Kou Resources Bhd,2023-06-30,-2.0680604,fit,0
Sern Kou Resources Bhd,2024-06-30,-2.982629,val,0
Sern Kou Resources Bhd,2025-06-30,-3.0945053,test,0
Sersol Bhd,2021-06-30,-2.4629436,fit,0
Sersol Bhd,2022-06-30,-3.2048116,fit,0
Sersol Bhd,2023-06-30,3.094302,fit,0
Sersol Bhd,2024-06-30,-0.54948175,val,0
Sersol Bhd,2025-06-30,9.397347,test,0
Swift Energy Technology Bhd,2022-09-30,-2.4047685,fit,0
Swift Energy Technology Bhd,2023-09-30,-3.1023092,fit,0
Swift Energy Technology Bhd,2024-09-30,-2.397786,val,0
Swift Energy Technology Bhd,2025-09-30,-2.4271684,test,0
Swift Energy Technology Bhd,2026-09-30,-2.3764327,test,0
SFP Tech Holdings Bhd,2022-12-31,-2.770578,fit,0
SFP Tech Holdings Bhd,2023-12-31,-2.9461148,fit,0
SFP Tech Holdings Bhd,2024-12-31,-3.6957123,val,0
SFP Tech Holdings Bhd,2025-12-31,-2.2151287,test,0
SFP Tech Holdings Bhd,2026-12-31,5.9421473,test,0
Saudigold Group Berhad,2021-07-31,-3.317476,fit,0
Saudigold Group Berhad,2022-07-31,-3.411009,fit,0
Saudigold Group Berhad,2023-07-31,-2.1895247,fit,0
Saudigold Group Berhad,2024-07-31,-0.42038786,val,0
Saudigold Group Berhad,2025-07-31,-2.330083,test,0
Supergenics Bhd,2021-12-31,-2.5026815,fit,0
Supergenics Bhd,2022-12-31,-2.393856,fit,0
Supergenics Bhd,2023-12-31,-2.866946,fit,0
Supergenics Bhd,2024-12-31,-0.37507004,val,0
Supergenics Bhd,2025-12-31,-1.1642913,test,0
Shangri-La Hotels (Malaysia) Bhd,2021-12-31,-0.6703696,fit,0
Shangri-La Hotels (Malaysia) Bhd,2022-12-31,-3.523577,fit,0
Shangri-La Hotels (Malaysia) Bhd,2023-12-31,-3.0552776,fit,0
Shangri-La Hotels (Malaysia) Bhd,2024-12-31,-0.60257876,val,0
Shangri-La Hotels (Malaysia) Bhd,2025-12-31,-0.55807704,test,0
Sin Heng Chan (Malaya) Bhd,2021-12-31,-1.3321038,fit,0
Sin Heng Chan (Malaya) Bhd,2022-12-31,-4.929223,fit,0
Sin Heng Chan (Malaya) Bhd,2023-12-31,-0.6888454,fit,0
Sin Heng Chan (Malaya) Bhd,2024-12-31,-2.8621695,val,0
Sin Heng Chan (Malaya) Bhd,2025-12-31,0.018368855,test,0
SHH Resources Holdings Bhd,2021-06-30,-2.4082031,fit,0
SHH Resources Holdings Bhd,2022-06-30,-2.1823058,fit,0
SHH Resources Holdings Bhd,2023-06-30,-2.4816003,fit,0
SHH Resources Holdings Bhd,2024-06-30,-2.73714,val,0
SHH Resources Holdings Bhd,2025-06-30,-2.276519,test,0
SHL Consolidated Bhd,2023-03-31,-2.0680046,fit,0
SHL Consolidated Bhd,2024-03-31,-1.9845083,val,0
SHL Consolidated Bhd,2025-03-31,-3.7300167,test,0
SHL Consolidated Bhd,2026-03-31,-1.6666565,test,0
SHL Consolidated Bhd,2027-03-31,-2.1565318,test,0
Signature International Bhd,2022-06-30,-2.7581317,fit,0
Signature International Bhd,2023-06-30,-2.484395,fit,0
Signature International Bhd,2024-06-30,-1.9176912,val,0
Signature International Bhd,2025-06-30,-2.396163,test,0
Signature International Bhd,2026-06-30,-2.4857895,test,0
Sime Darby Bhd,2022-06-30,-2.8221018,fit,0
Sime Darby Bhd,2023-06-30,-3.1522195,fit,0
Sime Darby Bhd,2024-06-30,-3.042432,val,0
Sime Darby Bhd,2025-06-30,-2.4822598,test,0
Sime Darby Bhd,2026-06-30,-2.52507,test,0
Sime Darby Property Bhd,2022-12-31,-2.0624223,fit,0
Sime Darby Property Bhd,2023-12-31,-2.6878707,fit,0
Sime Darby Property Bhd,2024-12-31,-0.5748165,val,0
Sime Darby Property Bhd,2025-12-31,-2.7339768,test,0
Sime Darby Property Bhd,2026-12-31,-2.8177361,test,0
Sinaran Advance Group Bhd,2021-12-31,-2.7171092,fit,0
Sinaran Advance Group Bhd,2022-12-31,-2.6752827,fit,0
Sinaran Advance Group Bhd,2023-12-31,0.73051167,fit,0
Sinaran Advance Group Bhd,2024-12-31,-3.9686544,val,0
Sinaran Advance Group Bhd,2025-12-31,-2.8488855,test,0
Sin-Kung Logistics Bhd,2021-12-31,-2.4206202,fit,0
Sin-Kung Logistics Bhd,2022-12-31,-2.3613129,fit,0
Sin-Kung Logistics Bhd,2023-12-31,-3.499311,fit,0
Sin-Kung Logistics Bhd,2024-12-31,-2.4719696,val,0
Sin-Kung Logistics Bhd,2025-12-31,0.9832294,test,0
Seni Jaya Corporation Bhd,2022-06-30,-2.7296836,fit,0
Seni Jaya Corporation Bhd,2023-06-30,-3.1409729,fit,0
Seni Jaya Corporation Bhd,2026-06-30,-2.5591166,test,0
SKB Shutters Corporation Bhd,2021-06-30,-2.7118735,fit,0
SKB Shutters Corporation Bhd,2022-06-30,-2.6343534,fit,0
SKB Shutters Corporation Bhd,2023-06-30,-2.6322048,fit,0
SKB Shutters Corporation Bhd,2024-06-30,-2.4947438,val,0
SKB Shutters Corporation Bhd,2025-06-30,-2.5475888,test,0
SKP Resources Bhd,2023-03-31,-2.4882221,fit,0
SKP Resources Bhd,2024-03-31,-2.1222246,val,0
SKP Resources Bhd,2025-03-31,-2.439576,test,0
SKP Resources Bhd,2026-03-31,-2.550889,test,0
SKP Resources Bhd,2027-03-31,-2.6302469,test,0
Skyechip Bhd,2026-03-31,-0.41705275,test,0
Skyechip Bhd,2027-03-31,-2.3867834,test,0
Skygate Solutions Bhd,2021-12-31,-1.8365403,fit,0
Skygate Solutions Bhd,2022-12-31,-2.6201854,fit,0
Skygate Solutions Bhd,2023-12-31,-2.934673,fit,0
Skygate Solutions Bhd,2024-12-31,-2.5505857,val,0
Skygate Solutions Bhd,2025-12-31,-2.9443574,test,0
SkyWorld Development Bhd,2023-03-31,-2.810714,fit,0
SkyWorld Development Bhd,2024-03-31,-2.8440688,val,0
SkyWorld Development Bhd,2025-03-31,-2.3608823,test,0
SkyWorld Development Bhd,2026-03-31,-2.4764466,test,0
SkyWorld Development Bhd,2027-03-31,-3.3998294,test,0
SL Innovation Capital Bhd,2021-12-31,-2.6039362,fit,0
SL Innovation Capital Bhd,2022-12-31,-2.7984874,fit,0
SL Innovation Capital Bhd,2023-12-31,-2.71986,fit,0
SL Innovation Capital Bhd,2024-12-31,-3.3672936,val,0
SL Innovation Capital Bhd,2025-12-31,-1.7308977,test,0
SLP Resources Bhd,2022-12-31,-2.1493537,fit,0
SLP Resources Bhd,2023-12-31,-2.7665899,fit,0
SLP Resources Bhd,2024-12-31,-2.5134304,val,0
SLP Resources Bhd,2025-12-31,-2.0005379,test,0
SLP Resources Bhd,2026-12-31,-2.1618822,test,0
Solarvest Holdings Bhd,2023-03-31,-2.5444083,fit,0
Solarvest Holdings Bhd,2024-03-31,-2.787015,val,0
Solarvest Holdings Bhd,2025-03-31,-2.3971937,test,0
Solarvest Holdings Bhd,2026-03-31,-2.3366652,test,0
Solarvest Holdings Bhd,2027-03-31,-3.0325165,test,0
Smart Asia Chemical Bhd,2021-12-31,-2.5364878,fit,0
Smart Asia Chemical Bhd,2022-12-31,-2.9003503,fit,0
Smart Asia Chemical Bhd,2023-12-31,-3.3143032,fit,0
Smart Asia Chemical Bhd,2024-12-31,-2.4894896,val,0
Smart Asia Chemical Bhd,2025-12-31,-3.014919,test,0
Securemetric Bhd,2021-12-31,-2.4786222,fit,0
Securemetric Bhd,2022-12-31,-2.3464646,fit,0
Securemetric Bhd,2023-12-31,-3.060437,fit,0
Securemetric Bhd,2024-12-31,-2.6465268,val,0
Securemetric Bhd,2025-12-31,-2.9173975,test,0
Smile-link Healthcare Global Bhd,2021-06-30,-2.3183708,fit,0
Smile-link Healthcare Global Bhd,2022-06-30,-3.4196382,fit,0
Smile-link Healthcare Global Bhd,2025-06-30,-2.8849263,test,0
SMIS Corporation Bhd,2021-12-31,-1.2768497,fit,0
SMIS Corporation Bhd,2022-12-31,-3.1343513,fit,0
SMIS Corporation Bhd,2023-12-31,-3.1098745,fit,0
SMIS Corporation Bhd,2024-12-31,-2.7874904,val,0
SMIS Corporation Bhd,2025-12-31,-2.6552763,test,0
SMRT Holdings Bhd,2022-06-30,-1.6371956,fit,0
SMRT Holdings Bhd,2023-06-30,-2.3592958,fit,0
SMRT Holdings Bhd,2025-06-30,-4.5419245,test,0
SMRT Holdings Bhd,2026-06-30,-2.3598666,test,0
SNS Network Technology Bhd,2022-01-31,-2.7279572,fit,0
SNS Network Technology Bhd,2023-01-31,-3.749165,fit,0
SNS Network Technology Bhd,2024-01-31,-3.560869,val,0
SNS Network Technology Bhd,2025-01-31,-2.35084,test,0
SNS Network Technology Bhd,2026-01-31,-2.1084144,test,0
Sentoria Group Bhd,2023-03-31,9.304192,fit,0
Sentoria Group Bhd,2023-09-30,7.591438,fit,0
Sentoria Group Bhd,2024-09-30,8.70296,val,0
Sentoria Group Bhd,2024-12-31,8.88338,val,1
Sentoria Group Bhd,2025-12-31,11.012748,test,1
Solid Automotive Bhd,2022-04-30,-2.4942596,fit,0
Solid Automotive Bhd,2023-04-30,-2.864752,fit,0
Solid Automotive Bhd,2024-04-30,-2.4995608,val,0
Solid Automotive Bhd,2025-04-30,-3.2130702,test,0
Solid Automotive Bhd,2026-04-30,-2.7570686,test,0
Solution Group Bhd,2021-12-31,-2.465209,fit,0
Solution Group Bhd,2022-12-31,-4.018346,fit,0
Solution Group Bhd,2023-12-31,-1.4774259,fit,0
Solution Group Bhd,2024-12-31,-3.0619326,val,0
Solution Group Bhd,2025-12-31,-2.7350557,test,0
Sarawak Oil Palms Bhd,2022-12-31,-2.2276235,fit,0
Sarawak Oil Palms Bhd,2023-12-31,-2.5185308,fit,0
Sarawak Oil Palms Bhd,2024-12-31,-3.06525,val,0
Sarawak Oil Palms Bhd,2025-12-31,-2.5812323,test,0
Sarawak Oil Palms Bhd,2026-12-31,-2.080984,test,0
Sorento Capital Bhd,2023-06-30,-0.25532374,fit,0
Sorento Capital Bhd,2024-06-30,-3.215894,val,0
Sorento Capital Bhd,2025-06-30,-2.498537,test,0
Sorento Capital Bhd,2026-06-30,-3.3945842,test,0
Sorento Capital Bhd,2027-06-30,-4.6178336,test,0
Spring Art Holdings Bhd,2021-12-31,-2.4455357,fit,0
Spring Art Holdings Bhd,2022-12-31,-2.937011,fit,0
Spring Art Holdings Bhd,2023-12-31,-2.8734868,fit,0
Spring Art Holdings Bhd,2024-12-31,-2.4034722,val,0
Spring Art Holdings Bhd,2025-12-31,-2.9359796,test,0
Spritzer Bhd,2022-12-31,-2.3718538,fit,0
Spritzer Bhd,2023-12-31,-2.9210992,fit,0
Spritzer Bhd,2024-12-31,-2.4543948,val,0
Spritzer Bhd,2025-12-31,-2.7171767,test,0
Spritzer Bhd,2026-12-31,-2.767491,test,0
S P Setia Bhd,2022-12-31,-1.9878923,fit,0
S P Setia Bhd,2023-12-31,-0.64700353,fit,0
S P Setia Bhd,2024-12-31,-0.363813,val,0
S P Setia Bhd,2025-12-31,-2.4472284,test,0
S P Setia Bhd,2026-12-31,-0.8997611,test,0
Sports Toto Bhd,2022-06-30,-1.3391694,fit,0
Sports Toto Bhd,2023-06-30,-2.619333,fit,0
Sports Toto Bhd,2024-06-30,-1.5881988,val,0
Sports Toto Bhd,2025-06-30,-1.94476,test,0
Sports Toto Bhd,2026-06-30,-2.024557,test,0
Silver Ridge Holdings Bhd,2021-06-30,0.16063377,fit,0
Silver Ridge Holdings Bhd,2022-06-30,-2.3281507,fit,0
Silver Ridge Holdings Bhd,2023-06-30,-2.5499527,fit,0
Silver Ridge Holdings Bhd,2024-06-30,-2.6225243,val,0
Silver Ridge Holdings Bhd,2025-06-30,-2.8719914,test,0
SRKK AI Berhad,2022-12-31,2.2010443,fit,0
SRKK AI Berhad,2023-12-31,-3.8274045,fit,0
SRKK AI Berhad,2024-12-31,-2.9903116,val,0
SRKK AI Berhad,2025-12-31,-3.8140278,test,0
Southern Score Builders Bhd,2022-06-30,9.749851,fit,1
Southern Score Builders Bhd,2023-06-30,-0.5407078,fit,0
Southern Score Builders Bhd,2024-06-30,-2.2884111,val,0
Southern Score Builders Bhd,2025-06-30,-2.4921722,test,0
Southern Score Builders Bhd,2026-06-30,-2.4630451,test,0
SSF Home Group Bhd,2022-04-30,-2.4419847,fit,0
SSF Home Group Bhd,2023-04-30,-2.5197153,fit,0
SSF Home Group Bhd,2024-04-30,-1.9583366,val,0
SSF Home Group Bhd,2025-04-30,-3.1939046,test,0
SSF Home Group Bhd,2026-04-30,-2.087106,test,0
Star Media Group Bhd,2022-12-31,-1.1188765,fit,0
Star Media Group Bhd,2023-12-31,-1.359955,fit,0
Star Media Group Bhd,2024-12-31,-1.5945112,val,0
Star Media Group Bhd,2025-12-31,-2.6458669,test,0
Star Media Group Bhd,2026-12-31,-2.555367,test,0
Straits Energy Resources Bhd,2021-06-30,-3.1547928,fit,0
Straits Energy Resources Bhd,2022-06-30,-2.0219457,fit,0
Straits Energy Resources Bhd,2023-06-30,-3.940609,fit,0
Straits Energy Resources Bhd,2025-06-30,-2.121021,test,0
Subur Tiasa Holdings Bhd,2021-12-31,-2.5942712,fit,0
Subur Tiasa Holdings Bhd,2022-12-31,-2.6175182,fit,0
Subur Tiasa Holdings Bhd,2023-12-31,-2.63076,fit,0
Subur Tiasa Holdings Bhd,2024-12-31,0.13542905,val,0
Subur Tiasa Holdings Bhd,2025-12-31,1.2802734,test,0
Success Transformer Corporation Bhd,2022-06-30,-2.186861,fit,0
Success Transformer Corporation Bhd,2023-06-30,-2.502703,fit,0
Success Transformer Corporation Bhd,2024-06-30,-1.9110436,val,0
Success Transformer Corporation Bhd,2025-06-30,-2.2851255,test,0
Success Transformer Corporation Bhd,2026-06-30,-1.991256,test,0
Sum Technology Bhd,2022-12-31,-0.4421361,fit,0
Sum Technology Bhd,2023-12-31,-3.3305976,fit,0
Sum Technology Bhd,2024-12-31,-3.2772198,val,0
Sum Technology Bhd,2025-12-31,-2.9286127,test,0
Sumisaujana Group Bhd,2022-12-31,-2.479168,fit,0
Sumisaujana Group Bhd,2023-12-31,-2.2959754,fit,0
Sumisaujana Group Bhd,2024-12-31,-3.1586828,val,0
Sumisaujana Group Bhd,2025-12-31,-2.7795377,test,0
Sumisaujana Group Bhd,2026-12-31,-2.9673162,test,0
Sunway Construction Group Bhd,2022-12-31,-2.5436916,fit,0
Sunway Construction Group Bhd,2023-12-31,-3.3646019,fit,0
Sunway Construction Group Bhd,2024-12-31,-2.1476483,val,0
Sunway Construction Group Bhd,2025-12-31,-3.6609333,test,0
Sunway Construction Group Bhd,2026-12-31,-6.079067,test,0
ES Sunlogy Bhd,2022-07-31,-2.8470116,fit,0
ES Sunlogy Bhd,2023-07-31,-3.1387272,fit,0
ES Sunlogy Bhd,2024-07-31,-2.5481172,val,0
ES Sunlogy Bhd,2025-07-31,-2.9761212,test,0
ES Sunlogy Bhd,2026-07-31,-2.9809754,test,0
Sunway Healthcare Holdings Bhd,2023-12-31,-0.9932672,fit,0
Sunway Healthcare Holdings Bhd,2024-12-31,-2.6584876,val,0
Sunway Healthcare Holdings Bhd,2025-12-31,-2.709037,test,0
Sunway Healthcare Holdings Bhd,2026-12-31,-3.5930212,test,0
Sunmow Holding Bhd,2021-12-31,-2.5947592,fit,0
Sunmow Holding Bhd,2022-12-31,-3.1538484,fit,0
Sunmow Holding Bhd,2023-12-31,-1.8063991,fit,0
Sunmow Holding Bhd,2024-12-31,-2.361885,val,0
Sunmow Holding Bhd,2025-12-31,-3.0232353,test,0
Sunway Real Estate Investment Trust,2022-12-31,-1.3815192,fit,0
Sunway Real Estate Investment Trust,2023-12-31,-1.1363406,fit,0
Sunway Real Estate Investment Trust,2024-12-31,1.3965002,val,0
Sunway Real Estate Investment Trust,2025-12-31,0.034200445,test,0
Sunway Real Estate Investment Trust,2026-12-31,0.635535,test,0
Sunsuria Bhd,2022-09-30,-2.354172,fit,0
Sunsuria Bhd,2023-09-30,-2.3764057,fit,0
Sunsuria Bhd,2024-09-30,-3.3373559,val,0
Sunsuria Bhd,2025-09-30,-2.7670538,test,0
Sunsuria Bhd,2026-09-30,-1.5818602,test,0
Sunview Group Bhd,2023-03-31,-2.2882824,fit,0
Sunview Group Bhd,2024-03-31,-2.2070992,val,0
Sunview Group Bhd,2025-03-31,-3.6226482,test,0
Sunview Group Bhd,2026-03-31,-3.973962,test,0
Sunway Bhd,2022-12-31,-0.7970177,fit,0
Sunway Bhd,2023-12-31,-0.6824596,fit,0
Sunway Bhd,2024-12-31,-2.1527178,val,0
Sunway Bhd,2025-12-31,-2.1957695,test,0
Sunway Bhd,2026-12-31,-2.645454,test,0
Sunzen Group Bhd,2021-06-30,-2.5748901,fit,0
Sunzen Group Bhd,2022-06-30,-3.2095153,fit,0
Sunzen Group Bhd,2025-06-30,-2.340893,test,0
Superlon Holdings Bhd,2023-04-30,-2.158662,fit,0
Superlon Holdings Bhd,2024-04-30,-2.1806128,val,0
Superlon Holdings Bhd,2025-04-30,-2.1432855,test,0
Superlon Holdings Bhd,2026-04-30,-2.3301382,test,0
Superlon Holdings Bhd,2027-04-30,-2.1627314,test,0
Supermax Corporation Bhd,2022-06-30,-4.8127213,fit,0
Supermax Corporation Bhd,2023-06-30,-1.6377294,fit,0
Supermax Corporation Bhd,2024-06-30,-3.1755297,val,0
Supermax Corporation Bhd,2025-06-30,-2.3888931,test,0
Supermax Corporation Bhd,2026-06-30,-2.623889,test,0
Supreme Consolidated Resources Bhd,2021-09-30,-2.9303708,fit,0
Supreme Consolidated Resources Bhd,2022-09-30,-2.564157,fit,0
Supreme Consolidated Resources Bhd,2023-09-30,-2.3759227,fit,0
Supreme Consolidated Resources Bhd,2024-09-30,-2.6263695,val,0
Supreme Consolidated Resources Bhd,2025-09-30,-2.4042687,test,0
Suria Capital Holdings Bhd,2022-12-31,-2.577862,fit,0
Suria Capital Holdings Bhd,2023-12-31,-2.7943902,fit,0
Suria Capital Holdings Bhd,2024-12-31,-2.8574097,val,0
Suria Capital Holdings Bhd,2025-12-31,-2.860455,test,0
Suria Capital Holdings Bhd,2026-12-31,-2.5913606,test,0
Swift Haulage Bhd,2022-12-31,-1.5341355,fit,0
Swift Haulage Bhd,2023-12-31,-0.928314,fit,0
Swift Haulage Bhd,2024-12-31,-1.5741926,val,0
Swift Haulage Bhd,2025-12-31,-1.7484516,test,0
Swift Haulage Bhd,2026-12-31,-0.98241556,test,0
Sarawak Plantation Bhd,2022-12-31,-2.4864557,fit,0
Sarawak Plantation Bhd,2023-12-31,-2.9558113,fit,0
Sarawak Plantation Bhd,2024-12-31,-2.2940793,val,0
Sarawak Plantation Bhd,2025-12-31,-2.069285,test,0
Sarawak Plantation Bhd,2026-12-31,-1.9081771,test,0
SWS Capital Bhd,2021-12-31,-2.8371642,fit,0
SWS Capital Bhd,2022-12-31,-2.7516413,fit,0
SWS Capital Bhd,2023-12-31,-3.2373476,fit,0
SWS Capital Bhd,2024-12-31,-1.4265224,val,0
SWS Capital Bhd,2025-12-31,-2.546099,test,0
Sycal Ventures Bhd,2021-06-30,1.5672165,fit,0
Sycal Ventures Bhd,2022-06-30,-2.235533,fit,0
Sycal Ventures Bhd,2023-06-30,-0.92933154,fit,0
Sycal Ventures Bhd,2024-06-30,1.4595531,val,0
Sycal Ventures Bhd,2025-06-30,-1.4500998,test,0
Shin Yang Group Bhd,2022-06-30,-2.7997732,fit,0
Shin Yang Group Bhd,2023-06-30,-3.170346,fit,0
Shin Yang Group Bhd,2024-06-30,-2.9643328,val,0
Shin Yang Group Bhd,2025-06-30,-2.8930237,test,0
Symphony Life Bhd,2022-03-31,-2.5568001,fit,0
Symphony Life Bhd,2023-03-31,-2.3295913,fit,0
Symphony Life Bhd,2024-03-31,-2.0063877,val,0
Symphony Life Bhd,2025-03-31,-1.5068733,test,0
Symphony Life Bhd,2026-03-31,-2.3362823,test,0
Synergy House Bhd,2022-12-31,-3.0403671,fit,0
Synergy House Bhd,2023-12-31,-3.4764507,fit,0
Synergy House Bhd,2024-12-31,-1.8265737,val,0
Synergy House Bhd,2025-12-31,-2.41742,test,0
Synergy House Bhd,2026-12-31,-3.228877,test,0
Systech Bhd,2022-03-31,-2.7284753,fit,0
Systech Bhd,2023-03-31,-3.307019,fit,0
Systech Bhd,2024-03-31,-6.6106443,val,0
Systech Bhd,2025-03-31,-2.9448514,test,0
Systech Bhd,2026-03-31,-4.1395054,test,0
T7 Global Bhd,2022-12-31,-1.4910985,fit,0
T7 Global Bhd,2023-12-31,-0.3098001,fit,0
T7 Global Bhd,2024-12-31,-1.6458584,val,0
T7 Global Bhd,2025-12-31,0.029754162,test,0
T7 Global Bhd,2026-12-31,-1.1590413,test,0
Ta Ann Holdings Bhd,2022-12-31,-2.8905408,fit,0
Ta Ann Holdings Bhd,2023-12-31,-3.4104311,fit,0
Ta Ann Holdings Bhd,2024-12-31,-3.0858362,val,0
Ta Ann Holdings Bhd,2025-12-31,-2.420268,test,0
Ta Ann Holdings Bhd,2026-12-31,-2.7298496,test,0
Syarikat Takaful Malaysia Keluarga Bhd,2022-12-31,-3.4944587,fit,0
Syarikat Takaful Malaysia Keluarga Bhd,2023-12-31,-3.6801684,fit,0
Syarikat Takaful Malaysia Keluarga Bhd,2024-12-31,-2.774963,val,0
Syarikat Takaful Malaysia Keluarga Bhd,2025-12-31,-2.7506766,test,0
Syarikat Takaful Malaysia Keluarga Bhd,2026-12-31,-2.9417741,test,0
Talam Transform Bhd,2022-03-31,-1.0818541,fit,0
Talam Transform Bhd,2023-03-31,-3.0894287,fit,0
Talam Transform Bhd,2024-03-31,-1.396833,val,0
Talam Transform Bhd,2025-03-31,6.8399034,test,0
Talam Transform Bhd,2026-03-31,1.3604652,test,0
Taliworks Corporation Bhd,2022-12-31,-2.4782674,fit,0
Taliworks Corporation Bhd,2023-12-31,-2.1494265,fit,0
Taliworks Corporation Bhd,2024-12-31,-2.6909127,val,0
Taliworks Corporation Bhd,2025-12-31,-2.0096183,test,0
Taliworks Corporation Bhd,2026-12-31,-2.383725,test,0
Tambun Indah Land Bhd,2022-12-31,-2.0837562,fit,0
Tambun Indah Land Bhd,2023-12-31,-2.3102345,fit,0
Tambun Indah Land Bhd,2024-12-31,-2.0664065,val,0
Tambun Indah Land Bhd,2025-12-31,-2.7376416,test,0
Tambun Indah Land Bhd,2026-12-31,-2.0058057,test,0
Tanco Holdings Bhd,2022-06-30,-2.7764542,fit,0
Tanco Holdings Bhd,2023-06-30,-3.1095803,fit,0
Tanco Holdings Bhd,2024-06-30,-3.7168336,val,0
Tanco Holdings Bhd,2025-06-30,-3.1914523,test,0
Tanco Holdings Bhd,2026-06-30,-2.601095,test,0
TAS Offshore Bhd,2022-05-31,-2.0171459,fit,0
TAS Offshore Bhd,2023-05-31,-2.799764,fit,0
TAS Offshore Bhd,2024-05-31,-2.4908612,val,0
TAS Offshore Bhd,2025-05-31,-3.0352566,test,0
TAS Offshore Bhd,2026-05-31,-3.7223732,test,0
TASCO Bhd,2023-03-31,-2.6252508,fit,0
TASCO Bhd,2024-03-31,-3.0460925,val,0
TASCO Bhd,2025-03-31,-3.01151,test,0
TASCO Bhd,2026-03-31,-1.2454224,test,0
TASCO Bhd,2027-03-31,1.40861,test,0
Tashin Holdings Bhd,2021-12-31,-2.3872306,fit,0
Tashin Holdings Bhd,2022-12-31,-3.120928,fit,0
Tashin Holdings Bhd,2023-12-31,-2.6218653,fit,0
Tashin Holdings Bhd,2024-12-31,-3.2443094,val,0
Tashin Holdings Bhd,2025-12-31,-2.2983592,test,0
Ta Win Holdings Bhd,2021-06-30,-2.3328958,fit,0
Ta Win Holdings Bhd,2022-06-30,-2.925422,fit,0
Ta Win Holdings Bhd,2023-06-30,-1.6745231,fit,0
Ta Win Holdings Bhd,2024-06-30,-1.8943061,val,0
Ta Win Holdings Bhd,2025-06-30,-2.9417994,test,0
Tan Chong Motor Holdings Bhd,2022-12-31,5.4222903,fit,0
Tan Chong Motor Holdings Bhd,2023-12-31,-0.4016426,fit,0
Tan Chong Motor Holdings Bhd,2024-12-31,1.5483285,val,0
Tan Chong Motor Holdings Bhd,2025-12-31,-0.22558856,test,0
Tan Chong Motor Holdings Bhd,2026-12-31,3.9753027,test,0
Tcs Group Holdings Bhd,2021-12-31,-2.5360246,fit,0
Tcs Group Holdings Bhd,2022-12-31,-2.9680853,fit,0
Tcs Group Holdings Bhd,2023-12-31,-2.4391215,fit,0
Tcs Group Holdings Bhd,2024-12-31,-2.544672,val,0
Tcs Group Holdings Bhd,2025-12-31,-3.7109938,test,0
TechnoDex Bhd,2021-06-30,-2.39727,fit,0
TechnoDex Bhd,2022-06-30,-2.7335544,fit,0
TechnoDex Bhd,2023-06-30,-3.6391072,fit,0
TechnoDex Bhd,2024-06-30,-2.4999163,val,0
TechnoDex Bhd,2025-06-30,-3.6789873,test,0
TDM Bhd,2021-12-31,-1.9617265,fit,0
TDM Bhd,2022-12-31,-1.0545937,fit,0
TDM Bhd,2023-12-31,-1.9066519,fit,0
TDM Bhd,2024-12-31,-1.6690723,val,0
TDM Bhd,2025-12-31,-1.778679,test,0
Teamstar Bhd,2022-12-31,-2.434341,fit,0
Teamstar Bhd,2023-12-31,-3.1611476,fit,0
Teamstar Bhd,2024-12-31,-2.6049433,val,0
Teamstar Bhd,2025-12-31,-2.4603722,test,0
Teck Guan Perdana Bhd,2022-01-31,-2.9923944,fit,0
Teck Guan Perdana Bhd,2023-01-31,-3.691437,fit,0
Teck Guan Perdana Bhd,2024-01-31,-2.5928142,val,0
Teck Guan Perdana Bhd,2025-01-31,0.6871389,test,0
Teck Guan Perdana Bhd,2026-01-31,-2.212636,test,0
Techbase Industries Bhd,2022-07-31,-2.4568086,fit,0
Techbase Industries Bhd,2023-07-31,-2.7162888,fit,0
Techbase Industries Bhd,2024-07-31,-2.366486,val,0
Techbase Industries Bhd,2025-07-31,-2.3132973,test,0
Techbase Industries Bhd,2026-07-31,-2.4794047,test,0
Techbond Group Bhd,2022-06-30,-2.0610185,fit,0
Techbond Group Bhd,2023-06-30,-2.864773,fit,0
Techbond Group Bhd,2024-06-30,-3.1347656,val,0
Techbond Group Bhd,2025-06-30,-2.7250423,test,0
Techbond Group Bhd,2026-06-30,-3.5903866,test,0
Techna-X Bhd,2021-12-31,5.122573,fit,0
Techna-X Bhd,2022-12-31,-1.6859196,fit,0
Techna-X Bhd,2023-12-31,5.9819403,fit,0
Techna-X Bhd,2024-12-31,4.1251607,val,0
Techna-X Bhd,2025-12-31,4.3071084,test,0
TechStore Bhd,2021-12-31,-2.769772,fit,0
TechStore Bhd,2022-12-31,-3.6112366,fit,0
TechStore Bhd,2023-12-31,-2.4316888,fit,0
TechStore Bhd,2024-12-31,-3.8752441,val,0
TechStore Bhd,2025-12-31,-3.2011547,test,0
Tek Seng Holdings Bhd,2022-12-31,-2.6666386,fit,0
Tek Seng Holdings Bhd,2023-12-31,-2.4541903,fit,0
Tek Seng Holdings Bhd,2024-12-31,-3.1740518,val,0
Tek Seng Holdings Bhd,2025-12-31,-2.6949885,test,0
Tek Seng Holdings Bhd,2026-12-31,-2.7034721,test,0
Teladan Group Bhd,2022-12-31,-2.0865066,fit,0
Teladan Group Bhd,2023-12-31,-1.7442105,fit,0
Teladan Group Bhd,2024-12-31,-3.15579,val,0
Teladan Group Bhd,2025-12-31,-2.7264917,test,0
Teladan Group Bhd,2026-12-31,-2.8700755,test,0
Tenaga Nasional Bhd,2022-12-31,-0.7705554,fit,0
Tenaga Nasional Bhd,2023-12-31,-1.4137741,fit,0
Tenaga Nasional Bhd,2024-12-31,-0.27415657,val,0
Tenaga Nasional Bhd,2025-12-31,0.4289274,test,0
Tenaga Nasional Bhd,2026-12-31,-0.7393577,test,0
Teo Seng Capital Bhd,2022-12-31,-2.1018934,fit,0
Teo Seng Capital Bhd,2023-12-31,-2.4645736,fit,0
Teo Seng Capital Bhd,2024-12-31,-4.748757,val,0
Teo Seng Capital Bhd,2025-12-31,-2.366927,test,0
Teo Seng Capital Bhd,2026-12-31,-2.5142076,test,0
Texchem Resources Bhd,2022-12-31,-3.2031462,fit,0
Texchem Resources Bhd,2023-12-31,-2.3701725,fit,0
Texchem Resources Bhd,2024-12-31,-4.229456,val,0
Texchem Resources Bhd,2025-12-31,-1.0512526,test,0
Texchem Resources Bhd,2026-12-31,-2.723108,test,0
Tex Cycle Technology (M) Bhd,2021-12-31,-2.6108787,fit,0
Tex Cycle Technology (M) Bhd,2022-12-31,-3.0382235,fit,0
Tex Cycle Technology (M) Bhd,2023-12-31,-2.3423455,fit,0
Tex Cycle Technology (M) Bhd,2024-12-31,-2.4128807,val,0
Tex Cycle Technology (M) Bhd,2025-12-31,-2.2965853,test,0
TFP Solutions Bhd,2023-06-30,-2.539366,fit,0
TFP Solutions Bhd,2024-06-30,-3.5256915,val,0
TFP Solutions Bhd,2025-06-30,-2.5157826,test,0
Teo Guan Lee Corporation Bhd,2021-06-30,-2.2316036,fit,0
Teo Guan Lee Corporation Bhd,2022-06-30,-2.287949,fit,0
Teo Guan Lee Corporation Bhd,2023-06-30,-2.4217882,fit,0
Teo Guan Lee Corporation Bhd,2024-06-30,-2.222617,val,0
Teo Guan Lee Corporation Bhd,2025-06-30,-3.4053907,test,0
Thong Guan Industries Bhd,2022-12-31,-2.4983993,fit,0
Thong Guan Industries Bhd,2023-12-31,-2.3375008,fit,0
Thong Guan Industries Bhd,2024-12-31,-2.5226517,val,0
Thong Guan Industries Bhd,2025-12-31,-3.0196347,test,0
Thong Guan Industries Bhd,2026-12-31,-2.633844,test,0
Theta Edge Bhd,2021-12-31,-3.0562415,fit,0
Theta Edge Bhd,2022-12-31,-3.0885308,fit,0
Theta Edge Bhd,2023-12-31,-3.211042,fit,0
Theta Edge Bhd,2024-12-31,-3.588743,val,0
Theta Edge Bhd,2025-12-31,-0.46643502,test,0
THMY Holdings Bhd,2023-03-31,-0.9558631,fit,0
THMY Holdings Bhd,2024-03-31,-3.5873065,val,0
THMY Holdings Bhd,2025-03-31,-2.865045,test,0
THMY Holdings Bhd,2026-03-31,-3.2423203,test,0
THMY Holdings Bhd,2027-03-31,-3.0222552,test,0
TH Plantations Bhd,2022-12-31,-1.1295077,fit,0
TH Plantations Bhd,2023-12-31,-2.6103098,fit,0
TH Plantations Bhd,2024-12-31,-2.5983326,val,0
TH Plantations Bhd,2025-12-31,-1.7102375,test,0
TH Plantations Bhd,2026-12-31,-1.8516309,test,0
Thriven Global Bhd,2021-12-31,0.4889926,fit,0
Thriven Global Bhd,2022-12-31,5.5819736,fit,0
Thriven Global Bhd,2023-12-31,-2.9629364,fit,0
Thriven Global Bhd,2024-12-31,-0.818308,val,0
Thriven Global Bhd,2025-12-31,-1.3995808,test,0
Tien Wah Press Holdings Bhd,2021-12-31,-2.1418412,fit,0
Tien Wah Press Holdings Bhd,2022-12-31,-2.3775046,fit,0
Tien Wah Press Holdings Bhd,2023-12-31,-2.9064586,fit,0
Tien Wah Press Holdings Bhd,2024-12-31,-1.8030801,val,0
Tien Wah Press Holdings Bhd,2025-12-31,-2.7210379,test,0
TIME dotCom Bhd,2022-12-31,-2.758567,fit,0
TIME dotCom Bhd,2023-12-31,-2.7993498,fit,0
TIME dotCom Bhd,2024-12-31,-4.430478,val,0
TIME dotCom Bhd,2025-12-31,-8.069324,test,0
TIME dotCom Bhd,2026-12-31,-2.3900335,test,0
Timberwell Bhd,2021-12-31,1.7697202,fit,0
Timberwell Bhd,2022-12-31,-2.5411286,fit,0
Timberwell Bhd,2023-12-31,0.23182598,fit,0
Timberwell Bhd,2024-12-31,-2.338498,val,0
Timberwell Bhd,2025-12-31,-2.5076115,test,0
Titijaya Land Bhd,2022-06-30,-2.4529307,fit,0
Titijaya Land Bhd,2023-06-30,-1.943523,fit,0
Titijaya Land Bhd,2024-06-30,-2.625345,val,0
Titijaya Land Bhd,2025-06-30,4.7457557,test,0
Titijaya Land Bhd,2026-06-30,-0.14892301,test,0
Tuju Setia Bhd,2022-12-31,-1.414263,fit,0
Tuju Setia Bhd,2023-12-31,-3.4073267,fit,0
Tuju Setia Bhd,2024-12-31,-1.8286306,val,0
Tuju Setia Bhd,2025-12-31,-2.9546132,test,0
Tuju Setia Bhd,2026-12-31,-2.976675,test,0
Telekom Malaysia Bhd,2022-12-31,-2.1543672,fit,0
Telekom Malaysia Bhd,2023-12-31,-2.041912,fit,0
Telekom Malaysia Bhd,2024-12-31,-2.352802,val,0
Telekom Malaysia Bhd,2025-12-31,-2.7101345,test,0
Telekom Malaysia Bhd,2026-12-31,-3.07426,test,0
TMC Life Sciences Bhd,2021-06-30,-3.00845,fit,0
TMC Life Sciences Bhd,2022-06-30,-3.3686173,fit,0
TMC Life Sciences Bhd,2023-06-30,-2.6666448,fit,0
TMC Life Sciences Bhd,2024-06-30,-2.6054704,val,0
TMC Life Sciences Bhd,2025-06-30,-3.6334271,test,0
TMK Chemical Bhd,2022-12-31,-1.4058888,fit,0
TMK Chemical Bhd,2023-12-31,-3.0301282,fit,0
TMK Chemical Bhd,2024-12-31,-3.2224343,val,0
TMK Chemical Bhd,2025-12-31,-3.6023197,test,0
TMK Chemical Bhd,2026-12-31,-2.6832633,test,0
Tiong Nam Logistics Holdings Bhd,2023-03-31,0.46843556,fit,0
Tiong Nam Logistics Holdings Bhd,2024-03-31,1.000044,val,0
Tiong Nam Logistics Holdings Bhd,2025-03-31,0.113395974,test,0
Tiong Nam Logistics Holdings Bhd,2026-03-31,-0.28855592,test,0
Tiong Nam Logistics Holdings Bhd,2027-03-31,-0.64217484,test,0
Tomei Consolidated Bhd,2022-12-31,-2.9175088,fit,0
Tomei Consolidated Bhd,2023-12-31,-3.2318697,fit,0
Tomei Consolidated Bhd,2024-12-31,-2.4031575,val,0
Tomei Consolidated Bhd,2025-12-31,-2.9174242,test,0
Tomei Consolidated Bhd,2026-12-31,-2.9892726,test,0
Tomypak Holdings Bhd,2022-12-31,-2.5465744,fit,0
Tomypak Holdings Bhd,2024-12-31,-2.752254,val,0
Tomypak Holdings Bhd,2025-12-31,-1.6753066,test,0
Tomypak Holdings Bhd,2026-12-31,-1.1412864,test,0
Tong Herr Resources Bhd,2021-12-31,-2.6282527,fit,0
Tong Herr Resources Bhd,2022-12-31,-3.189575,fit,0
Tong Herr Resources Bhd,2023-12-31,-1.8846233,fit,0
Tong Herr Resources Bhd,2024-12-31,-1.8970662,val,0
Tong Herr Resources Bhd,2025-12-31,-2.22651,test,0
Top Glove Corporation Bhd,2022-08-31,-4.4980373,fit,0
Top Glove Corporation Bhd,2023-08-31,-2.4631681,fit,0
Top Glove Corporation Bhd,2024-08-31,-2.3010643,val,0
Top Glove Corporation Bhd,2025-08-31,3.7904665,test,0
Top Glove Corporation Bhd,2026-08-31,-2.4314756,test,0
Topmix Bhd,2022-12-31,-2.5009744,fit,0
Topmix Bhd,2023-12-31,-1.8948214,fit,0
Topmix Bhd,2024-12-31,-2.6661117,val,0
Topmix Bhd,2025-12-31,-2.5031066,test,0
Topmix Bhd,2026-12-31,-2.1844535,test,0
TOPVISION Eye Specialist Bhd,2021-12-31,-2.6779144,fit,0
TOPVISION Eye Specialist Bhd,2022-12-31,-2.5576086,fit,0
TOPVISION Eye Specialist Bhd,2023-12-31,-2.5955486,fit,0
TOPVISION Eye Specialist Bhd,2024-12-31,-2.966138,val,0
TOPVISION Eye Specialist Bhd,2025-12-31,-3.2711866,test,0
Toyo Ventures Holdings Bhd,2022-03-31,-2.6423378,fit,0
Toyo Ventures Holdings Bhd,2023-03-31,-3.833491,fit,0
Toyo Ventures Holdings Bhd,2024-03-31,-2.290637,val,0
Toyo Ventures Holdings Bhd,2025-03-31,-3.0583255,test,0
Toyo Ventures Holdings Bhd,2026-03-31,-2.4006026,test,0
TPC Plus Bhd,2021-12-31,-2.8420687,fit,0
TPC Plus Bhd,2022-12-31,-2.5823557,fit,0
TPC Plus Bhd,2023-12-31,-1.5934147,fit,0
TPC Plus Bhd,2024-12-31,-3.773211,val,0
TPC Plus Bhd,2025-12-31,-3.2531652,test,0
TP TEC Holding Bhd,2022-12-31,-2.3309877,fit,0
TP TEC Holding Bhd,2023-12-31,-2.5182655,fit,0
TP TEC Holding Bhd,2024-12-31,-1.6089572,val,0
TP TEC Holding Bhd,2025-12-31,-2.0075345,test,0
TRC Synergy Bhd,2022-12-31,1.4262819,fit,0
TRC Synergy Bhd,2023-12-31,-0.22971633,fit,0
TRC Synergy Bhd,2024-12-31,-2.4406738,val,0
TRC Synergy Bhd,2025-12-31,-2.8653753,test,0
TRC Synergy Bhd,2026-12-31,-1.6138101,test,0
Tri-Mode System (M) Bhd,2022-12-31,-2.8901057,fit,0
Tri-Mode System (M) Bhd,2023-12-31,-2.9686985,fit,0
Tri-Mode System (M) Bhd,2024-12-31,-3.241306,val,0
Tri-Mode System (M) Bhd,2025-12-31,-2.1831179,test,0
Tri-Mode System (M) Bhd,2026-12-31,-2.7073755,test,0
Trive Property Group Bhd,2022-01-31,-1.8830206,fit,0
Trive Property Group Bhd,2023-01-31,-2.97454,fit,0
Trive Property Group Bhd,2024-01-31,-2.3175006,val,0
Trive Property Group Bhd,2026-01-31,-2.2153988,test,0
Tropicana Corporation Bhd,2021-12-31,-1.4934652,fit,0
Tropicana Corporation Bhd,2022-12-31,-1.0812826,fit,0
Tropicana Corporation Bhd,2023-12-31,-2.351213,fit,0
Tropicana Corporation Bhd,2024-12-31,0.18150088,val,0
Tropicana Corporation Bhd,2025-12-31,-2.3526487,test,0
TSA Group Bhd,2021-12-31,-2.582744,fit,0
TSA Group Bhd,2022-12-31,-2.7715428,fit,0
TSA Group Bhd,2023-12-31,-3.025065,fit,0
TSA Group Bhd,2024-12-31,-2.6029246,val,0
TSA Group Bhd,2025-12-31,-2.574527,test,0
Tsh Resources Bhd,2022-12-31,-2.454227,fit,0
Tsh Resources Bhd,2023-12-31,-3.2781713,fit,0
Tsh Resources Bhd,2024-12-31,-3.4549916,val,0
Tsh Resources Bhd,2025-12-31,-2.567562,test,0
Tsh Resources Bhd,2026-12-31,-2.918854,test,0
TSiC Bhd,2023-06-30,-2.6152856,fit,0
TSiC Bhd,2024-06-30,-2.34525,val,0
TSiC Bhd,2025-06-30,-2.9005945,test,0
TSR Capital Bhd,2021-06-30,0.5750413,fit,0
TSR Capital Bhd,2022-06-30,5.4751577,fit,0
TSR Capital Bhd,2023-06-30,-1.0746492,fit,0
TSR Capital Bhd,2024-06-30,-1.7959924,val,0
TSR Capital Bhd,2025-06-30,-2.796855,test,0
TT Vision Holdings Bhd,2022-12-31,-2.3804867,fit,0
TT Vision Holdings Bhd,2023-12-31,-2.1484983,fit,0
TT Vision Holdings Bhd,2024-12-31,-2.327435,val,0
TT Vision Holdings Bhd,2025-12-31,-2.9417322,test,0
TT Vision Holdings Bhd,2026-12-31,-2.5305207,test,0
Tune Protect Group Bhd,2022-12-31,3.038592,fit,0
Tune Protect Group Bhd,2023-12-31,-1.6596136,fit,0
Tune Protect Group Bhd,2024-12-31,2.8338635,val,0
Tune Protect Group Bhd,2025-12-31,-2.5870411,test,0
Tune Protect Group Bhd,2026-12-31,-1.743318,test,0
Turbo-Mech Bhd,2022-12-31,-2.2357123,fit,0
Turbo-Mech Bhd,2023-12-31,-2.833107,fit,0
Turbo-Mech Bhd,2024-12-31,-2.2919025,val,0
Turbo-Mech Bhd,2025-12-31,-2.9576912,test,0
Turbo-Mech Bhd,2026-12-31,-3.2508893,test,0
TWL Holdings Bhd,2022-06-30,-3.4006858,fit,0
TWL Holdings Bhd,2023-06-30,-2.496365,fit,0
TWL Holdings Bhd,2024-06-30,-1.805937,val,0
TWL Holdings Bhd,2025-06-30,-0.91361654,test,0
Tower Real Estate Investment Trust,2021-06-30,0.5961262,fit,0
Tower Real Estate Investment Trust,2022-06-30,1.3588886,fit,0
Tower Real Estate Investment Trust,2023-06-30,1.5025799,fit,0
Tower Real Estate Investment Trust,2024-06-30,-2.4626608,val,0
Tower Real Estate Investment Trust,2025-06-30,-3.2006695,test,0
TXCD Bhd,2021-06-30,-2.1484072,fit,0
TXCD Bhd,2022-06-30,-2.443743,fit,0
TXCD Bhd,2025-06-30,3.737372,test,1
Uchi Technologies Bhd,2022-12-31,-5.025975,fit,0
Uchi Technologies Bhd,2023-12-31,-4.8535366,fit,0
Uchi Technologies Bhd,2024-12-31,-4.9429026,val,0
Uchi Technologies Bhd,2025-12-31,-4.756454,test,0
Uchi Technologies Bhd,2026-12-31,-3.9630852,test,0
UCrest Bhd,2022-05-31,-2.795757,fit,0
UCrest Bhd,2023-05-31,-2.9668326,fit,0
UCrest Bhd,2024-05-31,-3.4529681,val,0
UCrest Bhd,2025-05-31,-2.9087546,test,0
UCrest Bhd,2026-05-31,-3.5573688,test,0
UEM Sunrise Bhd,2022-12-31,0.798308,fit,0
UEM Sunrise Bhd,2023-12-31,1.0333343,fit,0
UEM Sunrise Bhd,2024-12-31,-1.1383122,val,0
UEM Sunrise Bhd,2025-12-31,-1.8104388,test,0
UEM Sunrise Bhd,2026-12-31,-1.9360071,test,0
United U-LI Corporation Bhd,2022-12-31,-2.3682282,fit,0
United U-LI Corporation Bhd,2023-12-31,-2.3845813,fit,0
United U-LI Corporation Bhd,2024-12-31,-2.1904378,val,0
United U-LI Corporation Bhd,2025-12-31,-2.4123468,test,0
United U-LI Corporation Bhd,2026-12-31,-2.3066487,test,0
UMedic Group Bhd,2022-07-31,-2.5356054,fit,0
UMedic Group Bhd,2023-07-31,-4.824374,fit,0
UMedic Group Bhd,2024-07-31,-1.8808742,val,0
UMedic Group Bhd,2025-07-31,-3.6228583,test,0
UMedic Group Bhd,2026-07-31,-2.5592802,test,0
United Malacca Bhd,2023-04-30,-2.564701,fit,0
United Malacca Bhd,2024-04-30,-2.6102638,val,0
United Malacca Bhd,2025-04-30,-2.5013824,test,0
United Malacca Bhd,2026-04-30,-2.3124833,test,0
United Malacca Bhd,2027-04-30,-2.5457628,test,0
UMS Holdings Bhd,2021-09-30,-2.9428854,fit,0
UMS Holdings Bhd,2022-09-30,-3.0344748,fit,0
UMS Holdings Bhd,2023-09-30,-3.895838,fit,0
UMS Holdings Bhd,2024-09-30,-3.3327174,val,0
UMS Holdings Bhd,2025-09-30,-3.5181777,test,0
UMS-Neiken Group Bhd,2021-12-31,-2.0822337,fit,0
UMS-Neiken Group Bhd,2022-12-31,-2.832571,fit,0
UMS-Neiken Group Bhd,2023-12-31,-2.3110156,fit,0
UMS-Neiken Group Bhd,2024-12-31,-2.3486083,val,0
UMS-Neiken Group Bhd,2025-12-31,-2.5631692,test,0
Unimech Group Bhd,2022-12-31,-2.5938716,fit,0
Unimech Group Bhd,2023-12-31,-2.6727784,fit,0
Unimech Group Bhd,2024-12-31,-2.4923108,val,0
Unimech Group Bhd,2025-12-31,-2.6114178,test,0
Unimech Group Bhd,2026-12-31,-2.365356,test,0
Unique Fire Holdings Bhd,2023-03-31,-2.4506662,fit,0
Unique Fire Holdings Bhd,2024-03-31,-2.6055367,val,0
Unique Fire Holdings Bhd,2025-03-31,-1.8855265,test,0
Unique Fire Holdings Bhd,2026-03-31,-2.1221366,test,0
Unique Fire Holdings Bhd,2027-03-31,-3.2032394,test,0
Unisem M Bhd,2022-12-31,-2.6916153,fit,0
Unisem M Bhd,2023-12-31,-2.6017637,fit,0
Unisem M Bhd,2024-12-31,-2.9353068,val,0
Unisem M Bhd,2025-12-31,-3.2790852,test,0
Unisem M Bhd,2026-12-31,-3.3239377,test,0
Unitrade Industries Bhd,2022-03-31,-2.7518718,fit,0
Unitrade Industries Bhd,2023-03-31,-2.3064685,fit,0
Unitrade Industries Bhd,2024-03-31,-2.8533268,val,0
Unitrade Industries Bhd,2025-03-31,-2.50053,test,0
Unitrade Industries Bhd,2026-03-31,-2.8281348,test,0
Uni Wall APS Holdings Bhd,2021-06-30,-2.7699904,fit,0
Uni Wall APS Holdings Bhd,2024-06-30,-2.6752417,val,0
Uni Wall APS Holdings Bhd,2025-06-30,-3.0370438,test,0
Uoa Development Bhd,2022-12-31,-1.9193166,fit,0
Uoa Development Bhd,2023-12-31,-2.2160556,fit,0
Uoa Development Bhd,2024-12-31,-2.2221608,val,0
Uoa Development Bhd,2025-12-31,-1.8979552,test,0
Uoa Development Bhd,2026-12-31,-2.0325203,test,0
UOA Real Estate Investment Trust,2022-12-31,1.6230941,fit,0
UOA Real Estate Investment Trust,2023-12-31,2.2043953,fit,0
UOA Real Estate Investment Trust,2024-12-31,3.0775685,val,0
UOA Real Estate Investment Trust,2025-12-31,5.1070156,test,0
UOA Real Estate Investment Trust,2026-12-31,1.6504933,test,0
UPA Corporation Bhd,2021-12-31,-2.3517122,fit,0
UPA Corporation Bhd,2022-12-31,-2.895767,fit,0
UPA Corporation Bhd,2023-12-31,-1.5353385,fit,0
UPA Corporation Bhd,2024-12-31,-2.1737182,val,0
UPA Corporation Bhd,2025-12-31,-2.7603276,test,0
UCI Resources Bhd,2021-12-31,-2.5113652,fit,0
UCI Resources Bhd,2022-12-31,-2.460516,fit,0
UCI Resources Bhd,2023-12-31,-3.1633053,fit,0
UCI Resources Bhd,2024-12-31,-2.4202867,val,0
UCI Resources Bhd,2025-12-31,-2.504041,test,0
United Plantations Bhd,2022-12-31,-2.5391974,fit,0
United Plantations Bhd,2023-12-31,-2.413535,fit,0
United Plantations Bhd,2024-12-31,-2.6885178,val,0
United Plantations Bhd,2025-12-31,-4.149183,test,0
United Plantations Bhd,2026-12-31,-3.1673417,test,0
UUE Holdings Bhd,2023-02-28,-2.7373831,fit,0
UUE Holdings Bhd,2024-02-28,-2.2888844,val,0
UUE Holdings Bhd,2025-02-28,-2.995513,test,0
UUE Holdings Bhd,2026-02-28,-1.9758713,test,0
UUE Holdings Bhd,2027-02-28,-3.1849718,test,0
UWC Bhd,2022-07-31,-3.3053749,fit,0
UWC Bhd,2023-07-31,-2.5874832,fit,0
UWC Bhd,2024-07-31,-2.7275436,val,0
UWC Bhd,2025-07-31,-4.176682,test,0
UWC Bhd,2026-07-31,-2.1982725,test,0
Uzma Bhd,2022-06-30,-0.9869908,fit,0
Uzma Bhd,2023-06-30,2.8491726,fit,0
Uzma Bhd,2024-06-30,0.5749202,val,0
Uzma Bhd,2025-06-30,-1.9543439,test,0
Uzma Bhd,2026-06-30,-1.9646736,test,0
Vantris Energy Bhd,2023-01-31,9.872582,fit,1
Vantris Energy Bhd,2024-01-31,8.71024,val,1
Vantris Energy Bhd,2025-01-31,-1.0050601,test,1
Vantris Energy Bhd,2026-01-31,-0.79551375,test,1
Vantris Energy Bhd,2027-01-31,-1.7702712,test,0
Vanzo Holdings Bhd,2021-09-30,-2.5206704,fit,0
Vanzo Holdings Bhd,2022-09-30,-3.250406,fit,0
Vanzo Holdings Bhd,2023-09-30,-3.3465075,fit,0
Vanzo Holdings Bhd,2024-09-30,-2.868747,val,0
Vanzo Holdings Bhd,2025-09-30,-3.690657,test,0
Varia Bhd,2021-06-30,-1.8477021,fit,0
Varia Bhd,2022-06-30,-1.8295399,fit,0
Varia Bhd,2023-06-30,-2.6831987,fit,0
Varia Bhd,2025-06-30,-2.8084588,test,0
Velesto Energy Bhd,2022-12-31,5.6386943,fit,0
Velesto Energy Bhd,2023-12-31,3.628222,fit,0
Velesto Energy Bhd,2024-12-31,-2.693154,val,0
Velesto Energy Bhd,2025-12-31,-2.0276494,test,0
Velesto Energy Bhd,2026-12-31,-2.7953782,test,0
Velocity Capital Partner Bhd,2021-06-30,-2.4045107,fit,0
Velocity Capital Partner Bhd,2022-06-30,-2.9826837,fit,0
Velocity Capital Partner Bhd,2023-06-30,-3.0225701,fit,0
Velocity Capital Partner Bhd,2024-06-30,-2.4644954,val,0
Velocity Capital Partner Bhd,2025-06-30,-3.0788975,test,0
Verdant Solar Holdings Bhd,2022-06-30,-2.7436326,fit,0
Verdant Solar Holdings Bhd,2023-06-30,-3.0529926,fit,0
Verdant Solar Holdings Bhd,2024-06-30,-3.38979,val,0
Verdant Solar Holdings Bhd,2025-06-30,-4.271006,test,0
Versatile Creative Bhd,2022-03-31,-2.7761412,fit,0
Versatile Creative Bhd,2023-03-31,-3.21298,fit,0
Versatile Creative Bhd,2024-03-31,-3.4990757,val,0
Versatile Creative Bhd,2025-03-31,-3.1384375,test,0
Versatile Creative Bhd,2026-03-31,-3.2682617,test,0
VisDynamics Holdings Bhd,2021-10-31,-2.608475,fit,0
VisDynamics Holdings Bhd,2022-10-31,-2.6226091,fit,0
VisDynamics Holdings Bhd,2023-10-31,-2.4669704,fit,0
VisDynamics Holdings Bhd,2024-10-31,-2.78332,val,0
VisDynamics Holdings Bhd,2025-10-31,-2.448099,test,0
ViTrox Corporation Bhd,2022-12-31,-3.4972057,fit,0
ViTrox Corporation Bhd,2023-12-31,-1.777994,fit,0
ViTrox Corporation Bhd,2024-12-31,-2.6555429,val,0
ViTrox Corporation Bhd,2025-12-31,-2.5153816,test,0
ViTrox Corporation Bhd,2026-12-31,-1.8811042,test,0
Vizione Holdings Bhd,2022-05-31,-2.4017537,fit,0
Vizione Holdings Bhd,2025-05-31,-2.4483995,test,0
Vestland Bhd,2022-12-31,-2.8464012,fit,0
Vestland Bhd,2023-12-31,-2.925136,fit,0
Vestland Bhd,2024-12-31,-3.3385017,val,0
Vestland Bhd,2025-12-31,-1.2737186,test,0
Vestland Bhd,2026-12-31,-2.7896063,test,0
Volcano Bhd,2021-06-30,-2.0381021,fit,0
Volcano Bhd,2024-06-30,-1.793003,val,0
Volcano Bhd,2025-06-30,-3.4980974,test,0
VS Industry Bhd,2022-07-31,-2.3442366,fit,0
VS Industry Bhd,2023-07-31,-2.9527597,fit,0
VS Industry Bhd,2024-07-31,-2.560636,val,0
VS Industry Bhd,2025-07-31,-2.2877588,test,0
VS Industry Bhd,2026-07-31,-3.2268896,test,0
VSTECS Bhd,2022-12-31,-2.8669345,fit,0
VSTECS Bhd,2023-12-31,-3.291367,fit,0
VSTECS Bhd,2024-12-31,-3.3263159,val,0
VSTECS Bhd,2025-12-31,-2.967668,test,0
VSTECS Bhd,2026-12-31,-2.0810812,test,0
VETECE Holdings Bhd,2021-08-31,-1.1739975,fit,0
VETECE Holdings Bhd,2022-08-31,-2.6556084,fit,0
VETECE Holdings Bhd,2023-08-31,-2.8423352,fit,0
VETECE Holdings Bhd,2024-08-31,-2.5237765,val,0
VETECE Holdings Bhd,2025-08-31,-5.5103097,test,0
Waja Konsortium Bhd,2021-06-30,-3.2838495,fit,0
Waja Konsortium Bhd,2023-06-30,0.70589316,fit,0
Waja Konsortium Bhd,2024-06-30,10.565242,val,1
Waja Konsortium Bhd,2025-06-30,-2.2851117,test,1
Wang-Zheng Bhd,2021-12-31,-2.728081,fit,0
Wang-Zheng Bhd,2022-12-31,-2.8335986,fit,0
Wang-Zheng Bhd,2023-12-31,-2.5092182,fit,0
Wang-Zheng Bhd,2024-12-31,-2.480474,val,0
Wang-Zheng Bhd,2025-12-31,-2.2528753,test,0
Warisan TC Holdings Bhd,2021-12-31,-2.3664296,fit,0
Warisan TC Holdings Bhd,2022-12-31,-2.1002514,fit,0
Warisan TC Holdings Bhd,2023-12-31,-2.0774834,fit,0
Warisan TC Holdings Bhd,2024-12-31,-1.2124969,val,0
Warisan TC Holdings Bhd,2025-12-31,-2.2923136,test,0
Wasco Bhd,2022-12-31,1.7330697,fit,0
Wasco Bhd,2023-12-31,-1.5838406,fit,0
Wasco Bhd,2024-12-31,0.07644041,val,0
Wasco Bhd,2025-12-31,-2.3495674,test,0
Wasco Bhd,2026-12-31,-2.4323401,test,0
Watta Holding Bhd,2021-12-31,-2.7892294,fit,0
Watta Holding Bhd,2022-12-31,-2.8557465,fit,0
Watta Holding Bhd,2023-12-31,-2.4625278,fit,0
Watta Holding Bhd,2024-12-31,-2.851523,val,0
Watta Holding Bhd,2025-12-31,-2.3489628,test,0
WAVEFRONT Bhd,2023-03-31,-3.2692316,fit,0
WAVEFRONT Bhd,2024-03-31,-3.7603545,val,0
WAVEFRONT Bhd,2025-03-31,-3.0219362,test,0
WAVEFRONT Bhd,2026-03-31,-2.9930174,test,0
WAVEFRONT Bhd,2027-03-31,-3.959781,test,0
WCE Holdings Bhd,2022-03-31,-0.794132,fit,0
WCE Holdings Bhd,2023-03-31,-2.364638,fit,0
WCE Holdings Bhd,2024-03-31,-1.5217075,val,0
WCE Holdings Bhd,2025-03-31,-0.82599497,test,0
WCE Holdings Bhd,2026-03-31,-0.5150354,test,0
WCT Holdings Bhd,2022-12-31,0.44887736,fit,0
WCT Holdings Bhd,2023-12-31,-1.6121523,fit,0
WCT Holdings Bhd,2024-12-31,-0.045844994,val,0
WCT Holdings Bhd,2025-12-31,1.6406305,test,0
WCT Holdings Bhd,2026-12-31,-2.6022909,test,0
Wegmans Holdings Bhd,2022-12-31,-2.854848,fit,0
Wegmans Holdings Bhd,2023-12-31,-2.7729867,fit,0
Wegmans Holdings Bhd,2024-12-31,-2.4577978,val,0
Wegmans Holdings Bhd,2025-12-31,-2.6579177,test,0
Wegmans Holdings Bhd,2026-12-31,-2.458289,test,0
Wellcall Holdings Bhd,2022-09-30,-3.252675,fit,0
Wellcall Holdings Bhd,2023-09-30,-3.3811843,fit,0
Wellcall Holdings Bhd,2024-09-30,-3.6467729,val,0
Wellcall Holdings Bhd,2025-09-30,-2.9636295,test,0
Wellcall Holdings Bhd,2026-09-30,-3.8663688,test,0
Well Chip Group Bhd,2022-12-31,-2.2431285,fit,0
Well Chip Group Bhd,2023-12-31,-2.6506007,fit,0
Well Chip Group Bhd,2024-12-31,-2.3676648,val,0
Well Chip Group Bhd,2025-12-31,-2.6266606,test,0
Well Chip Group Bhd,2026-12-31,-3.3363292,test,0
Wellspire Holdings Bhd,2022-12-31,-2.630147,fit,0
Wellspire Holdings Bhd,2023-12-31,-4.1800385,fit,0
Wellspire Holdings Bhd,2024-12-31,-2.80439,val,0
Wellspire Holdings Bhd,2025-12-31,-4.652633,test,0
Wellspire Holdings Bhd,2026-12-31,-2.9147573,test,0
Wentel Engineering Holdings Bhd,2022-12-31,-2.722514,fit,0
Wentel Engineering Holdings Bhd,2023-12-31,-2.4305766,fit,0
Wentel Engineering Holdings Bhd,2024-12-31,-2.8895795,val,0
Wentel Engineering Holdings Bhd,2025-12-31,-2.2598367,test,0
Wentel Engineering Holdings Bhd,2026-12-31,-2.297524,test,0
West River Bhd,2021-12-31,-2.6904752,fit,0
West River Bhd,2022-12-31,-2.4952936,fit,0
West River Bhd,2023-12-31,-3.3423684,fit,0
West River Bhd,2024-12-31,-3.735053,val,0
West River Bhd,2025-12-31,-2.5367947,test,0
Whitman Holdings Bhd,2023-12-31,-1.1918505,fit,0
Whitman Holdings Bhd,2024-12-31,-3.3243537,val,0
Whitman Holdings Bhd,2025-12-31,-3.5011964,test,0
Widad Group Bhd,2021-12-31,-1.7327399,fit,0
Widad Group Bhd,2022-12-31,-0.90571547,fit,0
Widad Group Bhd,2023-12-31,-2.585778,fit,0
Widad Group Bhd,2024-12-31,-2.3871057,val,0
Widad Group Bhd,2025-12-31,-2.4983404,test,0
Willowglen MSC Bhd,2021-12-31,-2.457358,fit,0
Willowglen MSC Bhd,2022-12-31,-3.214968,fit,0
Willowglen MSC Bhd,2023-12-31,-3.393539,fit,0
Willowglen MSC Bhd,2024-12-31,-2.6227386,val,0
Willowglen MSC Bhd,2025-12-31,-2.6839206,test,0
Winstar Capital Bhd,2021-12-31,-3.0876012,fit,0
Winstar Capital Bhd,2022-12-31,-3.019045,fit,0
Winstar Capital Bhd,2023-12-31,-3.0388942,fit,0
Winstar Capital Bhd,2024-12-31,-3.3910742,val,0
Winstar Capital Bhd,2025-12-31,-3.0338962,test,0
Wong Engineering Corporation Bhd,2021-10-31,-2.115412,fit,0
Wong Engineering Corporation Bhd,2022-10-31,-3.1655536,fit,0
Wong Engineering Corporation Bhd,2023-10-31,-3.1153977,fit,0
Wong Engineering Corporation Bhd,2024-10-31,-2.9378858,val,0
Wong Engineering Corporation Bhd,2025-10-31,-1.5871983,test,0
Woodlandor Holdings Bhd,2021-06-30,2.439192,fit,0
Woodlandor Holdings Bhd,2022-06-30,-2.7613347,fit,0
Woodlandor Holdings Bhd,2023-06-30,-3.692143,fit,0
Woodlandor Holdings Bhd,2024-06-30,-2.3942633,val,0
Woodlandor Holdings Bhd,2025-06-30,-2.0206058,test,0
Westports Holdings Bhd,2022-12-31,-2.8442574,fit,0
Westports Holdings Bhd,2023-12-31,-3.1824508,fit,0
Westports Holdings Bhd,2024-12-31,-3.2793732,val,0
Westports Holdings Bhd,2025-12-31,-2.540276,test,0
Westports Holdings Bhd,2026-12-31,-2.783582,test,0
WTEC Group Bhd,2021-12-31,-2.925191,fit,0
WTEC Group Bhd,2022-12-31,-2.5009818,fit,0
WTEC Group Bhd,2023-12-31,-3.4265745,fit,0
WTEC Group Bhd,2024-12-31,-2.9233794,val,0
WTEC Group Bhd,2025-12-31,-2.6279833,test,0
White Horse Bhd,2021-12-31,-2.0872226,fit,0
White Horse Bhd,2022-12-31,-2.4006927,fit,0
White Horse Bhd,2023-12-31,-2.239668,fit,0
White Horse Bhd,2024-12-31,2.0008543,val,0
White Horse Bhd,2025-12-31,-2.086716,test,0
W T K Holdings Bhd,2021-12-31,-1.9215146,fit,0
W T K Holdings Bhd,2022-12-31,-1.9933823,fit,0
W T K Holdings Bhd,2023-12-31,-1.3952416,fit,0
W T K Holdings Bhd,2024-12-31,-2.2471886,val,0
W T K Holdings Bhd,2025-12-31,-2.9461887,test,0
XiDeLang Holdings Ltd,2021-12-31,-3.9456344,fit,0
XiDeLang Holdings Ltd,2022-12-31,-4.009035,fit,0
XiDeLang Holdings Ltd,2023-12-31,-2.7022402,fit,0
XiDeLang Holdings Ltd,2025-12-31,-3.0392642,test,0
Xin Synergy Group Bhd,2022-03-31,-2.529908,fit,0
Xin Synergy Group Bhd,2023-03-31,-1.5791508,fit,0
Xin Synergy Group Bhd,2024-03-31,-2.2775452,val,0
Xin Synergy Group Bhd,2025-03-31,-2.4817674,test,0
Xin Synergy Group Bhd,2026-03-31,-2.5479758,test,0
Xin Hwa Holdings Bhd,2022-03-31,-1.8494178,fit,0
Xin Hwa Holdings Bhd,2023-03-31,-0.2892894,fit,0
Xin Hwa Holdings Bhd,2024-03-31,-1.6373105,val,0
Xin Hwa Holdings Bhd,2025-03-31,-0.26804966,test,0
Xin Hwa Holdings Bhd,2026-03-31,-2.0882206,test,0
XL Holdings Bhd,2022-04-30,-2.1957345,fit,0
XL Holdings Bhd,2023-04-30,-2.7917395,fit,0
XL Holdings Bhd,2024-04-30,-2.0083852,val,0
XL Holdings Bhd,2025-04-30,-3.4910734,test,0
XL Holdings Bhd,2026-04-30,-2.3745596,test,0
XOX Bhd,2021-09-30,-2.88321,fit,0
XOX Bhd,2022-09-30,-0.5602781,fit,0
XOX Bhd,2023-09-30,-1.8492374,fit,0
XOX Bhd,2024-09-30,-1.2293522,val,0
XOX Bhd,2025-09-30,-3.1082497,test,0
Express Powerr Solutions (M) Bhd,2021-12-31,-2.4885375,fit,0
Express Powerr Solutions (M) Bhd,2022-12-31,-2.2086172,fit,0
Express Powerr Solutions (M) Bhd,2023-12-31,-2.7194383,fit,0
Express Powerr Solutions (M) Bhd,2024-12-31,-2.6349452,val,0
Express Powerr Solutions (M) Bhd,2025-12-31,6.9483523,test,0
Y&G Corporation Bhd,2021-12-31,-2.0357494,fit,0
Y&G Corporation Bhd,2022-12-31,-3.2525492,fit,0
Y&G Corporation Bhd,2023-12-31,-2.8871734,fit,0
Y&G Corporation Bhd,2024-12-31,-3.8975363,val,0
Y&G Corporation Bhd,2025-12-31,-3.0232656,test,0
YB Ventures Bhd,2021-06-30,-2.4975383,fit,0
YB Ventures Bhd,2023-06-30,-2.2428832,fit,0
YB Ventures Bhd,2024-06-30,-3.192851,val,0
YB Ventures Bhd,2025-06-30,-2.8876863,test,0
YBS International Bhd,2023-03-31,-2.5597303,fit,0
YBS International Bhd,2024-03-31,-3.2851999,val,0
YBS International Bhd,2025-03-31,-2.7292082,test,0
YBS International Bhd,2026-03-31,-2.524154,test,0
YBS International Bhd,2027-03-31,-3.982303,test,0
Yenher Holdings Bhd,2022-12-31,-2.3764153,fit,0
Yenher Holdings Bhd,2023-12-31,-2.1507957,fit,0
Yenher Holdings Bhd,2024-12-31,-2.702435,val,0
Yenher Holdings Bhd,2025-12-31,-2.4171982,test,0
Yenher Holdings Bhd,2026-12-31,-3.0638013,test,0
Yew Lee Pacific Group Bhd,2022-12-31,-2.3850799,fit,0
Yew Lee Pacific Group Bhd,2023-12-31,-3.2698276,fit,0
Yew Lee Pacific Group Bhd,2024-12-31,-3.0851936,val,0
Yew Lee Pacific Group Bhd,2025-12-31,-4.2182918,test,0
Yew Lee Pacific Group Bhd,2026-12-31,-4.1310487,test,0
Yinson Holdings Berhad,2023-01-31,-0.8074502,fit,0
Yinson Holdings Berhad,2024-01-31,1.6941526,val,0
Yinson Holdings Berhad,2025-01-31,-1.5237602,test,0
Yinson Holdings Berhad,2026-01-31,-1.7064872,test,0
Yinson Holdings Berhad,2027-01-31,-1.362472,test,0
YLI Holdings Bhd,2022-03-31,-2.097366,fit,0
YLI Holdings Bhd,2023-03-31,-2.7538707,fit,0
YLI Holdings Bhd,2024-03-31,-3.2932553,val,0
YLI Holdings Bhd,2025-03-31,-1.8715029,test,0
YLI Holdings Bhd,2026-03-31,-2.4996333,test,0
Ynh Property Bhd,2021-06-30,-1.9058337,fit,0
Ynh Property Bhd,2023-06-30,4.3455944,fit,0
Ynh Property Bhd,2024-06-30,-3.2954812,val,0
Ynh Property Bhd,2025-06-30,-2.416308,test,0
Yoong Onn Corporation Bhd,2022-06-30,-2.0641747,fit,0
Yoong Onn Corporation Bhd,2023-06-30,-1.9067243,fit,0
Yoong Onn Corporation Bhd,2024-06-30,-2.3916934,val,0
Yoong Onn Corporation Bhd,2025-06-30,-2.8519669,test,0
Yoong Onn Corporation Bhd,2026-06-30,-2.6215105,test,0
Yong Tai Bhd,2022-06-30,-2.149571,fit,0
Yong Tai Bhd,2023-06-30,-1.9125203,fit,0
Yong Tai Bhd,2024-06-30,-1.6664104,val,0
Yong Tai Bhd,2025-06-30,-0.856287,test,0
Yong Tai Bhd,2026-06-30,-1.6983339,test,0
Y.s.p. Southeast Asia Holding Bhd,2021-12-31,-2.444503,fit,0
Y.s.p. Southeast Asia Holding Bhd,2022-12-31,-2.2579637,fit,0
Y.s.p. Southeast Asia Holding Bhd,2023-12-31,-2.9057512,fit,0
Y.s.p. Southeast Asia Holding Bhd,2024-12-31,-2.245993,val,0
Y.s.p. Southeast Asia Holding Bhd,2025-12-31,-2.0460203,test,0
YTL Corporation Bhd,2022-06-30,1.6328974,fit,0
YTL Corporation Bhd,2023-06-30,-1.9375479,fit,0
YTL Corporation Bhd,2024-06-30,-0.59398633,val,0
YTL Corporation Bhd,2025-06-30,0.66192114,test,0
YTL Corporation Bhd,2026-06-30,-1.3896865,test,0
YTL Power International Bhd,2022-06-30,-1.3021942,fit,0
YTL Power International Bhd,2023-06-30,-1.1690378,fit,0
YTL Power International Bhd,2024-06-30,-0.56990623,val,0
YTL Power International Bhd,2025-06-30,-0.5449523,test,0
YTL Power International Bhd,2026-06-30,-1.7412341,test,0
YTL Hospitality REIT,2022-06-30,-0.25718236,fit,0
YTL Hospitality REIT,2023-06-30,0.68193007,fit,0
YTL Hospitality REIT,2024-06-30,-2.062771,val,0
YTL Hospitality REIT,2025-06-30,0.1815404,test,0
YTL Hospitality REIT,2026-06-30,-0.88962805,test,0
YX Precious Metals Bhd,2022-12-31,-2.4400141,fit,0
YX Precious Metals Bhd,2023-12-31,-3.264802,fit,0
YX Precious Metals Bhd,2024-12-31,-1.8243723,val,0
YX Precious Metals Bhd,2025-12-31,-2.76083,test,0
YX Precious Metals Bhd,2026-12-31,-1.8357176,test,0
Zantat Holdings Bhd,2021-12-31,-2.8993511,fit,0
Zantat Holdings Bhd,2022-12-31,-2.7324197,fit,0
Zantat Holdings Bhd,2023-12-31,-2.7454674,fit,0
Zantat Holdings Bhd,2024-12-31,-2.8006847,val,0
Zantat Holdings Bhd,2025-12-31,-3.430606,test,0
Zecon Bhd,2021-12-31,-2.472555,fit,0
Zecon Bhd,2022-12-31,-2.4277782,fit,0
Zecon Bhd,2023-12-31,0.41995075,fit,0
Zecon Bhd,2024-12-31,-1.0853783,val,0
Zecon Bhd,2025-12-31,-0.6650404,test,0
Zelan Bhd,2021-12-31,1.4611757,fit,0
Zelan Bhd,2022-12-31,1.4751343,fit,0
Zelan Bhd,2023-12-31,10.074459,fit,1
Zelan Bhd,2024-12-31,10.361195,val,1
Zelan Bhd,2025-12-31,6.8593855,test,1
Zetrix AI Bhd,2022-12-31,-3.312935,fit,0
Zetrix AI Bhd,2023-12-31,-1.3769968,fit,0
Zetrix AI Bhd,2024-12-31,-1.7018197,val,0
Zetrix AI Bhd,2025-12-31,-2.1379812,test,0
Zetrix AI Bhd,2026-12-31,-1.5311323,test,0
Zhulian Corporation Bhd,2022-11-30,-2.552445,fit,0
Zhulian Corporation Bhd,2023-11-30,-2.690142,fit,0
Zhulian Corporation Bhd,2024-11-30,-2.6337795,val,0
Zhulian Corporation Bhd,2025-11-30,-2.6612825,test,0
Zhulian Corporation Bhd,2026-11-30,-2.0502288,test,0
Berjaya Property Bhd,2021-06-30,-0.89691937,fit,0
OGX Group Bhd,2022-05-31,-2.5502794,fit,0
Berjaya Property Bhd,2022-06-30,-0.96381736,fit,0
MM Computer Systems Bhd,2022-12-31,-0.4269864,fit,0
Stratus Global Holdings Bhd,2023-03-31,-2.3465369,fit,0
OGX Group Bhd,2023-05-31,-3.1424675,fit,0
Berjaya Property Bhd,2023-06-30,2.1468015,fit,0
MM Computer Systems Bhd,2023-12-31,-2.8366582,fit,0
Stratus Global Holdings Bhd,2024-03-31,-2.481024,val,0
OGX Group Bhd,2024-05-31,-2.9335773,val,0
Berjaya Property Bhd,2024-06-30,-1.3562768,val,0
MM Computer Systems Bhd,2024-12-31,-2.77183,val,0
Stratus Global Holdings Bhd,2025-03-31,-2.567639,test,0
OGX Group Bhd,2025-05-31,-2.7611842,test,0
Berjaya Property Bhd,2025-06-30,-1.0322242,test,0
MM Computer Systems Bhd,2025-12-31,-2.7429364,test,0
Stratus Global Holdings Bhd,2026-03-31,-2.693435,test,0
