company_name,ticker,sector,period_end,risk_score,rank,risk_percentile,flagged,known_status,pn17_gn3_label,data_source
Sentoria Group Bhd,SNTORIA,(not classified — delisted-firm supplement),2025-12-31,11.012748,1,100.0,True,Currently PN17/GN3,1,public_secondary
Ireka Corporation Bhd,IREKA,(not classified — delisted-firm supplement),2025-12-31,10.527186,2,99.9,True,Currently PN17/GN3,1,public_secondary
KNM Group Bhd,KNM,(not classified — delisted-firm supplement),2025-12-31,10.233151,3,99.8,True,Previously classified,0,public_secondary
Can-One Bhd,CANONE,Containers & Packaging,2025-12-31,9.634267,4,99.7,True,No classification on record,0,lseg
Sersol Bhd,SERSOL,Chemicals,2025-06-30,9.397347,5,99.6,True,No classification on record,0,lseg
DRB-HICOM Bhd,DRBHCOM,Automobiles & Auto Parts,2026-12-31,9.381982,6,99.5,True,No classification on record,0,lseg
Reneuco Bhd,RENEUCO,(not classified — delisted-firm supplement),2025-03-31,8.362257,7,99.4,True,Currently PN17/GN3,1,public_secondary
Key Alliance Group Bhd,KGROUP,Software & IT Services,2026-03-31,7.1487846,8,99.3,True,No classification on record,0,lseg
Express Powerr Solutions (M) Bhd,XPB,Professional & Commercial Services,2025-12-31,6.9483523,9,99.2,True,No classification on record,0,lseg
Zelan Bhd,ZELAN,Construction & Engineering,2025-12-31,6.8593855,10,99.2,True,Currently PN17/GN3,1,lseg
SFP Tech Holdings Bhd,SFPTECH,"Machinery, Tools, Heavy Vehicles, Trains & Ships",2026-12-31,5.9421473,11,99.1,False,No classification on record,0,lseg
Landmarks Bhd,LANDMRK,Hotels & Entertainment Services,2025-12-31,5.8441954,12,99.0,False,No classification on record,0,lseg
Sentral REIT,SENTRAL,Residential & Commercial REITs,2026-12-31,5.643929,13,98.9,False,No classification on record,0,lseg
Kumpulan Jetson Bhd,JETSON,Chemicals,2026-03-31,4.8073525,14,98.8,False,No classification on record,0,lseg
Hektar Real Estate Investment Trust,HEKTAR,Residential & Commercial REITs,2026-12-31,4.755558,15,98.7,False,No classification on record,0,lseg
GPP Resources Bhd,GPP,Electric Utilities & IPPs,2025-06-30,4.3813066,16,98.6,False,No classification on record,0,lseg
Media Prima Bhd,MEDIA,Media & Publishing,2026-06-30,4.36418,17,98.5,False,No classification on record,0,lseg
Techna-X Bhd,TECHNAX,Hotels & Entertainment Services,2025-12-31,4.3071084,18,98.4,False,No classification on record,0,lseg
M K Land Holdings Bhd,MKLAND,Real Estate Operations,2025-06-30,4.1099286,19,98.3,False,No classification on record,0,lseg
Tan Chong Motor Holdings Bhd,TCHONG,Automobiles & Auto Parts,2026-12-31,3.9753027,20,98.2,False,No classification on record,0,lseg
AmFIRST Real Estate Investment Trust,AMFIRST,Residential & Commercial REITs,2027-03-31,3.9605532,21,98.1,False,No classification on record,0,lseg
TXCD Bhd,TXCD,Construction & Engineering,2025-06-30,3.737372,22,98.0,False,Currently PN17/GN3,1,lseg
Bursa Malaysia Bhd,BURSA,Investment Banking & Investment Services,2026-12-31,3.4061608,23,97.9,False,No classification on record,0,lseg
Alam Maritim Resources Bhd,ALAM,Oil & Gas Related Equipment and Services,2025-06-30,3.076446,24,97.8,False,Currently PN17/GN3,1,lseg
Glomac Bhd,GLOMAC,Real Estate Operations,2027-04-30,2.4375343,25,97.7,False,No classification on record,0,lseg
Lambo Group Bhd,LAMBO,Textiles & Apparel,2025-09-30,2.2414613,26,97.7,False,Currently PN17/GN3,1,lseg
CapitaLand Malaysia Trust,CLMT,Residential & Commercial REITs,2026-12-31,2.1668217,27,97.6,False,No classification on record,0,lseg
Axiata Group Bhd,AXIATA,Telecommunications Services,2026-12-31,2.102611,28,97.5,False,No classification on record,0,lseg
Nuenergy Holdings Bhd,NHB,Electric Utilities & IPPs,2025-12-31,2.0897427,29,97.4,False,No classification on record,0,lseg
Cheeding Holdings Bhd,CHEEDING,Construction & Engineering,2027-03-31,1.9642195,30,97.3,False,No classification on record,0,lseg
Lotte Chemical Titan Holding Bhd,LCTITAN,Chemicals,2026-12-31,1.8502508,31,97.2,False,No classification on record,0,lseg
Hua Yang Bhd,HUAYANG,Real Estate Operations,2027-03-31,1.7405288,32,97.1,False,No classification on record,0,lseg
Global Oriental Bhd,GOB,Real Estate Operations,2027-03-31,1.6821878,33,97.0,False,No classification on record,0,lseg
UOA Real Estate Investment Trust,UOAREIT,Residential & Commercial REITs,2026-12-31,1.6504933,34,96.9,False,No classification on record,0,lseg
Berjaya Food Bhd,BJFOOD,Hotels & Entertainment Services,2026-06-30,1.6294509,35,96.8,False,No classification on record,0,lseg
MMAG Holdings Bhd,MMAG,Software & IT Services,2025-03-31,1.5452383,36,96.7,False,No classification on record,0,lseg
G3 Global Bhd,G3,Software & IT Services,2025-12-31,1.5419284,37,96.6,False,No classification on record,0,lseg
Bertam Alliance Bhd,BERTAM,Real Estate Operations,2025-12-31,1.4970297,38,96.5,False,Previously classified,0,lseg
TASCO Bhd,TASCO,Freight & Logistics Services,2027-03-31,1.40861,39,96.4,False,No classification on record,0,lseg
Malakoff Corp Bhd,MALAKOF,Electric Utilities & IPPs,2026-12-31,1.3783599,40,96.3,False,No classification on record,0,lseg
Talam Transform Bhd,TALAMT,Real Estate Operations,2026-03-31,1.3604652,41,96.2,False,No classification on record,0,lseg
Subur Tiasa Holdings Bhd,SUBUR,Food & Tobacco,2025-12-31,1.2802734,42,96.2,False,No classification on record,0,lseg
Astro Malaysia Holdings Bhd,ASTRO,Media & Publishing,2027-01-31,1.210749,43,96.1,False,No classification on record,0,lseg
Kenanga Investment Bank Bhd,KENANGA,Investment Banking & Investment Services,2025-12-31,1.1193514,44,96.0,False,No classification on record,0,lseg
Sin-Kung Logistics Bhd,SINKUNG,Freight & Logistics Services,2025-12-31,0.9832294,45,95.9,False,No classification on record,0,lseg
Encorp Bhd,ENCORP,Construction & Engineering,2025-12-31,0.8697566,46,95.8,False,No classification on record,0,lseg
PLB Engineering Bhd,PLB,Construction & Engineering,2025-08-31,0.8437607,47,95.7,False,No classification on record,0,lseg
Sapura Resources Bhd,SAPRES,Real Estate Operations,2027-01-31,0.82782555,48,95.6,False,No classification on record,0,lseg
PRG Holdings Bhd,PRG,Textiles & Apparel,2025-12-31,0.7514293,49,95.5,False,No classification on record,0,lseg
Khee San Bhd,KHEESAN,Food & Tobacco,2025-06-30,0.6408564,50,95.4,False,Currently PN17/GN3,1,lseg
Sunway Real Estate Investment Trust,SUNREIT,Residential & Commercial REITs,2026-12-31,0.635535,51,95.3,False,No classification on record,0,lseg
Analabs Resources Bhd,ANALABS,Chemicals,2026-04-30,0.61570144,52,95.2,False,No classification on record,0,lseg
Knusford Bhd,KNUSFOR,"Machinery, Tools, Heavy Vehicles, Trains & Ships",2026-03-31,0.5645933,53,95.1,False,No classification on record,0,lseg
NationGate Holdings Bhd,NATGATE,Electronic Equipment & Parts,2026-12-31,0.5316479,54,95.0,False,No classification on record,0,lseg
Marine & General Bhd,M&G,Transport Infrastructure,2026-04-30,0.46742377,55,94.9,False,No classification on record,0,lseg
Green Packet Bhd,GPACKET,Communications & Networking,2025-06-30,0.4257181,56,94.8,False,No classification on record,0,lseg
Ancom Logistics Bhd,ANCOMLB,Freight & Logistics Services,2026-05-31,0.39802572,57,94.7,False,No classification on record,0,lseg
Cahya Mata Sarawak Bhd,CMSB,Construction Materials,2026-12-31,0.39614454,58,94.6,False,No classification on record,0,lseg
OCK Group Bhd,OCK,Telecommunications Services,2025-12-31,0.38191023,59,94.6,False,No classification on record,0,lseg
One Glove Group Bhd,ONEGLOVE,Healthcare Equipment & Supplies,2026-03-31,0.38039836,60,94.5,False,No classification on record,0,lseg
Perak Transit Bhd,PTRANS,Passenger Transportation Services,2026-12-31,0.36367348,61,94.4,False,No classification on record,0,lseg
Capital A Berhad,CAPITALA,Passenger Transportation Services,2026-12-31,0.345866,62,94.3,False,Previously classified,0,lseg
AEON Credit Service (M) Bhd,AEONCR,Banking Services,2027-02-28,0.19092718,63,94.2,False,No classification on record,0,lseg
7-Eleven Malaysia Holdings Bhd,SEM,Food & Drug Retailing,2026-12-31,0.1852966,64,94.1,False,No classification on record,0,lseg
LYC Healthcare Bhd,LYC,Healthcare Providers & Services,2026-03-31,0.18166292,65,94.0,False,Currently PN17/GN3,1,lseg
EquitiesTracker Holdings Bhd,ETH,Investment Banking & Investment Services,2025-12-31,0.1728417,66,93.9,False,No classification on record,0,lseg
Melewar Industrial Group Bhd,MELEWAR,Metals & Mining,2025-06-30,0.16645646,67,93.8,False,No classification on record,0,lseg
Mudajaya Group Bhd,MUDAJYA,Construction & Engineering,2025-12-31,0.14842522,68,93.7,False,No classification on record,0,lseg
Gopeng Bhd,GOPENG,Food & Tobacco,2025-12-31,0.11216137,69,93.6,False,No classification on record,0,lseg
Axis Real Estate Investment Trust,AXREIT,Residential & Commercial REITs,2026-12-31,0.104415536,70,93.5,False,No classification on record,0,lseg
Avillion Bhd,AVI,Hotels & Entertainment Services,2026-03-31,0.08851454,71,93.4,False,No classification on record,0,lseg
Ekovest Bhd,EKOVEST,Construction & Engineering,2026-06-30,0.08790074,72,93.3,False,No classification on record,0,lseg
CI Holdings Bhd,CIHLDG,Food & Tobacco,2026-06-30,0.057447135,73,93.2,False,No classification on record,0,lseg
Pavilion Real Estate Investment Trust,PAVREIT,Residential & Commercial REITs,2026-12-31,0.02509752,74,93.1,False,No classification on record,0,lseg
Sin Heng Chan (Malaya) Bhd,SHCHAN,Food & Tobacco,2025-12-31,0.018368855,75,93.1,False,No classification on record,0,lseg
Ralco Corporation Bhd,RALCO,Containers & Packaging,2025-12-31,0.0012712628,76,93.0,False,No classification on record,0,lseg
PTT Synergy Group Bhd,PTT,Construction & Engineering,2025-06-30,-0.04967601,77,92.9,False,No classification on record,0,lseg
ABM Fujiya Bhd,AFUJIYA,Automobiles & Auto Parts,2025-12-31,-0.13803779,78,92.8,False,No classification on record,0,lseg
Titijaya Land Bhd,TITIJYA,Real Estate Operations,2026-06-30,-0.14892301,79,92.7,False,No classification on record,0,lseg
JAKS Resources Bhd,JAKS,Construction & Engineering,2026-12-31,-0.18382245,80,92.6,False,No classification on record,0,lseg
PLS Plantations Bhd,PLS,Food & Tobacco,2025-06-30,-0.1860139,81,92.5,False,No classification on record,0,lseg
Cyberjaya Education Group Bhd,CYBERE,Miscellaneous Educational Service Providers,2025-06-30,-0.25265166,82,92.4,False,No classification on record,0,lseg
Asian Pac Holdings Bhd,ASIAPAC,Real Estate Operations,2026-03-31,-0.26327914,83,92.3,False,No classification on record,0,lseg
Atrium Real Estate Investment Trust,ATRIUM,Residential & Commercial REITs,2025-12-31,-0.2634707,84,92.2,False,No classification on record,0,lseg
Eden Inc Bhd,EDEN,Electric Utilities & IPPs,2025-06-30,-0.36403,85,92.1,False,No classification on record,0,lseg
Theta Edge Bhd,THETA,Telecommunications Services,2025-12-31,-0.46643502,86,92.0,False,No classification on record,0,lseg
WCE Holdings Bhd,WCEHB,Transport Infrastructure,2026-03-31,-0.5150354,87,91.9,False,No classification on record,0,lseg
Shangri-La Hotels (Malaysia) Bhd,SHANG,Hotels & Entertainment Services,2025-12-31,-0.55807704,88,91.8,False,No classification on record,0,lseg
Tiong Nam Logistics Holdings Bhd,TNLOGIS,Freight & Logistics Services,2027-03-31,-0.64217484,89,91.7,False,No classification on record,0,lseg
Berjaya Assets Bhd,BJASSET,Real Estate Operations,2025-06-30,-0.6422832,90,91.6,False,No classification on record,0,lseg
Zecon Bhd,ZECON,Construction & Engineering,2025-12-31,-0.6650404,91,91.5,False,No classification on record,0,lseg
Cypark Resources Bhd,CYPARK,Electric Utilities & IPPs,2027-04-30,-0.66559434,92,91.5,False,No classification on record,0,lseg
Berjaya Corporation Bhd,BJCORP,Consumer Goods Conglomerates,2025-06-30,-0.6722803,93,91.4,False,No classification on record,0,lseg
Boustead Heavy Industries Corporation Bhd,BHIC,"Machinery, Tools, Heavy Vehicles, Trains & Ships",2025-12-31,-0.6835966,94,91.3,False,No classification on record,0,lseg
Digistar Corporation Bhd,DIGISTA,Construction & Engineering,2025-09-30,-0.69863784,95,91.2,False,No classification on record,0,lseg
Selangor Dredging Bhd,SDRED,Real Estate Operations,2027-03-31,-0.7131709,96,91.1,False,No classification on record,0,lseg
Tenaga Nasional Bhd,TENAGA,Electric Utilities & IPPs,2026-12-31,-0.7393577,97,91.0,False,No classification on record,0,lseg
CBH Engineering Holding Bhd,CBHB,Construction & Engineering,2026-12-31,-0.76989186,98,90.9,False,No classification on record,0,lseg
HB Global Ltd,HBGLOB,Food & Tobacco,2025-12-31,-0.82770026,99,90.8,False,No classification on record,0,lseg
Malton Bhd,MALTON,Real Estate Operations,2026-06-30,-0.83291924,100,90.7,False,No classification on record,0,lseg
AirAsia Group Bhd,AAGB,Passenger Transportation Services,2026-12-31,-0.843639,101,90.6,False,Previously classified,0,lseg
Maxis Bhd,MAXIS,Telecommunications Services,2026-12-31,-0.8510772,102,90.5,False,No classification on record,0,lseg
Hiap Huat Holdings Bhd,HHHCORP,Professional & Commercial Services,2025-12-31,-0.8530761,103,90.4,False,No classification on record,0,lseg
Jiankun International Bhd,JIANKUN,Real Estate Operations,2025-12-31,-0.887576,104,90.3,False,No classification on record,0,lseg
YTL Hospitality REIT,YTLREIT,Residential & Commercial REITs,2026-06-30,-0.88962805,105,90.2,False,No classification on record,0,lseg
HLT Global Bhd,HLT,"Machinery, Tools, Heavy Vehicles, Trains & Ships",2025-12-31,-0.8931638,106,90.1,False,No classification on record,0,lseg
S P Setia Bhd,SPSETIA,Real Estate Operations,2026-12-31,-0.8997611,107,90.0,False,No classification on record,0,lseg
G Capital Bhd,GCAP,Passenger Transportation Services,2025-12-31,-0.9103935,108,90.0,False,No classification on record,0,lseg
TWL Holdings Bhd,TWL,Real Estate Operations,2025-06-30,-0.91361654,109,89.9,False,No classification on record,0,lseg
SEG International Bhd,SEG,Miscellaneous Educational Service Providers,2025-12-31,-0.92437196,110,89.8,False,No classification on record,0,lseg
Inch Kenneth Kajang Rubber PLC,INCKEN,Hotels & Entertainment Services,2025-12-31,-0.9702333,111,89.7,False,No classification on record,0,lseg
Hubline Bhd,HUBLINE,Freight & Logistics Services,2025-09-30,-0.97873604,112,89.6,False,No classification on record,0,lseg
Swift Haulage Bhd,SWIFT,Freight & Logistics Services,2026-12-31,-0.98241556,113,89.5,False,No classification on record,0,lseg
CME Group Bhd,CME,"Machinery, Tools, Heavy Vehicles, Trains & Ships",2025-09-30,-0.99038374,114,89.4,False,No classification on record,0,lseg
BSL Corporation Bhd,BSLCORP,Metals & Mining,2025-06-30,-1.0034647,115,89.3,False,No classification on record,0,lseg
British American Tobacco (Malaysia) Bhd,BAT,Food & Tobacco,2026-12-31,-1.0095724,116,89.2,False,No classification on record,0,lseg
Seacera Group Bhd,SEACERA,Homebuilding & Construction Supplies,2025-06-30,-1.0299715,117,89.1,False,Previously classified,0,lseg
Berjaya Property Bhd,,Hotels & Entertainment Services,2025-06-30,-1.0322242,118,89.0,False,No classification on record,0,lseg
Pacific and Orient Bhd,P&O,Insurance,2025-09-30,-1.0480496,119,88.9,False,No classification on record,0,lseg
N2n Connect Bhd,N2N,Software & IT Services,2026-12-31,-1.0542492,120,88.8,False,No classification on record,0,lseg
Bumi Armada Bhd,ARMADA,Oil & Gas Related Equipment and Services,2026-12-31,-1.0621287,121,88.7,False,No classification on record,0,lseg
AmanahRaya Real Estate Investment Trust,ARREIT,Residential & Commercial REITs,2026-12-31,-1.065478,122,88.6,False,No classification on record,0,lseg
Evergreen Fibreboard Bhd,EVERGRN,Paper & Forest Products,2026-12-31,-1.067624,123,88.5,False,No classification on record,0,lseg
Magma Group Bhd,MAGMA,Hotels & Entertainment Services,2025-12-31,-1.0782653,124,88.5,False,No classification on record,0,lseg
Ann Joo Resources Bhd,ANNJOO,Metals & Mining,2026-12-31,-1.0881276,125,88.4,False,No classification on record,0,lseg
Sancy Bhd,SANCY,Healthcare Equipment & Supplies,2026-03-31,-1.1306591,126,88.3,False,No classification on record,0,lseg
Tomypak Holdings Bhd,TOMYPAK,Containers & Packaging,2026-12-31,-1.1412864,127,88.2,False,No classification on record,0,lseg
T7 Global Bhd,T7GLOBAL,Oil & Gas Related Equipment and Services,2026-12-31,-1.1590413,128,88.1,False,No classification on record,0,lseg
Supergenics Bhd,SGBHD,Biotechnology & Medical Research,2025-12-31,-1.1642913,129,88.0,False,No classification on record,0,lseg
Favelle Favco Bhd,FAVCO,"Machinery, Tools, Heavy Vehicles, Trains & Ships",2026-12-31,-1.1756136,130,87.9,False,No classification on record,0,lseg
Perak Corporation Bhd,PRKCORP,Transport Infrastructure,2025-12-31,-1.1789385,131,87.8,False,Currently PN17/GN3,1,lseg
Bina Puri Holdings Bhd,BPURI,Real Estate Operations,2026-12-31,-1.1850069,132,87.7,False,No classification on record,0,lseg
Eurospan Holdings Bhd,EUROSP,Household Goods,2027-05-31,-1.1898341,133,87.6,False,No classification on record,0,lseg
Rce Capital Bhd,RCECAP,Banking Services,2027-03-31,-1.1918947,134,87.5,False,No classification on record,0,lseg
Reservoir Link Energy Bhd,RL,Oil & Gas Related Equipment and Services,2026-06-30,-1.1990447,135,87.4,False,No classification on record,0,lseg
Parkson Holdings Bhd,PARKSON,Diversified Retail,2026-06-30,-1.199285,136,87.3,False,No classification on record,0,lseg
Nestle (Malaysia) Bhd,NESTLE,Food & Tobacco,2026-12-31,-1.2018607,137,87.2,False,No classification on record,0,lseg
Iskandar Waterfront City Bhd,IWCITY,Real Estate Operations,2025-12-31,-1.221839,138,87.1,False,No classification on record,0,lseg
Al-Salam Real Estate Investment Trust,ALSREIT,Residential & Commercial REITs,2026-12-31,-1.2281094,139,87.0,False,No classification on record,0,lseg
OpenMove AI Bhd,OMAI,Software & IT Services,2026-12-31,-1.2302316,140,86.9,False,No classification on record,0,lseg
Kronologi Asia Bhd,KRONO,Software & IT Services,2027-01-31,-1.2443565,141,86.9,False,No classification on record,0,lseg
Daythree Digital Bhd,DAY3,Software & IT Services,2025-12-31,-1.2486008,142,86.8,False,No classification on record,0,lseg
Kim Hin Industry Bhd,KIMHIN,Homebuilding & Construction Supplies,2025-12-31,-1.2559193,143,86.7,False,No classification on record,0,lseg
EP Manufacturing Bhd,EPMB,Automobiles & Auto Parts,2025-12-31,-1.2575339,144,86.6,False,No classification on record,0,lseg
Puncak Niaga Holdings Bhd,PUNCAK,Professional & Commercial Services,2025-12-31,-1.2605133,145,86.5,False,No classification on record,0,lseg
Computer Forms Malaysia Bhd,CFM,Professional & Commercial Services,2026-02-28,-1.2705016,146,86.4,False,No classification on record,0,lseg
Omesti Bhd,OMESTI,Software & IT Services,2025-10-31,-1.3075413,147,86.3,False,No classification on record,0,lseg
Yinson Holdings Berhad,YINSON,Oil & Gas Related Equipment and Services,2027-01-31,-1.362472,148,86.2,False,No classification on record,0,lseg
AEON CO (M) Bhd,AEON,Diversified Retail,2026-12-31,-1.3702558,149,86.1,False,No classification on record,0,lseg
YTL Corporation Bhd,YTL,Multiline Utilities,2026-06-30,-1.3896865,150,86.0,False,No classification on record,0,lseg
Ecoscience International Bhd,EIB,Construction & Engineering,2025-12-31,-1.3900154,151,85.9,False,No classification on record,0,lseg
Jentayu Sustainables Bhd,JSB,Construction Materials,2026-06-30,-1.3915194,152,85.8,False,No classification on record,0,lseg
Thriven Global Bhd,THRIVEN,Real Estate Operations,2025-12-31,-1.3995808,153,85.7,False,No classification on record,0,lseg
eDaran Bhd,EDARAN,Software & IT Services,2025-06-30,-1.4302853,154,85.6,False,No classification on record,0,lseg
KIP Real Estate Investment Trust,KIPREIT,Residential & Commercial REITs,2026-06-30,-1.4380137,155,85.5,False,No classification on record,0,lseg
Sycal Ventures Bhd,SYCAL,Construction & Engineering,2025-06-30,-1.4500998,156,85.4,False,No classification on record,0,lseg
Pintaras Jaya Bhd,PTARAS,Construction & Engineering,2026-06-30,-1.4902314,157,85.4,False,No classification on record,0,lseg
Genting Malaysia Bhd,GENM,Hotels & Entertainment Services,2026-12-31,-1.4979044,158,85.3,False,No classification on record,0,lseg
Hong Leong Capital Bhd,HLCAP,Investment Banking & Investment Services,2025-06-30,-1.5226184,159,85.2,False,No classification on record,0,lseg
Muhibbah Engineering (M) Bhd,MUHIBAH,Construction & Engineering,2026-12-31,-1.5295321,160,85.1,False,No classification on record,0,lseg
Zetrix AI Bhd,ZETRIX,Software & IT Services,2026-12-31,-1.5311323,161,85.0,False,No classification on record,0,lseg
Pos Malaysia Bhd,POS,Freight & Logistics Services,2026-12-31,-1.5392238,162,84.9,False,No classification on record,0,lseg
Pasdec Holdings Bhd,PASDEC,Real Estate Operations,2025-12-31,-1.5447217,163,84.8,False,No classification on record,0,lseg
Bank Islam Malaysia Bhd,BIMB,Banking Services,2026-12-31,-1.5771142,164,84.7,False,No classification on record,0,lseg
Nova Wellness Group Bhd,NOVA,Food & Tobacco,2026-06-30,-1.5801147,165,84.6,False,No classification on record,0,lseg
Sunsuria Bhd,SUNSURIA,Real Estate Operations,2026-09-30,-1.5818602,166,84.5,False,No classification on record,0,lseg
PLYTEC Holding Bhd,PLYTEC,Construction & Engineering,2025-12-31,-1.5833188,167,84.4,False,No classification on record,0,lseg
MIECO Bhd,MIECO,Paper & Forest Products,2025-12-31,-1.5865508,168,84.3,False,No classification on record,0,lseg
Wong Engineering Corporation Bhd,WONG,"Machinery, Tools, Heavy Vehicles, Trains & Ships",2025-10-31,-1.5871983,169,84.2,False,No classification on record,0,lseg
Multi-Usage Holdings Bhd,MUH,Real Estate Operations,2025-06-30,-1.5884775,170,84.1,False,No classification on record,0,lseg
IcapitalBiz Bhd,ICAP,Collective Investments,2026-05-31,-1.5991844,171,84.0,False,No classification on record,0,lseg
Steel Hawk Bhd,HAWK,Oil & Gas Related Equipment and Services,2026-12-31,-1.6060656,172,83.9,False,No classification on record,0,lseg
Cnergenz Bhd,CNERGEN,"Machinery, Tools, Heavy Vehicles, Trains & Ships",2026-12-31,-1.6088701,173,83.8,False,No classification on record,0,lseg
TRC Synergy Bhd,TRC,Construction & Engineering,2026-12-31,-1.6138101,174,83.8,False,No classification on record,0,lseg
Chin Well Holdings Bhd,CHINWEL,"Machinery, Tools, Heavy Vehicles, Trains & Ships",2026-06-30,-1.620191,175,83.7,False,No classification on record,0,lseg
Focus Point Holdings Bhd,FOCUSP,Specialty Retailers,2026-12-31,-1.639346,176,83.6,False,No classification on record,0,lseg
APB Resources Bhd,APB,Construction & Engineering,2026-09-30,-1.6458277,177,83.5,False,No classification on record,0,lseg
Bintai Kinden Corporation Bhd,BINTAI,Construction & Engineering,2026-03-31,-1.6561766,178,83.4,False,Previously classified,0,lseg
Catcha Digital Bhd,CATCHA,Media & Publishing,2025-12-31,-1.6612061,179,83.3,False,No classification on record,0,lseg
PWF Corporation Bhd,PWF,Food & Tobacco,2025-12-31,-1.6687278,180,83.2,False,No classification on record,0,lseg
Sbc Corporation Bhd,SBCCORP,Real Estate Operations,2027-03-31,-1.6690406,181,83.1,False,No classification on record,0,lseg
Maxim Global Bhd,MAXIM,Real Estate Operations,2025-12-31,-1.680027,182,83.0,False,No classification on record,0,lseg
Yong Tai Bhd,YONGTAI,Real Estate Operations,2026-06-30,-1.6983339,183,82.9,False,No classification on record,0,lseg
Elridge Energy Holdings Bhd,ELRIDGE,Electric Utilities & IPPs,2026-12-31,-1.7147737,184,82.8,False,No classification on record,0,lseg
KTI Landmark Berhad,KTI,Real Estate Operations,2025-12-31,-1.7208179,185,82.7,False,No classification on record,0,lseg
SL Innovation Capital Bhd,SLIC,Software & IT Services,2025-12-31,-1.7308977,186,82.6,False,No classification on record,0,lseg
Aldrich Resources Bhd,ALRICH,Software & IT Services,2026-06-30,-1.7347692,187,82.5,False,No classification on record,0,lseg
YTL Power International Bhd,YTLPOWR,Multiline Utilities,2026-06-30,-1.7412341,188,82.4,False,No classification on record,0,lseg
Tune Protect Group Bhd,TUNEPRO,Insurance,2026-12-31,-1.743318,189,82.3,False,No classification on record,0,lseg
Golden Land Bhd,GLBHD,Real Estate Operations,2025-06-30,-1.7628347,190,82.3,False,No classification on record,0,lseg
Pineapple Resources Bhd,PINEAPP,Integrated Hardware & Software,2025-06-30,-1.7682941,191,82.2,False,No classification on record,0,lseg
CelcomDigi Bhd,CDB,Telecommunications Services,2026-12-31,-1.7698377,192,82.1,False,No classification on record,0,lseg
Vantris Energy Bhd,VANTNRG,Oil & Gas Related Equipment and Services,2027-01-31,-1.7702712,193,82.0,False,Previously classified,0,lseg
Econpile Holdings Bhd,ECONBHD,Construction & Engineering,2026-06-30,-1.7763343,194,81.9,False,No classification on record,0,lseg
TDM Bhd,TDM,Healthcare Providers & Services,2025-12-31,-1.778679,195,81.8,False,No classification on record,0,lseg
IHH Healthcare Bhd,IHH,Healthcare Providers & Services,2026-12-31,-1.7995381,196,81.7,False,No classification on record,0,lseg
Magna Prima Bhd,MAGNA,Real Estate Operations,2025-12-31,-1.8094312,197,81.6,False,No classification on record,0,lseg
Hong Leong Bank Bhd,HLBANK,Banking Services,2026-06-30,-1.811241,198,81.5,False,No classification on record,0,lseg
Mercury Industries Bhd,MERCURY,Construction & Engineering,2025-06-30,-1.8271811,199,81.4,False,No classification on record,0,lseg
Greatech Technology Bhd,GREATEC,"Machinery, Tools, Heavy Vehicles, Trains & Ships",2026-12-31,-1.8297478,200,81.3,False,No classification on record,0,lseg
Malayan United Industries Bhd,MUIIND,Hotels & Entertainment Services,2025-06-30,-1.831872,201,81.2,False,No classification on record,0,lseg
YX Precious Metals Bhd,YXPM,Textiles & Apparel,2026-12-31,-1.8357176,202,81.1,False,No classification on record,0,lseg
PEOPLElogy Bhd,PEOPLE,Professional & Business Education,2025-12-31,-1.841718,203,81.0,False,No classification on record,0,lseg
Crest Builder Holdings Bhd,CRESBLD,Construction & Engineering,2026-12-31,-1.8446532,204,80.9,False,No classification on record,0,lseg
TH Plantations Bhd,THPLANT,Food & Tobacco,2026-12-31,-1.8516309,205,80.8,False,No classification on record,0,lseg
Hil Industries Bhd,HIL,Chemicals,2026-12-31,-1.8524437,206,80.8,False,No classification on record,0,lseg
KPJ Healthcare Bhd,KPJ,Healthcare Providers & Services,2026-12-31,-1.8622496,207,80.7,False,No classification on record,0,lseg
Parkwood Holdings Bhd,PARKWD,Real Estate Operations,2025-12-31,-1.8648019,208,80.6,False,No classification on record,0,lseg
Manulife Holdings Bhd,MANULFE,Insurance,2025-12-31,-1.8673779,209,80.5,False,No classification on record,0,lseg
Ranhill Utilities Bhd,RANHILL,Water & Related Utilities,2026-06-30,-1.869332,210,80.4,False,No classification on record,0,lseg
Efficient E-Solutions Bhd,EFFICEN,Professional & Commercial Services,2025-12-31,-1.8720257,211,80.3,False,No classification on record,0,lseg
Advancecon Holdings Bhd,ADVCON,Construction & Engineering,2026-12-31,-1.8742119,212,80.2,False,No classification on record,0,lseg
KLCCP Stapled Group,KLCC,Residential & Commercial REITs,2026-12-31,-1.8769224,213,80.1,False,No classification on record,0,lseg
Borneo Oil Bhd,BORNOIL,Hotels & Entertainment Services,2025-06-30,-1.8778499,214,80.0,False,No classification on record,0,lseg
ViTrox Corporation Bhd,VITROX,Semiconductors & Semiconductor Equipment,2026-12-31,-1.8811042,215,79.9,False,No classification on record,0,lseg
Auro Holdings Bhd,AURO,Hotels & Entertainment Services,2026-02-28,-1.889276,216,79.8,False,No classification on record,0,lseg
K-One Technology Bhd,K1,Electronic Equipment & Parts,2025-12-31,-1.8941715,217,79.7,False,No classification on record,0,lseg
KKB Engineering Berhad,KKB,Construction & Engineering,2026-12-31,-1.8997108,218,79.6,False,No classification on record,0,lseg
Mr DIY Group (M) Bhd,MRDIY,Specialty Retailers,2026-12-31,-1.901641,219,79.5,False,No classification on record,0,lseg
Keyfield International Bhd,KEYFIELD,Freight & Logistics Services,2026-12-31,-1.9027835,220,79.4,False,No classification on record,0,lseg
Sarawak Plantation Bhd,SWKPLNT,Food & Tobacco,2026-12-31,-1.9081771,221,79.3,False,No classification on record,0,lseg
Nexg Bina Bhd,NEXGBINA,Textiles & Apparel,2025-06-30,-1.9085994,222,79.2,False,No classification on record,0,lseg
Kamdar Group M Bhd,KAMDAR,Textiles & Apparel,2025-06-30,-1.9102486,223,79.2,False,No classification on record,0,lseg
LKL International Bhd,LKL,Healthcare Equipment & Supplies,2025-12-31,-1.9116182,224,79.1,False,No classification on record,0,lseg
Reach Ten Holdings Bhd,REACHTEN,Telecommunications Services,2026-12-31,-1.912891,225,79.0,False,No classification on record,0,lseg
Salutica Bhd,SALUTE,Communications & Networking,2026-06-30,-1.9193884,226,78.9,False,No classification on record,0,lseg
Astino Bhd,ASTINO,Homebuilding & Construction Supplies,2025-07-31,-1.9205644,227,78.8,False,No classification on record,0,lseg
Hup Seng Industries Bhd,HUPSENG,Food & Tobacco,2026-12-31,-1.9223652,228,78.7,False,No classification on record,0,lseg
Evergreen Max Cash Capital Bhd,EMCC,Banking Services,2025-12-31,-1.9255639,229,78.6,False,No classification on record,0,lseg
MClean Technologies Bhd,MCLEAN,Professional & Commercial Services,2026-12-31,-1.9272169,230,78.5,False,No classification on record,0,lseg
Poh Kong Holdings Bhd,POHKONG,Textiles & Apparel,2025-07-31,-1.9278905,231,78.4,False,No classification on record,0,lseg
PESTEC International Bhd,PESTEC,Construction & Engineering,2026-06-30,-1.9330082,232,78.3,False,No classification on record,0,lseg
UEM Sunrise Bhd,UEMS,Real Estate Operations,2026-12-31,-1.9360071,233,78.2,False,No classification on record,0,lseg
Gold LI Holdings Bhd,GOLDLI,Real Estate Operations,2026-01-31,-1.9393824,234,78.1,False,No classification on record,0,lseg
Eversafe Rubber Bhd,ESAFE,Automobiles & Auto Parts,2025-12-31,-1.9420124,235,78.0,False,No classification on record,0,lseg
OKA Corporation Bhd,OKA,Construction Materials,2027-03-31,-1.9437982,236,77.9,False,No classification on record,0,lseg
AE Multi Holdings Bhd,AEM,Semiconductors & Semiconductor Equipment,2026-03-31,-1.944428,237,77.8,False,No classification on record,0,lseg
OSK Holdings Bhd,OSK,Real Estate Operations,2026-12-31,-1.9512142,238,77.7,False,No classification on record,0,lseg
Muda Holdings Bhd,MUDA,Containers & Packaging,2025-12-31,-1.9523036,239,77.7,False,No classification on record,0,lseg
Eastern & Oriental Bhd,E&O,Real Estate Operations,2027-03-31,-1.9592701,240,77.6,False,No classification on record,0,lseg
Advance Synergy Bhd,ASB,Hotels & Entertainment Services,2025-12-31,-1.962174,241,77.5,False,No classification on record,0,lseg
Uzma Bhd,UZMA,Oil & Gas Related Equipment and Services,2026-06-30,-1.9646736,242,77.4,False,No classification on record,0,lseg
ARB Bhd,ARBB,Software & IT Services,2025-12-31,-1.964946,243,77.3,False,No classification on record,0,lseg
Benalec Holdings Bhd,BENALEC,Construction & Engineering,2026-06-30,-1.9780817,244,77.2,False,No classification on record,0,lseg
Cuscapi Bhd,CUSCAPI,Software & IT Services,2025-12-31,-1.979384,245,77.1,False,No classification on record,0,lseg
Dufu Technology Corp Bhd,DUFU,"Machinery, Tools, Heavy Vehicles, Trains & Ships",2025-12-31,-1.9844425,246,77.0,False,No classification on record,0,lseg
Malayan Cement Bhd,MCEMENT,Construction Materials,2026-06-30,-1.9875275,247,76.9,False,No classification on record,0,lseg
Success Transformer Corporation Bhd,SUCCESS,"Machinery, Tools, Heavy Vehicles, Trains & Ships",2026-06-30,-1.991256,248,76.8,False,No classification on record,0,lseg
Sapura Industrial Bhd,SAPIND,Automobiles & Auto Parts,2026-01-31,-1.9935638,249,76.7,False,No classification on record,0,lseg
Kimlun Corporation Bhd,KIMLUN,Construction & Engineering,2026-12-31,-1.9987444,250,76.6,False,No classification on record,0,lseg
Tambun Indah Land Bhd,TAMBUN,Real Estate Operations,2026-12-31,-2.0058057,251,76.5,False,No classification on record,0,lseg
TP TEC Holding Bhd,TPTEC,Professional & Commercial Services,2025-12-31,-2.0075345,252,76.4,False,No classification on record,0,lseg
Farm Fresh Bhd,FFB,Food & Tobacco,2027-03-31,-2.0086582,253,76.3,False,No classification on record,0,lseg
AutoCount Dotcom Bhd,ADB,Software & IT Services,2025-12-31,-2.0131228,254,76.2,False,No classification on record,0,lseg
Woodlandor Holdings Bhd,WOODLAN,Homebuilding & Construction Supplies,2025-06-30,-2.0206058,255,76.2,False,No classification on record,0,lseg
Croesus IT Holdings Bhd,CROESUS,Integrated Hardware & Software,2025-12-31,-2.0215216,256,76.1,False,No classification on record,0,lseg
IRIS Group Bhd,IRIS,Software & IT Services,2027-03-31,-2.02423,257,76.0,False,No classification on record,0,lseg
Sports Toto Bhd,SPTOTO,Hotels & Entertainment Services,2026-06-30,-2.024557,258,75.9,False,No classification on record,0,lseg
Igb Bhd,IGBB,Real Estate Operations,2026-12-31,-2.0252392,259,75.8,False,No classification on record,0,lseg
Quality Concrete Holdings Bhd,QUALITY,Real Estate Operations,2026-01-31,-2.0255005,260,75.7,False,No classification on record,0,lseg
Uoa Development Bhd,UOADEV,Real Estate Operations,2026-12-31,-2.0325203,261,75.6,False,No classification on record,0,lseg
Hextar Healthcare Bhd,HEXCARE,Healthcare Equipment & Supplies,2026-12-31,-2.0360005,262,75.5,False,No classification on record,0,lseg
D & O Green Technologies Bhd,D&O,Semiconductors & Semiconductor Equipment,2026-12-31,-2.0435777,263,75.4,False,No classification on record,0,lseg
Y.s.p. Southeast Asia Holding Bhd,YSPSAH,Pharmaceuticals,2025-12-31,-2.0460203,264,75.3,False,No classification on record,0,lseg
Zhulian Corporation Bhd,ZHULIAN,Textiles & Apparel,2026-11-30,-2.0502288,265,75.2,False,No classification on record,0,lseg
Mulpha International Bhd,MULPHA,Real Estate Operations,2025-12-31,-2.0538425,266,75.1,False,No classification on record,0,lseg
Malaysian Resources Corporation Bhd,MRCB,Construction & Engineering,2026-12-31,-2.054653,267,75.0,False,No classification on record,0,lseg
Ajiya Bhd,AJIYA,Homebuilding & Construction Supplies,2025-12-31,-2.0629947,268,74.9,False,No classification on record,0,lseg
Eng Kah Corporation Bhd,ENGKAH,Personal & Household Products & Services,2025-12-31,-2.0647814,269,74.8,False,No classification on record,0,lseg
KESM Industries Bhd,KESM,Semiconductors & Semiconductor Equipment,2026-07-31,-2.0686052,270,74.7,False,No classification on record,0,lseg
Hartalega Holdings Bhd,HARTA,Healthcare Equipment & Supplies,2027-03-31,-2.0708697,271,74.6,False,No classification on record,0,lseg
JAG Capital Bhd,JAGCPTL,Oil & Gas,2025-06-30,-2.0788994,272,74.6,False,No classification on record,0,lseg
Sarawak Oil Palms Bhd,SOP,Food & Tobacco,2026-12-31,-2.080984,273,74.5,False,No classification on record,0,lseg
VSTECS Bhd,VSTECS,"Computers, Phones & Household Electronics",2026-12-31,-2.0810812,274,74.4,False,No classification on record,0,lseg
Box-Pak (Malaysia) Bhd,BOXPAK,Containers & Packaging,2025-12-31,-2.0817165,275,74.3,False,No classification on record,0,lseg
Batu Kawan Bhd,BKAWAN,Chemicals,2026-09-30,-2.0843794,276,74.2,False,No classification on record,0,lseg
White Horse Bhd,WTHORSE,Homebuilding & Construction Supplies,2025-12-31,-2.086716,277,74.1,False,No classification on record,0,lseg
SSF Home Group Bhd,SSF,Specialty Retailers,2026-04-30,-2.087106,278,74.0,False,No classification on record,0,lseg
OB Holdings Bhd,OBHB,Specialty Retailers,2025-05-31,-2.0877714,279,73.9,False,No classification on record,0,lseg
Xin Hwa Holdings Bhd,XINHWA,Freight & Logistics Services,2026-03-31,-2.0882206,280,73.8,False,No classification on record,0,lseg
Beshom Holdings Bhd,BESHOM,Specialty Retailers,2027-04-30,-2.0927594,281,73.7,False,No classification on record,0,lseg
Naim Holdings Bhd,NAIM,Construction & Engineering,2025-12-31,-2.095222,282,73.6,False,No classification on record,0,lseg
Minho (M) Bhd,MINHO,Paper & Forest Products,2025-12-31,-2.1020536,283,73.5,False,No classification on record,0,lseg
Dataprep Holdings Bhd,DATAPRP,Software & IT Services,2025-03-31,-2.1066394,284,73.4,False,No classification on record,0,lseg
SNS Network Technology Bhd,SNS,Software & IT Services,2026-01-31,-2.1084144,285,73.3,False,No classification on record,0,lseg
Gas Malaysia Bhd,GASMSIA,Natural Gas Utilities,2026-12-31,-2.109307,286,73.2,False,No classification on record,0,lseg
Duopharma Biotech Bhd,DPHARMA,Pharmaceuticals,2026-12-31,-2.1118045,287,73.1,False,No classification on record,0,lseg
Straits Energy Resources Bhd,STRAITS,Oil & Gas,2025-06-30,-2.121021,288,73.1,False,No classification on record,0,lseg
IQ Group Holdings Bhd,IQGROUP,Communications & Networking,2027-03-31,-2.1213882,289,73.0,False,No classification on record,0,lseg
MMIS Bhd,MMIS,Metals & Mining,2025-06-30,-2.121473,290,72.9,False,No classification on record,0,lseg
Perdana Petroleum Bhd,PERDANA,Oil & Gas Related Equipment and Services,2026-12-31,-2.121815,291,72.8,False,No classification on record,0,lseg
ELK-Desa Resources Bhd,ELKDESA,Banking Services,2027-03-31,-2.1226845,292,72.7,False,No classification on record,0,lseg
Scgm Bhd,SCGM,Chemicals,2025-12-31,-2.1240964,293,72.6,False,No classification on record,0,lseg
Malaysian Pacific Industries Bhd,MPI,Semiconductors & Semiconductor Equipment,2026-06-30,-2.1327622,294,72.5,False,No classification on record,0,lseg
Microlink Solutions Bhd,MICROLN,Software & IT Services,2025-03-31,-2.1411738,295,72.4,False,No classification on record,0,lseg
PMCK Bhd,PMCK,Healthcare Providers & Services,2027-04-30,-2.14303,296,72.3,False,No classification on record,0,lseg
AppAsia Bhd,APPASIA,Software & IT Services,2025-12-31,-2.143884,297,72.2,False,No classification on record,0,lseg
JcbNext Bhd,JCBNEXT,Software & IT Services,2025-12-31,-2.1445568,298,72.1,False,No classification on record,0,lseg
BIMOffice Group Bhd,BIMOFFICE,Construction & Engineering,2025-09-30,-2.1493711,299,72.0,False,No classification on record,0,lseg
Bina Darulaman Bhd,BDB,Construction & Engineering,2025-12-31,-2.1514583,300,71.9,False,No classification on record,0,lseg
AbleGroup Bhd,ABLEGRP,Construction & Engineering,2025-12-31,-2.1555827,301,71.8,False,No classification on record,0,lseg
SHL Consolidated Bhd,SHL,Real Estate Operations,2027-03-31,-2.1565318,302,71.7,False,No classification on record,0,lseg
SLP Resources Bhd,SLP,Containers & Packaging,2026-12-31,-2.1618822,303,71.6,False,No classification on record,0,lseg
CC International Bhd,CCIB,Personal & Household Products & Services,2025-12-31,-2.1625752,304,71.5,False,No classification on record,0,lseg
Superlon Holdings Bhd,SUPERLN,Chemicals,2027-04-30,-2.1627314,305,71.5,False,No classification on record,0,lseg
Kumpulan Fima Bhd,KFIMA,Oil & Gas Related Equipment and Services,2027-03-31,-2.1637034,306,71.4,False,No classification on record,0,lseg
Cheetah Holdings Bhd,CHEETAH,Textiles & Apparel,2025-06-30,-2.1676648,307,71.3,False,No classification on record,0,lseg
RT Pastry Holdings Bhd,RT,Food & Tobacco,2025-12-31,-2.1741443,308,71.2,False,No classification on record,0,lseg
Pantech Global Bhd,PGLOBAL,Homebuilding & Construction Supplies,2026-02-28,-2.1759026,309,71.1,False,No classification on record,0,lseg
OCR Group Bhd,OCR,Real Estate Operations,2025-12-31,-2.1774495,310,71.0,False,No classification on record,0,lseg
Kim Hin Joo (Malaysia) Bhd,KHJB,Specialty Retailers,2025-12-31,-2.1779156,311,70.9,False,No classification on record,0,lseg
Magnum Bhd,MAGNUM,Hotels & Entertainment Services,2026-12-31,-2.1803937,312,70.8,False,No classification on record,0,lseg
Concrete Engineering Products Bhd,CEPCO,Construction Materials,2025-08-31,-2.18281,313,70.7,False,No classification on record,0,lseg
Lebtech Bhd,LEBTECH,Construction & Engineering,2025-12-31,-2.1832557,314,70.6,False,No classification on record,0,lseg
Topmix Bhd,TOPMIX,Household Goods,2026-12-31,-2.1844535,315,70.5,False,No classification on record,0,lseg
Luxchem Corporation Bhd,LUXCHEM,Chemicals,2026-12-31,-2.1894195,316,70.4,False,No classification on record,0,lseg
Ajinomoto (Malaysia) Bhd,AJI,Food & Tobacco,2027-03-31,-2.1927667,317,70.3,False,No classification on record,0,lseg
CSC Steel Holdings Bhd,CSCSTEL,Metals & Mining,2026-12-31,-2.1934102,318,70.2,False,No classification on record,0,lseg
Salcon Bhd,SALCON,Construction & Engineering,2026-12-31,-2.1971145,319,70.1,False,No classification on record,0,lseg
UWC Bhd,UWC,"Machinery, Tools, Heavy Vehicles, Trains & Ships",2026-07-31,-2.1982725,320,70.0,False,No classification on record,0,lseg
IOI Corporation Bhd,IOICORP,Food & Tobacco,2026-06-30,-2.1987476,321,70.0,False,No classification on record,0,lseg
Johor Plantations Group Bhd,JPG,Food & Tobacco,2026-12-31,-2.1989565,322,69.9,False,No classification on record,0,lseg
Menang Corporation (M) Bhd,MENANG,Real Estate Operations,2025-06-30,-2.1992471,323,69.8,False,No classification on record,0,lseg
Gagasan Nadi Cergas Bhd,NADIBHD,Real Estate Operations,2025-12-31,-2.2046304,324,69.7,False,No classification on record,0,lseg
PPB Group Bhd,PPB,Food & Tobacco,2026-12-31,-2.2078254,325,69.6,False,No classification on record,0,lseg
Jishan Bhd,JISHAN,Containers & Packaging,2025-12-31,-2.2093518,326,69.5,False,No classification on record,0,lseg
Teck Guan Perdana Bhd,TECGUAN,Food & Tobacco,2026-01-31,-2.212636,327,69.4,False,No classification on record,0,lseg
APM Automotive Holdings Bhd,APM,Automobiles & Auto Parts,2025-12-31,-2.2127278,328,69.3,False,No classification on record,0,lseg
Eco-Shop Marketing Bhd,ECOSHOP,Food & Drug Retailing,2027-05-31,-2.2153568,329,69.2,False,No classification on record,0,lseg
Trive Property Group Bhd,TRIVE,"Machinery, Tools, Heavy Vehicles, Trains & Ships",2026-01-31,-2.2153988,330,69.1,False,No classification on record,0,lseg
AME Real Estate Investment Trust,AMEREIT,Real Estate Operations,2027-03-31,-2.2164855,331,69.0,False,No classification on record,0,lseg
5E Resources Holdings Bhd,5ER,Professional & Commercial Services,2025-12-31,-2.222993,332,68.9,False,No classification on record,0,lseg
Gromutual Bhd,GMUTUAL,Real Estate Operations,2025-12-31,-2.2255778,333,68.8,False,No classification on record,0,lseg
MST Golf Group Bhd,MSTGOLF,Hotels & Entertainment Services,2025-12-31,-2.2263541,334,68.7,False,No classification on record,0,lseg
Tong Herr Resources Bhd,TONGHER,"Machinery, Tools, Heavy Vehicles, Trains & Ships",2025-12-31,-2.22651,335,68.6,False,No classification on record,0,lseg
Lii Hen Industries Bhd,LIIHEN,Household Goods,2026-12-31,-2.2309978,336,68.5,False,No classification on record,0,lseg
RTS Technology Holdings Bhd,RTSTECH,Software & IT Services,2025-12-31,-2.2427032,337,68.5,False,No classification on record,0,lseg
Pentamaster Corporation Bhd,PENTA,"Machinery, Tools, Heavy Vehicles, Trains & Ships",2026-12-31,-2.2481058,338,68.4,False,No classification on record,0,lseg
Paramount Corporation Bhd,PARAMON,Real Estate Operations,2026-12-31,-2.2489939,339,68.3,False,No classification on record,0,lseg
Kumpulan Perangsang Selangor Bhd,KPS,"Machinery, Tools, Heavy Vehicles, Trains & Ships",2026-12-31,-2.2505043,340,68.2,False,No classification on record,0,lseg
Wang-Zheng Bhd,WANGZNG,Paper & Forest Products,2025-12-31,-2.2528753,341,68.1,False,No classification on record,0,lseg
George Kent (Malaysia) Bhd,GKENT,"Machinery, Tools, Heavy Vehicles, Trains & Ships",2026-03-31,-2.2568383,342,68.0,False,No classification on record,0,lseg
Ibraco Bhd,IBRACO,Real Estate Operations,2026-12-31,-2.2568915,343,67.9,False,No classification on record,0,lseg
BP Plastics Holding Bhd,BPPLAS,Containers & Packaging,2026-12-31,-2.2592762,344,67.8,False,No classification on record,0,lseg
New Hoong Fatt Holdings Bhd,NHFATT,Automobiles & Auto Parts,2025-12-31,-2.2646585,345,67.7,False,No classification on record,0,lseg
HPMT Holdings Bhd,HPMT,"Machinery, Tools, Heavy Vehicles, Trains & Ships",2026-12-31,-2.2647305,346,67.6,False,No classification on record,0,lseg
Powerwell Holdings Bhd,PWRWELL,"Machinery, Tools, Heavy Vehicles, Trains & Ships",2027-03-31,-2.2664423,347,67.5,False,No classification on record,0,lseg
Padini Holdings Berhad,PADINI,Specialty Retailers,2026-06-30,-2.268176,348,67.4,False,No classification on record,0,lseg
BM Greentech Bhd,BMGREEN,"Machinery, Tools, Heavy Vehicles, Trains & Ships",2027-03-31,-2.2705412,349,67.3,False,No classification on record,0,lseg
Pan Malaysia Corporation Bhd,PMCORP,Hotels & Entertainment Services,2025-06-30,-2.2718108,350,67.2,False,No classification on record,0,lseg
Lagenda Properties Bhd,LAGENDA,Real Estate Operations,2026-12-31,-2.2742043,351,67.1,False,No classification on record,0,lseg
Niche Capital Emas Holdings Bhd,NICE,Construction & Engineering,2025-06-30,-2.2751944,352,67.0,False,No classification on record,0,lseg
Scope Industries Bhd,SCOPE,Semiconductors & Semiconductor Equipment,2025-06-30,-2.2756352,353,66.9,False,No classification on record,0,lseg
SHH Resources Holdings Bhd,SHH,Household Goods,2025-06-30,-2.276519,354,66.9,False,No classification on record,0,lseg
Atlan Holdings Bhd,ATLAN,Automobiles & Auto Parts,2027-02-28,-2.2788885,355,66.8,False,No classification on record,0,lseg
Eco World Development Group Bhd,ECOWLD,Real Estate Operations,2026-10-31,-2.282464,356,66.7,False,No classification on record,0,lseg
Eksons Corporation Bhd,EKSONS,Paper & Forest Products,2027-03-31,-2.2837996,357,66.6,False,No classification on record,0,lseg
Waja Konsortium Bhd,WAJA,Construction & Engineering,2025-06-30,-2.2851117,358,66.5,False,Currently PN17/GN3,1,lseg
Scicom (MSC) Bhd,SCICOM,Professional & Commercial Services,2026-06-30,-2.2855601,359,66.4,False,No classification on record,0,lseg
Glostrext Bhd,GLXT,Construction & Engineering,2026-03-31,-2.2864878,360,66.3,False,No classification on record,0,lseg
CB Industrial Product Holding Bhd,CBIP,"Machinery, Tools, Heavy Vehicles, Trains & Ships",2026-12-31,-2.28793,361,66.2,False,No classification on record,0,lseg
Astramina Group Berhad,ASTRA,Food & Tobacco,2026-02-28,-2.2903087,362,66.1,False,No classification on record,0,lseg
Warisan TC Holdings Bhd,WARISAN,"Machinery, Tools, Heavy Vehicles, Trains & Ships",2025-12-31,-2.2923136,363,66.0,False,No classification on record,0,lseg
Keck Seng (Malaysia) Bhd,KSENG,Food & Tobacco,2025-12-31,-2.2932389,364,65.9,False,No classification on record,0,lseg
Tex Cycle Technology (M) Bhd,TEXCYCL,Professional & Commercial Services,2025-12-31,-2.2965853,365,65.8,False,No classification on record,0,lseg
KYM Holdings Bhd,KYM,Containers & Packaging,2026-01-31,-2.2974877,366,65.7,False,No classification on record,0,lseg
Wentel Engineering Holdings Bhd,WENTEL,Metals & Mining,2026-12-31,-2.297524,367,65.6,False,No classification on record,0,lseg
LGMS Bhd,LGMS,Software & IT Services,2026-12-31,-2.2977896,368,65.5,False,No classification on record,0,lseg
MCOM Holdings Bhd,MCOM,Media & Publishing,2025-06-30,-2.2982512,369,65.4,False,No classification on record,0,lseg
Tashin Holdings Bhd,TASHIN,Metals & Mining,2025-12-31,-2.2983592,370,65.4,False,No classification on record,0,lseg
Pesona Metro Holdings Bhd,PESONA,Construction & Engineering,2026-12-31,-2.3004882,371,65.3,False,No classification on record,0,lseg
Malaysian Genomics Resource Centre Bhd,MGRC,Healthcare Providers & Services,2026-06-30,-2.3008442,372,65.2,False,No classification on record,0,lseg
Scientex Bhd,SCIENTX,Containers & Packaging,2026-07-31,-2.3012955,373,65.1,False,No classification on record,0,lseg
Dayang Enterprise Holdings Bhd,DAYANG,Oil & Gas Related Equipment and Services,2026-12-31,-2.3030388,374,65.0,False,No classification on record,0,lseg
Hwa Tai Industries Bhd,HWATAI,Food & Tobacco,2025-12-31,-2.3036704,375,64.9,False,No classification on record,0,lseg
Pantech Group Holdings Bhd,PANTECH,Metals & Mining,2027-02-28,-2.306126,376,64.8,False,No classification on record,0,lseg
Gdex Bhd,GDEX,Freight & Logistics Services,2026-12-31,-2.306603,377,64.7,False,No classification on record,0,lseg
United U-LI Corporation Bhd,ULICORP,Metals & Mining,2026-12-31,-2.3066487,378,64.6,False,No classification on record,0,lseg
Karyon Industries Bhd,KARYON,Chemicals,2026-03-31,-2.307691,379,64.5,False,No classification on record,0,lseg
Deleum Bhd,DELEUM,Oil & Gas Related Equipment and Services,2026-12-31,-2.308265,380,64.4,False,No classification on record,0,lseg
Perusahaan Sadur Timah Malaysia (PERSTIMA) Bhd,PERSTIM,Metals & Mining,2027-03-31,-2.3104959,381,64.3,False,No classification on record,0,lseg
Edelteq Holdings Bhd,EDELTEQ,Semiconductors & Semiconductor Equipment,2026-12-31,-2.3108044,382,64.2,False,No classification on record,0,lseg
MKH Bhd,MKH,Real Estate Operations,2026-09-30,-2.3134947,383,64.1,False,No classification on record,0,lseg
Asia Brands Bhd,ASIABRN,Textiles & Apparel,2026-03-31,-2.3138206,384,64.0,False,No classification on record,0,lseg
Eonmetall Group Bhd,EMETALL,Metals & Mining,2025-12-31,-2.3152294,385,63.9,False,No classification on record,0,lseg
Fima Corporation Bhd,FIMACOR,Food & Tobacco,2027-03-31,-2.3158002,386,63.8,False,No classification on record,0,lseg
Master-Pack Group Bhd,MASTER,Containers & Packaging,2025-12-31,-2.3158622,387,63.8,False,No classification on record,0,lseg
Kim Loong Resources Bhd,KMLOONG,Food & Tobacco,2027-01-31,-2.3170319,388,63.7,False,No classification on record,0,lseg
Lim Seong Hai Capital Bhd,LSH,Construction & Engineering,2026-09-30,-2.3179142,389,63.6,False,No classification on record,0,lseg
Carlsberg Brewery Malaysia Bhd,CARLSBG,Beverages,2026-12-31,-2.3187559,390,63.5,False,No classification on record,0,lseg
Hock Soon Capital Bhd,HOCKSOON,Personal & Household Products & Services,2025-09-30,-2.3219965,391,63.4,False,No classification on record,0,lseg
Matrix Concepts Holdings Bhd,MATRIX,Real Estate Operations,2027-03-31,-2.3229485,392,63.3,False,No classification on record,0,lseg
Noesis Exed Bhd,NOESIS,Professional & Business Education,2025-06-30,-2.3237534,393,63.2,False,No classification on record,0,lseg
Pharmaniaga Bhd,PHARMA,Pharmaceuticals,2026-12-31,-2.3239374,394,63.1,False,Previously classified,0,lseg
Plenitude Bhd,PLENITU,Real Estate Operations,2026-06-30,-2.325084,395,63.0,False,No classification on record,0,lseg
Saudigold Group Berhad,SG,Food & Tobacco,2025-07-31,-2.330083,396,62.9,False,No classification on record,0,lseg
Infraharta Holdings Bhd,IHB,Construction & Engineering,2025-06-30,-2.3303077,397,62.8,False,No classification on record,0,lseg
DC Healthcare Holdings Bhd,DCHCARE,Personal & Household Products & Services,2026-12-31,-2.33094,398,62.7,False,No classification on record,0,lseg
Onetech Solutions Holdings Bhd,1TECH,Software & IT Services,2025-12-31,-2.3321025,399,62.6,False,No classification on record,0,lseg
Heineken Malaysia Bhd,HEIM,Beverages,2026-12-31,-2.3338063,400,62.5,False,No classification on record,0,lseg
Lion Industries Corporation Bhd,LIONIND,Metals & Mining,2026-06-30,-2.3341982,401,62.4,False,No classification on record,0,lseg
Symphony Life Bhd,SYMLIFE,Real Estate Operations,2026-03-31,-2.3362823,402,62.3,False,No classification on record,0,lseg
Kuala Lumpur Kepong Bhd,KLK,Chemicals,2026-09-30,-2.3374817,403,62.3,False,No classification on record,0,lseg
Sasbadi Holdings Bhd,SASBADI,Media & Publishing,2026-08-31,-2.339785,404,62.2,False,No classification on record,0,lseg
Sunzen Group Bhd,SUNZEN,Food & Tobacco,2025-06-30,-2.340893,405,62.1,False,No classification on record,0,lseg
MBM Resources Bhd,MBMR,Automobiles & Auto Parts,2026-12-31,-2.3418243,406,62.0,False,No classification on record,0,lseg
Pappajack Bhd,PPJACK,Banking Services,2025-12-31,-2.3419263,407,61.9,False,No classification on record,0,lseg
QL Resources Bhd,QL,Food & Tobacco,2027-03-31,-2.3428574,408,61.8,False,No classification on record,0,lseg
He Group Bhd,HEGROUP,Electric Utilities & IPPs,2026-12-31,-2.3433375,409,61.7,False,No classification on record,0,lseg
Kinergy Advancement Bhd,KINERGY,Construction & Engineering,2026-12-31,-2.3471627,410,61.6,False,No classification on record,0,lseg
MyTech Group Bhd,MYTECH,"Machinery, Tools, Heavy Vehicles, Trains & Ships",2026-03-31,-2.3476183,411,61.5,False,No classification on record,0,lseg
Negri Sembilan Oil Palms Bhd,NSOP,Food & Tobacco,2025-12-31,-2.3481305,412,61.4,False,No classification on record,0,lseg
Watta Holding Bhd,WATTA,Professional & Commercial Services,2025-12-31,-2.3489628,413,61.3,False,No classification on record,0,lseg
Joe Holding Bhd,JOE,Automobiles & Auto Parts,2026-03-31,-2.3505962,414,61.2,False,No classification on record,0,lseg
Tropicana Corporation Bhd,TROP,Real Estate Operations,2025-12-31,-2.3526487,415,61.1,False,No classification on record,0,lseg
China Ouhua Winery Holdings Ltd,CNOUHUA,Beverages,2025-12-31,-2.3532112,416,61.0,False,No classification on record,0,lseg
Magni-Tech Industries Bhd,MAGNI,Textiles & Apparel,2027-04-30,-2.357091,417,60.9,False,No classification on record,0,lseg
Citra Nusa Holdings Bhd,CNH,Pharmaceuticals,2025-12-31,-2.3573954,418,60.8,False,No classification on record,0,lseg
Leader Steel Holdings Bhd,LSTEEL,Metals & Mining,2025-12-31,-2.3595812,419,60.8,False,No classification on record,0,lseg
SMRT Holdings Bhd,SMRT,Software & IT Services,2026-06-30,-2.3598666,420,60.7,False,No classification on record,0,lseg
BIG Industries Bhd,BIG,Chemicals,2025-06-30,-2.363553,421,60.6,False,No classification on record,0,lseg
Unimech Group Bhd,UNIMECH,"Machinery, Tools, Heavy Vehicles, Trains & Ships",2026-12-31,-2.365356,422,60.5,False,No classification on record,0,lseg
MQ Technology Bhd,MQTECH,"Machinery, Tools, Heavy Vehicles, Trains & Ships",2026-02-28,-2.3693984,423,60.4,False,No classification on record,0,lseg
OCB Bhd,OCB,Food & Tobacco,2025-12-31,-2.3700757,424,60.3,False,No classification on record,0,lseg
Aneka Jaringan Holdings Bhd,ANEKA,Construction & Engineering,2025-08-31,-2.373597,425,60.2,False,No classification on record,0,lseg
XL Holdings Bhd,XL,Food & Tobacco,2026-04-30,-2.3745596,426,60.1,False,No classification on record,0,lseg
Amtel Holdings Bhd,AMTEL,Telecommunications Services,2025-11-30,-2.3751361,427,60.0,False,No classification on record,0,lseg
NTPM Holdings Bhd,NTPM,Personal & Household Products & Services,2027-04-30,-2.3757432,428,59.9,False,No classification on record,0,lseg
Swift Energy Technology Bhd,SET,"Machinery, Tools, Heavy Vehicles, Trains & Ships",2026-09-30,-2.3764327,429,59.8,False,No classification on record,0,lseg
LAC Med Bhd,LACMED,Healthcare Equipment & Supplies,2026-12-31,-2.3764896,430,59.7,False,No classification on record,0,lseg
99 Speed Mart Retail Holdings Bhd,99SMART,Food & Drug Retailing,2026-12-31,-2.3825674,431,59.6,False,No classification on record,0,lseg
Kawan Renergy Bhd,KENERGY,Professional & Commercial Services,2026-10-31,-2.3834116,432,59.5,False,No classification on record,0,lseg
Taliworks Corporation Bhd,TALIWRK,Water & Related Utilities,2026-12-31,-2.383725,433,59.4,False,No classification on record,0,lseg
DGB Asia Bhd,DGB,Hotels & Entertainment Services,2025-12-31,-2.3866973,434,59.3,False,No classification on record,0,lseg
Skyechip Bhd,SKYECHIP,Software & IT Services,2027-03-31,-2.3867834,435,59.2,False,No classification on record,0,lseg
ES Ceramics Technology Bhd,ESCERAM,Textiles & Apparel,2026-05-31,-2.3878074,436,59.2,False,No classification on record,0,lseg
CWG Holdings Bhd,CWG,Professional & Commercial Services,2026-06-30,-2.3880997,437,59.1,False,No classification on record,0,lseg
Baba Eco Group Bhd,BABA,Household Goods,2025-10-31,-2.3895075,438,59.0,False,No classification on record,0,lseg
TIME dotCom Bhd,TIMECOM,Telecommunications Services,2026-12-31,-2.3900335,439,58.9,False,No classification on record,0,lseg
SD Guthrie Bhd,SDG,Food & Tobacco,2026-12-31,-2.3904948,440,58.8,False,No classification on record,0,lseg
Only World Group Holdings Bhd,OWG,Hotels & Entertainment Services,2026-06-30,-2.3944552,441,58.7,False,No classification on record,0,lseg
Exsim Hospitality Bhd,EXSIMHB,Real Estate Operations,2026-06-30,-2.3980076,442,58.6,False,No classification on record,0,lseg
Astral Asia Bhd,AASIA,Food & Tobacco,2025-12-31,-2.3981392,443,58.5,False,No classification on record,0,lseg
Northeast Group Bhd,NE,"Machinery, Tools, Heavy Vehicles, Trains & Ships",2026-09-30,-2.3998601,444,58.4,False,No classification on record,0,lseg
Toyo Ventures Holdings Bhd,TOYOVEN,Chemicals,2026-03-31,-2.4006026,445,58.3,False,No classification on record,0,lseg
See Hup Consolidated Bhd,SEEHUP,Freight & Logistics Services,2026-03-31,-2.404064,446,58.2,False,No classification on record,0,lseg
Supreme Consolidated Resources Bhd,SUPREME,Food & Drug Retailing,2025-09-30,-2.4042687,447,58.1,False,No classification on record,0,lseg
IDB Technologies Bhd,IDBTECH,Software & IT Services,2025-06-30,-2.405272,448,58.0,False,No classification on record,0,lseg
Rekatech Capital Bhd,REKATECH,Real Estate Operations,2025-06-30,-2.4059181,449,57.9,False,No classification on record,0,lseg
SCC Holdings Bhd,SCC,Food & Tobacco,2025-12-31,-2.4059753,450,57.8,False,No classification on record,0,lseg
JCY International Bhd,JCY,"Computers, Phones & Household Electronics",2026-09-30,-2.4066377,451,57.7,False,No classification on record,0,lseg
Nextgreen Global Bhd,NGGB,Professional & Commercial Services,2026-12-31,-2.4071815,452,57.7,False,No classification on record,0,lseg
Sungei Bagan Rubber Company Malaya Bhd,SBAGAN,Food & Tobacco,2025-06-30,-2.4072435,453,57.6,False,No classification on record,0,lseg
Focus Dynamics Group Bhd,FOCUS,Hotels & Entertainment Services,2026-03-31,-2.407899,454,57.5,False,No classification on record,0,lseg
Ramssol Group Bhd,RAMSSOL,Professional & Commercial Services,2026-12-31,-2.408416,455,57.4,False,No classification on record,0,lseg
Arka Bhd,ARKA,Freight & Logistics Services,2025-12-31,-2.4097736,456,57.3,False,No classification on record,0,lseg
Ray Go Solar Holdings Bhd,RGS,Renewable Energy,2025-10-31,-2.4108725,457,57.2,False,No classification on record,0,lseg
Permaju Industries Berhad,PERMAJU,Automobiles & Auto Parts,2025-09-30,-2.413907,458,57.1,False,No classification on record,0,lseg
Mah Sing Group Bhd,MAHSING,Real Estate Operations,2026-12-31,-2.4148228,459,57.0,False,No classification on record,0,lseg
Ynh Property Bhd,YNHPROP,Real Estate Operations,2025-06-30,-2.416308,460,56.9,False,No classification on record,0,lseg
Axteria Group Bhd,AXTERIA,Real Estate Operations,2025-12-31,-2.4176614,461,56.8,False,No classification on record,0,lseg
Lotus Circular Bhd,LOTUSCIR,Specialty Retailers,2025-06-30,-2.4178133,462,56.7,False,No classification on record,0,lseg
PSP Energy Bhd,PSP,Banking Services,2025-06-30,-2.421128,463,56.6,False,No classification on record,0,lseg
Far East Holdings Bhd,FAREAST,Food & Tobacco,2025-12-31,-2.4219377,464,56.5,False,No classification on record,0,lseg
Life Water Bhd,LWSABAH,Beverages,2026-06-30,-2.4231012,465,56.4,False,No classification on record,0,lseg
Mycron Steel Bhd,MYCRON,Metals & Mining,2026-06-30,-2.4236927,466,56.3,False,No classification on record,0,lseg
MKH Oil Palm (East Kalimantan) Bhd,MKHOP,Food & Tobacco,2025-09-30,-2.4255831,467,56.2,False,No classification on record,0,lseg
MHC Plantations Bhd,MHC,Food & Tobacco,2025-12-31,-2.4283483,468,56.2,False,No classification on record,0,lseg
Top Glove Corporation Bhd,TOPGLOV,Healthcare Equipment & Supplies,2026-08-31,-2.4314756,469,56.1,False,No classification on record,0,lseg
Wasco Bhd,WASCO,Oil & Gas Related Equipment and Services,2026-12-31,-2.4323401,470,56.0,False,No classification on record,0,lseg
M & A Equity Holdings Bhd,M&A,Investment Banking & Investment Services,2025-06-30,-2.433168,471,55.9,False,No classification on record,0,lseg
Rohas Tecnic Bhd,ROHAS,Construction & Engineering,2026-12-31,-2.4359665,472,55.8,False,No classification on record,0,lseg
NexG Bhd,NEXG,Software & IT Services,2027-03-31,-2.438431,473,55.7,False,No classification on record,0,lseg
AWC Bhd,AWC,Professional & Commercial Services,2026-06-30,-2.4389777,474,55.6,False,No classification on record,0,lseg
CAB Cakaran Corporation Bhd,CAB,Food & Tobacco,2026-09-30,-2.4427698,475,55.5,False,No classification on record,0,lseg
MTAG Group Bhd,MTAG,Professional & Commercial Services,2026-06-30,-2.4429388,476,55.4,False,No classification on record,0,lseg
Pecca Group Bhd,PECCA,Automobiles & Auto Parts,2026-06-30,-2.4452672,477,55.3,False,No classification on record,0,lseg
VisDynamics Holdings Bhd,VIS,"Machinery, Tools, Heavy Vehicles, Trains & Ships",2025-10-31,-2.448099,478,55.2,False,No classification on record,0,lseg
Vizione Holdings Bhd,VIZIONE,Real Estate Operations,2025-05-31,-2.4483995,479,55.1,False,No classification on record,0,lseg
PRIVASIA Technology Bhd,PRIVA,Software & IT Services,2025-12-31,-2.448977,480,55.0,False,No classification on record,0,lseg
Lb Aluminium Bhd,LBALUM,Metals & Mining,2026-04-30,-2.4490294,481,54.9,False,No classification on record,0,lseg
Polydamic Group Bhd,POLYDM,Professional & Commercial Services,2025-06-30,-2.4490395,482,54.8,False,No classification on record,0,lseg
RHB Bank Bhd,RHBBANK,Banking Services,2026-12-31,-2.4536347,483,54.7,False,No classification on record,0,lseg
Bioalpha Holdings Bhd,BIOHLDG,Pharmaceuticals,2026-12-31,-2.4543922,484,54.6,False,No classification on record,0,lseg
Fraser & Neave Holdings Bhd,F&N,Beverages,2026-09-30,-2.4552476,485,54.6,False,No classification on record,0,lseg
HCK Capital Group Bhd,HCK,Real Estate Operations,2025-12-31,-2.4564788,486,54.5,False,No classification on record,0,lseg
Mnrb Holdings Bhd,MNRB,Insurance,2027-03-31,-2.4580972,487,54.4,False,No classification on record,0,lseg
Wegmans Holdings Bhd,WEGMANS,Household Goods,2026-12-31,-2.458289,488,54.3,False,No classification on record,0,lseg
Greater Bay Holdings Bhd,GBAY,Containers & Packaging,2025-12-31,-2.458398,489,54.2,False,No classification on record,0,lseg
Aimax Bhd,AIMAX,Healthcare Providers & Services,2025-09-30,-2.4590843,490,54.1,False,No classification on record,0,lseg
Teamstar Bhd,TEAMSTR,Specialty Retailers,2025-12-31,-2.4603722,491,54.0,False,No classification on record,0,lseg
Southern Score Builders Bhd,SSB8,Construction & Engineering,2026-06-30,-2.4630451,492,53.9,False,Previously classified,0,lseg
Majuperak Holdings Bhd,MJPERAK,Real Estate Operations,2025-12-31,-2.4675992,493,53.8,False,No classification on record,0,lseg
OpenSys (M) Bhd,OPENSYS,Software & IT Services,2025-12-31,-2.4760768,494,53.7,False,No classification on record,0,lseg
Alliance Bank Malaysia Bhd,ABMB,Banking Services,2027-03-31,-2.4777439,495,53.6,False,No classification on record,0,lseg
ASTEEL Group Bhd,ASTEEL,Investment Holding Companies,2025-12-31,-2.4793403,496,53.5,False,No classification on record,0,lseg
Techbase Industries Bhd,TECHBASE,Textiles & Apparel,2026-07-31,-2.4794047,497,53.4,False,No classification on record,0,lseg
Coraza Integrated Technology Bhd,CORAZA,Metals & Mining,2026-12-31,-2.484187,498,53.3,False,No classification on record,0,lseg
GFM Services Bhd,GFM,Consumer Goods Conglomerates,2025-12-31,-2.485734,499,53.2,False,No classification on record,0,lseg
Signature International Bhd,SIGN,Homebuilding & Construction Supplies,2026-06-30,-2.4857895,500,53.1,False,No classification on record,0,lseg
PIE Industrial Bhd,PIE,"Machinery, Tools, Heavy Vehicles, Trains & Ships",2026-12-31,-2.488426,501,53.1,False,No classification on record,0,lseg
Notion VTec Bhd,NOTION,"Computers, Phones & Household Electronics",2026-09-30,-2.4886837,502,53.0,False,No classification on record,0,lseg
PJBumi Bhd,PJBUMI,Construction & Engineering,2025-06-30,-2.4914992,503,52.9,False,No classification on record,0,lseg
Prestar Resources Bhd,PRESTAR,Metals & Mining,2025-12-31,-2.4931238,504,52.8,False,No classification on record,0,lseg
Leong Hup International Bhd,LHI,Food & Tobacco,2026-12-31,-2.4936385,505,52.7,False,No classification on record,0,lseg
Signature Alliance Group Bhd,SAG,Professional & Commercial Services,2025-12-31,-2.495195,506,52.6,False,No classification on record,0,lseg
Ocean Fresh Bhd,OFB,Food & Tobacco,2025-12-31,-2.4977453,507,52.5,False,No classification on record,0,lseg
Widad Group Bhd,WIDAD,Construction & Engineering,2025-12-31,-2.4983404,508,52.4,False,No classification on record,0,lseg
YLI Holdings Bhd,YLI,Metals & Mining,2026-03-31,-2.4996333,509,52.3,False,No classification on record,0,lseg
NI Hsin Group Bhd,NIHSIN,Household Goods,2025-12-31,-2.5006304,510,52.2,False,No classification on record,0,lseg
ACO Group Bhd,ACO,"Machinery, Tools, Heavy Vehicles, Trains & Ships",2027-02-28,-2.50174,511,52.1,False,No classification on record,0,lseg
Metrod Holdings Bhd,METROD,"Machinery, Tools, Heavy Vehicles, Trains & Ships",2025-12-31,-2.502069,512,52.0,False,No classification on record,0,lseg
UCI Resources Bhd,UTAMA,Construction Materials,2025-12-31,-2.504041,513,51.9,False,No classification on record,0,lseg
Public Bank Bhd,PBBANK,Banking Services,2026-12-31,-2.504203,514,51.8,False,No classification on record,0,lseg
Adventa Bhd,ADVENTA,Healthcare Equipment & Supplies,2025-12-31,-2.5061944,515,51.7,False,No classification on record,0,lseg
Timberwell Bhd,TIMWELL,Paper & Forest Products,2025-12-31,-2.5076115,516,51.6,False,No classification on record,0,lseg
Kretam Holdings Bhd,KRETAM,Food & Tobacco,2025-12-31,-2.5081725,517,51.5,False,No classification on record,0,lseg
Farlim Group (Malaysia) Bhd,FARLIM,Real Estate Operations,2025-12-31,-2.5096653,518,51.5,False,No classification on record,0,lseg
Fiamma Holdings Bhd,FIAMMA,Household Goods,2026-12-31,-2.51223,519,51.4,False,No classification on record,0,lseg
MISC Bhd,MISC,Transport Infrastructure,2026-12-31,-2.5138645,520,51.3,False,No classification on record,0,lseg
Teo Seng Capital Bhd,TEOSENG,Food & Tobacco,2026-12-31,-2.5142076,521,51.2,False,No classification on record,0,lseg
EG Industries Bhd,EG,Electronic Equipment & Parts,2026-06-30,-2.515609,522,51.1,False,No classification on record,0,lseg
TFP Solutions Bhd,TFP,Software & IT Services,2025-06-30,-2.5157826,523,51.0,False,No classification on record,0,lseg
Amlex Holdings Bhd,AMLEX,"Machinery, Tools, Heavy Vehicles, Trains & Ships",2026-03-31,-2.5183582,524,50.9,False,No classification on record,0,lseg
Hong Leong Financial Group Bhd,HLFG,Banking Services,2026-06-30,-2.5198205,525,50.8,False,No classification on record,0,lseg
Fibromat (M) Bhd,FIBRO,Professional & Commercial Services,2026-12-31,-2.5207336,526,50.7,False,No classification on record,0,lseg
Three-A Resources Bhd,3A,Food & Tobacco,2025-12-31,-2.5219672,527,50.6,False,No classification on record,0,lseg
Gadang Holdings Bhd,GADANG,Construction & Engineering,2026-05-31,-2.524305,528,50.5,False,No classification on record,0,lseg
Sime Darby Bhd,SIME,Consumer Goods Conglomerates,2026-06-30,-2.52507,529,50.4,False,No classification on record,0,lseg
Mega Fortris Bhd,MEGAFB,Professional & Commercial Services,2025-06-30,-2.526722,530,50.3,False,No classification on record,0,lseg
Guan Chong Bhd,GCB,Food & Tobacco,2026-12-31,-2.5274968,531,50.2,False,No classification on record,0,lseg
CIMB Group Holdings Bhd,CIMB,Banking Services,2026-12-31,-2.5300424,532,50.1,False,No classification on record,0,lseg
TT Vision Holdings Bhd,TTVHB,Semiconductors & Semiconductor Equipment,2026-12-31,-2.5305207,533,50.0,False,No classification on record,0,lseg
Mynews Holdings Bhd,MYNEWS,Food & Drug Retailing,2026-10-31,-2.5312562,534,50.0,False,No classification on record,0,lseg
Careplus Group Bhd,CAREPLS,Healthcare Equipment & Supplies,2025-06-30,-2.5319717,535,49.9,False,No classification on record,0,lseg
Ambest Group Bhd,AMBEST,"Machinery, Tools, Heavy Vehicles, Trains & Ships",2025-12-31,-2.5325866,536,49.8,False,No classification on record,0,lseg
Able Global Bhd,ABLEGLOB,Food & Tobacco,2026-12-31,-2.5361688,537,49.7,False,No classification on record,0,lseg
West River Bhd,WESTRVR,Professional & Commercial Services,2025-12-31,-2.5367947,538,49.6,False,No classification on record,0,lseg
Bintulu Port Holdings Bhd,BIPORT,Transport Infrastructure,2026-12-31,-2.5370882,539,49.5,False,No classification on record,0,lseg
Nova MSC Bhd,NOVAMSC,Software & IT Services,2026-03-31,-2.5390701,540,49.4,False,No classification on record,0,lseg
United Malacca Bhd,UMCCA,Food & Tobacco,2027-04-30,-2.5457628,541,49.3,False,No classification on record,0,lseg
SWS Capital Bhd,SWSCAP,Household Goods,2025-12-31,-2.546099,542,49.2,False,No classification on record,0,lseg
SKB Shutters Corporation Bhd,SKBSHUT,Homebuilding & Construction Supplies,2025-06-30,-2.5475888,543,49.1,False,No classification on record,0,lseg
Panda Eco System Bhd,PANDA,Software & IT Services,2025-12-31,-2.5477815,544,49.0,False,No classification on record,0,lseg
Xin Synergy Group Bhd,XIN,Construction Materials,2026-03-31,-2.5479758,545,48.9,False,No classification on record,0,lseg
Mobilia Holdings Bhd,MOBILIA,Household Goods,2026-12-31,-2.5480523,546,48.8,False,No classification on record,0,lseg
Choo Bee Metal Industries Bhd,CHOOBEE,Metals & Mining,2026-12-31,-2.5507047,547,48.7,False,No classification on record,0,lseg
Dagang NeXchange Bhd,DNEX,Semiconductors & Semiconductor Equipment,2026-12-31,-2.5521238,548,48.6,False,No classification on record,0,lseg
Destini Bhd,DESTINI,Professional & Commercial Services,2026-06-30,-2.5533888,549,48.5,False,No classification on record,0,lseg
Star Media Group Bhd,STAR,Media & Publishing,2026-12-31,-2.555367,550,48.5,False,No classification on record,0,lseg
Senheng New Retail Bhd,SENHENG,Specialty Retailers,2026-12-31,-2.5569224,551,48.4,False,No classification on record,0,lseg
CYL Corp Bhd,CYL,Containers & Packaging,2026-01-31,-2.5584934,552,48.3,False,No classification on record,0,lseg
Seni Jaya Corporation Bhd,SJC,Media & Publishing,2026-06-30,-2.5591166,553,48.2,False,No classification on record,0,lseg
UMedic Group Bhd,UMC,Healthcare Equipment & Supplies,2026-07-31,-2.5592802,554,48.1,False,No classification on record,0,lseg
IGB Commercial Real Estate Investment Trust,IGBCR,Residential & Commercial REITs,2026-12-31,-2.559662,555,48.0,False,No classification on record,0,lseg
UMS-Neiken Group Bhd,UMSNGB,"Machinery, Tools, Heavy Vehicles, Trains & Ships",2025-12-31,-2.5631692,556,47.9,False,No classification on record,0,lseg
DKLS Industries Bhd,DKLS,Construction Materials,2025-12-31,-2.5643625,557,47.8,False,No classification on record,0,lseg
Milolo Bhd,MILOLO,Diversified Retail,2025-09-30,-2.5656323,558,47.7,False,No classification on record,0,lseg
Press Metal Aluminium Holdings Bhd,PMETAL,Metals & Mining,2026-12-31,-2.5667868,559,47.6,False,No classification on record,0,lseg
Binastra Corporation Bhd,BNASTRA,Construction & Engineering,2027-01-31,-2.569145,560,47.5,False,No classification on record,0,lseg
TSA Group Bhd,TSA,Metals & Mining,2025-12-31,-2.574527,561,47.4,False,No classification on record,0,lseg
Supercomnet Technologies Bhd,SCOMNET,"Machinery, Tools, Heavy Vehicles, Trains & Ships",2026-12-31,-2.5763812,562,47.3,False,No classification on record,0,lseg
HeiTech Padu Bhd,HTPADU,Software & IT Services,2025-12-31,-2.5789008,563,47.2,False,No classification on record,0,lseg
Jaycorp Bhd,JAYCORP,Household Goods,2026-07-31,-2.580887,564,47.1,False,No classification on record,0,lseg
BWYS Group Bhd,BWYS,"Machinery, Tools, Heavy Vehicles, Trains & Ships",2025-12-31,-2.5827246,565,47.0,False,No classification on record,0,lseg
Inari Amertron Bhd,INARI,Semiconductors & Semiconductor Equipment,2026-06-30,-2.5829968,566,46.9,False,No classification on record,0,lseg
FoundPac Group Bhd,FPGROUP,Electronic Equipment & Parts,2026-06-30,-2.583438,567,46.9,False,No classification on record,0,lseg
SBS Nexus Bhd,SBS,Media & Publishing,2025-12-31,-2.5850072,568,46.8,False,No classification on record,0,lseg
Muar Ban Lee Group Bhd,MBL,"Machinery, Tools, Heavy Vehicles, Trains & Ships",2025-12-31,-2.587444,569,46.7,False,No classification on record,0,lseg
Insights Analytics Bhd,IAB,Software & IT Services,2027-04-30,-2.589031,570,46.6,False,No classification on record,0,lseg
Aemulus Holdings Bhd,AEMULUS,Semiconductors & Semiconductor Equipment,2026-09-30,-2.5901809,571,46.5,False,No classification on record,0,lseg
BLD Plantation Bhd,BLDPLNT,Food & Tobacco,2026-03-31,-2.5907454,572,46.4,False,No classification on record,0,lseg
Suria Capital Holdings Bhd,SURIA,Transport Infrastructure,2026-12-31,-2.5913606,573,46.3,False,No classification on record,0,lseg
Crest Group Bhd,CREST,Healthcare Equipment & Supplies,2025-12-31,-2.596421,574,46.2,False,No classification on record,0,lseg
Resintech Bhd,RESINTC,Homebuilding & Construction Supplies,2026-03-31,-2.599153,575,46.1,False,No classification on record,0,lseg
Wasco Greenergy Bhd,GENERGY,Electric Utilities & IPPs,2026-12-31,-2.6004457,576,46.0,False,No classification on record,0,lseg
Tanco Holdings Bhd,TANCO,Construction & Engineering,2026-06-30,-2.601095,577,45.9,False,No classification on record,0,lseg
Luster Industries Bhd,LUSTER,Chemicals,2025-12-31,-2.6018388,578,45.8,False,No classification on record,0,lseg
WCT Holdings Bhd,WCT,Construction & Engineering,2026-12-31,-2.6022909,579,45.7,False,No classification on record,0,lseg
Compugates Holdings Bhd,COMPUGT,"Computers, Phones & Household Electronics",2025-12-31,-2.602582,580,45.6,False,No classification on record,0,lseg
Osk Ventures International Bhd,OSKVI,Investment Banking & Investment Services,2025-12-31,-2.6056964,581,45.5,False,No classification on record,0,lseg
Greenyield Bhd,GREENYB,Paper & Forest Products,2025-12-31,-2.6120665,582,45.4,False,No classification on record,0,lseg
Ocean Vantage Holdings Bhd,OVH,Oil & Gas Related Equipment and Services,2025-12-31,-2.6132452,583,45.4,False,No classification on record,0,lseg
LPC Group Bhd,LPCGRP,Construction & Engineering,2026-04-30,-2.6156297,584,45.3,False,No classification on record,0,lseg
Yoong Onn Corporation Bhd,YOCB,Household Goods,2026-06-30,-2.6215105,585,45.2,False,No classification on record,0,lseg
Supermax Corporation Bhd,SUPERMX,Healthcare Equipment & Supplies,2026-06-30,-2.623889,586,45.1,False,No classification on record,0,lseg
WTEC Group Bhd,WTEC,Containers & Packaging,2025-12-31,-2.6279833,587,45.0,False,No classification on record,0,lseg
Malayan Banking Bhd,MAYBANK,Banking Services,2026-12-31,-2.6281843,588,44.9,False,No classification on record,0,lseg
SKP Resources Bhd,SKPRES,Electronic Equipment & Parts,2027-03-31,-2.6302469,589,44.8,False,No classification on record,0,lseg
DPS Resources Bhd,DPS,Construction & Engineering,2026-03-31,-2.6308649,590,44.7,False,No classification on record,0,lseg
Rhone Ma Holdings Bhd,RHONEMA,Pharmaceuticals,2026-12-31,-2.63136,591,44.6,False,No classification on record,0,lseg
Safetyware Group Bhd,SAFETY,Professional & Commercial Services,2025-12-31,-2.6321583,592,44.5,False,No classification on record,0,lseg
Thong Guan Industries Bhd,TGUAN,Containers & Packaging,2026-12-31,-2.633844,593,44.4,False,No classification on record,0,lseg
Kerjaya Prospek Property Bhd,KPPROP,Real Estate Operations,2027-03-31,-2.6342237,594,44.3,False,No classification on record,0,lseg
Jaya Tiasa Holdings Bhd,JTIASA,Food & Tobacco,2026-06-30,-2.6359568,595,44.2,False,No classification on record,0,lseg
Asia Poly Holdings Bhd,ASIAPLY,Chemicals,2025-12-31,-2.6369846,596,44.1,False,No classification on record,0,lseg
Optimax Holdings Bhd,OPTIMAX,Healthcare Providers & Services,2026-12-31,-2.6388345,597,44.0,False,No classification on record,0,lseg
Autoris Group Holdings Bhd,AUTORIS,Insurance,2025-12-31,-2.6395557,598,43.9,False,No classification on record,0,lseg
Paradigm Real Estate Investment Trust,PARADIGM,Residential & Commercial REITs,2026-12-31,-2.6410584,599,43.8,False,No classification on record,0,lseg
Ancom Nylex Bhd,ANCOMNY,Chemicals,2027-05-31,-2.6413236,600,43.8,False,No classification on record,0,lseg
Melati Ehsan Holdings Bhd,MELATI,Construction & Engineering,2025-08-31,-2.6439683,601,43.7,False,No classification on record,0,lseg
Petra Energy Bhd,PENERGY,"Machinery, Tools, Heavy Vehicles, Trains & Ships",2025-12-31,-2.6450312,602,43.6,False,No classification on record,0,lseg
Sunway Bhd,SUNWAY,Consumer Goods Conglomerates,2026-12-31,-2.645454,603,43.5,False,No classification on record,0,lseg
PCCS Group Bhd,PCCS,Textiles & Apparel,2026-03-31,-2.6467998,604,43.4,False,No classification on record,0,lseg
Pegasus Heights Bhd,PHB,Real Estate Operations,2025-12-31,-2.6482034,605,43.3,False,No classification on record,0,lseg
DutaLand Bhd,DUTALND,Real Estate Operations,2025-06-30,-2.6484568,606,43.2,False,No classification on record,0,lseg
CJ Century Logistics Holdings Bhd,CJCEN,Freight & Logistics Services,2026-12-31,-2.6489475,607,43.1,False,No classification on record,0,lseg
IJM Corporation Bhd,IJM,Construction & Engineering,2027-03-31,-2.6510112,608,43.0,False,No classification on record,0,lseg
AYS Ventures Bhd,AYS,Diversified Industrial Goods Wholesale,2026-03-31,-2.6548183,609,42.9,False,No classification on record,0,lseg
SMIS Corporation Bhd,SMISCOR,Automobiles & Auto Parts,2025-12-31,-2.6552763,610,42.8,False,No classification on record,0,lseg
ICT Zone Asia Bhd,ICTZONE,Software & IT Services,2027-01-31,-2.6561544,611,42.7,False,No classification on record,0,lseg
Gamuda Bhd,GAMUDA,Construction & Engineering,2026-07-31,-2.6589007,612,42.6,False,No classification on record,0,lseg
AwanBiru Technology Bhd,AWANTEC,Software & IT Services,2025-06-30,-2.6639583,613,42.5,False,No classification on record,0,lseg
Meta Bright Group Bhd,MBRIGHT,Hotels & Entertainment Services,2026-12-31,-2.665726,614,42.4,False,No classification on record,0,lseg
Affin Bank Bhd,AFFIN,Banking Services,2026-12-31,-2.6684608,615,42.3,False,No classification on record,0,lseg
Jati Tinggi Group Bhd,JTGROUP,Construction & Engineering,2026-11-30,-2.6694775,616,42.3,False,No classification on record,0,lseg
Bermaz Auto Bhd,BAUTO,Specialty Retailers,2027-04-30,-2.669823,617,42.2,False,No classification on record,0,lseg
Lay Hong Bhd,LAYHONG,Food & Tobacco,2027-03-31,-2.6718106,618,42.1,False,No classification on record,0,lseg
CCK Consolidated Holdings Bhd,CCK,Food & Drug Retailing,2026-12-31,-2.6740794,619,42.0,False,No classification on record,0,lseg
Komarkcorp Bhd,KOMARK,Containers & Packaging,2025-06-30,-2.6753151,620,41.9,False,No classification on record,0,lseg
Minox International Group Bhd,MINOX,Metals & Mining,2025-12-31,-2.6777098,621,41.8,False,No classification on record,0,lseg
REDtone Digital Bhd,REDTONE,Telecommunications Services,2026-06-30,-2.679291,622,41.7,False,No classification on record,0,lseg
Oriental Holdings Bhd,ORIENT,Specialty Retailers,2025-12-31,-2.6817045,623,41.6,False,No classification on record,0,lseg
Malaysia Smelting Corporation Bhd,MSC,Metals & Mining,2026-12-31,-2.682712,624,41.5,False,No classification on record,0,lseg
Ammb Holdings Bhd,AMBANK,Banking Services,2027-03-31,-2.682858,625,41.4,False,No classification on record,0,lseg
TMK Chemical Bhd,TMK,Chemicals,2026-12-31,-2.6832633,626,41.3,False,No classification on record,0,lseg
Willowglen MSC Bhd,WILLOW,Software & IT Services,2025-12-31,-2.6839206,627,41.2,False,No classification on record,0,lseg
Oceancash Pacific Bhd,OCNCASH,Textiles & Apparel,2026-12-31,-2.685151,628,41.1,False,No classification on record,0,lseg
Lien Hoe Corporation Bhd,LIENHOE,Real Estate Operations,2025-12-31,-2.685347,629,41.0,False,No classification on record,0,lseg
Hiap Teck Venture Bhd,HIAPTEK,Metals & Mining,2026-07-31,-2.6912425,630,40.9,False,No classification on record,0,lseg
Progressive Impact Corporation Bhd,PICORP,Professional & Commercial Services,2025-12-31,-2.692155,631,40.8,False,No classification on record,0,lseg
Stratus Global Holdings Bhd,,"Machinery, Tools, Heavy Vehicles, Trains & Ships",2026-03-31,-2.693435,632,40.8,False,No classification on record,0,lseg
Rhong Khen International Bhd,RKI,Household Goods,2026-06-30,-2.6935174,633,40.7,False,No classification on record,0,lseg
Homeritz Corporation Bhd,HOMERIZ,Household Goods,2026-08-31,-2.6963735,634,40.6,False,No classification on record,0,lseg
PGF Capital Bhd,PGF,Construction Materials,2027-02-28,-2.7000804,635,40.5,False,No classification on record,0,lseg
Pba Holdings Bhd,PBA,Water & Related Utilities,2025-12-31,-2.7009413,636,40.4,False,No classification on record,0,lseg
Emico Holdings Bhd,EMICO,Professional & Commercial Services,2026-03-31,-2.7021813,637,40.3,False,No classification on record,0,lseg
Tek Seng Holdings Bhd,TEKSENG,Chemicals,2026-12-31,-2.7034721,638,40.2,False,No classification on record,0,lseg
Excel Force MSC Bhd,EFORCE,Software & IT Services,2025-06-30,-2.7053182,639,40.1,False,No classification on record,0,lseg
Tri-Mode System (M) Bhd,TRIMODE,Freight & Logistics Services,2026-12-31,-2.7073755,640,40.0,False,No classification on record,0,lseg
CUCKOO International (MAL) Bhd,CKI,Household Goods,2025-12-31,-2.7102127,641,39.9,False,No classification on record,0,lseg
BEDI Bhd,BEDI,Real Estate Operations,2026-03-31,-2.7119055,642,39.8,False,No classification on record,0,lseg
EC Excel Holdings Bhd,ECEXCEL,Metals & Mining,2025-12-31,-2.7184935,643,39.7,False,No classification on record,0,lseg
Guan Huat Seng Holdings Bhd,GHS,Food & Drug Retailing,2025-07-31,-2.7187507,644,39.6,False,No classification on record,0,lseg
Tien Wah Press Holdings Bhd,TIENWAH,Professional & Commercial Services,2025-12-31,-2.7210379,645,39.5,False,No classification on record,0,lseg
Texchem Resources Bhd,TEXCHEM,Consumer Goods Conglomerates,2026-12-31,-2.723108,646,39.4,False,No classification on record,0,lseg
Binasat Communications Bhd,BINACOM,Telecommunications Services,2026-06-30,-2.723391,647,39.3,False,No classification on record,0,lseg
Avangaad Bhd,AVANGAAD,Freight & Logistics Services,2026-12-31,-2.7259293,648,39.2,False,No classification on record,0,lseg
Samaiden Group Bhd,SAMAIDEN,Construction & Engineering,2026-06-30,-2.7264252,649,39.2,False,No classification on record,0,lseg
FCW Holdings Bhd,FCW,Personal & Household Products & Services,2026-03-31,-2.7270052,650,39.1,False,No classification on record,0,lseg
NCT Alliance Bhd,NCT,Real Estate Operations,2025-12-31,-2.7285664,651,39.0,False,No classification on record,0,lseg
Ta Ann Holdings Bhd,TAANN,Food & Tobacco,2026-12-31,-2.7298496,652,38.9,False,No classification on record,0,lseg
PA Resources Bhd,PA,Metals & Mining,2026-06-30,-2.731274,653,38.8,False,No classification on record,0,lseg
Metro Healthcare Bhd,METRO,Healthcare Providers & Services,2026-12-31,-2.7325134,654,38.7,False,No classification on record,0,lseg
Marco Holdings Bhd,MARCO,Textiles & Apparel,2025-12-31,-2.7331583,655,38.6,False,No classification on record,0,lseg
Inta Bina Group Bhd,INTA,Homebuilding & Construction Supplies,2026-12-31,-2.7341862,656,38.5,False,No classification on record,0,lseg
Solution Group Bhd,SOLUTN,Investment Holding Companies,2025-12-31,-2.7350557,657,38.4,False,No classification on record,0,lseg
Aurelius Technologies Bhd,ATECH,Electronic Equipment & Parts,2026-12-31,-2.7393827,658,38.3,False,No classification on record,0,lseg
MM Computer Systems Bhd,,Software & IT Services,2025-12-31,-2.7429364,659,38.2,False,No classification on record,0,lseg
GUH Holdings Bhd,GUH,Semiconductors & Semiconductor Equipment,2025-12-31,-2.7439156,660,38.1,False,No classification on record,0,lseg
Harvest Miracle Capital Bhd,HM,Software & IT Services,2026-03-31,-2.7447622,661,38.0,False,No classification on record,0,lseg
Brite-Tech Bhd,BTECH,Professional & Commercial Services,2025-12-31,-2.7482736,662,37.9,False,No classification on record,0,lseg
Engtex Group Bhd,ENGTEX,Metals & Mining,2026-12-31,-2.7482972,663,37.8,False,No classification on record,0,lseg
EITA Resources Bhd,EITA,"Machinery, Tools, Heavy Vehicles, Trains & Ships",2026-09-30,-2.7490401,664,37.7,False,No classification on record,0,lseg
IOI Properties Group Bhd,IOIPG,Real Estate Operations,2026-06-30,-2.751849,665,37.7,False,No classification on record,0,lseg
BMS Holdings Bhd,BMS,Construction Materials,2025-06-30,-2.753154,666,37.6,False,No classification on record,0,lseg
Censof Holdings Bhd,CENSOF,Financial Technology (Fintech) & Infrastructure,2026-03-31,-2.7531898,667,37.5,False,No classification on record,0,lseg
CEKD Bhd,CEKD,"Machinery, Tools, Heavy Vehicles, Trains & Ships",2025-08-31,-2.7555916,668,37.4,False,No classification on record,0,lseg
Lianson Fleet Group Berhad,LFG,Oil & Gas Related Equipment and Services,2026-12-31,-2.7561946,669,37.3,False,No classification on record,0,lseg
Solid Automotive Bhd,SOLID,Automobiles & Auto Parts,2026-04-30,-2.7570686,670,37.2,False,No classification on record,0,lseg
DPI Holdings Bhd,DPIH,Chemicals,2026-05-31,-2.7572203,671,37.1,False,No classification on record,0,lseg
DynaFront Holdings Bhd,DYNAFNT,Software & IT Services,2025-06-30,-2.7583535,672,37.0,False,No classification on record,0,lseg
Hartanah Kenyalang Bhd,HKB,Construction & Engineering,2026-01-31,-2.7587729,673,36.9,False,No classification on record,0,lseg
Harrisons Holdings (Malaysia) Bhd,HARISON,Food & Drug Retailing,2025-12-31,-2.7588015,674,36.8,False,No classification on record,0,lseg
Chin Teck Plantations Bhd,CHINTEK,Food & Tobacco,2026-08-31,-2.759336,675,36.7,False,No classification on record,0,lseg
IGB Real Estate Investment Trust,IGBREIT,Residential & Commercial REITs,2026-12-31,-2.759597,676,36.6,False,No classification on record,0,lseg
UPA Corporation Bhd,UPA,Paper & Forest Products,2025-12-31,-2.7603276,677,36.5,False,No classification on record,0,lseg
OGX Group Bhd,,Software & IT Services,2025-05-31,-2.7611842,678,36.4,False,No classification on record,0,lseg
A-rank Bhd,ARANK,Metals & Mining,2025-07-31,-2.7636986,679,36.3,False,No classification on record,0,lseg
Hextar Technologies Solutions Bhd,HEXTECH,Construction Materials,2026-03-31,-2.7646725,680,36.2,False,No classification on record,0,lseg
Mentiga Corporation Bhd,MENTIGA,Food & Tobacco,2025-12-31,-2.7653885,681,36.2,False,No classification on record,0,lseg
Harbour-Link Group Bhd,HARBOUR,Freight & Logistics Services,2026-06-30,-2.7662895,682,36.1,False,No classification on record,0,lseg
ASM Automation Group Bhd,ASM,Containers & Packaging,2026-03-31,-2.766622,683,36.0,False,No classification on record,0,lseg
Pansar Bhd,PANSAR,Construction & Engineering,2026-03-31,-2.767468,684,35.9,False,No classification on record,0,lseg
Spritzer Bhd,SPRITZER,Beverages,2026-12-31,-2.767491,685,35.8,False,No classification on record,0,lseg
Nova Technology Services Bhd,NOVATECH,Software & IT Services,2025-06-30,-2.7689993,686,35.7,False,No classification on record,0,lseg
Poh Huat Resources Holdings Bhd,POHUAT,Household Goods,2026-10-31,-2.7696478,687,35.6,False,No classification on record,0,lseg
Southern Cable Group Bhd,SCGBHD,"Machinery, Tools, Heavy Vehicles, Trains & Ships",2026-12-31,-2.7719085,688,35.5,False,No classification on record,0,lseg
ENRA Group Bhd,ENRA,Oil & Gas Related Equipment and Services,2027-03-31,-2.7752452,689,35.4,False,No classification on record,0,lseg
ECM Libra Group Bhd,ECM,Hotels & Entertainment Services,2025-12-31,-2.7755904,690,35.3,False,No classification on record,0,lseg
Golden Pharos Bhd,GPHAROS,Paper & Forest Products,2025-12-31,-2.77621,691,35.2,False,No classification on record,0,lseg
Insas Bhd,INSAS,Investment Banking & Investment Services,2026-06-30,-2.776383,692,35.1,False,No classification on record,0,lseg
BV Land Holdings Bhd,BVLH,Real Estate Operations,2026-04-30,-2.7823136,693,35.0,False,No classification on record,0,lseg
Westports Holdings Bhd,WPRTS,Transport Infrastructure,2026-12-31,-2.783582,694,34.9,False,No classification on record,0,lseg
RGT Bhd,RGTBHD,Chemicals,2025-06-30,-2.7869043,695,34.8,False,No classification on record,0,lseg
Vestland Bhd,VLB,Homebuilding & Construction Supplies,2026-12-31,-2.7896063,696,34.7,False,No classification on record,0,lseg
Riverview Rubber Estates Bhd,RVIEW,Food & Tobacco,2025-12-31,-2.7914834,697,34.6,False,No classification on record,0,lseg
Land & General Bhd,L&G,Real Estate Operations,2027-03-31,-2.79175,698,34.6,False,No classification on record,0,lseg
Kotra Industries Bhd,KOTRA,Pharmaceuticals,2026-06-30,-2.7919614,699,34.5,False,No classification on record,0,lseg
Kumpulan Kitacon Bhd,KITACON,Real Estate Operations,2026-12-31,-2.7934153,700,34.4,False,No classification on record,0,lseg
Velesto Energy Bhd,VELESTO,Oil & Gas Related Equipment and Services,2026-12-31,-2.7953782,701,34.3,False,No classification on record,0,lseg
TSR Capital Bhd,TSRCAP,Construction & Engineering,2025-06-30,-2.796855,702,34.2,False,No classification on record,0,lseg
Hap Seng Consolidated Bhd,HAPSENG,Consumer Goods Conglomerates,2026-12-31,-2.7993238,703,34.1,False,No classification on record,0,lseg
Iconic Worldwide Bhd,ICONIC,Healthcare Equipment & Supplies,2025-06-30,-2.8003857,704,34.0,False,No classification on record,0,lseg
Amway (Malaysia) Holdings Bhd,AMWAY,Pharmaceuticals,2026-12-31,-2.801267,705,33.9,False,No classification on record,0,lseg
Federal International Holdings Bhd,FIHB,Specialty Retailers,2025-06-30,-2.8026671,706,33.8,False,No classification on record,0,lseg
Asia File Corporation Bhd,ASIAFLE,Professional & Commercial Services,2027-03-31,-2.803089,707,33.7,False,No classification on record,0,lseg
Varia Bhd,VARIA,Construction & Engineering,2025-06-30,-2.8084588,708,33.6,False,No classification on record,0,lseg
Mega First Corporation Bhd,MFCB,Electric Utilities & IPPs,2026-12-31,-2.8090513,709,33.5,False,No classification on record,0,lseg
RedPlanet Bhd,RPLANET,Software & IT Services,2025-06-30,-2.8139741,710,33.4,False,No classification on record,0,lseg
JKG Land Bhd,JKGLAND,Real Estate Operations,2027-01-31,-2.8142874,711,33.3,False,No classification on record,0,lseg
IFCA MSC Bhd,IFCAMSC,Software & IT Services,2025-12-31,-2.8168497,712,33.2,False,No classification on record,0,lseg
Public Packages Holdings Bhd,PPHB,Containers & Packaging,2025-12-31,-2.8169725,713,33.1,False,No classification on record,0,lseg
Sime Darby Property Bhd,SIMEPROP,Real Estate Operations,2026-12-31,-2.8177361,714,33.1,False,No classification on record,0,lseg
GE-SHEN Corporation Bhd,GESHEN,"Machinery, Tools, Heavy Vehicles, Trains & Ships",2025-12-31,-2.821919,715,33.0,False,No classification on record,0,lseg
Infoline Tec Group Bhd,INFOTEC,Software & IT Services,2026-03-31,-2.8242455,716,32.9,False,No classification on record,0,lseg
HPP Holdings Bhd,HPPHB,Containers & Packaging,2026-05-31,-2.8274956,717,32.8,False,No classification on record,0,lseg
Unitrade Industries Bhd,UNITRAD,Homebuilding & Construction Supplies,2026-03-31,-2.8281348,718,32.7,False,No classification on record,0,lseg
Rimbunan Sawit Bhd,RSAWIT,Food & Tobacco,2025-12-31,-2.8285434,719,32.6,False,No classification on record,0,lseg
RGB International Bhd,RGB,Hotels & Entertainment Services,2026-12-31,-2.8309026,720,32.5,False,No classification on record,0,lseg
EPB Group Bhd,EPB,"Machinery, Tools, Heavy Vehicles, Trains & Ships",2025-12-31,-2.8314085,721,32.4,False,No classification on record,0,lseg
Bentley Music Group Bhd,BENTLEY,Specialty Retailers,2025-06-30,-2.8353267,722,32.3,False,No classification on record,0,lseg
Bright Packaging Industry Bhd,BRIGHT,Containers & Packaging,2026-08-31,-2.8370984,723,32.2,False,No classification on record,0,lseg
Hextar Global Bhd,HEXTAR,Chemicals,2026-12-31,-2.8379035,724,32.1,False,No classification on record,0,lseg
Chin Hin Group Bhd,CHINHIN,Homebuilding & Construction Supplies,2026-12-31,-2.8385398,725,32.0,False,No classification on record,0,lseg
Pimpinan Ehsan Bhd,PEB,Investment Holding Companies,2025-12-31,-2.8449492,726,31.9,False,No classification on record,0,lseg
Cloudpoint Technology Bhd,CLOUDPT,Software & IT Services,2026-12-31,-2.8465328,727,31.8,False,No classification on record,0,lseg
MUI Properties Bhd,MUIPROP,Real Estate Operations,2025-06-30,-2.8466232,728,31.7,False,No classification on record,0,lseg
Chuan Huat Resources Bhd,CHUAN,Investment Holding Companies,2025-06-30,-2.8480978,729,31.6,False,No classification on record,0,lseg
Sinaran Advance Group Bhd,SINARAN,Textiles & Apparel,2025-12-31,-2.8488855,730,31.5,False,No classification on record,0,lseg
Leon Fuat Bhd,LEONFB,Metals & Mining,2025-12-31,-2.8489804,731,31.5,False,No classification on record,0,lseg
Kumpulan H & L High-Tech Bhd,HIGHTEC,"Machinery, Tools, Heavy Vehicles, Trains & Ships",2025-10-31,-2.8497639,732,31.4,False,No classification on record,0,lseg
Green Ocean Corporation Bhd,GOCEAN,Food & Drug Retailing,2025-03-31,-2.8504136,733,31.3,False,No classification on record,0,lseg
Hume Cement Industries Bhd,HUMEIND,Construction Materials,2026-06-30,-2.8513932,734,31.2,False,No classification on record,0,lseg
Eckem Holdings Bhd,ECKEM,Chemicals,2025-12-31,-2.851907,735,31.1,False,No classification on record,0,lseg
Eupe Corporation Bhd,EUPE,Real Estate Operations,2026-02-28,-2.8521724,736,31.0,False,No classification on record,0,lseg
HI Mobility Bhd,HI,Passenger Transportation Services,2027-01-31,-2.852843,737,30.9,False,No classification on record,0,lseg
Samchem Holdings Bhd,SAMCHEM,Chemicals,2025-12-31,-2.8556876,738,30.8,False,No classification on record,0,lseg
Hextar Retail Bhd,HEXRTL,Paper & Forest Products,2025-12-31,-2.856186,739,30.7,False,No classification on record,0,lseg
Dancomech Holdings Bhd,DANCO,"Machinery, Tools, Heavy Vehicles, Trains & Ships",2026-12-31,-2.8621786,740,30.6,False,No classification on record,0,lseg
Semico Capital Bhd,SEMICO,Hotels & Entertainment Services,2025-06-30,-2.8635197,741,30.5,False,No classification on record,0,lseg
Cabnet Holdings Bhd,CABNET,Construction & Engineering,2026-02-28,-2.8646739,742,30.4,False,No classification on record,0,lseg
SEAL Incorporated Bhd,SEAL,Real Estate Operations,2026-06-30,-2.8666508,743,30.3,False,No classification on record,0,lseg
CE Technology Bhd,CETECH,Textiles & Apparel,2025-07-31,-2.8684545,744,30.2,False,No classification on record,0,lseg
Cepatwawasan Group Bhd,CEPAT,Food & Tobacco,2025-12-31,-2.8690298,745,30.1,False,No classification on record,0,lseg
Teladan Group Bhd,TELADAN,Real Estate Operations,2026-12-31,-2.8700755,746,30.0,False,No classification on record,0,lseg
Silver Ridge Holdings Bhd,SRIDGE,Telecommunications Services,2025-06-30,-2.8719914,747,30.0,False,No classification on record,0,lseg
Foodie Media Bhd,FOODIE,Media & Publishing,2026-08-31,-2.8722749,748,29.9,False,No classification on record,0,lseg
ACME Holdings Bhd,ACME,Real Estate Operations,2026-03-31,-2.8729403,749,29.8,False,No classification on record,0,lseg
Imaspro Corporation Bhd,IMASPRO,Chemicals,2026-06-30,-2.8738122,750,29.7,False,No classification on record,0,lseg
MCE Holdings Bhd,MCEHLDG,Automobiles & Auto Parts,2026-07-31,-2.8743777,751,29.6,False,No classification on record,0,lseg
Focus Lumber Bhd,FLBHD,Paper & Forest Products,2026-12-31,-2.8766332,752,29.5,False,No classification on record,0,lseg
HSS Engineers Bhd,HSSEB,Construction & Engineering,2026-12-31,-2.8798976,753,29.4,False,No classification on record,0,lseg
PMB Technology Bhd,PMBTECH,Metals & Mining,2026-12-31,-2.883195,754,29.3,False,No classification on record,0,lseg
MYMBN Bhd,MBN,Food & Tobacco,2025-12-31,-2.884062,755,29.2,False,No classification on record,0,lseg
Smile-link Healthcare Global Bhd,SMILE,Healthcare Providers & Services,2025-06-30,-2.8849263,756,29.1,False,No classification on record,0,lseg
Paragon Globe Bhd,PGLOBE,Construction & Engineering,2026-03-31,-2.8871431,757,29.0,False,No classification on record,0,lseg
YB Ventures Bhd,YB,Homebuilding & Construction Supplies,2025-06-30,-2.8876863,758,28.9,False,No classification on record,0,lseg
Powertechnic Group Bhd,POWER,"Machinery, Tools, Heavy Vehicles, Trains & Ships",2025-12-31,-2.8878329,759,28.8,False,No classification on record,0,lseg
KHPT Holdings Bhd,KHB,Specialty Retailers,2025-12-31,-2.8905547,760,28.7,False,No classification on record,0,lseg
KEN Holdings Bhd,KEN,Real Estate Operations,2025-12-31,-2.8925502,761,28.6,False,No classification on record,0,lseg
DSR Taiko Bhd,DSR,Food & Tobacco,2025-06-30,-2.8927226,762,28.5,False,No classification on record,0,lseg
Shin Yang Group Bhd,SYGROUP,Freight & Logistics Services,2025-06-30,-2.8930237,763,28.5,False,No classification on record,0,lseg
Crescendo Corp Bhd,CRESNDO,Real Estate Operations,2027-01-31,-2.8933768,764,28.4,False,No classification on record,0,lseg
KSL Holdings Bhd,KSL,Real Estate Operations,2026-12-31,-2.8958895,765,28.3,False,No classification on record,0,lseg
Power Root Bhd,PWROOT,Beverages,2027-03-31,-2.8959148,766,28.2,False,No classification on record,0,lseg
Sanichi Technology Bhd,SANICHI,"Machinery, Tools, Heavy Vehicles, Trains & Ships",2026-03-31,-2.8961298,767,28.1,False,No classification on record,0,lseg
Kgw Group Bhd,KGW,Freight & Logistics Services,2025-12-31,-2.8977187,768,28.0,False,No classification on record,0,lseg
Genting Plantations Bhd,GENP,Food & Tobacco,2026-12-31,-2.8989446,769,27.9,False,No classification on record,0,lseg
TSiC Bhd,TSIC,Professional & Commercial Services,2025-06-30,-2.9005945,770,27.8,False,No classification on record,0,lseg
KJTS Group Berhad,KJTS,Professional & Commercial Services,2026-12-31,-2.9017818,771,27.7,False,No classification on record,0,lseg
DKSH Holdings (Malaysia) Bhd,DKSH,Diversified Industrial Goods Wholesale,2026-12-31,-2.9024804,772,27.6,False,No classification on record,0,lseg
Kawan Food Bhd,KAWAN,Food & Tobacco,2026-12-31,-2.9091284,773,27.5,False,No classification on record,0,lseg
BCB Bhd,BCB,Real Estate Operations,2025-06-30,-2.9092872,774,27.4,False,No classification on record,0,lseg
MyAxis Group Bhd,MYAXIS,Food & Drug Retailing,2025-07-31,-2.9101188,775,27.3,False,No classification on record,0,lseg
MBSB Bhd,MBSB,Banking Services,2026-12-31,-2.9111025,776,27.2,False,No classification on record,0,lseg
Wellspire Holdings Bhd,WELLS,Food & Drug Retailing,2026-12-31,-2.9147573,777,27.1,False,No classification on record,0,lseg
Milux Corporation Bhd,MILUX,Household Goods,2025-12-31,-2.917024,778,27.0,False,No classification on record,0,lseg
Mayu Global Group Bhd,MAYU,Metals & Mining,2025-06-30,-2.9170654,779,26.9,False,No classification on record,0,lseg
Securemetric Bhd,SMETRIC,Software & IT Services,2025-12-31,-2.9173975,780,26.9,False,No classification on record,0,lseg
Tsh Resources Bhd,TSH,Food & Tobacco,2026-12-31,-2.918854,781,26.8,False,No classification on record,0,lseg
Orkim Bhd,ORKIM,Freight & Logistics Services,2026-12-31,-2.9195194,782,26.7,False,No classification on record,0,lseg
Oasis Home Holding Bhd,OHM,Software & IT Services,2025-06-30,-2.9239895,783,26.6,False,No classification on record,0,lseg
Lpi Capital Bhd,LPI,Insurance,2026-12-31,-2.9246914,784,26.5,False,No classification on record,0,lseg
QES Group Bhd,QES,"Machinery, Tools, Heavy Vehicles, Trains & Ships",2026-12-31,-2.9250867,785,26.4,False,No classification on record,0,lseg
I-Bhd,IBHD,Real Estate Operations,2026-12-31,-2.9252675,786,26.3,False,No classification on record,0,lseg
Kelington Group Bhd,KGB,Construction & Engineering,2026-12-31,-2.9255435,787,26.2,False,No classification on record,0,lseg
MMS Ventures Bhd,MMSV,"Machinery, Tools, Heavy Vehicles, Trains & Ships",2025-12-31,-2.927398,788,26.1,False,No classification on record,0,lseg
Sum Technology Bhd,SUM,Construction & Engineering,2025-12-31,-2.9286127,789,26.0,False,No classification on record,0,lseg
Pekat Group Bhd,PEKAT,Renewable Energy,2026-12-31,-2.9302568,790,25.9,False,No classification on record,0,lseg
Divfex Bhd,DFX,Software & IT Services,2025-06-30,-2.9302893,791,25.8,False,No classification on record,0,lseg
Spring Art Holdings Bhd,SPRING,Household Goods,2025-12-31,-2.9359796,792,25.7,False,No classification on record,0,lseg
Cosmos Technology International Bhd,COSMOS,"Machinery, Tools, Heavy Vehicles, Trains & Ships",2026-04-30,-2.938829,793,25.6,False,No classification on record,0,lseg
Carlo Rino Group Bhd,CARLORINO,Specialty Retailers,2025-06-30,-2.9415002,794,25.5,False,No classification on record,0,lseg
Gabungan AQRS Bhd,GBGAQRS,Construction & Engineering,2026-06-30,-2.9417038,795,25.4,False,No classification on record,0,lseg
Syarikat Takaful Malaysia Keluarga Bhd,TAKAFUL,Insurance,2026-12-31,-2.9417741,796,25.4,False,No classification on record,0,lseg
Ta Win Holdings Bhd,TAWIN,"Machinery, Tools, Heavy Vehicles, Trains & Ships",2025-06-30,-2.9417994,797,25.3,False,No classification on record,0,lseg
Skygate Solutions Bhd,SKYGATE,"Machinery, Tools, Heavy Vehicles, Trains & Ships",2025-12-31,-2.9443574,798,25.2,False,No classification on record,0,lseg
Master Tec Group Bhd,MTEC,"Machinery, Tools, Heavy Vehicles, Trains & Ships",2026-12-31,-2.9446993,799,25.1,False,No classification on record,0,lseg
Farm Price Holdings Bhd,FPHB,Food & Tobacco,2026-12-31,-2.9458091,800,25.0,False,No classification on record,0,lseg
W T K Holdings Bhd,WTK,Paper & Forest Products,2025-12-31,-2.9461887,801,24.9,False,No classification on record,0,lseg
RNG Tech Bhd,RESTNGO,Personal & Household Products & Services,2025-12-31,-2.947918,802,24.8,False,No classification on record,0,lseg
AGX Group Bhd,AGX,Freight & Logistics Services,2026-12-31,-2.949297,803,24.7,False,No classification on record,0,lseg
Oriental Food Industries Holdings Bhd,OFI,Food & Tobacco,2026-03-31,-2.9503324,804,24.6,False,No classification on record,0,lseg
Khind Holdings Bhd,KHIND,"Machinery, Tools, Heavy Vehicles, Trains & Ships",2025-12-31,-2.9526105,805,24.5,False,No classification on record,0,lseg
Eversendai Corporation Bhd,SENDAI,Construction & Engineering,2025-12-31,-2.9552617,806,24.4,False,No classification on record,0,lseg
Carimin Petroleum Bhd,CARIMIN,Oil & Gas Related Equipment and Services,2025-06-30,-2.9583278,807,24.3,False,No classification on record,0,lseg
Oasis Harvest Corporation Bhd,OASIS,"Machinery, Tools, Heavy Vehicles, Trains & Ships",2025-12-31,-2.9618165,808,24.2,False,No classification on record,0,lseg
Avaland Bhd,AVALAND,Real Estate Operations,2026-12-31,-2.9657145,809,24.1,False,No classification on record,0,lseg
One Gasmaster Holdings Bhd,OGM,Oil & Gas Related Equipment and Services,2025-12-31,-2.9672575,810,24.0,False,No classification on record,0,lseg
Sumisaujana Group Bhd,SUMI,Oil & Gas Related Equipment and Services,2026-12-31,-2.9673162,811,23.9,False,No classification on record,0,lseg
Enproserve Group Bhd,ENPRO,Construction & Engineering,2025-12-31,-2.9690819,812,23.8,False,No classification on record,0,lseg
LTKM Bhd,LTKM,Food & Tobacco,2027-03-31,-2.971454,813,23.8,False,No classification on record,0,lseg
PMW International Bhd,PMW,Homebuilding & Construction Supplies,2025-12-31,-2.9717252,814,23.7,False,No classification on record,0,lseg
Critical Holdings Bhd,CHB,Construction & Engineering,2026-06-30,-2.9725518,815,23.6,False,No classification on record,0,lseg
Tuju Setia Bhd,TJSETIA,Construction & Engineering,2026-12-31,-2.976675,816,23.5,False,No classification on record,0,lseg
Cropmate Bhd,CRPMATE,Chemicals,2025-12-31,-2.977055,817,23.4,False,No classification on record,0,lseg
ES Sunlogy Bhd,SUNLOGY,Electric Utilities & IPPs,2026-07-31,-2.9809754,818,23.3,False,No classification on record,0,lseg
Eduspec Holdings Bhd,EDUSPEC,Miscellaneous Educational Service Providers,2026-02-28,-2.981926,819,23.2,False,No classification on record,0,lseg
Genetec Technology Bhd,GENETEC,"Machinery, Tools, Heavy Vehicles, Trains & Ships",2026-06-30,-2.982533,820,23.1,False,No classification on record,0,lseg
Tomei Consolidated Bhd,TOMEI,Specialty Retailers,2026-12-31,-2.9892726,821,23.0,False,No classification on record,0,lseg
Lotus KFM Bhd,LOTUS,Food & Tobacco,2025-09-30,-2.9905438,822,22.9,False,Previously classified,0,lseg
Infomina Bhd,INFOM,Software & IT Services,2027-05-31,-2.9916172,823,22.8,False,No classification on record,0,lseg
Radium Development Bhd,RADIUM,Real Estate Operations,2026-12-31,-2.992068,824,22.7,False,No classification on record,0,lseg
Ornapaper Bhd,ORNA,Containers & Packaging,2025-12-31,-3.0017292,825,22.6,False,No classification on record,0,lseg
Dutch Lady Milk Industries Bhd,DLADY,Food & Tobacco,2026-12-31,-3.002852,826,22.5,False,No classification on record,0,lseg
FM Global Logistics Holdings Bhd,FM,Freight & Logistics Services,2026-06-30,-3.007486,827,22.4,False,No classification on record,0,lseg
Smart Asia Chemical Bhd,SMART,Chemicals,2025-12-31,-3.014919,828,22.3,False,No classification on record,0,lseg
Fsbm Holdings Bhd,FSBM,Software & IT Services,2025-12-31,-3.0181954,829,22.3,False,Previously classified,0,lseg
Lbs Bina Group Bhd,LBS,Real Estate Operations,2026-12-31,-3.0183487,830,22.2,False,No classification on record,0,lseg
THMY Holdings Bhd,THMY,"Machinery, Tools, Heavy Vehicles, Trains & Ships",2027-03-31,-3.0222552,831,22.1,False,No classification on record,0,lseg
Sunmow Holding Bhd,SUNMOW,Construction & Engineering,2025-12-31,-3.0232353,832,22.0,False,No classification on record,0,lseg
Y&G Corporation Bhd,Y&G,Real Estate Operations,2025-12-31,-3.0232656,833,21.9,False,No classification on record,0,lseg
Kia Lim Bhd,KIALIM,Construction Materials,2025-12-31,-3.0283763,834,21.8,False,No classification on record,0,lseg
Solarvest Holdings Bhd,SLVEST,Electric Utilities & IPPs,2027-03-31,-3.0325165,835,21.7,False,No classification on record,0,lseg
Parlo Bhd,PARLO,Hotels & Entertainment Services,2025-12-31,-3.0327291,836,21.6,False,No classification on record,0,lseg
Winstar Capital Bhd,WINSTAR,Metals & Mining,2025-12-31,-3.0338962,837,21.5,False,No classification on record,0,lseg
Saliran Group Bhd,SALIRAN,Homebuilding & Construction Supplies,2025-12-31,-3.0338984,838,21.4,False,No classification on record,0,lseg
Wawasan Dengkil Holdings Bhd,DENGKIL,Construction & Engineering,2025-06-30,-3.0369127,839,21.3,False,No classification on record,0,lseg
Uni Wall APS Holdings Bhd,UNIWALL,Construction & Engineering,2025-06-30,-3.0370438,840,21.2,False,No classification on record,0,lseg
Elsoft Research Bhd,ELSOFT,"Computers, Phones & Household Electronics",2026-12-31,-3.0378551,841,21.1,False,No classification on record,0,lseg
XiDeLang Holdings Ltd,XDL,Textiles & Apparel,2025-12-31,-3.0392642,842,21.0,False,No classification on record,0,lseg
Chin Hin Group Property Bhd,CHGP,Construction & Engineering,2025-12-31,-3.0440185,843,20.9,False,No classification on record,0,lseg
Dominant Enterprise Bhd,DOMINAN,Paper & Forest Products,2026-03-31,-3.0455158,844,20.8,False,No classification on record,0,lseg
AMS Advanced Material Bhd,AMS,Metals & Mining,2025-09-30,-3.046578,845,20.8,False,No classification on record,0,lseg
MI Technovation Bhd,MI,Semiconductors & Semiconductor Equipment,2026-12-31,-3.0486767,846,20.7,False,No classification on record,0,lseg
Kobay Technology Bhd,KOBAY,"Machinery, Tools, Heavy Vehicles, Trains & Ships",2026-06-30,-3.0508149,847,20.6,False,No classification on record,0,lseg
Ecomate Holdings Bhd,ECOMATE,Household Goods,2026-02-28,-3.0562782,848,20.5,False,No classification on record,0,lseg
FACB Industries Incorporated Bhd,FACBIND,Household Goods,2025-06-30,-3.062905,849,20.4,False,No classification on record,0,lseg
Globaltec Formation Bhd,GLOTEC,"Machinery, Tools, Heavy Vehicles, Trains & Ships",2025-06-30,-3.063429,850,20.3,False,No classification on record,0,lseg
Yenher Holdings Bhd,YENHER,Food & Tobacco,2026-12-31,-3.0638013,851,20.2,False,No classification on record,0,lseg
Mag Holdings Bhd,MAG,Food & Tobacco,2025-06-30,-3.066329,852,20.1,False,No classification on record,0,lseg
S & F Capital Bhd,S&FCAP,Real Estate Operations,2025-06-30,-3.0696175,853,20.0,False,No classification on record,0,lseg
Geohan Corp Bhd,GEOHAN,Construction & Engineering,2025-12-31,-3.0698252,854,19.9,False,No classification on record,0,lseg
Telekom Malaysia Bhd,TM,Telecommunications Services,2026-12-31,-3.07426,855,19.8,False,No classification on record,0,lseg
MSB Global Group Bhd,MSB,Specialty Retailers,2025-12-31,-3.0745132,856,19.7,False,No classification on record,0,lseg
Mestron Holdings Bhd,MESTRON,Homebuilding & Construction Supplies,2026-12-31,-3.0779138,857,19.6,False,No classification on record,0,lseg
LFE Corporation Bhd,LFECORP,Construction & Engineering,2025-12-31,-3.078366,858,19.5,False,No classification on record,0,lseg
Velocity Capital Partner Bhd,VELOCITY,Freight & Logistics Services,2025-06-30,-3.0788975,859,19.4,False,No classification on record,0,lseg
Panasonic Manufacturing Malaysia Bhd,PANAMY,Household Goods,2027-03-31,-3.078951,860,19.3,False,No classification on record,0,lseg
HeveaBoard Bhd,HEVEA,Paper & Forest Products,2026-12-31,-3.0828044,861,19.2,False,No classification on record,0,lseg
Allianz Malaysia Bhd,ALLIANZ,Insurance,2026-12-31,-3.0843322,862,19.2,False,No classification on record,0,lseg
Oriental Interest Bhd,OIB,Real Estate Operations,2025-08-31,-3.084738,863,19.1,False,No classification on record,0,lseg
Esthetics International Group Bhd,EIG,Specialty Retailers,2027-03-31,-3.0847623,864,19.0,False,No classification on record,0,lseg
Dialog Group Bhd,DIALOG,Oil & Gas Related Equipment and Services,2026-06-30,-3.0871394,865,18.9,False,No classification on record,0,lseg
Kein Hing International Bhd,KEINHIN,"Machinery, Tools, Heavy Vehicles, Trains & Ships",2026-04-30,-3.0894885,866,18.8,False,No classification on record,0,lseg
Pan Merchant Bhd,PMIBHD,Professional & Commercial Services,2025-12-31,-3.091919,867,18.7,False,No classification on record,0,lseg
Sealink International Bhd,SEALINK,Freight & Logistics Services,2026-12-31,-3.0929685,868,18.6,False,No classification on record,0,lseg
Sern Kou Resources Bhd,SERNKOU,Household Goods,2025-06-30,-3.0945053,869,18.5,False,No classification on record,0,lseg
Innoprise Plantations Bhd,INNO,Food & Tobacco,2026-12-31,-3.0959706,870,18.4,False,No classification on record,0,lseg
Ideal Capital Bhd,IDEAL,Real Estate Operations,2025-12-31,-3.1044655,871,18.3,False,No classification on record,0,lseg
XOX Bhd,XOX,Telecommunications Services,2025-09-30,-3.1082497,872,18.2,False,No classification on record,0,lseg
Kim Teck Cheong Consolidated Bhd,KTC,Food & Drug Retailing,2026-06-30,-3.1089334,873,18.1,False,No classification on record,0,lseg
MAA Group Bhd,MAA,Insurance,2025-06-30,-3.1094236,874,18.0,False,Previously classified,0,lseg
Econframe Bhd,EFRAME,Homebuilding & Construction Supplies,2025-08-31,-3.110343,875,17.9,False,No classification on record,0,lseg
Betamek Bhd,BETA,Specialty Retailers,2026-03-31,-3.110363,876,17.8,False,No classification on record,0,lseg
Malayan Flour Mills Bhd,MFLOUR,Food & Tobacco,2026-12-31,-3.1164832,877,17.7,False,No classification on record,0,lseg
Enest Group Bhd,ENEST,Food & Tobacco,2025-12-31,-3.1167085,878,17.7,False,No classification on record,0,lseg
Flexidynamic Holdings Bhd,FLEXI,"Machinery, Tools, Heavy Vehicles, Trains & Ships",2025-12-31,-3.120689,879,17.6,False,No classification on record,0,lseg
Kucingko Bhd,KUCINGKO,Media & Publishing,2025-12-31,-3.1234624,880,17.5,False,No classification on record,0,lseg
Southern Acids (M) Bhd,SAB,Food & Tobacco,2027-03-31,-3.1318765,881,17.4,False,No classification on record,0,lseg
Associated Air-Pak Industries Bhd,AAI,Containers & Packaging,2025-12-31,-3.133026,882,17.3,False,No classification on record,0,lseg
Mesiniaga Bhd,MSNIAGA,Software & IT Services,2025-12-31,-3.1371105,883,17.2,False,No classification on record,0,lseg
SAM Engineering & Equipment (M) Bhd,SAM,"Machinery, Tools, Heavy Vehicles, Trains & Ships",2027-03-31,-3.1440773,884,17.1,False,No classification on record,0,lseg
Hexza Corp Bhd,HEXZA,Chemicals,2025-06-30,-3.1451383,885,17.0,False,No classification on record,0,lseg
CAM Resources Bhd,CAMRES,Food & Tobacco,2025-12-31,-3.1461203,886,16.9,False,No classification on record,0,lseg
ECA Integrated Solution Bhd,ECA,Semiconductors & Semiconductor Equipment,2026-10-31,-3.1463592,887,16.8,False,No classification on record,0,lseg
Inspace Creation Bhd,INSPACE,Specialty Retailers,2025-11-30,-3.147394,888,16.7,False,No classification on record,0,lseg
United Plantations Bhd,UTDPLT,Food & Tobacco,2026-12-31,-3.1673417,889,16.6,False,No classification on record,0,lseg
AYER Holdings Bhd,AYER,Real Estate Operations,2025-12-31,-3.1705577,890,16.5,False,No classification on record,0,lseg
Bonia Corporation Bhd,BONIA,Specialty Retailers,2026-06-30,-3.1708703,891,16.4,False,No classification on record,0,lseg
Hibiscus Petroleum Bhd,HIBISCS,Oil & Gas,2026-06-30,-3.179183,892,16.3,False,No classification on record,0,lseg
Hong Leong Industries Bhd,HLIND,Consumer Goods Conglomerates,2026-06-30,-3.1807742,893,16.2,False,No classification on record,0,lseg
UUE Holdings Bhd,UUE,Construction & Engineering,2027-02-28,-3.1849718,894,16.2,False,No classification on record,0,lseg
Managepay Systems Bhd,MPAY,Software & IT Services,2025-06-30,-3.1888463,895,16.1,False,No classification on record,0,lseg
Alpha Ocean Resources Bhd,AORB,Food & Tobacco,2025-06-30,-3.1899395,896,16.0,False,No classification on record,0,lseg
Empire Premium Food Bhd,EMPIRE,Hotels & Entertainment Services,2027-03-31,-3.1915324,897,15.9,False,No classification on record,0,lseg
Oxford Innotech Bhd,OXB,"Machinery, Tools, Heavy Vehicles, Trains & Ships",2026-12-31,-3.1919518,898,15.8,False,No classification on record,0,lseg
Globetronics Technology Bhd,GTRONIC,Semiconductors & Semiconductor Equipment,2025-12-31,-3.1926003,899,15.7,False,No classification on record,0,lseg
JAG Bhd,JAG,Professional & Commercial Services,2025-12-31,-3.1963763,900,15.6,False,No classification on record,0,lseg
Matrix Parking Solution Holdings Bhd,MPSOL,Transport Infrastructure,2025-12-31,-3.197654,901,15.5,False,No classification on record,0,lseg
Tower Real Estate Investment Trust,TWRREIT,Residential & Commercial REITs,2025-06-30,-3.2006695,902,15.4,False,No classification on record,0,lseg
TechStore Bhd,TECHSTORE,Software & IT Services,2025-12-31,-3.2011547,903,15.3,False,No classification on record,0,lseg
Ho Wah Genting Bhd,HWGB,"Machinery, Tools, Heavy Vehicles, Trains & Ships",2025-12-31,-3.2027175,904,15.2,False,No classification on record,0,lseg
Unique Fire Holdings Bhd,UNIQUE,Professional & Commercial Services,2027-03-31,-3.2032394,905,15.1,False,No classification on record,0,lseg
Petronas Gas Bhd,PETGAS,Natural Gas Utilities,2026-12-31,-3.2040288,906,15.0,False,No classification on record,0,lseg
D'nonce Technology Bhd,DNONCE,Containers & Packaging,2026-03-31,-3.2067175,907,14.9,False,No classification on record,0,lseg
Genting Bhd,GENTING,Hotels & Entertainment Services,2026-12-31,-3.2114,908,14.8,False,No classification on record,0,lseg
Propel Global Bhd,PGB,Construction & Engineering,2025-06-30,-3.2256012,909,14.7,False,No classification on record,0,lseg
VS Industry Bhd,VS,Electronic Equipment & Parts,2026-07-31,-3.2268896,910,14.6,False,No classification on record,0,lseg
Synergy House Bhd,SYNERGY,Household Goods,2026-12-31,-3.228877,911,14.6,False,No classification on record,0,lseg
SBH Marine Holdings Bhd,SBH,Food & Tobacco,2025-12-31,-3.231102,912,14.5,False,No classification on record,0,lseg
LBI Capital Bhd,LBICAP,Real Estate Operations,2025-12-31,-3.2341535,913,14.4,False,No classification on record,0,lseg
Haily Group Bhd,HAILY,Construction & Engineering,2025-12-31,-3.240119,914,14.3,False,No classification on record,0,lseg
MTT Shipping and Logistics Bhd,MTTSL,Freight & Logistics Services,2025-12-31,-3.2443357,915,14.2,False,No classification on record,0,lseg
Lee Swee Kiat Group Bhd,LEESK,Household Goods,2026-12-31,-3.250436,916,14.1,False,No classification on record,0,lseg
Turbo-Mech Bhd,TURBO,"Machinery, Tools, Heavy Vehicles, Trains & Ships",2026-12-31,-3.2508893,917,14.0,False,No classification on record,0,lseg
Cengild Medical Bhd,CENGILD,Healthcare Providers & Services,2026-06-30,-3.2521768,918,13.9,False,No classification on record,0,lseg
TPC Plus Bhd,TPC,Food & Tobacco,2025-12-31,-3.2531652,919,13.8,False,No classification on record,0,lseg
Malaysia Marine and Heavy Engineering Holdings Bhd,MHB,Oil & Gas Related Equipment and Services,2026-12-31,-3.2607012,920,13.7,False,No classification on record,0,lseg
Versatile Creative Bhd,VERSATL,Food & Drug Retailing,2026-03-31,-3.2682617,921,13.6,False,No classification on record,0,lseg
PETRONAS Chemicals Group Bhd,PCHEM,Chemicals,2026-12-31,-3.2683985,922,13.5,False,No classification on record,0,lseg
AuMas Resources Bhd,AUMAS,Metals & Mining,2027-03-31,-3.268774,923,13.4,False,No classification on record,0,lseg
Leform Bhd,LEFORM,Metals & Mining,2026-12-31,-3.2694433,924,13.3,False,No classification on record,0,lseg
TOPVISION Eye Specialist Bhd,TOPVISN,Healthcare Providers & Services,2025-12-31,-3.2711866,925,13.2,False,No classification on record,0,lseg
Hextar Industries Bhd,HEXIND,Chemicals,2025-12-31,-3.2738361,926,13.1,False,No classification on record,0,lseg
Malaysia Steel Works (KL) Bhd,MASTEEL,Metals & Mining,2025-12-31,-3.274302,927,13.1,False,No classification on record,0,lseg
Kossan Rubber Industries Bhd,KOSSAN,Healthcare Equipment & Supplies,2026-12-31,-3.2894387,928,13.0,False,No classification on record,0,lseg
Epicon Bhd,EPICON,Construction & Engineering,2025-12-31,-3.2918634,929,12.9,False,No classification on record,0,lseg
DXN Holdings Bhd,DXN,Food & Tobacco,2027-02-28,-3.3039086,930,12.8,False,No classification on record,0,lseg
MMM Group Bhd,MMM,Media & Publishing,2026-03-31,-3.3071818,931,12.7,False,Currently PN17/GN3,1,lseg
Radiant Globaltech Bhd,RGTECH,Specialty Retailers,2025-12-31,-3.3131258,932,12.6,False,No classification on record,0,lseg
Elsa Bhd,ELSA,Oil & Gas Related Equipment and Services,2025-12-31,-3.3188145,933,12.5,False,No classification on record,0,lseg
Unisem M Bhd,UNISEM,Semiconductors & Semiconductor Equipment,2026-12-31,-3.3239377,934,12.4,False,No classification on record,0,lseg
EI Power Bhd,EIPOWER,Construction & Engineering,2026-12-31,-3.328994,935,12.3,False,No classification on record,0,lseg
Prolintas Infra Business Trust,PLINTAS,Construction & Engineering,2026-12-31,-3.3321037,936,12.2,False,No classification on record,0,lseg
Agmo Holdings Bhd,AGMO,Professional & Commercial Services,2027-03-31,-3.3334374,937,12.1,False,No classification on record,0,lseg
Well Chip Group Bhd,WELLCHIP,Banking Services,2026-12-31,-3.3363292,938,12.0,False,No classification on record,0,lseg
3REN Bhd,3REN,Semiconductors & Semiconductor Equipment,2025-12-31,-3.3551733,939,11.9,False,No classification on record,0,lseg
Feytech Holdings Bhd,FEYTECH,Automobiles & Auto Parts,2026-12-31,-3.3629298,940,11.8,False,No classification on record,0,lseg
Kerjaya Prospek Group Bhd,KERJAYA,Construction & Engineering,2026-12-31,-3.3682141,941,11.7,False,No classification on record,0,lseg
Euro Holdings Bhd,EURO,Professional & Commercial Services,2025-06-30,-3.372278,942,11.6,False,No classification on record,0,lseg
Ping Edge Technology Bhd,PING,Household Goods,2025-10-31,-3.375658,943,11.5,False,No classification on record,0,lseg
Al-Aqar Healthcare REIT,ALAQAR,Residential & Commercial REITs,2026-12-31,-3.3757174,944,11.5,False,No classification on record,0,lseg
MGB Bhd,MGB,Construction & Engineering,2026-12-31,-3.3758018,945,11.4,False,No classification on record,0,lseg
Jasa Kita Bhd,JASKITA,"Machinery, Tools, Heavy Vehicles, Trains & Ships",2026-03-31,-3.3813877,946,11.3,False,No classification on record,0,lseg
Artroniq Bhd,ARTRONIQ,Integrated Hardware & Software,2025-12-31,-3.3910985,947,11.2,False,No classification on record,0,lseg
Seremban Engineering Bhd,SEB,Construction & Engineering,2025-06-30,-3.396955,948,11.1,False,No classification on record,0,lseg
SkyWorld Development Bhd,SKYWLD,Construction & Engineering,2027-03-31,-3.3998294,949,11.0,False,No classification on record,0,lseg
Teo Guan Lee Corporation Bhd,TGL,Specialty Retailers,2025-06-30,-3.4053907,950,10.9,False,No classification on record,0,lseg
Orgabio Holdings Bhd,ORGABIO,Food & Tobacco,2026-06-30,-3.412192,951,10.8,False,No classification on record,0,lseg
EcoFirst Consolidated Bhd,ECOFIRS,Real Estate Operations,2025-05-31,-3.4160774,952,10.7,False,No classification on record,0,lseg
ISF Group Bhd,ISF,Construction & Engineering,2026-12-31,-3.4167776,953,10.6,False,No classification on record,0,lseg
Protasco Bhd,PRTASCO,Construction & Engineering,2026-12-31,-3.4222448,954,10.5,False,No classification on record,0,lseg
Country View Bhd,CVIEW,Real Estate Operations,2025-11-30,-3.4251297,955,10.4,False,No classification on record,0,lseg
Fast Energy Holdings Bhd,FAST,Oil & Gas,2025-12-31,-3.4285338,956,10.3,False,No classification on record,0,lseg
Zantat Holdings Bhd,ZANTAT,Chemicals,2025-12-31,-3.430606,957,10.2,False,No classification on record,0,lseg
Fintec Global Bhd,FINTEC,Investment Holding Companies,2025-06-30,-3.4455776,958,10.1,False,No classification on record,0,lseg
Mitrajaya Holdings Bhd,MITRA,Construction & Engineering,2026-12-31,-3.4507563,959,10.0,False,No classification on record,0,lseg
Hap Seng Plantations Holdings Bhd,HSPLANT,Food & Tobacco,2026-12-31,-3.4536092,960,10.0,False,No classification on record,0,lseg
Manforce Group Bhd,MFGROUP,Professional & Commercial Services,2026-02-28,-3.4542694,961,9.9,False,No classification on record,0,lseg
Petron Malaysia Refining & Marketing Bhd,PETRONM,Oil & Gas,2026-12-31,-3.4636042,962,9.8,False,No classification on record,0,lseg
GuocoLand (Malaysia) Bhd,GUOCO,Real Estate Operations,2025-06-30,-3.4744942,963,9.7,False,No classification on record,0,lseg
PBS Bhd,PBSB,Professional & Commercial Services,2025-12-31,-3.4763212,964,9.6,False,No classification on record,0,lseg
Scanwolf Corporation Bhd,SCNWOLF,Chemicals,2025-06-30,-3.4792793,965,9.5,False,No classification on record,0,lseg
Johan Holdings Bhd,JOHAN,Diversified Industrial Goods Wholesale,2025-07-31,-3.4855275,966,9.4,False,No classification on record,0,lseg
Golden Destinations Group Bhd,GDGROUP,Hotels & Entertainment Services,2025-12-31,-3.4884446,967,9.3,False,No classification on record,0,lseg
Lysaght Galvanized Steel Bhd,LYSAGHT,Metals & Mining,2025-12-31,-3.4919984,968,9.2,False,No classification on record,0,lseg
Total Dynamic Holdings Bhd,DYNAMIC,Software & IT Services,2025-12-31,-3.494592,969,9.1,False,No classification on record,0,lseg
Paos Holdings Bhd,PAOS,Food & Tobacco,2025-05-31,-3.4973178,970,9.0,False,No classification on record,0,lseg
Volcano Bhd,VOLCANO,Metals & Mining,2025-06-30,-3.4980974,971,8.9,False,No classification on record,0,lseg
Whitman Holdings Bhd,WHITMAN,Investment Banking & Investment Services,2025-12-31,-3.5011964,972,8.8,False,No classification on record,0,lseg
Northern Solar Holdings Bhd,NORTHERN,Electric Utilities & IPPs,2026-12-31,-3.5013328,973,8.7,False,No classification on record,0,lseg
MSM Malaysia Holdings Bhd,MSM,Food & Tobacco,2026-12-31,-3.5044768,974,8.6,False,No classification on record,0,lseg
Aurora Italia International Bhd,AURORA,Specialty Retailers,2026-03-31,-3.5088835,975,8.5,False,No classification on record,0,lseg
JS Solar Holding Bhd,JSSOLAR,Construction & Engineering,2026-03-31,-3.5095837,976,8.5,False,No classification on record,0,lseg
Azam Jaya Bhd,AZAMJAYA,Construction & Engineering,2025-12-31,-3.5125482,977,8.4,False,No classification on record,0,lseg
Oppstar Bhd,OPPSTAR,Integrated Hardware & Software,2027-03-31,-3.5132697,978,8.3,False,No classification on record,0,lseg
HSS Holdings Bhd,HSSBAKERY,Food & Tobacco,2025-12-31,-3.5141222,979,8.2,False,No classification on record,0,lseg
Agricore CS Holdings Bhd,AGRICOR,Food & Tobacco,2025-12-31,-3.5148034,980,8.1,False,No classification on record,0,lseg
SDS Group Bhd,SDS,Food & Tobacco,2027-03-31,-3.5173979,981,8.0,False,No classification on record,0,lseg
UMS Holdings Bhd,UMS,Diversified Industrial Goods Wholesale,2025-09-30,-3.5181777,982,7.9,False,No classification on record,0,lseg
CTOS Digital Bhd,CTOS,Professional & Commercial Services,2026-12-31,-3.519345,983,7.8,False,No classification on record,0,lseg
DS Sigma Holdings Bhd,DSS,Containers & Packaging,2025-06-30,-3.5341153,984,7.7,False,No classification on record,0,lseg
Greentronics Technology Bhd,GREENTEC,Construction & Engineering,2025-12-31,-3.5489058,985,7.6,False,No classification on record,0,lseg
UCrest Bhd,UCREST,Software & IT Services,2026-05-31,-3.5573688,986,7.5,False,No classification on record,0,lseg
Colform Group Bhd,COLFORM,Metals & Mining,2025-12-31,-3.5648694,987,7.4,False,No classification on record,0,lseg
Harn Len Corporation Bhd,HARNLEN,Food & Tobacco,2025-05-31,-3.5691154,988,7.3,False,No classification on record,0,lseg
Fbg Holdings Bhd,FBG,Real Estate Operations,2026-06-30,-3.5694096,989,7.2,False,No classification on record,0,lseg
Grand Central Enterprises Bhd,GCE,Hotels & Entertainment Services,2025-12-31,-3.5729911,990,7.1,False,No classification on record,0,lseg
Techbond Group Bhd,TECHBND,Chemicals,2026-06-30,-3.5903866,991,7.0,False,No classification on record,0,lseg
Sunway Healthcare Holdings Bhd,SUNMED,Healthcare Providers & Services,2026-12-31,-3.5930212,992,6.9,False,No classification on record,0,lseg
Alcom Group Bhd,ALCOM,Metals & Mining,2025-12-31,-3.5944648,993,6.9,False,No classification on record,0,lseg
Nestcon Bhd,NESTCON,Real Estate Operations,2025-12-31,-3.601497,994,6.8,False,No classification on record,0,lseg
Apollo Food Holdings Bhd,APOLLO,Food & Tobacco,2027-04-30,-3.6022694,995,6.7,False,No classification on record,0,lseg
AIMFLEX Bhd,AIMFLEX,"Machinery, Tools, Heavy Vehicles, Trains & Ships",2025-12-31,-3.6039884,996,6.6,False,No classification on record,0,lseg
Adnex Group Bhd,ADNEX,Specialty Retailers,2025-12-31,-3.607056,997,6.5,False,No classification on record,0,lseg
Go Hub Capital Bhd,GOHUB,Software & IT Services,2025-12-31,-3.6171355,998,6.4,False,No classification on record,0,lseg
Camaroe Bhd,CAMAROE,Food & Tobacco,2025-12-31,-3.6241152,999,6.3,False,No classification on record,0,lseg
Hydropipes Bhd,HPI,Metals & Mining,2025-12-31,-3.6275578,1000,6.2,False,No classification on record,0,lseg
JHM Consolidation Bhd,JHM,Semiconductors & Semiconductor Equipment,2026-12-31,-3.6324637,1001,6.1,False,No classification on record,0,lseg
TMC Life Sciences Bhd,TMCLIFE,Healthcare Providers & Services,2025-06-30,-3.6334271,1002,6.0,False,No classification on record,0,lseg
Pensonic Holdings Bhd,PENSONI,Household Goods,2025-05-31,-3.6384428,1003,5.9,False,No classification on record,0,lseg
A1 A.K. Koh Group Bhd,A1AKK,Food & Tobacco,2025-06-30,-3.6672873,1004,5.8,False,No classification on record,0,lseg
TechnoDex Bhd,TDEX,Software & IT Services,2025-06-30,-3.6789873,1005,5.7,False,No classification on record,0,lseg
Coastal Contracts Bhd,COASTAL,"Machinery, Tools, Heavy Vehicles, Trains & Ships",2026-12-31,-3.6794739,1006,5.6,False,No classification on record,0,lseg
Vanzo Holdings Bhd,VANZO,Specialty Retailers,2025-09-30,-3.690657,1007,5.5,False,No classification on record,0,lseg
Formosa Prosonic Industries Bhd,FPI,"Computers, Phones & Household Electronics",2025-12-31,-3.6991305,1008,5.4,False,No classification on record,0,lseg
Tcs Group Holdings Bhd,TCS,Construction & Engineering,2025-12-31,-3.7109938,1009,5.4,False,No classification on record,0,lseg
TAS Offshore Bhd,TAS,"Machinery, Tools, Heavy Vehicles, Trains & Ships",2026-05-31,-3.7223732,1010,5.3,False,No classification on record,0,lseg
Bus Cap Bhd,BUSCAP,Automobiles & Auto Parts,2025-12-31,-3.7344382,1011,5.2,False,No classification on record,0,lseg
Pertama Digital Bhd,PERTAMA,Financial Technology (Fintech) & Infrastructure,2025-12-31,-3.7422893,1012,5.1,False,Previously classified,0,lseg
PT Resources Holdings Bhd,PTRB,Food & Tobacco,2026-04-30,-3.773514,1013,5.0,False,No classification on record,0,lseg
Pentech Holding Bhd,PENTECH,Software & IT Services,2025-12-31,-3.7748632,1014,4.9,False,No classification on record,0,lseg
iCents Group Holdings Bhd,ICENTS,Construction & Engineering,2025-06-30,-3.7809398,1015,4.8,False,No classification on record,0,lseg
SRKK AI Berhad,SRKKAI,Software & IT Services,2025-12-31,-3.8140278,1016,4.7,False,No classification on record,0,lseg
Revenue Group Bhd,REVENUE,Professional & Commercial Services,2026-06-30,-3.8208253,1017,4.6,False,No classification on record,0,lseg
Liftech Group Bhd,LIFTECH,"Machinery, Tools, Heavy Vehicles, Trains & Ships",2025-12-31,-3.8314464,1018,4.5,False,No classification on record,0,lseg
Hextar Capital Bhd,HEXCAP,Communications & Networking,2025-12-31,-3.8375535,1019,4.4,False,No classification on record,0,lseg
Key ASIC Bhd,KEYASIC,Semiconductors & Semiconductor Equipment,2025-05-31,-3.8542883,1020,4.3,False,No classification on record,0,lseg
Wellcall Holdings Bhd,WELLCAL,Automobiles & Auto Parts,2026-09-30,-3.8663688,1021,4.2,False,No classification on record,0,lseg
Kee Ming Group Bhd,KEEMING,Professional & Commercial Services,2027-03-31,-3.8690786,1022,4.1,False,No classification on record,0,lseg
Seng Fong Holdings Bhd,SENFONG,Automobiles & Auto Parts,2026-06-30,-3.8801913,1023,4.0,False,No classification on record,0,lseg
NetX Holdings Bhd,NETX,Software & IT Services,2025-11-30,-3.9039392,1024,3.9,False,No classification on record,0,lseg
Karex Bhd,KAREX,Personal & Household Products & Services,2026-06-30,-3.926644,1025,3.8,False,No classification on record,0,lseg
Fibon Bhd,FIBON,"Machinery, Tools, Heavy Vehicles, Trains & Ships",2026-05-31,-3.927247,1026,3.8,False,No classification on record,0,lseg
Maybulk Bhd,MAYBULK,Freight & Logistics Services,2025-12-31,-3.9281335,1027,3.7,False,No classification on record,0,lseg
SIK Cheong Bhd,SCB,Food & Tobacco,2026-03-31,-3.9303563,1028,3.6,False,No classification on record,0,lseg
EWI Capital Bhd,EWICAP,Real Estate Operations,2026-10-31,-3.9306908,1029,3.5,False,No classification on record,0,lseg
Olympia Industries Bhd,OLYMPIA,Hotels & Entertainment Services,2025-12-31,-3.947558,1030,3.4,False,No classification on record,0,lseg
WAVEFRONT Bhd,WAVEFRNT,Containers & Packaging,2027-03-31,-3.959781,1031,3.3,False,No classification on record,0,lseg
Uchi Technologies Bhd,UCHITEC,Electronic Equipment & Parts,2026-12-31,-3.9630852,1032,3.2,False,No classification on record,0,lseg
Alpha IVF Group Bhd,ALPHA,Healthcare Equipment & Supplies,2027-05-31,-3.9668283,1033,3.1,False,No classification on record,0,lseg
Sunview Group Bhd,SUNVIEW,Electric Utilities & IPPs,2026-03-31,-3.973962,1034,3.0,False,No classification on record,0,lseg
Farmiera Bhd,FAMIERA,Food & Tobacco,2025-12-31,-3.9801457,1035,2.9,False,No classification on record,0,lseg
YBS International Bhd,YBS,"Machinery, Tools, Heavy Vehicles, Trains & Ships",2027-03-31,-3.982303,1036,2.8,False,No classification on record,0,lseg
ITMAX System Bhd,ITMAX,Professional & Commercial Services,2026-12-31,-3.9857967,1037,2.7,False,No classification on record,0,lseg
SEDANIA Innovator Bhd,SEDANIA,Specialty Retailers,2025-06-30,-3.9985967,1038,2.6,False,No classification on record,0,lseg
AME Elite Consortium Bhd,AME,Construction & Engineering,2027-03-31,-4.000226,1039,2.5,False,No classification on record,0,lseg
Mercury Securities Group Bhd,MERSEC,Investment Banking & Investment Services,2026-10-31,-4.044339,1040,2.4,False,No classification on record,0,lseg
Petronas Dagangan Bhd,PETDAG,Oil & Gas,2026-12-31,-4.116778,1041,2.3,False,No classification on record,0,lseg
Yew Lee Pacific Group Bhd,YEWLEE,Personal & Household Products & Services,2026-12-31,-4.1310487,1042,2.3,False,No classification on record,0,lseg
ARK Resources Holdings Bhd,ARK,Construction & Engineering,2026-03-31,-4.1323934,1043,2.2,False,No classification on record,0,lseg
Systech Bhd,SYSTECH,Software & IT Services,2026-03-31,-4.1395054,1044,2.1,False,No classification on record,0,lseg
Jagasolution Bhd,JAGAAPP,Software & IT Services,2025-06-30,-4.16031,1045,2.0,False,No classification on record,0,lseg
InNature Bhd,INNATURE,Specialty Retailers,2026-12-31,-4.168423,1046,1.9,False,No classification on record,0,lseg
CPE Technology Bhd,CPETECH,"Machinery, Tools, Heavy Vehicles, Trains & Ships",2026-06-30,-4.1687956,1047,1.8,False,No classification on record,0,lseg
L&P Global Bhd,L&PBHD,Containers & Packaging,2026-12-31,-4.1977515,1048,1.7,False,No classification on record,0,lseg
Verdant Solar Holdings Bhd,VERDANT,Electric Utilities & IPPs,2025-06-30,-4.271006,1049,1.6,False,No classification on record,0,lseg
Hengyuan Refining Company Bhd,HENGYUAN,Oil & Gas,2025-12-31,-4.301726,1050,1.5,False,No classification on record,0,lseg
Kluang Rubber Company (Malaya) Bhd,KLUANG,Food & Tobacco,2025-06-30,-4.34071,1051,1.4,False,No classification on record,0,lseg
Matang Bhd,MATANG,Food & Tobacco,2025-06-30,-4.3417373,1052,1.3,False,No classification on record,0,lseg
MN Holdings Bhd,MNHLDG,Construction & Engineering,2026-06-30,-4.4155903,1053,1.2,False,No classification on record,0,lseg
Frontken Corporation Bhd,FRONTKN,Professional & Commercial Services,2026-12-31,-4.4299073,1054,1.1,False,No classification on record,0,lseg
Comfort Gloves Bhd,COMFORT,Healthcare Equipment & Supplies,2025-12-31,-4.542003,1055,1.0,False,No classification on record,0,lseg
Sorento Capital Bhd,SORENTO,Household Goods,2027-06-30,-4.6178336,1056,0.9,False,No classification on record,0,lseg
JF Technology Bhd,JFTECH,Electronic Equipment & Parts,2025-06-30,-4.641539,1057,0.8,False,No classification on record,0,lseg
Chemlite Innovation Bhd,CLITE,Metals & Mining,2025-12-31,-4.808777,1058,0.8,False,No classification on record,0,lseg
Solar District Cooling Group Bhd,SDCG,Construction & Engineering,2026-12-31,-4.9820213,1059,0.7,False,No classification on record,0,lseg
Oriental Kopi Holdings Bhd,KOPI,Hotels & Entertainment Services,2026-09-30,-5.0149064,1060,0.6,False,No classification on record,0,lseg
Aquawalk Group Bhd,AQUAWALK,Hotels & Entertainment Services,2026-12-31,-5.2542634,1061,0.5,False,No classification on record,0,lseg
VETECE Holdings Bhd,VTC,Software & IT Services,2025-08-31,-5.5103097,1062,0.4,False,No classification on record,0,lseg
GDB Holdings Bhd,GDB,Construction & Engineering,2026-12-31,-5.756225,1063,0.3,False,No classification on record,0,lseg
Sunway Construction Group Bhd,SUNCON,Construction & Engineering,2026-12-31,-6.079067,1064,0.2,False,No classification on record,0,lseg
Jadi Imaging Holdings Bhd,JADI,"Computers, Phones & Household Electronics",2026-03-31,-6.8520875,1065,0.1,False,No classification on record,0,lseg
