company_name,ticker,period_end,pn17_gn3_label,current_ratio,quick_ratio,cash_ratio,roa,roe,net_debt_to_total_capital,asset_turnover,zscore_nonmanufacturing
Onetech Solutions Holdings Bhd,1TECH,2021-12-31,0,4.0998,,1.91465,,,-0.73107,0.824729041704935,26.0033931730583
Onetech Solutions Holdings Bhd,1TECH,2022-12-31,0,3.22662,,1.2092,,,-0.75096,0.900845779935411,11.671984933459
Onetech Solutions Holdings Bhd,1TECH,2023-12-31,0,2.58961,,0.65565,,,-0.57238,0.679356018071119,7.67704794870771
Onetech Solutions Holdings Bhd,1TECH,2024-12-31,0,2.98984,,0.97601,,,-0.55029,0.861055480592503,10.256618778846
Onetech Solutions Holdings Bhd,1TECH,2025-12-31,0,2.30579,,0.77984,,,-0.7532,0.819499631353655,3.89459444073455
Three-A Resources Bhd,3A,2021-12-31,0,5.1255,3.89858,1.18569,,,-0.11588,1.15168856173785,13.3201925545289
Three-A Resources Bhd,3A,2022-12-31,0,4.2553,2.60063,0.32973,,,-0.00172,1.35449271964944,10.7551685768451
Three-A Resources Bhd,3A,2023-12-31,0,8.13945,5.67021,1.6581,7.592,9.13,-0.10714,1.190217519848,13.5106976200897
Three-A Resources Bhd,3A,2024-12-31,0,7.88117,5.36254,0.66785,,,-0.16837,1.0704248625021,13.3816843245332
Three-A Resources Bhd,3A,2025-12-31,0,10.57357,8.09114,1.15109,,,-0.24824,0.9439875720867,14.0906496193872
3REN Bhd,3REN,2021-12-31,0,7.32521,6.89522,2.23464,,,-0.30531,1.33650443946268,
3REN Bhd,3REN,2022-12-31,0,5.30563,4.84575,0.76302,,,-0.03981,1.41725628937271,
3REN Bhd,3REN,2023-12-31,0,7.0047,6.56942,0.77123,,,-0.05195,1.17847586407805,
3REN Bhd,3REN,2024-12-31,0,9.56016,8.89456,3.87546,,,-0.32343,1.03866109703223,17.5672873477882
3REN Bhd,3REN,2025-12-31,0,8.35202,7.27204,1.03594,,,-0.28166,0.866268694900092,16.9459935422422
5E Resources Holdings Bhd,5ER,2022-12-31,0,1.97786,1.96275,0.39318,,,-0.56619,,
5E Resources Holdings Bhd,5ER,2023-12-31,0,1.96031,1.94952,0.42435,,,-0.49863,0.618622661142766,
5E Resources Holdings Bhd,5ER,2024-12-31,0,1.88366,1.87217,0.17468,,,-0.50744,0.581867152590485,
5E Resources Holdings Bhd,5ER,2025-12-31,0,4.23726,4.21476,0.38951,,,-0.33221,0.522901773029958,
99 Speed Mart Retail Holdings Bhd,99SMART,2022-12-31,0,1.40911,0.47733,0.03347,,,0.31127,,
99 Speed Mart Retail Holdings Bhd,99SMART,2023-12-31,0,1.18895,0.14305,0.08139,,,0.49799,3.40846212435059,
99 Speed Mart Retail Holdings Bhd,99SMART,2024-12-31,0,1.00394,0.15963,0.09891,,,0.50841,3.65150317560869,
99 Speed Mart Retail Holdings Bhd,99SMART,2025-12-31,0,1.55663,0.67782,0.36128,15.745,46.239,0.10883,3.18538474426175,13.2811708883002
99 Speed Mart Retail Holdings Bhd,99SMART,2026-12-31,0,1.55351,0.74563,0.55266,16.079,36.189,0.06075,2.95124018450504,16.9632807921468
A1 A.K. Koh Group Bhd,A1AKK,2022-06-30,0,2.25141,1.61622,0.29399,,,0.37345,,
A1 A.K. Koh Group Bhd,A1AKK,2023-06-30,0,2.32572,1.58081,0.26206,,,0.3251,1.5104010590775,
A1 A.K. Koh Group Bhd,A1AKK,2024-06-30,0,2.25924,1.74542,0.54875,,,0.28733,1.38951433792773,
A1 A.K. Koh Group Bhd,A1AKK,2025-06-30,0,2.568,1.86672,0.34268,,,0.31756,1.16940436141557,
AirAsia Group Bhd,AAGB,2022-12-31,1,,,,,,,,
AirAsia Group Bhd,AAGB,2024-12-31,0,0.56624,0.56063,0.04646,13.041,,0.89322,,
AirAsia Group Bhd,AAGB,2025-12-31,0,0.60148,0.59488,,7.178,98.479,0.71103,1.00411974427815,0.181258791018769
AirAsia Group Bhd,AAGB,2026-12-31,0,0.82389,0.81495,,5.81,44.17,0.64107,0.984523457174563,0.427300399789785
Associated Air-Pak Industries Bhd,AAI,2023-12-31,0,0.99887,0.5518,0.03112,,,0.48091,,
Associated Air-Pak Industries Bhd,AAI,2024-12-31,0,1.12224,0.66461,0.0682,,,0.43057,0.686949808912846,
Associated Air-Pak Industries Bhd,AAI,2025-12-31,0,0.96978,0.56897,0.05835,,,0.46071,0.64604866622013,
Astral Asia Bhd,AASIA,2021-12-31,0,1.29853,1.01765,0.92456,-5.526,-11.7128,0.04119,0.052158914218215,1.29876773581918
Astral Asia Bhd,AASIA,2022-12-31,0,1.05925,0.83034,0.72801,-8.3674,-18.5067,0.04218,0.05840090992148,1.26966611188901
Astral Asia Bhd,AASIA,2023-12-31,0,0.87428,0.55971,0.28725,2.5917,3.7113,0.0884,0.041477425486756,0.990327655407018
Astral Asia Bhd,AASIA,2024-12-31,0,0.90073,0.65435,0.36512,5.062,6.956,0.0948,0.054235213320569,0.93447286748533
Astral Asia Bhd,AASIA,2025-12-31,0,0.90008,0.68901,0.36559,,,0.11248,0.068788900613366,0.825210192653724
Able Global Bhd,ABLEGLOB,2022-12-31,0,2.56039,1.47468,0.6011,8.009,10.849,0.00822,0.997947810102914,8.26719033826631
Able Global Bhd,ABLEGLOB,2023-12-31,0,3.39148,1.02911,0.40403,5.29,8.49,0.29683,0.878297760859445,6.15702682101528
Able Global Bhd,ABLEGLOB,2024-12-31,0,3.0294,1.23318,0.70677,6.813,12.348,0.19074,0.850972410546074,6.26538877322028
Able Global Bhd,ABLEGLOB,2025-12-31,0,2.92388,1.35051,0.79683,,,0.11866,0.891225775805513,7.06461866198876
Able Global Bhd,ABLEGLOB,2026-12-31,0,3.16325,1.38561,0.77165,,,0.05883,0.83137131254455,7.20285588277633
AbleGroup Bhd,ABLEGRP,2021-12-31,0,3.46139,2.08639,0.09942,,,-0.03895,0.070543592654862,16.8659557997552
AbleGroup Bhd,ABLEGRP,2022-12-31,0,3.91428,2.46475,0.10634,,,-0.03787,0.098245750139001,14.9766353973584
AbleGroup Bhd,ABLEGRP,2023-12-31,0,4.53422,3.05831,0.11671,,,-0.08164,0.120036249739111,15.6790508059762
AbleGroup Bhd,ABLEGRP,2024-12-31,0,5.6075,3.87362,0.30807,,,-0.09205,0.087915478062745,14.51005017625
AbleGroup Bhd,ABLEGRP,2025-12-31,0,5.72357,4.09362,0.10153,,,-0.10646,0.077074754028583,12.3801155301353
Alliance Bank Malaysia Bhd,ABMB,2023-03-31,0,,,,0.93,9.039,-0.11172,0.028237112521262,
Alliance Bank Malaysia Bhd,ABMB,2024-03-31,0,,,,1.06,2.605,-0.19816,0.030038180653699,
Alliance Bank Malaysia Bhd,ABMB,2025-03-31,0,,,,0.964,9.919,-0.06394,0.028353438161989,
Alliance Bank Malaysia Bhd,ABMB,2026-03-31,0,,,,0.93,10.115,-0.05808,0.027616189931655,
Alliance Bank Malaysia Bhd,ABMB,2027-03-31,0,,,,0.93,10.02,0.02518,0.026548953509744,
ACME Holdings Bhd,ACME,2022-03-31,0,9.57675,3.69288,2.76787,,6.202,-0.28979,0.078557193694776,7.72599234584967
ACME Holdings Bhd,ACME,2023-03-31,0,9.52953,3.43745,1.49912,,,-0.1486,0.101527079517313,10.4636275757892
ACME Holdings Bhd,ACME,2024-03-31,0,4.95013,2.67454,0.2726,,,0.00506,0.448647470225487,8.12271334652655
ACME Holdings Bhd,ACME,2025-03-31,0,2.14644,1.55932,0.16098,,,0.09271,0.427150911171566,3.96490924302929
ACME Holdings Bhd,ACME,2026-03-31,0,3.49436,2.54846,0.93607,,,-0.22902,0.514778498900118,5.78845106547865
ACO Group Bhd,ACO,2023-02-28,0,1.95978,1.13941,0.46447,,,0.03494,0.871252647977028,4.29843649795166
ACO Group Bhd,ACO,2024-02-28,0,2.19528,1.15316,0.47387,,,0.03962,0.885221160675038,4.48723992901054
ACO Group Bhd,ACO,2025-02-28,0,1.8958,1.0169,0.32736,,,0.03364,0.896670037665216,3.96987668932731
ACO Group Bhd,ACO,2026-02-28,0,2.05836,1.09696,0.32228,,,0.03947,0.955854368518036,4.41523571185456
ACO Group Bhd,ACO,2027-02-28,0,2.16656,1.17966,0.4437,,,-0.01475,0.887647616881949,4.44284242754969
AutoCount Dotcom Bhd,ADB,2021-12-31,0,1.04328,,,,,-1.44213,0.890133446047944,
AutoCount Dotcom Bhd,ADB,2022-12-31,0,2.08793,,,,,-0.66192,0.995039835517862,
AutoCount Dotcom Bhd,ADB,2023-12-31,0,3.07067,,0.9586,,,-0.88616,0.765485667399132,27.3890150950816
AutoCount Dotcom Bhd,ADB,2024-12-31,0,4.19857,,1.61818,,,-0.81363,0.824367123424119,55.8980805890893
AutoCount Dotcom Bhd,ADB,2025-12-31,0,2.73187,,2.0875,,,-0.88223,0.996233480264474,27.6657293710253
Adnex Group Bhd,ADNEX,2022-12-31,0,1.53411,,0.30528,,,-0.10455,,
Adnex Group Bhd,ADNEX,2023-12-31,0,1.57426,,0.15108,,,0.01494,2.41066752100499,
Adnex Group Bhd,ADNEX,2024-12-31,0,1.46951,,0.15221,,,0.23085,1.94895373174534,
Adnex Group Bhd,ADNEX,2025-12-31,0,1.61861,,0.45755,,,-0.11685,2.31643300635265,
Advancecon Holdings Bhd,ADVCON,2022-12-31,0,1.88451,,0.14745,,1.02,0.11676,0.637258938029048,3.63528442298657
Advancecon Holdings Bhd,ADVCON,2023-12-31,0,1.13826,1.10237,0.09524,,-10.6,0.34059,0.7721509643835,1.12683618271953
Advancecon Holdings Bhd,ADVCON,2024-12-31,0,1.00921,0.97127,0.09268,,,0.34571,0.729953746513634,0.509776861038207
Advancecon Holdings Bhd,ADVCON,2025-12-31,0,1.08287,1.01837,0.03553,,,0.47983,0.689348303464743,0.676139630558515
Advancecon Holdings Bhd,ADVCON,2026-12-31,0,1.13103,0.97315,0.04872,,,0.46495,0.79368164141074,1.20774852868926
Adventa Bhd,ADVENTA,2021-12-31,0,2.4659,1.71113,0.22408,4.583,5.771,-0.10033,1.08489690875868,9.390108395578
Adventa Bhd,ADVENTA,2022-12-31,0,5.2484,3.51386,0.71986,2.698,3.916,-0.1626,0.681735236134261,13.380395950483
Adventa Bhd,ADVENTA,2023-12-31,0,7.75426,6.22178,1.03814,0.11,0.17,-0.26505,0.414330686986298,10.9557346249628
Adventa Bhd,ADVENTA,2024-12-31,0,3.19944,2.16281,0.31119,0.107,0.172,0.01903,0.534549616437192,9.04041743980411
Adventa Bhd,ADVENTA,2025-12-31,0,4.60651,3.14721,1.05599,,,0.04256,0.477453200486772,3.99864776073042
AE Multi Holdings Bhd,AEM,2022-03-31,0,1.57135,1.34899,0.69556,-10.8491,-26.3677,-0.26349,,
AE Multi Holdings Bhd,AEM,2023-03-31,0,1.49275,1.19756,0.13874,-3.1713,-10.9963,-0.0731,0.589457826711652,-0.331103703400736
AE Multi Holdings Bhd,AEM,2024-03-31,0,1.26855,1.00697,0.0348,-3.2652,-12.0677,0.07577,0.692745553974233,-1.549589402429
AE Multi Holdings Bhd,AEM,2025-03-31,0,1.07298,0.90998,0.03246,1.018,-2.108,0.1211,0.785707567959723,-3.07199205711491
AE Multi Holdings Bhd,AEM,2026-03-31,0,1.07575,0.81514,0.02928,,,-0.05929,0.482102251746485,1.47299043273133
Aemulus Holdings Bhd,AEMULUS,2022-09-30,0,3.16332,2.59365,0.19741,,,-0.0304,0.425236723074097,18.2920598706878
Aemulus Holdings Bhd,AEMULUS,2023-09-30,0,4.33473,3.42124,0.09789,6.23,8.299,-0.08346,0.363695030293269,9.47392254628571
Aemulus Holdings Bhd,AEMULUS,2024-09-30,0,3.74596,2.70914,0.17846,,,-0.00103,0.118401734515543,6.65893415647427
Aemulus Holdings Bhd,AEMULUS,2025-09-30,0,2.01481,1.38962,0.42865,,,0.12814,0.235029412965435,4.32643236198235
Aemulus Holdings Bhd,AEMULUS,2026-09-30,0,1.60346,0.93252,0.33344,,,0.28965,0.42374067170186,3.27313352369686
AEON CO (M) Bhd,AEON,2022-12-31,0,0.50505,0.18208,0.00938,1.429,5.0,0.57313,0.607277939637272,0.31099607923851
AEON CO (M) Bhd,AEON,2023-12-31,0,0.4967,0.18136,0.02457,1.97,3.133,0.49941,0.733643496329828,0.403854560190977
AEON CO (M) Bhd,AEON,2024-12-31,0,0.51296,0.14392,0.03323,2.156,6.265,0.49811,0.775415953590402,0.616307801952124
AEON CO (M) Bhd,AEON,2025-12-31,0,0.69507,0.29513,0.12051,2.359,6.74,0.45602,0.784933961129466,1.12708512573513
AEON CO (M) Bhd,AEON,2026-12-31,0,0.62938,0.24963,0.14105,2.339,6.79,0.46653,0.750185300159146,0.749827280138338
AEON Credit Service (M) Bhd,AEONCR,2023-02-28,0,3.16078,,0.0863,3.589,19.78,0.71878,0.149701346853656,3.09495044221525
AEON Credit Service (M) Bhd,AEONCR,2024-02-28,0,1.6056,,0.04011,3.83,18.84,0.72411,0.154318107108242,2.28586775388522
AEON Credit Service (M) Bhd,AEONCR,2025-02-28,0,1.22158,,0.02473,3.569,17.089,0.77,0.161137123703551,1.7830633197639
AEON Credit Service (M) Bhd,AEONCR,2026-02-28,0,0.93826,,0.01725,2.75,13.55,0.78439,0.163232983591759,1.14997347707453
AEON Credit Service (M) Bhd,AEONCR,2027-02-28,0,0.9988,,0.01842,2.52,13.0,0.76928,0.162532881244477,1.23186703510419
Affin Bank Bhd,AFFIN,2022-12-31,0,,,,0.71,5.419,-0.17589,0.023378745616525,
Affin Bank Bhd,AFFIN,2023-12-31,0,,,,0.95,7.74,0.12112,0.023411719714505,
Affin Bank Bhd,AFFIN,2024-12-31,0,,,,0.41,3.7,0.22289,0.018270216883718,
Affin Bank Bhd,AFFIN,2025-12-31,0,,,,0.47,4.489,0.40566,0.018002117759641,
Affin Bank Bhd,AFFIN,2026-12-31,0,,,,0.46,,0.41615,0.018174667095701,
ABM Fujiya Bhd,AFUJIYA,2021-12-31,0,1.38715,0.56533,0.04145,,,0.30978,0.309096746741828,2.48387604368447
ABM Fujiya Bhd,AFUJIYA,2022-12-31,0,1.00354,0.35078,0.02462,,,0.42292,0.297243650865012,1.07486927146084
ABM Fujiya Bhd,AFUJIYA,2023-12-31,0,0.94882,0.50048,0.07074,,,0.56381,0.305961825524235,0.286575387840541
ABM Fujiya Bhd,AFUJIYA,2024-12-31,0,1.05627,0.58575,0.0384,,,0.60048,0.369760175964167,0.90298494590858
ABM Fujiya Bhd,AFUJIYA,2025-12-31,0,1.02864,0.57692,0.01763,,,0.64578,0.283365824234133,0.880362481964299
Agmo Holdings Bhd,AGMO,2023-03-31,0,5.77767,,1.12711,,,-0.47834,1.48533120844472,
Agmo Holdings Bhd,AGMO,2024-03-31,0,13.84257,,7.94382,24.936,28.279,-0.74696,0.926499109359254,70.6445228228066
Agmo Holdings Bhd,AGMO,2025-03-31,0,12.27817,,8.78516,,,-0.67612,0.740904245279889,41.9313264413512
Agmo Holdings Bhd,AGMO,2026-03-31,0,10.81262,,7.024,,,-0.58555,0.67318138971273,31.7417103614715
Agmo Holdings Bhd,AGMO,2027-03-31,0,7.59283,,4.12644,,,-0.44872,0.589464226916279,20.2278624130744
Agricore CS Holdings Bhd,AGRICOR,2021-12-31,0,1.17714,0.71694,0.28348,,,0.41113,2.14849301641754,
Agricore CS Holdings Bhd,AGRICOR,2022-12-31,0,1.45899,0.75094,0.32805,,,0.26389,2.02823677227903,
Agricore CS Holdings Bhd,AGRICOR,2023-12-31,0,1.72375,1.00522,0.36431,,,0.2657,1.94536794852395,
Agricore CS Holdings Bhd,AGRICOR,2024-12-31,0,3.01557,1.92392,0.94983,,,-0.01849,1.84294310156149,6.86021639965931
Agricore CS Holdings Bhd,AGRICOR,2025-12-31,0,3.31628,2.08496,0.85179,,,0.08205,1.56057779427873,7.04492627160841
AGX Group Bhd,AGX,2022-12-31,0,1.70961,,0.18998,,,0.20859,2.38675889438076,
AGX Group Bhd,AGX,2023-12-31,0,1.91708,,0.3451,,,0.02635,2.64257523319782,
AGX Group Bhd,AGX,2024-12-31,0,1.95897,,0.25082,,,0.14119,2.01038951919099,
AGX Group Bhd,AGX,2025-12-31,0,2.61074,,0.39215,,,0.07539,1.90114170599707,7.87755401375448
AGX Group Bhd,AGX,2026-12-31,0,2.17172,,0.27183,,,0.14404,1.77345749186038,6.63996190117311
Aimax Bhd,AIMAX,2021-09-30,0,,,,14.958,24.092,,,
Aimax Bhd,AIMAX,2022-09-30,0,10.37735,9.49194,2.7463,11.615,20.007,-0.14763,,
Aimax Bhd,AIMAX,2023-09-30,0,,,,19.515,29.602,,,
Aimax Bhd,AIMAX,2024-09-30,0,,,,15.033,21.383,,,
Aimax Bhd,AIMAX,2025-09-30,0,,,,15.281,21.347,,,
AIMFLEX Bhd,AIMFLEX,2021-12-31,0,3.46098,2.84545,1.06664,,,-0.28468,0.825358254615306,13.3976098821031
AIMFLEX Bhd,AIMFLEX,2022-12-31,0,8.32894,7.45832,5.70827,,,-0.62779,0.771564133884568,22.5790705798136
AIMFLEX Bhd,AIMFLEX,2023-12-31,0,5.36893,4.83629,3.73205,,,-0.62485,0.562949632788652,14.7401398182158
AIMFLEX Bhd,AIMFLEX,2024-12-31,0,9.10013,8.22266,6.58671,,,-0.61404,0.480637376808006,18.7672562569366
AIMFLEX Bhd,AIMFLEX,2025-12-31,0,7.31554,6.50905,4.16451,,,-0.63249,0.389741344390048,11.3657600333071
Ajinomoto (Malaysia) Bhd,AJI,2023-03-31,0,2.22936,1.5215,0.45815,,,-0.03802,0.664604493638286,7.14225488456115
Ajinomoto (Malaysia) Bhd,AJI,2024-03-31,0,1.77149,1.26896,0.25211,,,0.03406,0.819753889107749,7.38448771096199
Ajinomoto (Malaysia) Bhd,AJI,2025-03-31,0,5.28371,4.5388,0.29118,,,-0.39555,0.693767836246644,12.2403350200694
Ajinomoto (Malaysia) Bhd,AJI,2026-03-31,0,4.89285,3.60546,0.45971,,,-0.35677,0.661749992019893,11.6501255739699
Ajinomoto (Malaysia) Bhd,AJI,2027-03-31,0,5.83067,4.43333,0.5633,,,-0.39279,0.711317865571092,11.1306239714741
Ajiya Bhd,AJIYA,2021-12-31,0,5.24155,3.84641,0.64395,8.674,10.907,-0.34708,0.568271008376684,9.98604843976893
Ajiya Bhd,AJIYA,2022-12-31,0,5.92206,4.63916,0.93313,9.343,12.151,-0.3681,0.602615692316637,14.7095747296724
Ajiya Bhd,AJIYA,2023-12-31,0,6.23604,5.02094,0.52184,7.81,10.207,-0.42031,0.569271264511008,13.411269025184
Ajiya Bhd,AJIYA,2024-12-31,0,5.26884,4.03603,0.69297,6.346,10.104,-0.14679,0.564643101278988,10.0726343663834
Ajiya Bhd,AJIYA,2025-12-31,0,5.31289,4.08023,0.73556,5.236,8.774,-0.07446,0.406261859426082,13.3310149941618
Alam Maritim Resources Bhd,ALAM,2021-06-30,0,,,,-12.115,-16.191,,,
Alam Maritim Resources Bhd,ALAM,2022-06-30,0,,,,-16.185,-22.016,,,
Alam Maritim Resources Bhd,ALAM,2023-06-30,1,0.65284,,,-23.667,-32.218,1.04063,,
Alam Maritim Resources Bhd,ALAM,2024-06-30,1,0.8255,,,-11.4,-19.307,0.67795,1.45610274316903,-6.64044345268856
Alam Maritim Resources Bhd,ALAM,2025-06-30,1,0.75935,0.74041,0.43948,-20.493,-40.026,-3.40803,2.08303329977251,-8.14304077896319
Al-Aqar Healthcare REIT,ALAQAR,2022-12-31,0,6.13799,,2.39352,4.099,7.2,0.36469,0.06886940280906,2.48131629410221
Al-Aqar Healthcare REIT,ALAQAR,2023-12-31,0,6.2504,,1.74819,3.799,7.4,0.41574,0.062426356843894,2.27719104872666
Al-Aqar Healthcare REIT,ALAQAR,2024-12-31,0,2.42028,,0.6059,3.26,5.94,0.36798,0.065012552307659,2.59794400445182
Al-Aqar Healthcare REIT,ALAQAR,2025-12-31,0,1.57013,,0.29316,3.16,5.48,0.37063,0.06349860849051,2.51490564056528
Al-Aqar Healthcare REIT,ALAQAR,2026-12-31,0,0.32263,,0.05988,2.839,5.299,0.4408,0.061147353372569,0.400073369529481
Alcom Group Bhd,ALCOM,2021-12-31,0,1.94162,0.67934,0.27145,,,0.44997,1.26631976894159,4.10260675734398
Alcom Group Bhd,ALCOM,2022-12-31,0,1.89763,1.02346,0.56612,,,0.07415,1.87989999691824,5.41692287092149
Alcom Group Bhd,ALCOM,2023-12-31,0,1.88345,1.2024,0.81386,,,0.03958,1.38033224302676,4.22979417633293
Alcom Group Bhd,ALCOM,2024-12-31,0,1.29541,0.59561,0.32427,,,0.4157,1.10194761369972,1.86751457876843
Alcom Group Bhd,ALCOM,2025-12-31,0,1.07251,0.42204,0.21997,,,0.64574,0.723318106037988,0.434158786733442
Allianz Malaysia Bhd,ALLIANZ,2022-12-31,0,,,,2.1,11.71,-0.35856,0.267907330819044,
Allianz Malaysia Bhd,ALLIANZ,2023-12-31,0,,,,1.957,11.293,-0.47692,0.194436707070176,
Allianz Malaysia Bhd,ALLIANZ,2024-12-31,0,,,,2.929,14.889,-0.2974,0.192259930188196,
Allianz Malaysia Bhd,ALLIANZ,2025-12-31,0,,,,2.83,14.05,-0.34364,0.19709182919655,
Allianz Malaysia Bhd,ALLIANZ,2026-12-31,0,,,,3.25,15.83,-0.27774,0.208798318453962,
Alpha IVF Group Bhd,ALPHA,2023-05-31,0,1.95592,1.88078,0.81019,,,-0.02265,0.914080342979001,
Alpha IVF Group Bhd,ALPHA,2024-05-31,0,3.02479,2.89436,0.9675,,,-0.41631,1.35493389507841,
Alpha IVF Group Bhd,ALPHA,2025-05-31,0,6.77227,6.64997,0.95443,32.663,44.29,-0.65696,1.03409987375056,49.7266075905412
Alpha IVF Group Bhd,ALPHA,2026-05-31,0,7.29418,7.17569,1.44823,23.989,29.809,-0.58147,0.73826504861008,37.7165966371656
Alpha IVF Group Bhd,ALPHA,2027-05-31,0,5.37372,5.24313,1.33838,21.21,27.66,-0.43852,0.785389924990611,27.6720172926644
Aldrich Resources Bhd,ALRICH,2022-06-30,0,,,,,,,,
Aldrich Resources Bhd,ALRICH,2023-06-30,0,4.21335,,1.36742,,,-0.23216,,
Aldrich Resources Bhd,ALRICH,2024-06-30,0,2.59365,,0.36613,,,-0.12068,0.399478446893203,8.17909730013766
Aldrich Resources Bhd,ALRICH,2025-06-30,0,2.35034,,0.34315,,,-0.02912,0.457759324533782,5.10285532144184
Aldrich Resources Bhd,ALRICH,2026-06-30,0,5.17401,,0.41069,,,0.34887,0.424813227946608,5.31918141382263
Al-Salam Real Estate Investment Trust,ALSREIT,2022-12-31,0,4.24229,,0.55049,1.02,2.16,0.48888,0.057050677596482,1.01789058527438
Al-Salam Real Estate Investment Trust,ALSREIT,2023-12-31,0,0.16939,,0.02871,5.113,10.633,0.46435,0.05612419463768,-1.22069847973273
Al-Salam Real Estate Investment Trust,ALSREIT,2024-12-31,0,0.53607,,0.04112,1.66,3.37,0.46716,0.058205061769659,0.520345388565946
Al-Salam Real Estate Investment Trust,ALSREIT,2025-12-31,0,1.15175,,0.07038,0.4,0.82,0.46891,0.059584908601732,0.819794824317397
Al-Salam Real Estate Investment Trust,ALSREIT,2026-12-31,0,0.63835,,0.1048,1.03,2.089,0.45171,0.067480476950995,0.674317800880025
Ammb Holdings Bhd,AMBANK,2023-03-31,0,,,,0.87,9.57,0.08735,0.023312675389321,
Ammb Holdings Bhd,AMBANK,2024-03-31,0,,,,0.93,6.13,0.43399,0.024302800344671,
Ammb Holdings Bhd,AMBANK,2025-03-31,0,,,,0.95,10.0,0.29275,0.023128533354976,
Ammb Holdings Bhd,AMBANK,2026-03-31,0,,,,1.01,9.99,0.33565,0.024332924133411,
Ammb Holdings Bhd,AMBANK,2027-03-31,0,,,,1.03,9.949,0.38957,0.024788839922863,
Ambest Group Bhd,AMBEST,2022-12-31,0,1.49699,1.35897,0.21887,,,0.2807,,
Ambest Group Bhd,AMBEST,2023-12-31,0,2.29939,2.12543,0.50312,,,0.23634,1.18333217396881,
Ambest Group Bhd,AMBEST,2024-12-31,0,1.48895,1.22211,0.04043,,,0.56244,0.761199387354645,
Ambest Group Bhd,AMBEST,2025-12-31,0,2.18009,1.47427,0.15796,,,0.47416,0.642404361401976,
AME Elite Consortium Bhd,AME,2023-03-31,0,3.62125,1.29164,0.23145,3.61,7.05,0.06241,0.294623590043883,5.19936850932634
AME Elite Consortium Bhd,AME,2024-03-31,0,2.68608,1.36398,0.43716,6.23,13.63,-0.10915,0.344824067408025,4.77533749282711
AME Elite Consortium Bhd,AME,2025-03-31,0,2.06893,1.12876,0.33525,5.188,11.051,-0.07654,0.399401259889503,4.97620484590642
AME Elite Consortium Bhd,AME,2026-03-31,0,2.03098,1.08324,0.41876,6.655,10.259,0.01989,0.327812595920983,4.38600849979194
AME Elite Consortium Bhd,AME,2027-03-31,0,2.8249,1.8336,1.36604,,27.6,-0.06496,0.428439110380062,5.22134796692533
AME Real Estate Investment Trust,AMEREIT,2023-03-31,0,0.36945,,0.35712,,,0.05259,,
AME Real Estate Investment Trust,AMEREIT,2024-03-31,0,0.19951,,0.05988,8.007,9.38,0.10119,0.037189029336308,6.52367863825977
AME Real Estate Investment Trust,AMEREIT,2025-03-31,0,0.21984,,0.03992,7.488,8.994,0.1243,0.070299519780296,5.48954283493513
AME Real Estate Investment Trust,AMEREIT,2026-03-31,0,0.87241,,0.4263,,,0.21246,0.067052048115429,4.65194930010372
AME Real Estate Investment Trust,AMEREIT,2027-03-31,0,0.56373,,0.23183,12.8,18.519,0.2703,0.068367463101916,3.08364646080024
AmFIRST Real Estate Investment Trust,AMFIRST,2023-03-31,0,0.18219,,0.02853,,,0.49779,0.059758250056799,0.437212790446349
AmFIRST Real Estate Investment Trust,AMFIRST,2024-03-31,0,0.03462,,0.00319,,,0.48189,0.06359116805007,-1.20770150330362
AmFIRST Real Estate Investment Trust,AMFIRST,2025-03-31,0,0.04181,,0.00528,,,0.48027,0.063490645929543,-0.220054953906847
AmFIRST Real Estate Investment Trust,AMFIRST,2026-03-31,0,0.02977,,0.00364,,,0.47806,0.064943757380643,-1.23808926973066
AmFIRST Real Estate Investment Trust,AMFIRST,2027-03-31,0,0.06159,,0.00598,,,0.47581,0.067446854886492,-0.219846763160711
Amlex Holdings Bhd,AMLEX,2022-03-31,0,1.59141,1.05903,0.32334,,,0.17431,1.27838456244717,5.74416873233511
Amlex Holdings Bhd,AMLEX,2023-03-31,0,2.17629,1.32453,0.4579,,,0.23557,0.894998480280773,6.02333307315376
Amlex Holdings Bhd,AMLEX,2024-03-31,0,3.03015,1.9961,0.78818,,,0.13459,0.72996561580818,7.40612490735915
Amlex Holdings Bhd,AMLEX,2025-03-31,0,2.72833,1.65748,0.39961,,,0.14061,0.851201102290806,5.63373527003236
Amlex Holdings Bhd,AMLEX,2026-03-31,0,3.07793,1.94161,0.54221,,,0.11374,0.833887131495466,4.7514116887269
AMS Advanced Material Bhd,AMS,2022-09-30,0,1.81519,1.42399,0.36462,,,0.23217,,
AMS Advanced Material Bhd,AMS,2023-09-30,0,1.96135,1.47278,0.23857,,,0.27792,1.54913561275451,
AMS Advanced Material Bhd,AMS,2024-09-30,0,1.3906,1.01355,0.18985,,,0.14837,1.76879457917261,
AMS Advanced Material Bhd,AMS,2025-09-30,0,1.77987,1.07413,0.34187,,,0.11557,1.59009911914526,
Amtel Holdings Bhd,AMTEL,2021-11-30,0,2.60358,2.27405,0.72533,-6.07,-13.385,-0.42284,0.6515529531644,7.5680584330572
Amtel Holdings Bhd,AMTEL,2022-11-30,0,3.08605,2.74315,0.52096,-1.4111,-3.8811,-0.35021,0.717107360785509,9.37894667376409
Amtel Holdings Bhd,AMTEL,2023-11-30,0,3.2067,2.87346,1.23318,-4.14,-6.575,-0.48141,0.834393753569333,8.26643750083855
Amtel Holdings Bhd,AMTEL,2024-11-30,0,4.29712,3.86254,1.18805,,,-0.49292,0.794846543693762,9.08826488302392
Amtel Holdings Bhd,AMTEL,2025-11-30,0,3.7432,3.34374,0.99267,,,-0.52173,0.728936107930169,7.39661731499417
Amway (Malaysia) Holdings Bhd,AMWAY,2022-12-31,0,1.31296,0.83569,0.75349,7.23,16.75,-1.00866,2.9119028628875,4.55566029092864
Amway (Malaysia) Holdings Bhd,AMWAY,2023-12-31,0,1.49725,0.77582,0.61025,14.089,32.742,-0.65612,2.7760069566301,5.89058461690927
Amway (Malaysia) Holdings Bhd,AMWAY,2024-12-31,0,1.7213,1.3088,1.15177,,,-1.03229,2.41461706295625,7.61432118688932
Amway (Malaysia) Holdings Bhd,AMWAY,2025-12-31,0,2.10017,1.28786,1.13003,,,-0.58925,2.13162378793371,9.8925612858475
Amway (Malaysia) Holdings Bhd,AMWAY,2026-12-31,0,1.70172,0.97414,0.83577,9.099,16.05,-0.58415,2.17903078920343,6.74692104787052
Analabs Resources Bhd,ANALABS,2022-04-30,0,0.75195,0.58315,0.25833,4.3535,5.1041,0.15068,0.277835338371625,3.82775780197909
Analabs Resources Bhd,ANALABS,2023-04-30,0,0.50757,0.41631,0.12734,2.616,3.1001,0.23268,0.276874878025487,2.55703983674084
Analabs Resources Bhd,ANALABS,2024-04-30,0,0.38873,0.30054,0.12943,7.866,9.086,0.25054,0.258871570225482,2.15822419148334
Analabs Resources Bhd,ANALABS,2025-04-30,0,0.31208,0.26647,0.12203,8.134,9.391,0.28023,0.195493705844981,1.6590522494263
Analabs Resources Bhd,ANALABS,2026-04-30,0,0.26384,0.22494,0.12119,,,0.26276,0.155710398556607,1.934079023439
Ancom Logistics Bhd,ANCOMLB,2022-05-31,0,1.51351,,0.37968,,,-0.13643,0.589466018462023,5.78216936977327
Ancom Logistics Bhd,ANCOMLB,2023-05-31,0,1.87287,,0.53389,,,-0.08982,0.661758974581042,5.87671900413447
Ancom Logistics Bhd,ANCOMLB,2024-05-31,0,1.18899,,0.3736,,,0.24809,0.642040349587519,2.96292663405031
Ancom Logistics Bhd,ANCOMLB,2025-05-31,0,0.9274,,0.28522,,,0.62921,0.448101588665239,0.661761157179883
Ancom Logistics Bhd,ANCOMLB,2026-05-31,0,0.80159,,0.23404,,,0.62023,0.367480099177868,0.168521799435035
Ancom Nylex Bhd,ANCOMNY,2023-05-31,0,1.22111,0.91314,0.14715,,,0.36419,1.83670074987934,2.84668630361225
Ancom Nylex Bhd,ANCOMNY,2024-05-31,0,1.32242,0.95743,0.18274,6.45,17.13,0.25593,1.7549958149005,3.35923557435668
Ancom Nylex Bhd,ANCOMNY,2025-05-31,0,1.35489,0.96856,0.18698,6.7,15.699,0.23373,1.6414231330022,3.90346034432094
Ancom Nylex Bhd,ANCOMNY,2026-05-31,0,1.44429,1.08107,0.23599,5.12,11.06,0.22583,1.51334909133181,4.14069238203508
Ancom Nylex Bhd,ANCOMNY,2027-05-31,0,1.32186,0.97852,0.14534,6.16,13.27,0.2789,1.46136689278332,3.57424122557406
Aneka Jaringan Holdings Bhd,ANEKA,2021-08-31,0,1.88325,,0.15076,,,0.28236,0.552177127622453,2.54415284956268
Aneka Jaringan Holdings Bhd,ANEKA,2022-08-31,0,1.39235,,0.06654,,,0.38713,0.708784336947123,0.596652530292716
Aneka Jaringan Holdings Bhd,ANEKA,2023-08-31,0,1.33442,,0.13748,,,0.29704,0.801458486227057,1.01219705301759
Aneka Jaringan Holdings Bhd,ANEKA,2024-08-31,0,1.34252,,0.08756,,,0.33671,0.904231779620393,1.47446869756582
Aneka Jaringan Holdings Bhd,ANEKA,2025-08-31,0,1.25083,,0.16812,,,0.17987,1.03969436233784,1.21752126302152
Ann Joo Resources Bhd,ANNJOO,2022-12-31,0,1.33222,0.489,0.0438,6.47,20.01,0.42027,0.984863256259084,3.40316470959796
Ann Joo Resources Bhd,ANNJOO,2023-12-31,0,1.11068,0.48402,0.0771,,-10.545,0.46155,1.1325346433789,0.946364888020412
Ann Joo Resources Bhd,ANNJOO,2024-12-31,0,0.97158,0.39502,0.03731,,-0.182,0.49564,0.850087599984137,0.700494699222555
Ann Joo Resources Bhd,ANNJOO,2025-12-31,0,0.86262,0.39523,0.03428,-9.535,-24.417,0.52176,0.811444670398662,-0.495829455642739
Ann Joo Resources Bhd,ANNJOO,2026-12-31,0,0.75029,0.34482,0.06461,-8.599,-28.429,0.58798,0.767816055391206,-1.44014764478644
Alpha Ocean Resources Bhd,AORB,2021-06-30,0,4.22471,3.97168,1.77267,,,-0.35489,1.0857986166564,
Alpha Ocean Resources Bhd,AORB,2022-06-30,0,6.79913,6.65179,4.34834,,,-0.54163,0.217778155813046,68.7212054656524
Alpha Ocean Resources Bhd,AORB,2023-06-30,0,10.8988,10.05533,5.04753,,,-0.3932,0.131118920932751,276.949396128294
Alpha Ocean Resources Bhd,AORB,2024-06-30,0,7.10381,5.90256,2.2689,,,-0.27121,0.279481115469091,252.271534276069
Alpha Ocean Resources Bhd,AORB,2025-06-30,0,14.87092,14.24067,7.8546,,,-0.48166,0.519114992395751,445.222990686515
APB Resources Bhd,APB,2022-09-30,0,7.28327,7.23951,1.00614,,,-0.52514,0.459103233589314,13.2764098687303
APB Resources Bhd,APB,2023-09-30,0,,,,,,,,
APB Resources Bhd,APB,2024-09-30,0,,,,,,,,
APB Resources Bhd,APB,2025-09-30,0,1.25348,1.24956,0.75198,,,0.43261,,
APB Resources Bhd,APB,2026-09-30,0,1.27631,1.26946,0.30639,,,0.55911,0.444880667948707,-1.20886824412794
APM Automotive Holdings Bhd,APM,2021-12-31,0,2.61713,1.64989,0.40731,,2.724,-0.14472,0.661653225000041,4.65083865770576
APM Automotive Holdings Bhd,APM,2022-12-31,0,2.46337,1.61158,0.38789,,3.22,-0.14287,0.914065062186231,4.47363496596986
APM Automotive Holdings Bhd,APM,2023-12-31,0,2.47152,1.65706,0.44851,,3.119,-0.21237,0.939212248623181,4.63612107728857
APM Automotive Holdings Bhd,APM,2024-12-31,0,2.52006,1.8699,0.24753,,2.169,-0.14999,0.912125908674361,4.78680456944962
APM Automotive Holdings Bhd,APM,2025-12-31,0,2.67522,2.09101,0.27714,,,-0.27096,0.851976096363372,5.07255330871154
Apollo Food Holdings Bhd,APOLLO,2023-04-30,0,18.07434,15.43735,10.98002,,,-0.40023,0.746175847316536,24.7666555000171
Apollo Food Holdings Bhd,APOLLO,2024-04-30,0,21.85767,18.50282,12.57513,,,-0.45257,1.02806996892039,26.5259760459974
Apollo Food Holdings Bhd,APOLLO,2025-04-30,0,12.00615,10.29814,7.33521,,,-0.53133,1.01637076177281,34.7503882070974
Apollo Food Holdings Bhd,APOLLO,2026-04-30,0,8.3006,6.9698,5.34382,,,-0.49286,1.16720191794687,25.5813546608539
Apollo Food Holdings Bhd,APOLLO,2027-04-30,0,3.84614,3.25799,1.77977,,,-0.24547,1.1269129573135,16.3833152793114
AppAsia Bhd,APPASIA,2021-12-31,0,4.06606,4.06606,1.50298,,,-0.37936,1.99586214643427,22.4480148667335
AppAsia Bhd,APPASIA,2022-12-31,0,5.84789,,1.21966,,,-0.17546,2.06588449181187,36.868215298496
AppAsia Bhd,APPASIA,2023-12-31,0,7.04169,,2.3452,,,-0.29691,0.80870068994089,39.1656905287155
AppAsia Bhd,APPASIA,2024-12-31,0,14.42343,,5.01096,,,-0.3165,0.859390636210321,90.1168749248074
AppAsia Bhd,APPASIA,2025-12-31,0,13.33208,,2.68131,7.9819,9.7412,-0.14993,0.718010881824863,84.6699344908948
Aquawalk Group Bhd,AQUAWALK,2022-12-31,0,0.85003,0.85003,0.4557,,,0.50164,,
Aquawalk Group Bhd,AQUAWALK,2023-12-31,0,1.04169,1.04169,0.72104,,,0.31713,0.332806654138143,
Aquawalk Group Bhd,AQUAWALK,2024-12-31,0,1.71817,1.71817,1.14674,,,0.10495,0.387215353029989,
Aquawalk Group Bhd,AQUAWALK,2025-12-31,0,1.02237,1.02211,0.76929,,,0.23589,0.452311656787343,
Aquawalk Group Bhd,AQUAWALK,2026-12-31,0,4.51738,4.51672,3.91697,9.8,15.8,-0.24598,0.389755963056366,8.89108736205534
A-rank Bhd,ARANK,2021-07-31,0,2.86335,0.86691,0.39169,,,0.2793,2.17245807965785,5.25401181082292
A-rank Bhd,ARANK,2022-07-31,0,2.3797,0.82902,0.35014,,,0.25179,2.55779406452705,4.9224237592665
A-rank Bhd,ARANK,2023-07-31,0,2.02952,0.75406,0.30459,8.833,13.851,0.28703,1.92239175208163,4.24813222945167
A-rank Bhd,ARANK,2024-07-31,0,1.96355,0.75278,0.2436,8.3355,13.8252,0.23172,2.06987465861892,4.23780181340402
A-rank Bhd,ARANK,2025-07-31,0,1.86747,0.6524,0.16829,9.109,15.097,0.22,1.70139940021356,4.05700528562298
ARB Bhd,ARBB,2024-12-31,0,253.29365,,28.75661,,,-0.10321,,
ARB Bhd,ARBB,2025-12-31,0,372.32963,,9.76667,22.73,29.61,-0.02557,1.50393002892735,
ARK Resources Holdings Bhd,ARK,2022-03-31,0,3.63425,0.605,0.13794,,,-0.02129,,
ARK Resources Holdings Bhd,ARK,2023-03-31,0,3.31105,0.75175,0.49306,-65.8268,-201.4308,-0.16738,0.062868633591561,6.53071341742526
ARK Resources Holdings Bhd,ARK,2024-03-31,0,3.01311,0.59442,0.12494,-140.9689,-62.7866,-0.04374,0.394769204905339,4.79706181944868
ARK Resources Holdings Bhd,ARK,2025-03-31,0,1.10093,0.84215,0.24206,771.453,179.506,-0.7666,2.1439140964485,1.08712664100211
ARK Resources Holdings Bhd,ARK,2026-03-31,0,1.28428,1.08,0.04763,,,-0.11246,1.99798536097413,1.75894412548417
Arka Bhd,ARKA,2021-12-31,0,2.00273,1.9729,0.49631,-1.85,-12.92,-0.00962,0.405718046526465,22.8519174594587
Arka Bhd,ARKA,2022-12-31,0,2.11675,2.06781,0.6415,-3.4691,-15.6764,-0.04426,0.415631815087947,13.8815252847906
Arka Bhd,ARKA,2023-12-31,0,2.54854,2.5169,0.09118,-3.349,-13.371,0.23682,0.463307790669433,4.54056983291911
Arka Bhd,ARKA,2024-12-31,0,1.80021,1.7535,0.1682,,,-0.00136,0.361037254975897,4.21262335082065
Arka Bhd,ARKA,2025-12-31,0,1.95299,1.87024,0.12714,,,-0.02403,0.438654048837027,4.00340448590814
Bumi Armada Bhd,ARMADA,2022-12-31,0,0.93363,0.93363,0.03617,4.639,16.14,0.5675,0.174980239108207,0.385240866018797
Bumi Armada Bhd,ARMADA,2023-12-31,0,1.12176,,0.05087,6.16,16.079,0.44367,0.202176172056487,0.949256979886806
Bumi Armada Bhd,ARMADA,2024-12-31,0,0.56609,,0.03498,2.902,5.681,0.37332,0.18676795903009,0.141110463446333
Bumi Armada Bhd,ARMADA,2025-12-31,0,2.09944,,0.08128,5.879,10.759,0.23566,0.213154954201101,2.58418580225981
Bumi Armada Bhd,ARMADA,2026-12-31,0,2.63484,,0.11268,4.57,7.29,0.1321,0.165398972180118,2.3144323894756
AmanahRaya Real Estate Investment Trust,ARREIT,2022-12-31,0,2.29334,,0.21563,,,0.43101,0.060417957498109,1.50790387441683
AmanahRaya Real Estate Investment Trust,ARREIT,2023-12-31,0,3.12653,,0.12851,,,0.43342,0.05476709535999,1.78665202892091
AmanahRaya Real Estate Investment Trust,ARREIT,2024-12-31,0,1.45863,,0.15766,,,0.41405,0.051505896947788,1.25061020974427
AmanahRaya Real Estate Investment Trust,ARREIT,2025-12-31,0,0.02351,,0.00698,,,0.42941,0.057233989657771,-1.67633706059015
AmanahRaya Real Estate Investment Trust,ARREIT,2026-12-31,0,3.21196,,1.93122,,,0.42795,0.062565590074313,1.23219308659201
Artroniq Bhd,ARTRONIQ,2021-12-31,0,1.89105,1.80508,0.40662,,,-0.11267,5.65532914370423,11.4680971993155
Artroniq Bhd,ARTRONIQ,2025-12-31,0,6.4683,6.10431,1.6121,,,-0.09557,,
Advance Synergy Bhd,ASB,2021-12-31,0,2.26654,1.94148,1.10423,2.1627,1.421,0.03828,0.15674103727966,2.07520079290971
Advance Synergy Bhd,ASB,2022-12-31,0,2.45744,2.17628,1.36801,2.2275,1.6749,0.00751,0.30249867323506,2.99080616021441
Advance Synergy Bhd,ASB,2023-12-31,0,2.33821,2.00794,0.47788,-1.673,-5.243,0.07463,0.363692241537401,2.18956675265882
Advance Synergy Bhd,ASB,2024-12-31,0,3.02059,2.28591,0.75682,0.909,-0.384,0.02471,0.403134381853014,1.88098665890115
Advance Synergy Bhd,ASB,2025-12-31,0,2.93202,2.56109,1.31362,,,-0.03868,0.495688552387573,2.07624144177126
Asia Brands Bhd,ASIABRN,2022-03-31,0,2.41297,1.12151,0.38241,,,0.06894,0.560554332539284,4.39018410570478
Asia Brands Bhd,ASIABRN,2023-03-31,0,2.4118,1.00625,0.13866,,,0.09997,0.629582719530166,4.2376779159826
Asia Brands Bhd,ASIABRN,2024-03-31,0,1.88379,0.69213,0.17643,8.21,11.043,0.17287,0.62057601610581,3.07874670802073
Asia Brands Bhd,ASIABRN,2025-03-31,0,2.28879,0.90261,0.2302,,,0.1281,0.549675190664261,4.23750761007142
Asia Brands Bhd,ASIABRN,2026-03-31,0,2.56653,1.16992,0.38516,,14.44,0.07579,0.534974640378791,4.7224785781132
Asia File Corporation Bhd,ASIAFLE,2023-03-31,0,9.03823,6.51477,3.08079,,,-0.28564,0.417998316020498,12.2073253123585
Asia File Corporation Bhd,ASIAFLE,2024-03-31,0,11.60632,8.82619,7.0627,,4.299,-0.32716,0.402084854809147,12.309299195085
Asia File Corporation Bhd,ASIAFLE,2025-03-31,0,11.09126,9.03766,7.18031,6.294,6.763,-0.43493,0.35563267937865,13.529185170893
Asia File Corporation Bhd,ASIAFLE,2026-03-31,0,15.00726,12.49889,8.48198,,,-0.49005,0.338281734609486,12.1426566745114
Asia File Corporation Bhd,ASIAFLE,2027-03-31,0,19.16629,16.57458,12.43815,,,-0.51062,0.309151485452611,11.344589598528
Asian Pac Holdings Bhd,ASIAPAC,2022-03-31,0,1.24377,0.50926,0.20206,4.2224,12.6856,0.26915,0.068404312914448,1.65394282868833
Asian Pac Holdings Bhd,ASIAPAC,2023-03-31,0,1.09391,0.58138,0.15476,5.2484,19.3217,0.29327,0.107466867637758,1.59083363050814
Asian Pac Holdings Bhd,ASIAPAC,2024-03-31,0,1.12915,0.68218,0.12539,4.325,11.962,0.30538,0.137491489707162,1.69416378672901
Asian Pac Holdings Bhd,ASIAPAC,2025-03-31,0,1.07071,0.71521,0.13992,,,0.26349,0.15621075444753,2.13016007547228
Asian Pac Holdings Bhd,ASIAPAC,2026-03-31,0,0.93893,0.51048,0.09972,,,0.26322,0.14769841987976,1.90897702043078
Asia Poly Holdings Bhd,ASIAPLY,2021-12-31,0,2.29168,1.58066,0.61237,,,-0.0658,0.38524234402524,3.85185304483039
Asia Poly Holdings Bhd,ASIAPLY,2022-12-31,0,1.7036,0.95939,0.28191,,,0.17175,0.392299488248809,2.044236320574
Asia Poly Holdings Bhd,ASIAPLY,2023-12-31,0,1.683,0.95248,0.24203,,,0.17319,0.493608183266404,1.60885276973891
Asia Poly Holdings Bhd,ASIAPLY,2024-12-31,0,1.48004,0.82036,0.10755,,,0.2349,0.558036997282216,1.13092077086955
Asia Poly Holdings Bhd,ASIAPLY,2025-12-31,0,1.59147,0.8541,0.14265,,,0.20118,0.436092778554573,2.57176158946741
ASM Automation Group Bhd,ASM,2022-03-31,0,2.09621,1.81907,0.26962,,,-0.23143,,
ASM Automation Group Bhd,ASM,2023-03-31,0,2.04868,1.71041,0.18242,,,-0.23345,0.735678108026849,
ASM Automation Group Bhd,ASM,2024-03-31,0,2.84972,2.26806,0.46585,,,-0.39286,0.821035075033252,
ASM Automation Group Bhd,ASM,2025-03-31,0,3.5494,3.01287,0.5606,,,-0.30795,0.886921734554257,
ASM Automation Group Bhd,ASM,2026-03-31,0,9.16296,7.82537,1.74397,,,-0.50247,0.564548049801576,15.5615630637778
ASTEEL Group Bhd,ASTEEL,2021-12-31,0,1.27869,0.6555,0.06088,,,0.43741,1.21966266866597,2.17810837923896
ASTEEL Group Bhd,ASTEEL,2022-12-31,0,1.20264,0.64166,0.05326,,1.456,0.41747,1.22580040696104,1.24733800232517
ASTEEL Group Bhd,ASTEEL,2023-12-31,0,1.13806,0.70515,0.05183,,-12.874,0.44408,1.04556267434305,0.950494839474775
ASTEEL Group Bhd,ASTEEL,2024-12-31,0,1.18962,0.77627,0.0436,,,0.39644,1.01095426533074,1.26481062421987
ASTEEL Group Bhd,ASTEEL,2025-12-31,0,1.21463,0.79417,0.06504,,,0.39368,1.1070820767118,1.44340630073645
Astino Bhd,ASTINO,2021-07-31,0,6.58374,3.80465,2.59372,,,-0.20959,1.09633316050588,11.8536386852302
Astino Bhd,ASTINO,2022-07-31,0,5.40783,1.96765,0.68842,,,-0.01712,1.10143169004928,8.89827763297079
Astino Bhd,ASTINO,2023-07-31,0,8.24829,4.75679,2.52206,,,-0.15501,1.05498361771078,10.7160202263489
Astino Bhd,ASTINO,2024-07-31,0,7.0115,3.71836,1.77859,,,-0.09657,1.0427608830129,10.2662819883274
Astino Bhd,ASTINO,2025-07-31,0,6.46714,3.56107,1.77439,,,-0.13004,1.0037522772115,9.80523592478481
Astramina Group Berhad,ASTRA,2022-02-28,0,12.26693,11.13427,0.36215,,,-0.56788,0.360103130767804,16.9333847800967
Astramina Group Berhad,ASTRA,2023-02-28,0,27.57268,25.54282,0.61959,,,-0.60573,0.348776436477837,19.758723574777
Astramina Group Berhad,ASTRA,2024-02-28,0,19.26049,18.14931,0.45429,,,-0.66454,0.32091635387114,19.2000862964427
Astramina Group Berhad,ASTRA,2025-02-28,0,21.54595,20.5278,0.50202,,,-0.67993,0.299459483495299,24.126388729552
Astramina Group Berhad,ASTRA,2026-02-28,0,26.14047,25.09578,0.47246,,,-0.6863,0.256025816301435,22.1831013535852
Astro Malaysia Holdings Bhd,ASTRO,2023-01-31,0,0.74908,0.73938,0.08005,8.3,41.84,0.54687,0.751660686625659,-1.874069511527
Astro Malaysia Holdings Bhd,ASTRO,2024-01-31,0,0.80033,0.78739,0.0942,15.269,19.17,0.62436,0.656068103817326,-2.34806185333872
Astro Malaysia Holdings Bhd,ASTRO,2025-01-31,0,1.16407,1.1515,0.13271,2.589,13.509,0.59651,0.588263617086259,-2.13670469761643
Astro Malaysia Holdings Bhd,ASTRO,2026-01-31,0,1.07627,1.06199,0.06709,2.31,11.039,0.54431,0.551881265179922,-2.54201968642853
Astro Malaysia Holdings Bhd,ASTRO,2027-01-31,0,0.70307,0.69595,0.13472,1.199,5.009,0.53656,0.534562119431276,-3.81003929440948
Aurelius Technologies Bhd,ATECH,2022-12-31,0,1.75835,1.04135,0.186,,,0.12033,1.06011743427054,5.41210755436057
Aurelius Technologies Bhd,ATECH,2023-12-31,0,1.92365,1.27592,0.26553,,,0.13707,1.16130147434993,6.66737577467025
Aurelius Technologies Bhd,ATECH,2024-12-31,0,2.82901,1.6418,0.26226,,,-0.1868,0.848517320555199,8.55452429079582
Aurelius Technologies Bhd,ATECH,2025-12-31,0,2.97775,2.1076,0.05624,10.615,14.906,-0.31784,1.04528716094231,10.2486664969625
Aurelius Technologies Bhd,ATECH,2026-12-31,0,2.68055,2.08325,0.14442,9.39,12.96,-0.3308,0.909858685260625,9.49884390315442
Atlan Holdings Bhd,ATLAN,2023-02-28,0,4.22148,3.10902,0.93062,,,-0.11445,0.340194072041393,6.90964046066872
Atlan Holdings Bhd,ATLAN,2024-02-28,0,4.4018,3.08085,0.81021,,,-0.10125,0.524858809560684,7.29603544397049
Atlan Holdings Bhd,ATLAN,2025-02-28,0,3.29711,2.374,0.61124,,,-0.07345,0.586870588539746,5.78179728896306
Atlan Holdings Bhd,ATLAN,2026-02-28,0,3.96746,3.07911,0.50294,,,-0.14574,0.567394056584191,6.06477455699291
Atlan Holdings Bhd,ATLAN,2027-02-28,0,3.69909,2.92327,0.87112,,,-0.33807,0.554659432905516,7.85300673252401
Atrium Real Estate Investment Trust,ATRIUM,2021-12-31,0,0.66625,,0.03822,,6.863,0.48882,0.07473915233432,1.73322675701343
Atrium Real Estate Investment Trust,ATRIUM,2022-12-31,0,1.53163,,0.34545,,,0.40074,0.066119833926925,2.27063701118382
Atrium Real Estate Investment Trust,ATRIUM,2023-12-31,0,0.68696,,0.01173,,6.515,0.41239,0.062975706872185,1.79265641394336
Atrium Real Estate Investment Trust,ATRIUM,2024-12-31,0,0.60662,,0.03276,,,0.43328,0.074247810423881,1.68501544030817
Atrium Real Estate Investment Trust,ATRIUM,2025-12-31,0,0.43829,,0.01577,,,0.45926,0.071611957261077,1.47737519197327
AuMas Resources Bhd,AUMAS,2023-03-31,0,0.5665,0.41223,0.07422,,,0.14885,0.60738692627704,10.1347432644975
AuMas Resources Bhd,AUMAS,2024-03-31,0,0.9844,0.69465,0.23461,,,0.06789,0.945255317813868,13.9545569624023
AuMas Resources Bhd,AUMAS,2026-03-31,0,13.82401,13.57366,3.68374,,,-0.69114,,
AuMas Resources Bhd,AUMAS,2027-03-31,0,9.52669,9.36254,6.23936,,,-0.50027,0.571336712184414,46.1388734937835
Auro Holdings Bhd,AURO,2022-02-28,0,0.68524,0.24239,0.14689,,,-0.00277,,
Auro Holdings Bhd,AURO,2023-02-28,0,1.36417,1.07402,0.54729,,,-0.10521,0.081086786966918,21.6143705114551
Auro Holdings Bhd,AURO,2024-02-28,0,0.82262,0.52626,0.04517,,,0.03828,0.205837986364725,8.43739357705718
Auro Holdings Bhd,AURO,2025-02-28,0,0.38007,0.26024,0.05685,,,0.30838,0.449684532707276,-0.320210236893601
Auro Holdings Bhd,AURO,2026-02-28,0,0.41229,0.3015,0.05393,,,0.27924,0.512583766921946,1.41401688796044
Aurora Italia International Bhd,AURORA,2022-03-31,0,2.24095,0.83623,0.15188,,,-0.1207,1.71414051518033,11.242417405557
Aurora Italia International Bhd,AURORA,2023-03-31,0,2.28715,1.29427,0.92064,,,-0.3578,2.05060281626253,10.0734697034987
Aurora Italia International Bhd,AURORA,2024-03-31,0,2.64175,1.07696,0.37782,,,-0.17913,1.44530900928892,10.9071416650711
Aurora Italia International Bhd,AURORA,2025-03-31,0,4.99213,1.56264,0.24963,,,-0.09874,0.948521857564822,19.7125224319894
Aurora Italia International Bhd,AURORA,2026-03-31,0,3.86583,1.22756,0.28571,,,-0.06668,2.33752117754422,14.8024980086523
Autoris Group Holdings Bhd,AUTORIS,2022-12-31,0,3.13429,,0.01535,,,0.65864,,
Autoris Group Holdings Bhd,AUTORIS,2023-12-31,0,6.69806,,0.26092,,,0.38537,1.02708440310113,
Autoris Group Holdings Bhd,AUTORIS,2024-12-31,0,9.71657,,2.55827,,,-0.12775,0.762195739776802,52.8719364758933
Autoris Group Holdings Bhd,AUTORIS,2025-12-31,0,6.77949,,0.91501,,,0.08828,0.665130732819758,36.3275707982909
Avaland Bhd,AVALAND,2022-12-31,0,1.07447,0.7777,0.50251,,,-0.52777,0.179286840250209,-0.591788767253915
Avaland Bhd,AVALAND,2023-12-31,0,2.41007,1.36051,0.45665,,,0.13888,0.145195530597689,0.615386056223584
Avaland Bhd,AVALAND,2024-12-31,0,1.45344,0.8515,0.24528,4.144,7.308,0.09111,0.381583417863898,0.96702666841826
Avaland Bhd,AVALAND,2025-12-31,0,2.77402,2.02838,0.77143,,,0.08178,0.45895074432431,2.79286163662605
Avaland Bhd,AVALAND,2026-12-31,0,2.45838,1.5321,0.63319,,,0.15368,0.283436926803138,2.25436098193279
Avangaad Bhd,AVANGAAD,2022-12-31,0,0.05617,0.05598,0.01193,,,0.90937,0.247475052294238,-6.8256895556815
Avangaad Bhd,AVANGAAD,2023-12-31,0,0.28799,0.28517,0.11545,,,0.54967,0.282565886466985,-3.74291218287609
Avangaad Bhd,AVANGAAD,2024-12-31,0,0.27057,0.27027,0.09469,,,0.46063,0.263115854490382,-3.13745036177692
Avangaad Bhd,AVANGAAD,2025-12-31,0,1.43127,1.42881,0.35418,,,0.18625,0.255702670053439,5.90030332679973
Avangaad Bhd,AVANGAAD,2026-12-31,0,2.56827,2.55532,1.09132,,,0.07438,0.265088425481081,4.79004053911792
Avillion Bhd,AVI,2022-03-31,0,1.19798,0.21842,0.07666,5.138,7.1178,0.27755,0.088486298072613,
Avillion Bhd,AVI,2023-03-31,0,1.19325,0.2991,0.08625,4.669,7.2739,0.26629,0.185301897834164,
Avillion Bhd,AVI,2024-03-31,0,1.0623,0.20176,,5.224,6.541,0.25099,0.198728455904376,
Avillion Bhd,AVI,2025-03-31,0,1.20945,0.31967,0.07113,3.651,3.183,0.25352,0.158797653958944,-0.673395087305405
Avillion Bhd,AVI,2026-03-31,0,1.04039,0.17128,0.08911,,-0.119,0.21928,0.155902237264768,-0.995935403486545
AwanBiru Technology Bhd,AWANTEC,2022-06-30,0,2.18181,,0.0304,2.79,6.947,-0.07571,0.297608274445614,6.15966481878945
AwanBiru Technology Bhd,AWANTEC,2023-06-30,0,1.82909,,0.00897,0.98,2.18,-0.00641,0.213495597461962,3.93169216225945
AwanBiru Technology Bhd,AWANTEC,2024-06-30,0,1.83113,,0.03102,,,0.00445,0.089480522039249,3.84314414972177
AwanBiru Technology Bhd,AWANTEC,2025-06-30,0,1.77594,,0.06776,,,-0.04382,0.22291461527641,4.04251848520853
AWC Bhd,AWC,2022-06-30,0,2.55438,2.33012,0.39136,6.95,13.49,-0.24397,0.907073430197276,6.11426069764774
AWC Bhd,AWC,2023-06-30,0,2.96531,2.66032,0.52189,,,-0.36658,0.870155610257916,6.37154254262218
AWC Bhd,AWC,2024-06-30,0,2.62926,2.38705,0.43602,,,-0.31808,0.891124602566939,5.41342372406789
AWC Bhd,AWC,2025-06-30,0,2.24765,2.0721,0.71224,,,-0.05986,0.901560945461664,5.83165965182044
AWC Bhd,AWC,2026-06-30,0,2.36839,2.19529,0.86463,5.74,10.0,-0.12414,0.94088341096264,5.48171430175116
Axiata Group Bhd,AXIATA,2022-12-31,0,0.60978,0.59883,0.16864,1.169,4.589,0.40989,0.28459266865401,0.690881772770196
Axiata Group Bhd,AXIATA,2023-12-31,0,0.69728,0.68702,0.13998,-1.261,-4.64,0.4271,0.259681292626106,0.872844099088716
Axiata Group Bhd,AXIATA,2024-12-31,0,0.69752,0.6831,0.14667,0.91,0.8,0.49605,0.278877089648316,0.789076562599061
Axiata Group Bhd,AXIATA,2025-12-31,0,0.64105,0.63351,0.13602,1.24,4.379,0.47515,0.164189477833726,0.691377393290044
Axiata Group Bhd,AXIATA,2026-12-31,0,0.55888,0.55369,0.1244,0.59,1.76,0.3203,0.18945519323919,1.11547350085582
Axis Real Estate Investment Trust,AXREIT,2022-12-31,0,0.3624,,0.03834,5.56,8.62,0.26634,0.068360507094213,2.71794860840044
Axis Real Estate Investment Trust,AXREIT,2023-12-31,0,0.07817,,0.02589,4.7,7.459,0.36488,0.070288060942626,1.44069974948947
Axis Real Estate Investment Trust,AXREIT,2024-12-31,0,0.08821,,0.00888,4.961,8.069,0.34313,0.065707770494634,1.59248612445506
Axis Real Estate Investment Trust,AXREIT,2025-12-31,0,0.17871,,0.01516,4.294,6.857,0.32275,0.065870390803982,1.69420211088514
Axis Real Estate Investment Trust,AXREIT,2026-12-31,0,0.13198,,0.02721,5.309,8.39,0.32104,0.068768935145675,2.00867932074172
Axteria Group Bhd,AXTERIA,2021-12-31,0,3.4794,0.50421,0.16977,9.93,14.26,0.08146,0.185942625767374,5.30125521543949
Axteria Group Bhd,AXTERIA,2022-12-31,0,2.40669,0.34203,0.14661,8.632,12.2837,0.11446,0.100689631849848,2.49846469946245
Axteria Group Bhd,AXTERIA,2023-12-31,0,3.81867,0.70407,0.44629,8.6798,11.4252,0.04022,0.340238442519113,4.43028234360232
Axteria Group Bhd,AXTERIA,2024-12-31,0,4.28557,1.16821,0.23937,7.5795,9.944,0.08431,0.246238119447374,4.25724284147564
Axteria Group Bhd,AXTERIA,2025-12-31,0,3.37091,1.14051,0.51317,,,-0.03542,0.340864796755967,4.26605036785806
AYER Holdings Bhd,AYER,2021-12-31,0,8.93564,7.61995,2.21091,,,-0.32341,0.127777740389792,11.3399065853347
AYER Holdings Bhd,AYER,2022-12-31,0,8.18784,7.17863,1.01894,,,-0.35271,0.171920079249094,12.3026582463224
AYER Holdings Bhd,AYER,2023-12-31,0,8.58154,7.74744,2.35048,,,-0.36056,0.206442916505561,12.4867922377449
AYER Holdings Bhd,AYER,2024-12-31,0,7.39519,6.38915,2.58064,3.536,3.995,-0.40188,0.157041156824722,12.0289379021591
AYER Holdings Bhd,AYER,2025-12-31,0,5.40999,4.5685,0.83428,,,-0.3044,0.238260939793193,10.9188655693213
AYS Ventures Bhd,AYS,2022-03-31,0,1.47801,0.62288,0.05548,4.0944,8.1313,0.47525,1.23930757746463,3.80726513187273
AYS Ventures Bhd,AYS,2023-03-31,0,1.56552,0.63938,0.04039,4.4069,9.0225,0.47546,1.19647350575712,3.22920979604625
AYS Ventures Bhd,AYS,2024-03-31,0,1.56313,0.61558,0.04287,4.158,8.956,0.46504,1.16401276113767,3.07129452296835
AYS Ventures Bhd,AYS,2025-03-31,0,1.44553,0.66686,0.08556,,,0.42087,1.16256874890303,2.45723145471463
AYS Ventures Bhd,AYS,2026-03-31,0,1.41375,0.57563,0.04383,3.881,10.593,0.41777,0.953174542363918,2.28608050867027
Azam Jaya Bhd,AZAMJAYA,2021-12-31,0,1.18732,1.08888,0.04413,,,0.50771,,
Azam Jaya Bhd,AZAMJAYA,2022-12-31,0,1.25981,1.18595,0.08736,,,0.37521,0.900943563015395,
Azam Jaya Bhd,AZAMJAYA,2023-12-31,0,1.34991,1.29977,0.16044,,,0.27791,0.830403255697159,
Azam Jaya Bhd,AZAMJAYA,2024-12-31,0,1.60722,1.60722,0.26372,,,0.14563,0.731613383991708,5.18344132179323
Azam Jaya Bhd,AZAMJAYA,2025-12-31,0,1.55892,,0.03567,,,0.26619,0.502830320584022,4.69337246023718
Baba Eco Group Bhd,BABA,2021-10-31,0,2.64679,2.16881,1.29838,,,-0.17871,0.979885692672721,9.42566784959057
Baba Eco Group Bhd,BABA,2022-10-31,0,4.11754,3.25768,1.89657,,,-0.17128,0.618984184844976,10.1991113140477
Baba Eco Group Bhd,BABA,2023-10-31,0,5.38373,4.77255,1.77291,,,-0.23439,0.44942519578788,9.55187403942767
Baba Eco Group Bhd,BABA,2024-10-31,0,5.6135,4.94877,1.47537,,,-0.22578,0.389579424513306,10.0573175853634
Baba Eco Group Bhd,BABA,2025-10-31,0,5.78879,5.03639,1.25713,,,-0.23848,0.435728679717453,10.6714852370762
British American Tobacco (Malaysia) Bhd,BAT,2022-12-31,0,0.92924,0.75069,0.02194,22.469,75.439,0.65658,2.0798401588002,6.56144752121406
British American Tobacco (Malaysia) Bhd,BAT,2023-12-31,0,0.91675,0.85847,0.01732,4.54,69.115,0.64393,1.88754643766204,5.58963433245227
British American Tobacco (Malaysia) Bhd,BAT,2024-12-31,0,0.90417,0.86171,0.0363,15.349,51.609,0.58172,1.82109021965383,5.19445481746602
British American Tobacco (Malaysia) Bhd,BAT,2025-12-31,0,0.92072,0.90725,0.04525,15.419,47.85,0.56967,1.94970389039103,4.67485162622916
British American Tobacco (Malaysia) Bhd,BAT,2026-12-31,0,1.03976,1.02196,0.04298,16.469,46.909,0.52793,1.77646199930451,4.3739758234261
Bermaz Auto Bhd,BAUTO,2023-04-30,0,2.26549,1.81037,1.45833,10.56,25.92,-0.41654,1.56910121122863,5.74941848208221
Bermaz Auto Bhd,BAUTO,2024-04-30,0,2.07254,1.23683,0.89165,18.28,43.49,-0.34774,2.11498975391169,6.92454564031507
Bermaz Auto Bhd,BAUTO,2025-04-30,0,2.16031,0.9988,0.61694,19.24,44.27,-0.19581,2.12826454807921,7.0792484094914
Bermaz Auto Bhd,BAUTO,2026-04-30,0,1.97044,1.11609,0.73976,8.779,21.269,-0.1118,1.46705235588474,4.46894549390295
Bermaz Auto Bhd,BAUTO,2027-04-30,0,2.34999,1.18515,0.88093,6.259,15.81,-0.14692,1.36149356690508,4.82961130156934
BCB Bhd,BCB,2021-06-30,0,1.39666,0.28172,0.03268,2.882,3.395,0.37556,0.160066673523139,2.22000782835442
BCB Bhd,BCB,2022-06-30,0,1.47576,0.31071,0.05085,2.519,2.573,0.33021,0.186044185201969,2.50840683958645
BCB Bhd,BCB,2023-06-30,0,1.57082,0.39247,0.05843,1.6971,1.1456,0.2759,0.21240641919817,2.87327500561344
BCB Bhd,BCB,2024-06-30,0,1.56025,0.37192,0.07177,,,0.23673,0.196057395436528,2.95080082566288
BCB Bhd,BCB,2025-06-30,0,1.58666,0.35155,0.08176,,,0.34137,0.172622888579397,2.60909665848134
Bina Darulaman Bhd,BDB,2021-12-31,0,1.02468,0.907,0.3342,5.2444,8.6541,0.07977,0.286398520917478,1.56326359342871
Bina Darulaman Bhd,BDB,2022-12-31,0,1.07353,0.92221,0.43474,3.7318,6.3192,0.04691,0.322815584777983,1.28004473755119
Bina Darulaman Bhd,BDB,2023-12-31,0,1.02821,0.90827,0.29878,1.9861,2.6343,0.10205,0.412934260318114,1.11475568584458
Bina Darulaman Bhd,BDB,2024-12-31,0,1.04542,0.88783,0.24437,,,0.12223,0.366506195935944,1.03535889371748
Bina Darulaman Bhd,BDB,2025-12-31,0,0.9643,0.81998,0.23983,,,0.07862,0.410227784414202,0.599892235023368
BEDI Bhd,BEDI,2022-03-31,0,1.05934,0.37518,0.11661,10.026,10.37,0.51685,0.175495269252189,-2.56584274063632
BEDI Bhd,BEDI,2023-03-31,0,1.09234,0.50583,0.15322,0.9111,0.9452,0.47795,0.287800270645955,-2.67702629850936
BEDI Bhd,BEDI,2024-03-31,0,,,,12.527,13.337,,,
BEDI Bhd,BEDI,2025-03-31,0,,,,,,,,
BEDI Bhd,BEDI,2026-03-31,0,0.96958,0.69614,0.50259,,,0.19308,,
Benalec Holdings Bhd,BENALEC,2022-06-30,0,9.46823,1.40782,0.37028,,,0.13651,0.089704593704892,5.79665040751524
Benalec Holdings Bhd,BENALEC,2023-06-30,0,6.6038,1.09007,0.27864,,,0.08325,0.106045717118103,5.27443338376359
Benalec Holdings Bhd,BENALEC,2024-06-30,0,4.34056,0.75636,0.18826,,,0.09479,0.055080238057313,4.43542450837222
Benalec Holdings Bhd,BENALEC,2025-06-30,0,4.66415,0.62815,0.2266,,,0.04286,0.141810446996873,5.24972604024374
Benalec Holdings Bhd,BENALEC,2026-06-30,0,4.35212,0.65926,0.00428,,,0.10137,0.098984885364079,5.05767834987373
Bentley Music Group Bhd,BENTLEY,2024-06-30,0,1.92011,0.36665,0.19889,,,0.15464,,
Bentley Music Group Bhd,BENTLEY,2025-06-30,0,2.26282,0.4956,0.29773,,,-0.01465,1.20628916278569,
Bertam Alliance Bhd,BERTAM,2021-12-31,1,0.08695,,0.01825,2.3521,3.0089,0.00218,0.022976209196163,-2.84056645280461
Bertam Alliance Bhd,BERTAM,2022-12-31,1,0.33688,,0.04775,-4.38,-6.249,0.01472,0.140140425942607,-1.77842183834762
Bertam Alliance Bhd,BERTAM,2023-12-31,1,0.43517,,0.00671,,,0.02441,0.142909680414803,-0.892475770010361
Bertam Alliance Bhd,BERTAM,2024-12-31,1,1.0972,,0.35119,,,-0.0253,0.19259699447736,2.91536667544682
Bertam Alliance Bhd,BERTAM,2025-12-31,0,1.14692,,0.41885,,3.04,-0.01244,0.140150270489707,2.41502100785416
Beshom Holdings Bhd,BESHOM,2023-04-30,0,5.93985,3.61475,0.38808,7.709,9.06,-0.34117,0.565114553290586,17.6691977135851
Beshom Holdings Bhd,BESHOM,2024-04-30,0,7.24787,4.15354,0.38838,4.468,5.166,-0.28195,0.481746193111459,16.7893478564846
Beshom Holdings Bhd,BESHOM,2025-04-30,0,8.41226,5.23178,0.42315,3.09,3.504,-0.30402,0.430064985820454,15.243072296604
Beshom Holdings Bhd,BESHOM,2026-04-30,0,7.12092,4.31493,0.31434,2.509,2.698,-0.24674,0.440182547768316,11.2108448174674
Beshom Holdings Bhd,BESHOM,2027-04-30,0,7.63988,4.96654,0.94464,2.229,,-0.25369,0.411999641969835,10.331770841477
Betamek Bhd,BETA,2022-03-31,0,3.84992,1.63614,0.6293,,,0.1226,0.997016087777115,
Betamek Bhd,BETA,2023-03-31,0,5.32332,3.19095,2.18121,,,-0.27763,1.29753149769704,10.5864779365641
Betamek Bhd,BETA,2024-03-31,0,5.16842,2.92207,1.99543,,,-0.25657,1.24315966904581,9.86071144996118
Betamek Bhd,BETA,2025-03-31,0,4.26026,2.77361,1.98584,,,-0.31172,1.27173906885896,9.1014329399924
Betamek Bhd,BETA,2026-03-31,0,3.6934,2.32683,1.67816,,,-0.32183,1.34882964023638,9.73082816618526
Boustead Heavy Industries Corporation Bhd,BHIC,2021-12-31,0,0.42183,0.41157,0.01462,,,0.77461,0.340313222477836,-2.6794538064648
Boustead Heavy Industries Corporation Bhd,BHIC,2022-12-31,0,0.3062,0.29789,0.07442,,,0.7232,0.301568898580014,-4.14005064232507
Boustead Heavy Industries Corporation Bhd,BHIC,2023-12-31,0,1.32743,1.30532,0.62328,,,-0.28041,0.331694722466024,-7.77192641083039
Boustead Heavy Industries Corporation Bhd,BHIC,2024-12-31,0,1.31474,1.23577,0.84849,,,-1.05258,0.877032264745477,-2.21771814580355
Boustead Heavy Industries Corporation Bhd,BHIC,2025-12-31,0,1.27761,1.05584,0.70241,,,-0.87941,0.824412293474526,-3.60025474851338
BIG Industries Bhd,BIG,2021-06-30,0,1.22784,0.77092,0.28944,6.32,9.45,-0.1062,0.656694249745623,0.784288338832904
BIG Industries Bhd,BIG,2022-06-30,0,2.22869,1.87949,0.75119,4.2487,4.7008,-0.21315,0.773637268215423,4.17073894292859
BIG Industries Bhd,BIG,2023-06-30,0,2.78024,2.08644,0.596,2.621,0.403,-0.25781,0.662138379707476,4.54997818410578
BIG Industries Bhd,BIG,2024-06-30,0,2.85424,2.26628,0.89494,,,-0.39664,0.55606550283237,5.48831716252918
BIG Industries Bhd,BIG,2025-06-30,0,3.62107,3.18045,1.1143,,,-0.51304,0.5892252494596,5.34759655618006
Bank Islam Malaysia Bhd,BIMB,2022-12-31,0,,,,0.64,8.279,0.43858,0.027752711365243,
Bank Islam Malaysia Bhd,BIMB,2023-12-31,0,,,,0.58,8.56,0.44393,0.025913798057072,
Bank Islam Malaysia Bhd,BIMB,2024-12-31,0,,,,0.61,7.79,0.54942,0.026166236605781,
Bank Islam Malaysia Bhd,BIMB,2025-12-31,0,,,,0.61,7.585,0.5944,0.025987533461369,
Bank Islam Malaysia Bhd,BIMB,2026-12-31,0,,,,,,0.67894,0.025835184445607,
BIMOffice Group Bhd,BIMOFFICE,2024-09-30,0,3.60866,,0.64008,,,0.1032,,
BIMOffice Group Bhd,BIMOFFICE,2025-09-30,0,2.82695,,0.87954,,,-0.20078,1.85965186701477,
Binasat Communications Bhd,BINACOM,2022-06-30,0,7.04194,,2.75335,,,-0.13248,0.479891195861442,7.74730935612725
Binasat Communications Bhd,BINACOM,2023-06-30,0,6.40863,6.15738,1.02003,,,-0.14332,0.588174262965089,6.67674760884175
Binasat Communications Bhd,BINACOM,2024-06-30,0,,,,,,,,
Binasat Communications Bhd,BINACOM,2025-06-30,0,4.87144,4.82742,0.27643,,,0.07319,,
Binasat Communications Bhd,BINACOM,2026-06-30,0,3.53853,3.49969,0.19009,,,0.0411,0.667790933697966,4.94962293250163
Bintai Kinden Corporation Bhd,BINTAI,2022-03-31,0,1.52323,1.51349,0.04117,-2.8855,-19.6912,0.39802,0.245323193722548,1.44195717383171
Bintai Kinden Corporation Bhd,BINTAI,2023-03-31,1,0.57583,0.56648,0.02453,1.5156,5.9481,0.68487,0.334738890690886,-5.43033778096072
Bintai Kinden Corporation Bhd,BINTAI,2024-03-31,1,0.72603,0.72112,0.0513,1.141,0.545,0.60032,0.147022741531367,-1.66434230474176
Bintai Kinden Corporation Bhd,BINTAI,2025-03-31,1,1.21704,1.19254,0.1868,,,0.54148,0.104787912944024,-1.53533193867793
Bintai Kinden Corporation Bhd,BINTAI,2026-03-31,0,2.29983,2.29358,0.0443,,,0.56167,0.23265889024403,3.17824270047036
Bioalpha Holdings Bhd,BIOHLDG,2022-12-31,0,6.0316,5.30301,1.63668,,,-0.10654,0.478111156661264,10.1539703629132
Bioalpha Holdings Bhd,BIOHLDG,2023-12-31,0,4.61571,4.1396,0.93176,,,-0.20658,0.171230364905863,4.13419574201729
Bioalpha Holdings Bhd,BIOHLDG,2024-12-31,0,2.43239,2.11737,0.47987,,,-0.14857,0.253311096293881,2.44303623545807
Bioalpha Holdings Bhd,BIOHLDG,2025-12-31,0,3.70401,3.41419,0.547,,,-0.305,0.439554218632201,1.7461129108111
Bioalpha Holdings Bhd,BIOHLDG,2026-12-31,0,3.79899,3.27452,0.51002,,,-0.20355,0.115908620196189,4.09515494526702
Bintulu Port Holdings Bhd,BIPORT,2022-12-31,0,4.39783,4.38343,0.02832,,,0.0962,0.240853670521178,4.58401915771679
Bintulu Port Holdings Bhd,BIPORT,2023-12-31,0,11.78083,11.74663,0.18443,6.043,7.416,0.00328,0.253685026532447,5.54114849829593
Bintulu Port Holdings Bhd,BIPORT,2024-12-31,0,3.82927,3.81851,0.06657,,6.99,0.00186,0.241867931696076,5.00588469279213
Bintulu Port Holdings Bhd,BIPORT,2025-12-31,0,3.58659,3.57591,0.01022,4.636,8.199,-0.06027,0.252697682458941,5.45925347933293
Bintulu Port Holdings Bhd,BIPORT,2026-12-31,0,3.48278,3.47091,0.00761,,,-0.05776,0.244034736546444,5.07531253341378
Berjaya Assets Bhd,BJASSET,2021-06-30,0,1.04748,0.30309,0.07483,-0.124,-2.223,0.26138,0.055224247902392,1.1642977954385
Berjaya Assets Bhd,BJASSET,2022-06-30,0,1.01334,0.3457,0.09257,1.1129,-1.3715,0.26241,0.055335802508385,1.17665369470504
Berjaya Assets Bhd,BJASSET,2023-06-30,0,1.55981,0.95485,0.07371,-0.9032,-5.2368,0.24924,0.071711033927472,1.60644823285427
Berjaya Assets Bhd,BJASSET,2024-06-30,0,1.18525,0.66616,0.04246,,,0.25177,0.077901090074437,1.32840106100362
Berjaya Assets Bhd,BJASSET,2025-06-30,0,0.89823,0.50857,0.04501,,,0.22961,0.084555886924274,1.05861040223673
Berjaya Corporation Bhd,BJCORP,2021-06-30,0,1.00854,0.69411,0.12781,,1.42,0.36551,0.359187657737687,0.259412653361588
Berjaya Corporation Bhd,BJCORP,2022-06-30,0,1.07357,0.75666,0.14672,,2.219,0.35551,0.401997610631998,0.422736891892094
Berjaya Corporation Bhd,BJCORP,2023-06-30,0,0.96426,0.6672,0.1607,,,0.38418,0.450826316193332,0.336708100930707
Berjaya Corporation Bhd,BJCORP,2024-06-30,0,0.97517,0.72136,0.13707,,,0.37009,0.451363890085182,0.355704428292621
Berjaya Corporation Bhd,BJCORP,2025-06-30,0,0.90767,0.65686,0.12505,,,0.41098,0.416811335816433,0.054207646756336
Berjaya Food Bhd,BJFOOD,2022-06-30,0,0.25057,0.13435,0.04722,4.0,12.9,0.59911,0.596100822515211,0.413807415040705
Berjaya Food Bhd,BJFOOD,2023-06-30,0,0.43636,0.30936,0.07928,9.789,28.504,0.4941,0.79313795863729,2.69374520540185
Berjaya Food Bhd,BJFOOD,2024-06-30,0,0.33445,0.21692,0.08029,7.46,21.087,0.54389,0.801562375986586,1.35971066995978
Berjaya Food Bhd,BJFOOD,2025-06-30,0,0.30375,0.18952,0.04076,-6.44,-20.65,0.63131,0.524691612574952,-0.494387426294922
Berjaya Food Bhd,BJFOOD,2026-06-30,0,0.22765,0.13613,0.02646,-23.899,-118.09,0.81398,0.393163276267699,-3.36803260080198
Batu Kawan Bhd,BKAWAN,2022-09-30,0,1.54373,1.06494,0.49549,,,0.24276,0.793731149514079,2.80526201287425
Batu Kawan Bhd,BKAWAN,2023-09-30,0,1.9763,1.22495,0.55262,,,0.25875,0.907074493406989,3.13281420470224
Batu Kawan Bhd,BKAWAN,2024-09-30,0,1.91934,1.29929,0.5166,,,0.2791,0.767192360638522,2.63756953830911
Batu Kawan Bhd,BKAWAN,2025-09-30,0,1.4189,0.92264,0.3915,,,0.3281,0.721176108512458,2.16507592927729
Batu Kawan Bhd,BKAWAN,2026-09-30,0,1.43753,0.86965,0.35136,,,0.33671,0.789587058724751,2.26505480794271
BLD Plantation Bhd,BLDPLNT,2022-03-31,0,1.43085,0.96484,0.67275,4.042,11.652,0.09051,1.94114281909655,4.14662242817229
BLD Plantation Bhd,BLDPLNT,2023-03-31,0,1.6425,1.23045,1.07581,3.6147,6.7542,-0.06027,1.90257067889957,4.86307674119622
BLD Plantation Bhd,BLDPLNT,2024-03-31,0,2.31837,0.95271,,,,-0.0078,1.47523772079822,6.67464346824071
BLD Plantation Bhd,BLDPLNT,2025-03-31,0,2.03499,1.09262,0.98856,,,-0.09274,1.50469468134923,5.89194847694027
BLD Plantation Bhd,BLDPLNT,2026-03-31,0,2.16755,1.62142,,,,-0.29018,1.61259100083428,7.34385480947967
BM Greentech Bhd,BMGREEN,2023-03-31,0,2.58229,2.0798,0.50256,4.759,7.269,-0.20528,0.890766170187617,10.1640057558874
BM Greentech Bhd,BMGREEN,2024-03-31,0,2.07738,1.60061,0.25715,-98.876,5.937,-0.17939,1.01600256413528,7.05672732261766
BM Greentech Bhd,BMGREEN,2025-03-31,0,2.2302,1.73493,0.44263,,13.497,-0.26359,1.08588912428559,8.6543068979915
BM Greentech Bhd,BMGREEN,2026-03-31,0,2.72843,2.34242,1.03481,,12.73,-0.45335,0.908185936427685,10.4021106169153
BM Greentech Bhd,BMGREEN,2027-03-31,0,2.50425,1.95649,0.95622,6.129,9.07,-0.47622,0.701426494497506,7.79052483816129
BMS Holdings Bhd,BMS,2022-06-30,0,2.27358,0.68672,0.29998,,,0.2603,,
BMS Holdings Bhd,BMS,2023-06-30,0,2.74515,1.05229,0.45434,,,0.21731,0.90048899323883,
BMS Holdings Bhd,BMS,2024-06-30,0,2.04951,0.76747,0.31124,,,0.22861,0.997063986770131,
BMS Holdings Bhd,BMS,2025-06-30,0,1.90103,0.75605,0.33304,,,0.23466,0.992003395690942,
Binastra Corporation Bhd,BNASTRA,2023-01-31,0,0.96344,0.96142,0.18687,,,-1.26656,1.77554122524182,-8.28044905349903
Binastra Corporation Bhd,BNASTRA,2024-01-31,0,1.44106,1.44032,0.17277,,,-0.36309,2.24683962629288,7.64724351876681
Binastra Corporation Bhd,BNASTRA,2025-01-31,0,1.34733,1.34733,0.19131,,,-0.14593,1.96153526779536,7.0546247591959
Binastra Corporation Bhd,BNASTRA,2026-01-31,0,1.53557,,0.18101,17.577,49.365,-0.25664,1.84366022441097,8.93623414665119
Binastra Corporation Bhd,BNASTRA,2027-01-31,0,1.33414,,0.10076,13.119,42.07,-0.11126,1.47654883999784,5.85533947348683
Bonia Corporation Bhd,BONIA,2022-06-30,0,2.89091,2.03978,1.1929,9.679,3.799,0.05875,0.455463861083165,3.61748235561276
Bonia Corporation Bhd,BONIA,2023-06-30,0,2.76405,2.16466,1.28275,7.339,11.223,0.00055,0.601800069264775,5.05760714459906
Bonia Corporation Bhd,BONIA,2024-06-30,0,2.79945,1.90363,1.07009,8.22,12.939,0.03991,0.633302475587541,5.30112107079184
Bonia Corporation Bhd,BONIA,2025-06-30,0,3.87065,2.66254,1.16557,4.799,7.82,0.04101,0.58738582671575,5.1916616566147
Bonia Corporation Bhd,BONIA,2026-06-30,0,3.34629,2.13437,1.03547,3.78,6.139,0.07476,0.541057253309473,4.13250229074469
Borneo Oil Bhd,BORNOIL,2021-06-30,0,5.98274,3.71921,1.66167,,,-0.01566,0.066215107029342,6.25075213814882
Borneo Oil Bhd,BORNOIL,2022-06-30,0,5.57326,4.06392,0.93744,,,-0.03118,0.098977387419019,4.75466693275855
Borneo Oil Bhd,BORNOIL,2023-06-30,0,4.17509,3.23193,0.39017,,,0.02673,0.089153962250956,3.87625139851715
Borneo Oil Bhd,BORNOIL,2024-06-30,0,1.25586,0.79203,0.23684,,,0.04518,0.078864549210109,2.37957356911949
Borneo Oil Bhd,BORNOIL,2025-06-30,0,1.5208,1.03768,0.2115,,,0.09158,0.091346776410016,-1.38333942132418
Box-Pak (Malaysia) Bhd,BOXPAK,2021-12-31,0,0.91061,0.59184,0.06266,,,0.60784,1.13792813270537,-0.585932800185573
Box-Pak (Malaysia) Bhd,BOXPAK,2022-12-31,0,0.9357,0.70228,0.13224,,,0.4872,1.38292743724356,-0.259842765168557
Box-Pak (Malaysia) Bhd,BOXPAK,2023-12-31,0,0.81741,0.60287,0.21461,,,0.45242,1.2247629324325,-0.896382517386364
Box-Pak (Malaysia) Bhd,BOXPAK,2024-12-31,0,0.71047,0.52479,0.0789,,,0.6336,1.32191767289826,-1.73571318400006
Box-Pak (Malaysia) Bhd,BOXPAK,2025-12-31,0,0.6688,0.47645,0.09691,,,0.63376,1.24314909042536,-2.23537200272211
BP Plastics Holding Bhd,BPPLAS,2022-12-31,0,3.01438,1.79757,0.12891,,,-0.26302,1.48033215980561,11.0645759877722
BP Plastics Holding Bhd,BPPLAS,2023-12-31,0,3.70506,2.28189,0.68595,9.919,12.81,-0.26737,1.61354737080696,11.1999297505377
BP Plastics Holding Bhd,BPPLAS,2024-12-31,0,2.96347,1.7175,0.27295,10.869,13.849,-0.27578,1.43330238392025,9.09200469748384
BP Plastics Holding Bhd,BPPLAS,2025-12-31,0,3.18305,1.61889,0.19847,,,-0.18827,1.40406717161799,9.60169594361275
BP Plastics Holding Bhd,BPPLAS,2026-12-31,0,3.72617,2.33472,0.37974,,,-0.29023,1.20488388273704,7.44199105771526
Bina Puri Holdings Bhd,BPURI,2022-12-31,0,1.26242,0.94096,0.01295,,,0.52152,,
Bina Puri Holdings Bhd,BPURI,2023-12-31,0,1.18051,0.85691,0.02239,,,0.49701,0.21421505487721,0.677439839274683
Bina Puri Holdings Bhd,BPURI,2024-12-31,0,1.199,0.88162,0.03722,,,0.55406,0.187247775964878,0.379709896549484
Bina Puri Holdings Bhd,BPURI,2025-12-31,0,1.06877,0.73058,0.03113,,,0.59954,0.087070759279091,-0.647864323274481
Bina Puri Holdings Bhd,BPURI,2026-12-31,0,1.03186,0.64792,0.02868,,,0.59303,0.175833798325193,0.012054180800942
Bright Packaging Industry Bhd,BRIGHT,2022-08-31,0,8.98789,8.1074,0.8391,,,-0.47017,0.291383453197893,9.32537573784316
Bright Packaging Industry Bhd,BRIGHT,2023-08-31,0,6.06766,4.90033,3.32815,,,-0.37173,0.363323846279717,6.32456949355961
Bright Packaging Industry Bhd,BRIGHT,2024-08-31,0,7.81637,6.38759,4.6105,,,-0.37763,0.466446547233822,7.86705271289423
Bright Packaging Industry Bhd,BRIGHT,2025-08-31,0,12.32326,11.19647,8.02864,,,-0.42051,0.396009251948345,9.86844837147227
Bright Packaging Industry Bhd,BRIGHT,2026-08-31,0,10.11482,8.89249,5.4436,,,-0.41615,0.415792662482297,9.15483983901513
BSL Corporation Bhd,BSLCORP,2021-06-30,0,1.83867,1.27081,0.35413,,,-0.06376,0.985031017038415,4.6267674720905
BSL Corporation Bhd,BSLCORP,2022-06-30,0,,,,,,,,
BSL Corporation Bhd,BSLCORP,2023-06-30,0,3.29041,3.09938,0.09602,5.3858,6.2398,-0.46894,,
BSL Corporation Bhd,BSLCORP,2024-06-30,0,,,,,,,,
BSL Corporation Bhd,BSLCORP,2025-06-30,0,,,,,-2.336,,,
Brite-Tech Bhd,BTECH,2021-12-31,0,4.62558,4.4277,0.46461,,,0.12137,0.202210195074622,4.69613321180989
Brite-Tech Bhd,BTECH,2022-12-31,0,3.85996,3.73359,0.35527,9.45,10.73,0.17723,0.204372472556698,3.64481752850888
Brite-Tech Bhd,BTECH,2023-12-31,0,3.88906,3.77258,0.44862,6.8671,7.8732,0.20906,0.180173241834788,3.56336192803397
Brite-Tech Bhd,BTECH,2024-12-31,0,4.26593,4.16384,0.41485,1.8697,1.6839,0.21918,0.18525326944082,3.7003241232097
Brite-Tech Bhd,BTECH,2025-12-31,0,3.91386,3.81865,0.45234,3.979,4.464,0.19898,0.179946131505044,3.46752935248352
Bursa Malaysia Bhd,BURSA,2022-12-31,0,1.14873,,1.12083,9.38,41.359,-4.76873,0.198451309559076,3.45724561852629
Bursa Malaysia Bhd,BURSA,2023-12-31,0,1.13051,,1.10628,5.28,28.3,-4.79114,0.136327559752053,3.03675853792319
Bursa Malaysia Bhd,BURSA,2024-12-31,0,1.19111,1.18992,1.15259,6.706,31.403,-3.37874,0.157525926168034,4.21634081718528
Bursa Malaysia Bhd,BURSA,2025-12-31,0,1.15024,1.1492,1.1219,8.121,36.551,-4.37628,0.198412940537971,3.96111799083579
Bursa Malaysia Bhd,BURSA,2026-12-31,0,1.18246,1.18026,1.14041,6.599,29.9,-3.38276,0.185164384506828,4.77981035539905
Bus Cap Bhd,BUSCAP,2022-12-31,0,1.33999,0.36604,0.16485,,,0.3739,,
Bus Cap Bhd,BUSCAP,2023-12-31,0,1.30921,0.28434,0.12279,,,0.29664,1.27266863251014,
Bus Cap Bhd,BUSCAP,2024-12-31,0,1.38584,0.47303,0.06188,,,0.14772,1.60901912716285,
Bus Cap Bhd,BUSCAP,2025-12-31,0,1.70576,0.55144,0.15642,,,-0.03337,1.80746106334517,
BV Land Holdings Bhd,BVLH,2022-04-30,0,3.66725,3.65175,0.23872,,,0.06506,0.911005212720187,9.74076772965202
BV Land Holdings Bhd,BVLH,2025-04-30,0,3.26108,2.6003,0.25867,,,0.23378,,
BV Land Holdings Bhd,BVLH,2026-04-30,0,1.97853,1.69948,0.28925,,,0.23895,0.420369340317333,4.48049223134729
BWYS Group Bhd,BWYS,2021-12-31,0,1.25065,0.57597,0.16936,,,0.49851,0.847581305847162,
BWYS Group Bhd,BWYS,2022-12-31,0,1.40164,0.59394,0.13889,,,0.47624,0.755685289742646,
BWYS Group Bhd,BWYS,2023-12-31,0,1.57248,0.81359,0.22408,,,0.38403,0.773155501095742,
BWYS Group Bhd,BWYS,2024-12-31,0,1.94697,1.18419,0.62454,,,0.2072,0.639455574190303,3.70513534034881
BWYS Group Bhd,BWYS,2025-12-31,0,2.41203,1.51794,0.56291,,,0.2568,0.665537792869016,4.27993633843964
CAB Cakaran Corporation Bhd,CAB,2022-09-30,0,0.90085,0.57659,0.10041,,,0.41837,1.26740088832357,0.889890209874692
CAB Cakaran Corporation Bhd,CAB,2023-09-30,0,1.0237,0.66479,0.14589,,,0.32898,1.41741134123977,1.79202266831462
CAB Cakaran Corporation Bhd,CAB,2024-09-30,0,1.27603,0.85926,0.18487,,,0.20772,1.51668168989295,3.12684477964692
CAB Cakaran Corporation Bhd,CAB,2025-09-30,0,1.42931,0.96897,0.15594,,,0.14345,1.48370241165769,3.24671056336781
CAB Cakaran Corporation Bhd,CAB,2026-09-30,0,1.59402,1.10052,0.20913,,,0.08313,1.45053066583414,3.82092476133795
Cabnet Holdings Bhd,CABNET,2024-02-28,0,1.30931,1.27315,0.23075,,,-0.04311,,
Cabnet Holdings Bhd,CABNET,2025-02-28,0,1.39643,1.37281,0.25982,,,0.00748,1.01806697383968,2.98056964276627
Cabnet Holdings Bhd,CABNET,2026-02-28,0,1.21748,1.05697,0.41026,,,-0.21588,0.743052875526995,1.27327166719223
Camaroe Bhd,CAMAROE,2021-12-31,0,0.85315,0.43301,0.00467,,,0.36325,,
Camaroe Bhd,CAMAROE,2022-12-31,0,1.76564,1.18446,0.2838,,,0.19186,1.28487793113696,
Camaroe Bhd,CAMAROE,2023-12-31,0,1.8698,0.67417,0.31493,,,0.10636,0.993676461437052,
Camaroe Bhd,CAMAROE,2024-12-31,0,3.68632,1.92368,0.45855,,,0.2964,0.89113302089878,
Camaroe Bhd,CAMAROE,2025-12-31,0,6.32709,4.80634,2.71165,,,0.08825,0.599965432684773,5.32115481127687
CAM Resources Bhd,CAMRES,2021-12-31,0,1.67565,1.06249,0.72318,4.2612,4.8846,0.06993,2.08080423488666,3.77355689883743
CAM Resources Bhd,CAMRES,2022-12-31,0,1.9353,1.27959,0.76174,6.9803,8.7446,-0.01604,2.52585964033153,4.88174725841168
CAM Resources Bhd,CAMRES,2023-12-31,0,1.95701,1.10521,0.622,3.4766,3.6645,0.01668,1.72343988512821,5.38237311285337
CAM Resources Bhd,CAMRES,2024-12-31,0,1.99198,1.16268,0.42767,3.7326,3.96,0.01822,2.10869013344997,4.67424266782752
CAM Resources Bhd,CAMRES,2025-12-31,0,2.03469,1.34672,0.87716,,,-0.08308,2.36347040882173,5.23168631973888
Can-One Bhd,CANONE,2021-12-31,0,1.35126,0.68183,0.18602,,,0.37276,0.694643359132209,2.7162556146451
Can-One Bhd,CANONE,2022-12-31,0,1.35546,0.72175,0.27192,,,0.34598,0.770114672845831,2.56660840467789
Can-One Bhd,CANONE,2023-12-31,0,1.26282,0.69266,0.24846,4.398,8.247,0.37211,0.698264816648925,2.09203635893852
Can-One Bhd,CANONE,2024-12-31,0,1.35998,0.8006,0.26252,3.005,5.736,0.38478,0.719096029163837,2.22466442858907
Can-One Bhd,CANONE,2025-12-31,0,1.32147,0.74184,0.2738,,56.009,0.4291,0.71972123568554,2.06450875067626
Capital A Berhad,CAPITALA,2022-12-31,1,0.26616,0.24947,0.13655,-13.8,127.58,1.51857,0.092049286296769,-5.07836479488841
Capital A Berhad,CAPITALA,2023-12-31,1,0.17211,0.15222,0.04573,-9.839,44.354,2.06716,0.322196458679379,-5.75722676854495
Capital A Berhad,CAPITALA,2024-12-31,1,0.16543,0.14593,0.04653,3.1,-50.41,1.6801,0.052784822872563,-5.02610184496118
Capital A Berhad,CAPITALA,2025-12-31,1,21.70121,21.59373,0.31424,-1.502,4.926,,0.05728561244483,3.99458231563742
Capital A Berhad,CAPITALA,2026-12-31,0,1.08799,1.05181,0.07579,,,0.46021,0.097479999630326,1.01485960202297
Careplus Group Bhd,CAREPLS,2021-06-30,0,2.86653,2.09541,0.445,,,-0.20701,1.33350522692691,11.8902194959165
Careplus Group Bhd,CAREPLS,2024-06-30,0,2.38115,1.67356,0.06732,,,0.04406,,
Careplus Group Bhd,CAREPLS,2025-06-30,0,1.58176,0.94883,0.05449,,,0.0585,0.302978927421582,0.251491468072637
Carimin Petroleum Bhd,CARIMIN,2021-06-30,0,1.93065,,0.11154,,,-0.31348,0.544561209257264,4.06857647922086
Carimin Petroleum Bhd,CARIMIN,2022-06-30,0,1.77676,,0.07385,,,-0.16483,0.791650010949324,3.71726533365601
Carimin Petroleum Bhd,CARIMIN,2023-06-30,0,2.24881,,0.17854,,,-0.19769,0.910620256739318,5.69961451125363
Carimin Petroleum Bhd,CARIMIN,2024-06-30,0,1.9706,,0.2841,,,-0.18361,1.00354931742653,5.17387017627458
Carimin Petroleum Bhd,CARIMIN,2025-06-30,0,1.8212,,0.21013,,,-0.06414,0.647940444968904,3.56839392113104
Carlo Rino Group Bhd,CARLORINO,2021-06-30,0,4.0147,3.43015,2.41413,,,-0.15117,0.685101471591267,8.50077604631173
Carlo Rino Group Bhd,CARLORINO,2022-06-30,0,4.22774,3.66939,2.37598,,,-0.1789,0.817939301744622,9.22620307403096
Carlo Rino Group Bhd,CARLORINO,2023-06-30,0,5.07926,4.23422,3.54217,,,-0.19465,0.796335284597514,8.81289874791662
Carlo Rino Group Bhd,CARLORINO,2024-06-30,0,5.72924,4.71867,3.24005,,,-0.1896,0.700994331392404,10.0073118565421
Carlo Rino Group Bhd,CARLORINO,2025-06-30,0,9.42049,7.91555,4.41318,,,-0.37387,0.574007258677098,10.1106131370145
Carlsberg Brewery Malaysia Bhd,CARLSBG,2022-12-31,0,0.84254,0.70385,0.13277,31.859,106.069,-0.1273,2.45394206838511,12.7111457640733
Carlsberg Brewery Malaysia Bhd,CARLSBG,2023-12-31,0,0.74664,0.60652,0.10274,44.17,176.735,0.12335,2.58498841961962,9.94288440781287
Carlsberg Brewery Malaysia Bhd,CARLSBG,2024-12-31,0,0.7504,0.62373,0.12342,36.34,174.2,0.0992,2.17865373227958,9.60426521523665
Carlsberg Brewery Malaysia Bhd,CARLSBG,2025-12-31,0,0.73109,0.57954,0.10302,31.309,131.379,0.02033,2.2098993954053,9.56664810046301
Carlsberg Brewery Malaysia Bhd,CARLSBG,2026-12-31,0,0.74796,0.55809,0.03633,34.42,125.28,0.04364,2.06989708463716,9.76230729085324
Catcha Digital Bhd,CATCHA,2021-12-31,0,3.07071,,2.96879,-20.35,-34.17,-1.43371,0.0,26.8390605362391
Catcha Digital Bhd,CATCHA,2022-12-31,0,1.14704,,1.10977,-3.629,-6.354,-7.54742,0.0,3.9066224587957
Catcha Digital Bhd,CATCHA,2023-12-31,0,1.67348,,0.85108,,,-0.18951,0.662338322595919,8.83333850514149
Catcha Digital Bhd,CATCHA,2024-12-31,0,1.99104,,0.4076,,,-0.03944,0.518348357388732,8.17333368991611
Catcha Digital Bhd,CATCHA,2025-12-31,0,1.11448,,0.57133,,,-0.13301,0.454724226977512,2.07244478145495
CBH Engineering Holding Bhd,CBHB,2022-12-31,0,2.39509,,0.96075,,,-0.53278,,
CBH Engineering Holding Bhd,CBHB,2023-12-31,0,2.20078,,0.40187,,,-0.21701,1.95010702554221,
CBH Engineering Holding Bhd,CBHB,2024-12-31,0,2.19388,,0.67853,,,-0.4289,1.65301553071161,
CBH Engineering Holding Bhd,CBHB,2025-12-31,0,2.60965,,0.66262,,,-0.38096,1.79654792831478,
CBH Engineering Holding Bhd,CBHB,2026-12-31,0,4.80833,,2.59961,,,-0.67002,0.976061001907535,22.7680993183029
CB Industrial Product Holding Bhd,CBIP,2022-12-31,0,3.40809,2.9427,0.54086,7.79,11.24,0.03006,0.532984013241096,6.32653057022083
CB Industrial Product Holding Bhd,CBIP,2023-12-31,0,1.98064,1.43776,0.25779,-0.526,-0.754,0.10732,0.746057839794402,4.21972666482323
CB Industrial Product Holding Bhd,CBIP,2024-12-31,0,2.74834,2.2052,0.47349,,,0.06985,0.690514700449101,6.07276418173567
CB Industrial Product Holding Bhd,CBIP,2025-12-31,0,1.83535,1.69801,0.25372,,,0.06244,0.616089114378149,4.65923082702178
CB Industrial Product Holding Bhd,CBIP,2026-12-31,0,2.2373,1.91757,0.26718,,,-0.03189,0.333867757842182,6.06163499671239
CC International Bhd,CCIB,2021-12-31,0,2.26265,,1.25064,,,-0.29313,0.524462817564628,
CC International Bhd,CCIB,2022-12-31,0,3.93103,,1.5318,,,-0.16393,0.490645704153408,18.9525070726336
CC International Bhd,CCIB,2023-12-31,0,6.63836,,1.53062,,,-0.44842,0.497538600281472,17.1393814864831
CC International Bhd,CCIB,2024-12-31,0,4.49763,,1.05761,,,-0.40187,0.496377194842711,17.6208262797108
CC International Bhd,CCIB,2025-12-31,0,3.42791,,1.50552,,,-0.35886,0.522291560907683,15.3725120753295
CCK Consolidated Holdings Bhd,CCK,2022-12-31,0,1.97864,1.1879,0.57541,5.74,8.07,0.00411,1.59251796222685,5.9033932645417
CCK Consolidated Holdings Bhd,CCK,2023-12-31,0,2.24308,1.17803,0.49123,,18.339,-0.01355,1.88368328423451,7.61381543281085
CCK Consolidated Holdings Bhd,CCK,2024-12-31,0,2.68174,1.70028,0.90033,15.199,21.309,-0.12674,1.81353309795997,8.78037371907976
CCK Consolidated Holdings Bhd,CCK,2025-12-31,0,3.90727,2.8644,1.25722,9.699,15.08,-0.30101,1.57363667508729,12.7141782377995
CCK Consolidated Holdings Bhd,CCK,2026-12-31,0,3.99657,2.89868,1.39838,,9.21,-0.22354,1.36554512626691,10.9900732102344
CelcomDigi Bhd,CDB,2022-12-31,0,0.48519,0.44543,0.02624,14.5,187.639,0.85026,0.790647319020458,5.06955095232673
CelcomDigi Bhd,CDB,2023-12-31,0,0.48517,0.4655,0.12221,13.46,9.065,0.438,0.298521485199823,1.97063021298986
CelcomDigi Bhd,CDB,2024-12-31,0,0.46019,0.42696,0.03374,4.197,9.535,0.42776,0.342918014773312,2.26176492811183
CelcomDigi Bhd,CDB,2025-12-31,0,0.56005,0.52272,0.01516,3.797,8.491,0.43824,0.350074117494897,2.11010367832388
CelcomDigi Bhd,CDB,2026-12-31,0,0.5665,0.54337,0.05095,4.169,9.48,0.43309,0.355545699484242,1.64947634973263
CEKD Bhd,CEKD,2021-08-31,0,7.5688,6.01657,2.10763,,,0.04857,0.511454989311936,
CEKD Bhd,CEKD,2022-08-31,0,8.07207,7.02712,5.18105,,,-0.26345,0.429638486341116,10.4900619551352
CEKD Bhd,CEKD,2023-08-31,0,8.64949,7.7197,6.23616,,,-0.20911,0.354064724120356,7.77156041351843
CEKD Bhd,CEKD,2024-08-31,0,6.50389,5.37975,1.76269,,,-0.27337,0.404237399618374,14.8549876093268
CEKD Bhd,CEKD,2025-08-31,0,8.16321,6.89434,1.21394,,,-0.2817,0.445791996719708,12.8155332149805
Cengild Medical Bhd,CENGILD,2022-06-30,0,1.1555,1.06929,0.05919,,,0.46845,1.36393492055746,
Cengild Medical Bhd,CENGILD,2023-06-30,0,8.03899,7.94016,0.49999,,,-0.64297,0.778656919781044,18.7882467226398
Cengild Medical Bhd,CENGILD,2024-06-30,0,9.31683,9.19567,0.06665,,,-0.68881,0.559391802840474,19.6322951633536
Cengild Medical Bhd,CENGILD,2025-06-30,0,6.7311,6.61489,0.12983,,,-0.68146,0.505874538107929,18.7048937218998
Cengild Medical Bhd,CENGILD,2026-06-30,0,4.90857,4.80659,0.58827,,,-0.2277,0.511262031244492,7.17298970075851
Censof Holdings Bhd,CENSOF,2022-03-31,0,3.44576,3.44464,0.74332,,,-0.30933,0.915882950213892,10.7349623033587
Censof Holdings Bhd,CENSOF,2023-03-31,0,3.70986,3.70896,0.90496,,,-0.29554,0.795304617772604,9.05513869713936
Censof Holdings Bhd,CENSOF,2024-03-31,0,3.36913,3.36854,0.68053,,,-0.27388,0.772501182465937,8.43134798505556
Censof Holdings Bhd,CENSOF,2025-03-31,0,3.18986,3.18925,0.56199,,,-0.26687,0.750290118902405,6.96785842476213
Censof Holdings Bhd,CENSOF,2026-03-31,0,3.30522,3.30467,0.42289,,,-0.21861,0.779554327245859,6.74277587015362
Cepatwawasan Group Bhd,CEPAT,2021-12-31,0,2.27939,1.78258,0.91543,,,-0.02118,0.746983018062279,4.60787554122682
Cepatwawasan Group Bhd,CEPAT,2022-12-31,0,3.05693,2.45106,0.49508,,,-0.09606,0.722716338977699,5.20842984000041
Cepatwawasan Group Bhd,CEPAT,2023-12-31,0,3.44137,2.87605,1.8722,,,-0.11295,0.610815069646595,5.16140708997275
Cepatwawasan Group Bhd,CEPAT,2024-12-31,0,2.24179,1.93272,1.45987,,,-0.12979,0.592904466891177,4.70514967106961
Cepatwawasan Group Bhd,CEPAT,2025-12-31,0,3.31927,2.72499,1.906,,,-0.13338,0.604535727764378,5.62885345958385
Concrete Engineering Products Bhd,CEPCO,2021-08-31,0,0.78326,0.36332,0.09871,-2.3364,-9.0554,0.24766,0.580357138900968,-0.782739249062716
Concrete Engineering Products Bhd,CEPCO,2022-08-31,0,0.75664,0.31946,0.0489,-11.41,-25.813,0.21245,1.05352687042096,-0.248048466426053
Concrete Engineering Products Bhd,CEPCO,2023-08-31,0,0.77805,0.34479,0.02251,15.0763,32.1485,0.07616,0.951899631937674,0.115967522608289
Concrete Engineering Products Bhd,CEPCO,2024-08-31,0,0.71206,0.18348,0.00595,,,0.17047,0.789316985830283,-0.376633794534684
Concrete Engineering Products Bhd,CEPCO,2025-08-31,0,0.99069,0.59319,0.02656,,,0.05336,0.431992698276044,2.54775324793759
CE Technology Bhd,CETECH,2021-07-31,0,2.35264,1.74289,1.17666,,,-0.07471,1.23162321867671,16.2019481463767
CE Technology Bhd,CETECH,2022-07-31,0,1.82328,1.42355,0.77886,,,0.08589,0.682073685894227,9.49518730592797
CE Technology Bhd,CETECH,2023-07-31,0,1.31566,0.92498,0.46779,,,0.21074,0.360391785227187,7.1790864093596
CE Technology Bhd,CETECH,2024-07-31,0,1.30141,0.81393,0.09387,,,0.30423,0.39403245735693,7.36433273748459
CE Technology Bhd,CETECH,2025-07-31,0,1.41995,0.82448,0.2087,,,0.24806,0.551508330528414,6.4036290301246
Computer Forms Malaysia Bhd,CFM,2022-02-28,0,7.96451,7.12036,0.98634,,,-0.69106,0.412276441173605,27.8120565442657
Computer Forms Malaysia Bhd,CFM,2023-02-28,0,,,,0.812,-1.55,,,
Computer Forms Malaysia Bhd,CFM,2024-02-28,0,13.47893,13.08685,0.13969,2.32,1.788,-0.68004,,
Computer Forms Malaysia Bhd,CFM,2025-02-28,0,,,,0.9351,-0.9668,,,
Computer Forms Malaysia Bhd,CFM,2026-02-28,0,,,,4.428,4.984,,,
Critical Holdings Bhd,CHB,2022-06-30,0,1.57615,1.57436,0.54831,,,-0.23581,2.31861548748002,
Critical Holdings Bhd,CHB,2023-06-30,0,1.38803,1.38803,0.20206,,,-0.14219,2.6818111980428,
Critical Holdings Bhd,CHB,2024-06-30,0,1.65234,1.65234,0.31099,,,-0.18317,2.72527138742769,
Critical Holdings Bhd,CHB,2025-06-30,0,1.76435,,0.65762,,,-0.71507,2.5701931188027,9.62608611464958
Critical Holdings Bhd,CHB,2026-06-30,0,1.74117,,0.77084,,,-0.87987,1.83722326230129,8.05279052798983
Cheeding Holdings Bhd,CHEEDING,2023-03-31,0,3.26033,,0.79996,,,-0.26822,,
Cheeding Holdings Bhd,CHEEDING,2024-03-31,0,2.43731,,0.05574,,,-0.05706,1.20143717351107,
Cheeding Holdings Bhd,CHEEDING,2025-03-31,0,2.56028,,0.16929,,,-0.21192,1.70596263850418,
Cheeding Holdings Bhd,CHEEDING,2026-03-31,0,1.79145,,0.76726,,,-0.71365,1.49282801103474,
Cheeding Holdings Bhd,CHEEDING,2027-03-31,0,5.84047,,3.67171,,,-0.75987,0.869141091750983,29.2774081798815
Cheetah Holdings Bhd,CHEETAH,2021-06-30,0,36.57814,22.84794,3.66847,,,-0.40069,0.782204904569577,69.8052259949319
Cheetah Holdings Bhd,CHEETAH,2022-06-30,0,13.15464,7.40663,2.22835,14.334,18.061,-0.17901,1.02485049209237,12.6565898920677
Cheetah Holdings Bhd,CHEETAH,2023-06-30,0,9.17472,3.364,0.86022,11.6796,14.5661,-0.04025,1.03985941229003,9.79871938296641
Cheetah Holdings Bhd,CHEETAH,2024-06-30,0,9.48496,4.14027,1.73928,9.178,12.087,-0.12328,0.959516111007039,12.4328089506723
Cheetah Holdings Bhd,CHEETAH,2025-06-30,0,12.92572,5.25327,2.98702,10.33,14.614,-0.15822,0.924597414015656,12.0123533955713
Chin Hin Group Property Bhd,CHGP,2022-12-31,0,1.64667,0.95007,0.17671,,,0.35455,,
Chin Hin Group Property Bhd,CHGP,2023-12-31,0,1.76207,0.90142,0.06872,,,0.35066,0.605032022350476,3.39856531971691
Chin Hin Group Property Bhd,CHGP,2024-12-31,0,2.2939,0.94127,0.05858,,,0.39084,0.609825189638168,6.10809405823452
Chin Hin Group Property Bhd,CHGP,2025-12-31,0,1.90756,0.97386,0.09269,,,0.24756,0.732825752631417,5.67727778091512
Chin Hin Group Bhd,CHINHIN,2022-12-31,0,1.00427,0.85637,0.10742,,,0.49114,0.807123721294592,2.46453768125822
Chin Hin Group Bhd,CHINHIN,2023-12-31,0,1.13985,0.82423,0.12631,11.048,5.349,0.46569,0.850860076882234,5.16916445196589
Chin Hin Group Bhd,CHINHIN,2024-12-31,0,1.5133,1.02354,0.10779,,,0.28382,0.792055815503124,5.62891549969672
Chin Hin Group Bhd,CHINHIN,2025-12-31,0,1.34485,0.98552,0.15066,,,0.3441,0.854172108084315,4.85026905230931
Chin Hin Group Bhd,CHINHIN,2026-12-31,0,1.46027,1.11879,0.15536,,,0.27222,0.85277733563445,5.31250196607552
Chin Teck Plantations Bhd,CHINTEK,2022-08-31,0,23.81033,22.90867,2.9914,,,-0.48846,0.245192380626727,21.4392959870038
Chin Teck Plantations Bhd,CHINTEK,2023-08-31,0,25.77758,24.53557,4.0721,,13.965,-0.48834,0.32092642468455,24.6790674376079
Chin Teck Plantations Bhd,CHINTEK,2024-08-31,0,26.62182,25.53815,4.2449,,6.4,-0.42695,0.233432782355583,18.8859342936544
Chin Teck Plantations Bhd,CHINTEK,2025-08-31,0,23.72767,22.73837,3.49219,9.31,9.895,-0.45706,0.28230558469764,18.705995547523
Chin Teck Plantations Bhd,CHINTEK,2026-08-31,0,25.1564,24.25349,4.78323,,,-0.47103,0.29122467630157,19.8482461571852
Chin Well Holdings Bhd,CHINWEL,2022-06-30,0,4.20536,1.61408,0.25884,3.35,4.07,0.0064,0.70567303207635,8.70145763241859
Chin Well Holdings Bhd,CHINWEL,2023-06-30,0,4.84335,2.0555,0.55275,,15.4,-0.12633,0.869953522391757,11.0221188289582
Chin Well Holdings Bhd,CHINWEL,2024-06-30,0,7.9724,3.84354,0.72274,5.055,5.855,-0.28186,0.588718224736703,11.713356183858
Chin Well Holdings Bhd,CHINWEL,2025-06-30,0,8.38434,4.01256,0.93789,1.21,1.35,-0.28145,0.459409988063593,11.2976713201265
Chin Well Holdings Bhd,CHINWEL,2026-06-30,0,8.29127,4.5627,0.63674,,,-0.34554,0.521769583132318,9.83374157140147
Choo Bee Metal Industries Bhd,CHOOBEE,2022-12-31,0,16.61427,6.99177,1.04637,,,-0.03399,0.840575440501293,15.1359960416411
Choo Bee Metal Industries Bhd,CHOOBEE,2023-12-31,0,16.29362,8.62083,2.55436,,,-0.08895,0.748599730534945,12.3461280850532
Choo Bee Metal Industries Bhd,CHOOBEE,2024-12-31,0,17.05432,7.04511,1.41859,,,-0.02825,0.613228717502945,12.1934864843927
Choo Bee Metal Industries Bhd,CHOOBEE,2025-12-31,0,10.71446,4.44624,0.87398,,,-0.03311,0.618609380621166,9.35050823663856
Choo Bee Metal Industries Bhd,CHOOBEE,2026-12-31,0,29.54927,14.33434,4.34308,,,-0.08952,0.605236019065188,14.3878670209035
Chuan Huat Resources Bhd,CHUAN,2021-06-30,0,1.37998,0.90482,0.1046,,,0.32184,,
Chuan Huat Resources Bhd,CHUAN,2022-06-30,0,1.34323,0.85963,0.12887,,,0.35365,1.02321544109556,1.93653072755011
Chuan Huat Resources Bhd,CHUAN,2023-06-30,0,1.27125,0.83197,0.11763,,,0.38811,1.02810916378348,1.60519320193789
Chuan Huat Resources Bhd,CHUAN,2024-06-30,0,1.2571,0.8048,0.10825,,,0.38504,1.19959256618124,1.56874213698522
Chuan Huat Resources Bhd,CHUAN,2025-06-30,0,1.2322,0.80677,0.08322,,,0.389,1.20398955657803,1.3939212086867
CI Holdings Bhd,CIHLDG,2022-06-30,0,1.52956,1.37976,0.33392,,,0.18169,3.80001788500185,4.83422788553573
CI Holdings Bhd,CIHLDG,2023-06-30,0,1.43569,1.28501,0.27782,,,0.20399,4.04728380687161,3.99402978304237
CI Holdings Bhd,CIHLDG,2024-06-30,0,1.5525,1.44777,0.33712,,,0.19181,4.51951330730348,4.71720659844679
CI Holdings Bhd,CIHLDG,2025-06-30,0,1.88413,1.72588,0.7401,,,-0.04157,3.42033321001389,5.54244530944831
CI Holdings Bhd,CIHLDG,2026-06-30,0,1.5085,1.43724,0.34784,,,0.17522,3.82552197161684,4.04540133358383
CIMB Group Holdings Bhd,CIMB,2022-12-31,0,,,,0.7,7.459,0.09821,0.029944367535387,
CIMB Group Holdings Bhd,CIMB,2023-12-31,0,,,,0.844,4.468,0.08733,0.030547937306138,
CIMB Group Holdings Bhd,CIMB,2024-12-31,0,,,,1.0,10.64,0.26278,0.029842490642588,
CIMB Group Holdings Bhd,CIMB,2025-12-31,0,,,,1.04,11.199,0.3091,0.029900406149218,
CIMB Group Holdings Bhd,CIMB,2026-12-31,0,,,,1.02,11.3,0.33426,0.029240656568332,
CJ Century Logistics Holdings Bhd,CJCEN,2022-12-31,0,1.40779,1.28788,0.20045,,,0.21525,1.05194186145177,2.55647559560385
CJ Century Logistics Holdings Bhd,CJCEN,2023-12-31,0,1.55789,1.373,0.34288,3.64,6.502,0.12545,1.20276207275682,2.937439742813
CJ Century Logistics Holdings Bhd,CJCEN,2024-12-31,0,1.51859,1.39507,0.42364,,,0.11907,0.968136874732174,2.53386174337083
CJ Century Logistics Holdings Bhd,CJCEN,2025-12-31,0,1.44198,1.28091,0.37262,,,0.11475,0.928394975444407,1.96345500465115
CJ Century Logistics Holdings Bhd,CJCEN,2026-12-31,0,1.65119,1.51433,0.15559,,,-0.01024,0.825638538818466,2.39298928135309
CUCKOO International (MAL) Bhd,CKI,2021-12-31,0,1.434,1.11658,0.24375,,,0.12999,,
CUCKOO International (MAL) Bhd,CKI,2022-12-31,0,1.39244,1.08765,0.30485,,,-0.00407,0.872451657305982,
CUCKOO International (MAL) Bhd,CKI,2023-12-31,0,1.12899,0.86547,0.181,,,-0.01191,0.887214454779553,
CUCKOO International (MAL) Bhd,CKI,2024-12-31,0,1.09566,0.86798,0.14454,,,0.19886,0.898928934441037,
CUCKOO International (MAL) Bhd,CKI,2025-12-31,0,1.27561,1.00742,0.14524,,,0.06688,0.70882913431129,4.32301574630955
Chemlite Innovation Bhd,CLITE,2021-12-31,0,1.49808,1.27483,0.09672,,,0.68827,,
Chemlite Innovation Bhd,CLITE,2022-12-31,0,1.56896,1.41793,0.49969,,,0.50525,1.0342379619166,
Chemlite Innovation Bhd,CLITE,2023-12-31,0,1.47653,1.30516,0.476,,,0.46848,1.00261022659628,
Chemlite Innovation Bhd,CLITE,2024-12-31,0,2.32872,2.1238,0.16584,,,0.42746,0.949312258987743,
Chemlite Innovation Bhd,CLITE,2025-12-31,0,7.4295,5.95397,2.79491,,,0.01983,0.77935886063358,14.2874957820297
CapitaLand Malaysia Trust,CLMT,2022-12-31,0,0.41978,,0.05306,1.02,1.68,0.35127,0.056504474139673,0.870563265022725
CapitaLand Malaysia Trust,CLMT,2023-12-31,0,0.40729,,0.0611,2.974,3.732,0.35329,0.069400372947399,0.831171589678614
CapitaLand Malaysia Trust,CLMT,2024-12-31,0,0.31914,,0.05211,2.435,4.397,0.42534,0.086590316049507,0.811470158454669
CapitaLand Malaysia Trust,CLMT,2025-12-31,0,0.41476,,0.03107,2.553,4.71,0.41387,0.087581960034423,1.09358110424254
CapitaLand Malaysia Trust,CLMT,2026-12-31,0,0.47405,,0.09016,2.74,4.919,0.39221,0.087567774772351,1.22888606
Cloudpoint Technology Bhd,CLOUDPT,2022-12-31,0,1.47997,1.41922,,,,-0.88107,1.45862322390985,
Cloudpoint Technology Bhd,CLOUDPT,2023-12-31,0,1.35451,1.29575,,,,-0.54071,1.60260038917389,
Cloudpoint Technology Bhd,CLOUDPT,2024-12-31,0,2.55487,2.38039,1.11648,,,-0.71616,1.23573167584791,13.242979246305
Cloudpoint Technology Bhd,CLOUDPT,2025-12-31,0,1.63877,1.52637,0.5252,,,-0.52357,1.0520770980486,10.2157818202064
Cloudpoint Technology Bhd,CLOUDPT,2026-12-31,0,1.81041,1.71439,0.41648,,24.36,-0.50039,1.07787446183064,9.01477361889477
CME Group Bhd,CME,2021-09-30,0,0.6546,0.48857,0.05493,,,0.23516,0.042670592292528,-1.23986502145233
CME Group Bhd,CME,2022-09-30,0,0.40708,0.20631,0.05184,,,0.27303,0.164689974091392,-2.38322212057824
CME Group Bhd,CME,2024-09-30,0,0.58145,0.26812,0.10189,,,0.33772,,
CME Group Bhd,CME,2025-09-30,0,0.53559,0.24694,0.11468,,,0.28562,0.363728276314351,-2.07564011103159
Cahya Mata Sarawak Bhd,CMSB,2022-12-31,0,1.43156,1.06896,0.03504,4.339,7.019,-0.0068,0.175964697750847,3.0890641894098
Cahya Mata Sarawak Bhd,CMSB,2023-12-31,0,2.0075,1.48832,0.7691,6.099,9.56,-0.12813,0.209367625119308,3.9472136037714
Cahya Mata Sarawak Bhd,CMSB,2024-12-31,0,2.02047,1.47355,0.58721,2.416,3.529,-0.09898,0.251987165807718,3.963614836365
Cahya Mata Sarawak Bhd,CMSB,2025-12-31,0,1.90658,1.36821,0.59389,2.78,3.83,-0.09991,0.259368426712701,4.37411411945899
Cahya Mata Sarawak Bhd,CMSB,2026-12-31,0,1.66025,1.27074,0.40702,1.429,1.93,-0.1127,0.241378432553838,4.21652134568915
Cnergenz Bhd,CNERGEN,2022-12-31,0,1.99223,1.65151,1.04502,,,-0.7967,1.2984371418627,
Cnergenz Bhd,CNERGEN,2023-12-31,0,3.42379,3.03613,2.0087,,14.63,-0.69919,1.31084437836564,13.4455723155011
Cnergenz Bhd,CNERGEN,2024-12-31,0,4.77142,4.27191,0.10655,,,-0.73827,0.804781114448611,13.7501587894275
Cnergenz Bhd,CNERGEN,2025-12-31,0,5.28489,4.72936,0.03248,,,-0.67142,0.646823703093695,12.743322004515
Cnergenz Bhd,CNERGEN,2026-12-31,0,3.98447,3.52211,2.31113,,,-0.6166,0.567628239994462,8.02361143957066
Citra Nusa Holdings Bhd,CNH,2021-12-31,0,3.12306,2.23853,0.63321,,,-0.31961,0.840203033776155,5.93113983411812
Citra Nusa Holdings Bhd,CNH,2022-12-31,0,3.16419,2.25651,0.83829,,,-0.2964,0.873093646988641,5.46739961757642
Citra Nusa Holdings Bhd,CNH,2023-12-31,0,3.14307,2.3628,0.95611,19.5557,28.9306,-0.33263,0.728542649954104,4.78602731877642
Citra Nusa Holdings Bhd,CNH,2024-12-31,0,3.01835,2.33636,1.00076,,,-0.39907,0.699197941728721,4.46325615441835
Citra Nusa Holdings Bhd,CNH,2025-12-31,0,3.39908,2.73659,1.02624,,,-0.39539,0.744469451119416,4.7899385014039
China Ouhua Winery Holdings Ltd,CNOUHUA,2021-12-31,0,30.10601,26.25829,4.34135,,,-0.12591,0.080419669850169,27.7735095082384
China Ouhua Winery Holdings Ltd,CNOUHUA,2022-12-31,0,28.67665,27.8937,2.05083,,,-0.1484,0.080474955823824,16.9684098450335
China Ouhua Winery Holdings Ltd,CNOUHUA,2023-12-31,0,18.88495,18.23759,2.56711,,,-0.12533,0.093971978235406,11.3463522392716
China Ouhua Winery Holdings Ltd,CNOUHUA,2024-12-31,0,4.45249,4.08063,4.04249,,,-0.16561,0.104020581417774,5.17121141854633
China Ouhua Winery Holdings Ltd,CNOUHUA,2025-12-31,0,3.15552,2.84574,2.47771,,29.098,-0.13663,0.105332794296005,4.93191635391394
Coastal Contracts Bhd,COASTAL,2022-12-31,0,2.47697,1.97823,0.59983,,,-0.15076,0.109533474461782,4.64905657706422
Coastal Contracts Bhd,COASTAL,2023-12-31,0,1.98891,1.94167,0.27193,,,0.12363,0.136539143702436,4.59029741888616
Coastal Contracts Bhd,COASTAL,2024-12-31,0,,,,,31.096,,,
Coastal Contracts Bhd,COASTAL,2025-12-31,0,16.79855,15.2275,2.71364,,9.27,-0.5508,,
Coastal Contracts Bhd,COASTAL,2026-12-31,0,18.22315,14.63275,1.37128,-2.64,-2.8,-0.49351,0.030845312340262,17.5539176720695
Colform Group Bhd,COLFORM,2021-12-31,0,5.03508,2.73015,1.02127,,,-0.08113,,
Colform Group Bhd,COLFORM,2022-12-31,0,6.65302,3.11088,1.57339,,,-0.10881,0.61541207032057,
Colform Group Bhd,COLFORM,2023-12-31,0,3.776,2.18669,0.98525,,,-0.02885,0.882341591795665,
Colform Group Bhd,COLFORM,2024-12-31,0,5.81999,3.62024,0.82915,,,-0.1824,0.90569618166398,
Colform Group Bhd,COLFORM,2025-12-31,0,11.85896,9.36196,4.73111,,,-0.34193,0.70253821998276,17.2661856833037
Comfort Gloves Bhd,COMFORT,2021-12-31,0,3.68719,2.69738,1.10538,,,-0.23246,1.41441429676246,11.4444274957145
Comfort Gloves Bhd,COMFORT,2022-12-31,0,6.01761,4.72124,1.59041,,15.901,-0.21724,0.559110026241101,7.8306106032045
Comfort Gloves Bhd,COMFORT,2023-12-31,0,6.0577,4.99758,1.75473,,10.662,-0.22407,0.333442797797936,7.81616673930046
Comfort Gloves Bhd,COMFORT,2024-12-31,0,4.13244,3.14814,0.51672,,11.28,-0.13286,0.36498943646396,6.47815439627173
Comfort Gloves Bhd,COMFORT,2025-12-31,0,5.64097,4.72908,1.05753,,63.854,-0.17197,0.396945371028738,4.97280477916377
Compugates Holdings Bhd,COMPUGT,2021-12-31,0,4.02723,0.69599,0.03021,,,0.00804,0.052440316521648,3.67517999952157
Compugates Holdings Bhd,COMPUGT,2022-12-31,0,3.52833,0.7112,0.00789,,,-0.00768,0.031823406086299,2.85482686977002
Compugates Holdings Bhd,COMPUGT,2023-12-31,0,3.34908,0.79272,0.01827,,,-0.02819,0.086701092017269,3.76329445630336
Compugates Holdings Bhd,COMPUGT,2024-12-31,0,3.35764,0.44444,0.04286,,,-0.04792,0.124605426595102,3.68314284548797
Compugates Holdings Bhd,COMPUGT,2025-12-31,0,2.04609,0.46022,0.03767,,,-0.07974,0.230324965347297,1.63731745585918
Coraza Integrated Technology Bhd,CORAZA,2022-12-31,0,1.60142,1.01903,0.10575,13.199,36.01,0.29099,1.35141175889054,
Coraza Integrated Technology Bhd,CORAZA,2023-12-31,0,2.51575,1.72456,0.69138,12.36,22.449,-0.09753,1.20409531639158,11.1953402563916
Coraza Integrated Technology Bhd,CORAZA,2024-12-31,0,3.3248,2.45484,1.80585,,-2.49,-0.17741,0.531536047912994,9.19113274187085
Coraza Integrated Technology Bhd,CORAZA,2025-12-31,0,2.90652,2.39695,1.23627,2.49,3.419,-0.08072,0.618654153922799,8.03214329264433
Coraza Integrated Technology Bhd,CORAZA,2026-12-31,0,2.52686,2.09438,1.12696,6.769,10.259,-0.02738,0.766509826417078,6.63839375863757
Cosmos Technology International Bhd,COSMOS,2022-04-30,0,2.44775,1.81367,0.79233,,,-0.15263,1.17830049870683,11.8401240424357
Cosmos Technology International Bhd,COSMOS,2023-04-30,0,2.84257,2.33311,1.00694,,,-0.13988,0.972123220175641,9.83164764197647
Cosmos Technology International Bhd,COSMOS,2024-04-30,0,4.18307,2.91174,1.45212,,,-0.10161,0.50668515400614,13.6306891261069
Cosmos Technology International Bhd,COSMOS,2025-04-30,0,5.21707,4.34682,3.70143,,,-0.54002,0.341136668876762,15.6465156707335
Cosmos Technology International Bhd,COSMOS,2026-04-30,0,8.20222,6.89266,5.72091,,,-0.54995,0.335638915534912,20.9401774975559
CPE Technology Bhd,CPETECH,2022-06-30,0,1.32105,1.01997,0.56224,,,-0.21475,0.70437388108923,
CPE Technology Bhd,CPETECH,2023-06-30,0,3.17198,1.83703,0.88158,,,0.05847,0.937255722588615,
CPE Technology Bhd,CPETECH,2024-06-30,0,4.22595,2.45879,1.73595,,,-0.1086,0.813977268588686,
CPE Technology Bhd,CPETECH,2025-06-30,0,14.50889,12.19466,10.95989,,,-0.61542,0.334111703183279,35.6949066551241
CPE Technology Bhd,CPETECH,2026-06-30,0,14.43893,11.9984,8.13024,7.9,7.299,-0.62153,0.371656584377536,30.4293746516852
Crest Builder Holdings Bhd,CRESBLD,2022-12-31,0,1.11924,0.56319,0.03647,,,0.48075,0.189874303796415,0.804534238102187
Crest Builder Holdings Bhd,CRESBLD,2023-12-31,0,1.18677,0.61662,0.03373,,,0.50701,0.266596252022301,1.16092092707074
Crest Builder Holdings Bhd,CRESBLD,2024-12-31,0,1.06577,0.55685,0.03835,,,0.56104,0.382203559313324,0.623255897714958
Crest Builder Holdings Bhd,CRESBLD,2025-12-31,0,1.04622,0.57596,0.06287,,,0.54455,0.439992427552844,0.798275549964804
Crest Builder Holdings Bhd,CRESBLD,2026-12-31,0,1.02996,0.59053,0.04188,,,0.4766,0.496833887089676,0.802401683596068
Crescendo Corp Bhd,CRESNDO,2023-01-31,0,2.31168,1.32093,0.20117,,,0.17381,0.153925157088108,3.17668510298814
Crescendo Corp Bhd,CRESNDO,2024-01-31,0,1.62147,0.91642,0.13657,,,0.16181,0.153598438577493,2.87418069291368
Crescendo Corp Bhd,CRESNDO,2025-01-31,0,1.65888,0.82229,0.08669,,,0.22236,0.232282965855899,3.87731134965409
Crescendo Corp Bhd,CRESNDO,2026-01-31,0,1.7741,1.08694,0.1147,,,0.01763,0.644686390958399,7.35571706749689
Crescendo Corp Bhd,CRESNDO,2027-01-31,0,1.53131,0.8032,0.21423,,,0.02236,0.222886279319366,5.2677735897996
Crest Group Bhd,CREST,2021-12-31,0,1.94304,1.69315,,,,-0.72598,1.36836379059175,
Crest Group Bhd,CREST,2022-12-31,0,2.16363,1.79364,,,,-0.65474,1.57921986342043,
Crest Group Bhd,CREST,2023-12-31,0,2.07544,1.78388,,,,-0.73424,1.74965495374515,
Crest Group Bhd,CREST,2024-12-31,0,3.39788,3.17863,,,,-0.67338,1.352223938281,12.0754946262849
Crest Group Bhd,CREST,2025-12-31,0,2.94483,2.68195,,,,-0.48462,1.14444586515642,9.54724949561228
Croesus IT Holdings Bhd,CROESUS,2023-12-31,0,1.86778,1.86485,0.66332,,,-0.45906,,
Croesus IT Holdings Bhd,CROESUS,2024-12-31,0,2.01964,2.01828,0.25209,,,-0.41487,1.16783383107892,
Croesus IT Holdings Bhd,CROESUS,2025-12-31,0,3.0621,3.06018,0.46897,,,-0.51235,1.04499015698349,19.8705208900901
Cropmate Bhd,CRPMATE,2021-12-31,0,1.3805,0.86518,0.22505,,,0.46583,,
Cropmate Bhd,CRPMATE,2022-12-31,0,1.61394,0.85123,0.25664,,,0.43059,2.52731738453545,
Cropmate Bhd,CRPMATE,2023-12-31,0,2.62893,1.73423,0.3346,,,0.35825,1.79730356746267,
Cropmate Bhd,CRPMATE,2024-12-31,0,5.27062,4.18598,0.79514,,,-0.2279,1.56744224187088,9.99139140751003
Cropmate Bhd,CRPMATE,2025-12-31,0,4.15149,2.68878,0.89414,,,-0.09009,1.51773213947867,8.5999507982541
CSC Steel Holdings Bhd,CSCSTEL,2022-12-31,0,6.17969,3.35855,0.93731,,9.9,-0.16707,1.48945183405822,9.95144025974951
CSC Steel Holdings Bhd,CSCSTEL,2023-12-31,0,12.96227,7.36796,0.98341,1.463,1.659,-0.31968,1.70109119120816,12.7224241799914
CSC Steel Holdings Bhd,CSCSTEL,2024-12-31,0,12.9443,7.68513,0.30958,,5.62,-0.38738,1.626619613177,13.3635555532823
CSC Steel Holdings Bhd,CSCSTEL,2025-12-31,0,15.30467,9.48026,0.45033,,3.794,-0.41591,1.55448316496039,13.9426987380827
CSC Steel Holdings Bhd,CSCSTEL,2026-12-31,0,14.01608,9.19131,1.10427,,,-0.43906,1.38875463537501,14.5554959778005
CTOS Digital Bhd,CTOS,2022-12-31,0,1.75966,,0.43235,13.686,20.817,-0.12314,0.481225071359338,80.073159530061
CTOS Digital Bhd,CTOS,2023-12-31,0,0.7028,,0.15354,13.089,17.48,0.20309,0.355497516932494,15.7703444177946
CTOS Digital Bhd,CTOS,2024-12-31,0,0.76718,,0.15698,15.35,21.45,0.17815,0.339337749032038,16.757365832685
CTOS Digital Bhd,CTOS,2025-12-31,0,0.65929,,0.13478,12.619,17.469,0.21219,0.363145794370257,11.2086918093242
CTOS Digital Bhd,CTOS,2026-12-31,0,1.10175,,0.47672,12.051,16.545,0.08734,0.384638569317837,9.80408894556022
Cuscapi Bhd,CUSCAPI,2021-12-31,0,0.7944,0.74066,0.62778,,-4.13,-0.23562,0.132206083172946,1.49213320195965
Cuscapi Bhd,CUSCAPI,2022-12-31,0,0.78723,0.68412,0.07612,,-6.988,0.00932,0.152290657287463,
Cuscapi Bhd,CUSCAPI,2023-12-31,0,,,,-13.48,-15.612,,,
Cuscapi Bhd,CUSCAPI,2024-12-31,0,1.05382,0.99026,0.17625,,,-0.01242,,
Cuscapi Bhd,CUSCAPI,2025-12-31,0,1.183,1.13843,0.23406,,,-0.0122,0.404157551437052,4.07455818353922
Country View Bhd,CVIEW,2021-11-30,0,2.1393,0.52952,0.29543,4.6982,6.3536,0.29879,0.10137923132666,2.85281400767529
Country View Bhd,CVIEW,2022-11-30,0,6.21714,0.59294,0.07744,2.079,1.962,0.32638,0.120924305016492,6.57862337750858
Country View Bhd,CVIEW,2023-11-30,0,4.11248,0.53458,0.04408,-3.564,-9.641,0.33679,0.160135985309616,6.43290601007339
Country View Bhd,CVIEW,2024-11-30,0,3.5294,0.67635,0.02222,,,0.28169,0.279275918501526,6.81237902395843
Country View Bhd,CVIEW,2025-11-30,0,3.68254,0.99701,0.08328,,,0.13665,0.531836659223918,8.26910356426448
CWG Holdings Bhd,CWG,2022-06-30,0,4.97688,1.66961,1.08427,,,-0.10099,0.56743913125184,
CWG Holdings Bhd,CWG,2023-06-30,0,3.74778,1.07351,0.53995,,,-0.0132,0.592847261322776,
CWG Holdings Bhd,CWG,2024-06-30,0,5.25054,2.16645,1.18932,4.623,5.831,-0.09504,0.71983691372534,
CWG Holdings Bhd,CWG,2025-06-30,0,3.70018,1.13339,0.59198,,,-0.0518,0.500462357505596,
CWG Holdings Bhd,CWG,2026-06-30,0,2.91672,1.29942,0.61536,,,0.04796,0.673801981379705,
Cyberjaya Education Group Bhd,CYBERE,2021-06-30,0,1.06166,,0.21022,,,0.3985,0.244035693125953,-0.833463829520811
Cyberjaya Education Group Bhd,CYBERE,2022-06-30,0,,,,,,,,
Cyberjaya Education Group Bhd,CYBERE,2024-06-30,0,0.77675,,0.22399,,,0.36462,,
Cyberjaya Education Group Bhd,CYBERE,2025-06-30,0,0.86705,,0.21455,,,0.312,0.332365761309333,-0.069832684987221
CYL Corp Bhd,CYL,2022-01-31,0,3.7742,3.0713,0.13975,4.6796,6.3995,-0.11064,0.651749577407696,6.22767254117991
CYL Corp Bhd,CYL,2023-01-31,0,5.37376,4.13343,0.58931,4.7374,6.4019,-0.14631,0.601633244351702,13.4489137917177
CYL Corp Bhd,CYL,2024-01-31,0,3.97305,3.14446,0.2422,6.1593,8.2748,-0.11891,0.588835533933524,6.74501379987101
CYL Corp Bhd,CYL,2025-01-31,0,3.49657,2.59391,0.17436,,,-0.04865,0.47775675977229,3.47125297025055
CYL Corp Bhd,CYL,2026-01-31,0,2.95908,2.41004,0.23025,,,-0.06375,0.365414043225747,3.03495170134084
Cypark Resources Bhd,CYPARK,2025-04-30,0,2.61272,,0.37521,,,0.49725,,
Cypark Resources Bhd,CYPARK,2026-04-30,0,2.39408,,0.37166,,,0.51146,0.054022719582611,1.93834117191216
Cypark Resources Bhd,CYPARK,2027-04-30,0,3.90286,,,,,0.63873,0.062530371892426,2.02046236647273
D & O Green Technologies Bhd,D&O,2022-12-31,0,2.13586,1.3526,0.14937,10.73,18.73,-0.10491,0.821647838035759,24.2618850405618
D & O Green Technologies Bhd,D&O,2023-12-31,0,1.87998,1.04486,0.07924,5.202,9.455,0.13486,0.680457478675741,10.2894738920672
D & O Green Technologies Bhd,D&O,2024-12-31,0,1.75111,0.85719,0.20891,2.616,5.167,0.16048,0.602404905212603,9.70494792273218
D & O Green Technologies Bhd,D&O,2025-12-31,0,1.72488,0.79859,0.30302,2.2,4.4,0.18196,0.597861524354862,6.44846533859219
D & O Green Technologies Bhd,D&O,2026-12-31,0,1.34049,0.79807,0.31675,,,0.21066,0.603323685327065,1.41184381439054
Dancomech Holdings Bhd,DANCO,2022-12-31,0,3.44802,2.61443,1.42315,,,-0.32698,0.94166741612168,8.39667546860879
Dancomech Holdings Bhd,DANCO,2023-12-31,0,3.89024,3.03036,1.86077,6.919,10.14,-0.36045,0.805674779335652,7.80232898598214
Dancomech Holdings Bhd,DANCO,2024-12-31,0,3.99114,2.91982,1.82541,12.967,10.13,-0.35368,0.713111048284099,8.23780173305227
Dancomech Holdings Bhd,DANCO,2025-12-31,0,4.51802,3.47648,2.21272,,10.416,-0.3866,0.726273794705842,8.880565166024
Dancomech Holdings Bhd,DANCO,2026-12-31,0,6.37887,5.05998,3.62745,,,-0.44009,0.604311889225538,9.91727139382486
Dataprep Holdings Bhd,DATAPRP,2023-03-31,0,7.58999,7.57419,2.06629,,,-0.27356,0.507362322109522,40.4863620831782
Dataprep Holdings Bhd,DATAPRP,2024-03-31,0,3.27288,2.86527,0.71455,,,-0.03319,0.299158162315665,6.46202989042292
Dataprep Holdings Bhd,DATAPRP,2025-03-31,0,2.40171,2.16831,0.47251,,,-0.07813,0.375108493304841,1.97828095773323
Daythree Digital Bhd,DAY3,2021-12-31,0,6.03161,,2.53353,,,-0.1049,1.66988868940754,
Daythree Digital Bhd,DAY3,2022-12-31,0,2.59262,,0.90336,,,0.01953,1.51740452855694,
Daythree Digital Bhd,DAY3,2023-12-31,0,7.04262,,3.48291,,,-0.23137,1.34260214749787,14.3325869405716
Daythree Digital Bhd,DAY3,2024-12-31,0,6.23124,,2.21157,,,-0.07022,0.988475463876614,11.580622035902
Daythree Digital Bhd,DAY3,2025-12-31,0,4.80853,,2.67761,,,-0.19896,0.932836467611711,8.23183205617244
Dayang Enterprise Holdings Bhd,DAYANG,2022-12-31,0,2.19682,2.1735,0.94027,,,0.03847,0.263469429507182,2.81099906909808
Dayang Enterprise Holdings Bhd,DAYANG,2023-12-31,0,2.29451,2.27431,0.72695,5.29,9.009,-0.02033,0.420137223575817,4.80751666228269
Dayang Enterprise Holdings Bhd,DAYANG,2024-12-31,0,2.37158,2.35348,0.362,8.992,14.135,-0.13759,0.457026109101989,6.38962507192763
Dayang Enterprise Holdings Bhd,DAYANG,2025-12-31,0,2.60783,2.59145,0.3628,11.88,17.64,-0.2633,0.560646698523994,8.61649217936165
Dayang Enterprise Holdings Bhd,DAYANG,2026-12-31,0,5.04081,4.98134,0.63069,7.95,10.98,-0.32297,0.361568622160638,11.3336528928694
DC Healthcare Holdings Bhd,DCHCARE,2022-12-31,0,1.18516,1.10553,0.13923,,,0.29205,1.03135056366249,
DC Healthcare Holdings Bhd,DCHCARE,2023-12-31,0,1.01351,0.88902,0.10553,,,0.41819,1.28531499666081,
DC Healthcare Holdings Bhd,DCHCARE,2024-12-31,0,2.80361,2.57176,1.47647,,,-0.08195,0.91808389901788,14.9469098216248
DC Healthcare Holdings Bhd,DCHCARE,2025-12-31,0,0.99773,0.90554,0.56576,,,0.15096,0.53945841744444,1.29059804271449
DC Healthcare Holdings Bhd,DCHCARE,2026-12-31,0,0.97301,0.87085,0.46931,,,0.21742,0.779317089648517,1.50866742218807
Deleum Bhd,DELEUM,2022-12-31,0,1.96124,1.80924,0.06455,,,-0.39698,0.888042090701932,4.23381552638677
Deleum Bhd,DELEUM,2023-12-31,0,1.89392,1.75265,0.0166,6.371,11.283,-0.39102,1.05541401200455,5.08710266431278
Deleum Bhd,DELEUM,2024-12-31,0,2.86933,2.75891,0.07616,6.849,11.4,-0.47558,1.18699312291832,7.40549044120174
Deleum Bhd,DELEUM,2025-12-31,0,2.5549,2.34669,0.09979,10.96,16.92,-0.35127,1.34083134007277,7.96409062695348
Deleum Bhd,DELEUM,2026-12-31,0,,,0.19062,9.13,14.82,,1.28014394015178,7.29689521880328
Wawasan Dengkil Holdings Bhd,DENGKIL,2021-06-30,0,1.09961,1.09516,0.07565,,,0.26848,,
Wawasan Dengkil Holdings Bhd,DENGKIL,2022-06-30,0,1.31557,1.31142,0.07207,,,0.21731,0.893532467008619,
Wawasan Dengkil Holdings Bhd,DENGKIL,2023-06-30,0,1.1915,1.18868,0.10123,,,0.33102,0.98301306468431,
Wawasan Dengkil Holdings Bhd,DENGKIL,2024-06-30,0,1.3893,1.38871,0.13067,,,0.35973,1.17460610071312,
Wawasan Dengkil Holdings Bhd,DENGKIL,2025-06-30,0,1.70401,1.70193,0.28335,,,0.14307,0.945967835687774,3.99607072866389
Destini Bhd,DESTINI,2022-06-30,0,1.09867,1.05416,0.10973,,,0.21614,0.357773808463563,-0.732649775875584
Destini Bhd,DESTINI,2023-06-30,0,1.00835,0.91147,0.07852,,,-0.05149,0.512168827830717,-3.77821417373459
Destini Bhd,DESTINI,2026-06-30,0,1.94516,1.66672,0.20347,,,0.12059,,
Divfex Bhd,DFX,2021-06-30,0,2.1452,2.0337,1.47197,,,-0.63513,0.202891680176757,3.30348934550033
Divfex Bhd,DFX,2022-06-30,0,1.99749,1.84615,1.24261,,,-0.43346,0.325032674939333,3.62379047219347
Divfex Bhd,DFX,2023-06-30,0,1.6328,1.38343,0.82381,,,-0.79277,1.14492849839365,4.25855676331636
Divfex Bhd,DFX,2024-06-30,0,1.91971,1.31325,0.36058,,,-0.2114,0.704053922752498,6.58468663572348
Divfex Bhd,DFX,2025-06-30,0,1.04332,0.93979,0.06928,,,-0.0075,0.759855157152279,1.31230264719662
DGB Asia Bhd,DGB,2021-12-31,0,3.32019,3.26739,0.45163,,,0.10226,0.078245332471619,
DGB Asia Bhd,DGB,2022-12-31,0,2.53541,2.51466,0.50206,,,0.22772,0.12068170830825,
DGB Asia Bhd,DGB,2023-12-31,0,2.42649,2.41721,0.42378,,,0.31787,0.206623863240287,
DGB Asia Bhd,DGB,2024-12-31,0,2.25915,2.25269,0.32332,,,0.33511,0.211482527196717,
DGB Asia Bhd,DGB,2025-12-31,0,2.20827,2.203,0.414,,,0.29344,0.248791886300281,
Dialog Group Bhd,DIALOG,2022-06-30,0,1.95531,1.89597,0.62708,6.77,11.92,0.06986,0.212289791174254,8.53294845714733
Dialog Group Bhd,DIALOG,2023-06-30,0,2.43464,2.37068,0.67543,6.04,19.94,0.06747,0.27567623310736,6.58764952767846
Dialog Group Bhd,DIALOG,2024-06-30,0,2.16514,2.10918,0.59986,5.623,9.605,0.05266,0.330589247870345,6.29856462655228
Dialog Group Bhd,DIALOG,2025-06-30,0,2.52445,2.42634,1.17443,6.236,9.983,0.01811,0.342913803295477,8.26155998433608
Dialog Group Bhd,DIALOG,2026-06-30,0,1.45846,1.40921,0.71366,3.41,5.2,-0.00467,0.282769349282213,6.00581856023856
Digistar Corporation Bhd,DIGISTA,2021-09-30,0,2.0527,2.01373,1.46221,,,0.59793,0.047685778516793,0.89832466884202
Digistar Corporation Bhd,DIGISTA,2022-09-30,0,1.72048,1.70671,1.18786,,,0.60452,0.151140700597452,1.29923043707125
Digistar Corporation Bhd,DIGISTA,2023-09-30,0,1.78381,1.76859,1.15685,,,0.58141,0.150315120285892,1.28921980608532
Digistar Corporation Bhd,DIGISTA,2024-09-30,0,1.54471,1.53097,0.94901,-4.1827,-7.3635,0.57634,0.153184269205465,0.957826882343082
Digistar Corporation Bhd,DIGISTA,2025-09-30,0,1.39947,1.38939,0.82331,,,0.54231,0.139064932894624,0.843924589012004
DKLS Industries Bhd,DKLS,2021-12-31,0,2.4289,1.88344,0.33008,3.61,5.1129,-0.07397,0.338283347277877,5.0653422600256
DKLS Industries Bhd,DKLS,2022-12-31,0,3.59805,2.958,0.60993,2.1087,2.7595,-0.08948,0.340552350245673,6.66286326243849
DKLS Industries Bhd,DKLS,2023-12-31,0,5.87668,4.96927,1.04696,2.2183,2.4602,-0.1626,0.321135837233054,7.95444207222607
DKLS Industries Bhd,DKLS,2024-12-31,0,7.26401,5.73588,1.61146,1.3595,1.2141,-0.23468,0.346798243270552,8.36542366122339
DKLS Industries Bhd,DKLS,2025-12-31,0,5.00182,3.89364,0.69908,,,-0.23775,0.302077623655387,7.100151775132
DKSH Holdings (Malaysia) Bhd,DKSH,2022-12-31,0,1.19331,0.79186,0.06046,3.799,12.919,0.36146,2.50374462532196,2.32021598974607
DKSH Holdings (Malaysia) Bhd,DKSH,2023-12-31,0,1.32765,0.88795,0.02,3.82,13.49,0.3559,2.55302471619839,2.79347934066987
DKSH Holdings (Malaysia) Bhd,DKSH,2024-12-31,0,1.29044,0.85018,0.01974,3.719,12.81,0.37247,2.50729731693061,2.71678397107197
DKSH Holdings (Malaysia) Bhd,DKSH,2025-12-31,0,1.24079,0.78563,0.03907,3.79,13.099,0.34658,2.4248424861718,2.55907890118957
DKSH Holdings (Malaysia) Bhd,DKSH,2026-12-31,0,1.43645,0.88357,0.008,4.33,14.8,0.28594,2.38810860962782,3.34301625593977
Dutch Lady Milk Industries Bhd,DLADY,2022-12-31,0,1.57549,1.04922,0.38656,,90.32,-0.25938,1.88943376133365,13.4060307982665
Dutch Lady Milk Industries Bhd,DLADY,2023-12-31,0,1.11537,0.58764,0.08056,5.99,11.873,-0.23764,1.73340856706911,6.70777536624354
Dutch Lady Milk Industries Bhd,DLADY,2024-12-31,0,0.79859,0.32142,0.13093,,,-0.12315,1.61114765081935,4.38431165975669
Dutch Lady Milk Industries Bhd,DLADY,2025-12-31,0,0.83836,0.36501,0.09556,,20.582,0.04758,1.4303328503104,5.2561020093267
Dutch Lady Milk Industries Bhd,DLADY,2026-12-31,0,0.88503,0.43264,0.19079,,19.21,-0.00072,1.3892355235593,6.21436243007239
Dagang NeXchange Bhd,DNEX,2023-12-31,0,1.88093,1.65425,1.1559,,,-0.16398,,
Dagang NeXchange Bhd,DNEX,2025-12-31,0,1.01713,0.78177,0.42673,,,-0.04173,,
Dagang NeXchange Bhd,DNEX,2026-12-31,0,1.14212,0.89248,0.62512,,,-0.08912,0.271533945231705,-0.002246220124394
D'nonce Technology Bhd,DNONCE,2022-03-31,0,3.8461,3.00424,1.14502,,,-0.11304,0.709797605402593,4.84067050595922
D'nonce Technology Bhd,DNONCE,2023-03-31,0,2.95312,2.15149,0.55518,,,-0.02511,0.635934112961429,3.35103064717456
D'nonce Technology Bhd,DNONCE,2024-03-31,0,3.23551,2.50412,0.87646,,,-0.05948,0.565564614645031,3.06717917869113
D'nonce Technology Bhd,DNONCE,2025-03-31,0,2.49007,2.01295,0.47684,,,0.04635,0.602709644619824,1.73276161611733
D'nonce Technology Bhd,DNONCE,2026-03-31,0,1.45049,1.10809,0.19605,,,0.10753,0.604013641916299,1.08432466473551
Dominant Enterprise Bhd,DOMINAN,2022-03-31,0,1.59565,0.97701,0.06083,9.897,14.22,0.27638,1.1253155952334,
Dominant Enterprise Bhd,DOMINAN,2023-03-31,0,1.60129,1.09397,0.03731,6.5081,9.233,0.29675,1.23755505298402,
Dominant Enterprise Bhd,DOMINAN,2024-03-31,0,1.6434,1.21632,0.09285,10.6302,17.1929,0.21586,1.36191346462143,
Dominant Enterprise Bhd,DOMINAN,2025-03-31,0,1.61006,1.09667,0.07446,,,0.25611,1.24649604184105,
Dominant Enterprise Bhd,DOMINAN,2026-03-31,0,1.49059,0.97332,0.08499,,,0.2812,1.25497253019574,
Duopharma Biotech Bhd,DPHARMA,2022-12-31,0,2.1484,1.18364,0.5607,5.91,10.359,0.25687,0.575169297788184,5.77489174321613
Duopharma Biotech Bhd,DPHARMA,2023-12-31,0,2.04651,1.15767,0.55095,5.884,10.962,0.25075,0.583991953228139,5.619862497413
Duopharma Biotech Bhd,DPHARMA,2024-12-31,0,4.0609,2.60302,1.56327,4.102,7.844,0.22428,0.549055064677253,5.60826639598254
Duopharma Biotech Bhd,DPHARMA,2025-12-31,0,4.08124,2.68479,1.30373,4.603,8.973,0.20334,0.597653002165284,5.83540571300906
Duopharma Biotech Bhd,DPHARMA,2026-12-31,0,2.60362,1.67279,0.81583,6.19,11.929,0.16203,0.658673952180157,5.65703283297306
DPI Holdings Bhd,DPIH,2022-05-31,0,8.4945,7.09101,1.54483,,,-0.6952,0.739937646956057,32.6475203622172
DPI Holdings Bhd,DPIH,2023-05-31,0,8.20265,6.33676,1.20748,,,-0.56041,0.555566399521789,29.9756621125901
DPI Holdings Bhd,DPIH,2024-05-31,0,9.3623,7.39491,1.40867,,,-0.53316,0.558363638992514,23.5864145907118
DPI Holdings Bhd,DPIH,2025-05-31,0,8.50499,6.68138,1.19969,,,-0.53001,0.585863823629789,22.0869205382939
DPI Holdings Bhd,DPIH,2026-05-31,0,2.52105,1.76824,0.32623,,,-0.07898,0.820419852776991,5.96005828574532
DPS Resources Bhd,DPS,2022-03-31,0,3.0133,1.75257,0.27269,,,0.02629,0.445676455433896,5.03365256481003
DPS Resources Bhd,DPS,2023-03-31,0,2.62838,1.84679,0.25224,11.6338,16.3616,0.07005,0.254250411116144,4.14203691498276
DPS Resources Bhd,DPS,2024-03-31,0,4.66272,3.80002,1.453,11.9122,16.6917,-0.07594,0.250047759632186,6.3252456915736
DPS Resources Bhd,DPS,2025-03-31,0,2.98679,2.31392,0.89388,7.312,11.194,0.10179,0.185989076961534,3.90771007973669
DPS Resources Bhd,DPS,2026-03-31,0,5.78378,3.766,0.42535,,,0.14819,0.182300427660369,4.40924217522401
DRB-HICOM Bhd,DRBHCOM,2022-12-31,0,0.50813,0.45357,0.08515,4.599,,0.20263,0.267015180449913,-1.53827827676314
DRB-HICOM Bhd,DRBHCOM,2023-12-31,0,0.49445,0.418,0.0884,1.52,2.359,0.20526,0.314620341695147,-1.55778439652479
DRB-HICOM Bhd,DRBHCOM,2024-12-31,0,0.45663,0.39318,0.12046,0.43,2.93,0.10183,0.2879861886227,-1.88072994147965
DRB-HICOM Bhd,DRBHCOM,2025-12-31,0,0.39618,0.34855,0.08845,0.15,1.1,0.2017,0.267940935166715,-2.32485110147556
DRB-HICOM Bhd,DRBHCOM,2026-12-31,0,0.37557,0.3217,0.12243,0.62,4.81,0.13768,0.270391185250685,-2.41665279422604
DSR Taiko Bhd,DSR,2021-06-30,0,27.26162,27.15579,24.0867,,,-0.27781,0.047050268781449,
DSR Taiko Bhd,DSR,2022-06-30,0,3.02485,2.8881,0.47796,,,0.24306,0.135037207828496,
DSR Taiko Bhd,DSR,2023-06-30,0,4.49374,4.09425,2.1748,,,0.22415,0.145652660236494,13.1123744470137
DSR Taiko Bhd,DSR,2024-06-30,0,1.85216,1.59594,0.36949,,,0.2525,0.208454107048114,17.0355246212819
DSR Taiko Bhd,DSR,2025-06-30,0,2.14216,2.01661,0.1969,,,0.32377,0.186630423799576,12.1709517554692
DS Sigma Holdings Bhd,DSS,2021-06-30,0,2.21746,2.02441,0.67827,,,0.06654,2.53708123304549,
DS Sigma Holdings Bhd,DSS,2022-06-30,0,3.29732,3.16991,1.16281,,,-0.2769,1.82619223119569,
DS Sigma Holdings Bhd,DSS,2023-06-30,0,10.48139,10.29093,8.27329,,,-0.6251,0.8062817695272,17.0014911364213
DS Sigma Holdings Bhd,DSS,2024-06-30,0,8.05813,7.92044,5.91952,,,-0.60368,0.694418200590454,18.0354706915118
DS Sigma Holdings Bhd,DSS,2025-06-30,0,9.02637,8.85192,4.17829,,,-0.59601,0.676989570480588,14.9869216726695
Dufu Technology Corp Bhd,DUFU,2021-12-31,0,4.31377,3.11613,1.16553,,,-0.20282,1.01193370573497,40.0508590012686
Dufu Technology Corp Bhd,DUFU,2022-12-31,0,7.90467,5.16791,1.44108,,,-0.12759,0.750202281522702,19.0423576118209
Dufu Technology Corp Bhd,DUFU,2023-12-31,0,8.04013,5.92319,1.60873,12.973,22.289,-0.14405,0.541265505828227,19.966568974741
Dufu Technology Corp Bhd,DUFU,2024-12-31,0,4.87246,3.52688,1.76678,,,-0.09212,0.600454879574622,15.8016662883186
Dufu Technology Corp Bhd,DUFU,2025-12-31,0,4.82714,3.67922,1.90984,,13.979,-0.1484,0.618601576016364,14.555073788946
DutaLand Bhd,DUTALND,2021-06-30,0,9.65843,8.74065,1.16516,-7.361,-28.859,-0.40151,0.130933559435591,9.15065597961632
DutaLand Bhd,DUTALND,2022-06-30,0,12.50575,11.19008,1.5866,-4.26,-25.364,-0.33242,0.103637851848483,10.1692848822705
DutaLand Bhd,DUTALND,2023-06-30,0,17.35394,15.26804,3.33536,-3.055,-17.28,-0.2892,0.147125743557137,11.2114845418616
DutaLand Bhd,DUTALND,2024-06-30,0,15.28668,13.54478,2.60467,-0.692,-11.104,-0.22178,0.142180010037315,11.0586242321426
DutaLand Bhd,DUTALND,2025-06-30,0,12.16462,10.76645,2.89532,,,-0.1965,0.355904915828167,9.30360364948026
DXN Holdings Bhd,DXN,2023-02-28,0,1.31859,0.95691,0.66776,,,-0.16568,0.889903402431157,
DXN Holdings Bhd,DXN,2024-02-28,0,1.45748,0.96102,0.6411,,,-0.19439,0.990137982883653,
DXN Holdings Bhd,DXN,2025-02-28,0,1.61707,1.14372,0.68597,16.118,27.75,-0.3087,0.93629169164403,9.13787286143314
DXN Holdings Bhd,DXN,2026-02-28,0,1.52356,1.18254,0.88552,15.679,25.82,-0.33648,0.913083500466954,8.22461750204122
DXN Holdings Bhd,DXN,2027-02-28,0,1.58092,1.16321,0.78004,12.75,20.6,-0.26203,0.893432574389614,8.14146940324938
DynaFront Holdings Bhd,DYNAFNT,2021-06-30,0,2.72389,,0.65382,,,-0.34945,0.810937068910013,
DynaFront Holdings Bhd,DYNAFNT,2022-06-30,0,8.69536,,6.31088,,,-0.89003,0.71410692443092,29.1854006977829
DynaFront Holdings Bhd,DYNAFNT,2023-06-30,0,9.06272,,5.10262,,,-0.8778,0.541980103572589,45.013883261733
DynaFront Holdings Bhd,DYNAFNT,2024-06-30,0,12.08665,,4.80126,,,-0.80397,0.535554015512657,54.1019176439694
DynaFront Holdings Bhd,DYNAFNT,2025-06-30,0,14.99672,,5.42379,,,-0.78281,0.488630206576711,67.6519827255626
Total Dynamic Holdings Bhd,DYNAMIC,2021-12-31,0,10.18091,9.88515,4.07106,,,-0.33076,,
Total Dynamic Holdings Bhd,DYNAMIC,2022-12-31,0,4.76689,4.31223,1.19036,,,-0.00178,1.24868539287847,
Total Dynamic Holdings Bhd,DYNAMIC,2023-12-31,0,4.42938,4.27219,0.71859,,,-0.41843,1.10788058198555,
Total Dynamic Holdings Bhd,DYNAMIC,2024-12-31,0,11.36763,10.4943,0.81057,,,-0.37873,0.862699993262618,44.1855010531972
Total Dynamic Holdings Bhd,DYNAMIC,2025-12-31,0,7.6407,7.24432,1.15961,,,-0.40495,0.967941891682586,35.9808551161388
Eastern & Oriental Bhd,E&O,2023-03-31,0,2.06873,0.70593,0.30972,,,0.36092,0.040319552311086,1.50500747628335
Eastern & Oriental Bhd,E&O,2024-03-31,0,1.75686,1.08118,0.78331,8.525,14.455,0.27384,0.087317819072274,1.19363637710144
Eastern & Oriental Bhd,E&O,2025-03-31,0,2.23352,1.18073,0.7573,3.351,6.321,0.3058,0.106049190491764,2.6623318418124
Eastern & Oriental Bhd,E&O,2026-03-31,0,1.69584,0.84387,0.2044,3.91,7.549,0.35897,0.171982847247395,2.39599300070028
Eastern & Oriental Bhd,E&O,2027-03-31,0,1.34993,0.79405,0.43661,4.33,9.13,0.35397,0.169987555239299,1.88240321928209
ECA Integrated Solution Bhd,ECA,2022-10-31,0,3.5943,2.63159,0.75773,,,-0.00155,0.938541329704015,
ECA Integrated Solution Bhd,ECA,2023-10-31,0,3.80291,3.15268,0.7918,,,-0.00784,0.886446261448572,
ECA Integrated Solution Bhd,ECA,2024-10-31,0,8.7387,7.66591,3.45005,20.244,25.164,-0.37322,0.663759254358149,48.4583503116345
ECA Integrated Solution Bhd,ECA,2025-10-31,0,7.34562,6.24798,2.47901,,,-0.28212,0.273030179531626,14.0380582327227
ECA Integrated Solution Bhd,ECA,2026-10-31,0,2.88019,2.35759,0.57092,,,0.00497,0.402566270077878,6.87505679321383
EC Excel Holdings Bhd,ECEXCEL,2021-12-31,0,1.77917,1.10836,0.15995,,,0.25874,0.868145043138718,4.62456255834766
EC Excel Holdings Bhd,ECEXCEL,2022-12-31,0,2.06346,1.02964,0.10582,,,0.30196,0.978571763860368,6.80455298899018
EC Excel Holdings Bhd,ECEXCEL,2023-12-31,0,1.59017,1.13062,0.15291,,,0.35686,0.772037873417561,2.94044487179203
EC Excel Holdings Bhd,ECEXCEL,2024-12-31,0,1.6342,1.1231,0.1033,,,0.32821,0.948580437796441,3.6060879226067
EC Excel Holdings Bhd,ECEXCEL,2025-12-31,0,2.17336,1.57281,0.15398,,,0.14229,0.736018218141944,4.6883053113369
Eckem Holdings Bhd,ECKEM,2022-12-31,0,2.20841,1.62274,0.79984,,,0.29287,,
Eckem Holdings Bhd,ECKEM,2023-12-31,0,2.03196,1.15011,0.30352,,,0.35172,0.668652526083877,
Eckem Holdings Bhd,ECKEM,2024-12-31,0,3.59037,2.35183,0.86813,,,0.42002,0.646620281863356,
Eckem Holdings Bhd,ECKEM,2025-12-31,0,3.24831,2.1792,0.96489,,,0.39058,0.485691764942118,
ECM Libra Group Bhd,ECM,2021-12-31,0,1.09492,1.08636,0.73971,,,0.11892,0.061120075654112,2.76224753421526
ECM Libra Group Bhd,ECM,2022-12-31,0,0.65392,0.64285,0.46098,,,0.14441,0.118740063355448,2.51478805595077
ECM Libra Group Bhd,ECM,2023-12-31,0,0.56933,0.56171,0.30241,,,0.16127,0.16239213149267,2.31968295403699
ECM Libra Group Bhd,ECM,2024-12-31,0,0.23126,0.2233,0.11783,,,0.25103,0.166567418773603,1.27349605107092
ECM Libra Group Bhd,ECM,2025-12-31,0,0.71855,0.71168,0.13359,,,0.22315,0.163580146929138,1.8608142348436
EcoFirst Consolidated Bhd,ECOFIRS,2021-05-31,0,0.94534,0.41165,0.05551,,,0.31159,0.059499944881453,2.30195563895341
EcoFirst Consolidated Bhd,ECOFIRS,2022-05-31,0,1.81753,0.11022,0.04025,,,0.23636,0.028670795213462,3.28589609161839
EcoFirst Consolidated Bhd,ECOFIRS,2023-05-31,0,1.2872,0.26196,0.07691,,,0.23186,0.033019981801332,2.73786354674407
EcoFirst Consolidated Bhd,ECOFIRS,2024-05-31,0,1.18493,0.41212,0.09209,,,0.33239,0.163635933860839,2.10038226393139
EcoFirst Consolidated Bhd,ECOFIRS,2025-05-31,0,1.2687,0.7732,0.13828,,,0.21061,0.450271481834004,2.67244277929888
Ecomate Holdings Bhd,ECOMATE,2022-02-28,0,2.52627,1.69802,0.91072,,,-0.06436,1.23208147110843,13.1787564416831
Ecomate Holdings Bhd,ECOMATE,2023-02-28,0,4.54977,3.46937,0.89501,,,-0.15988,0.852826614804422,18.9044979657498
Ecomate Holdings Bhd,ECOMATE,2024-02-28,0,3.11767,2.27394,0.44711,,,-0.09913,0.712316712997356,16.116896830517
Ecomate Holdings Bhd,ECOMATE,2025-02-28,0,3.28122,2.23096,1.06034,,,-0.0885,0.737358327245457,19.8244206405809
Ecomate Holdings Bhd,ECOMATE,2026-02-28,0,1.53182,1.17383,0.26034,,,0.16533,0.640773277517235,12.2854451391086
Econpile Holdings Bhd,ECONBHD,2022-06-30,0,2.54122,,0.1853,1.634,2.648,0.05368,0.624745445907395,7.31387747989858
Econpile Holdings Bhd,ECONBHD,2023-06-30,0,2.70125,,0.20244,-1.93,-3.154,0.11712,0.533051114888889,5.8105527405907
Econpile Holdings Bhd,ECONBHD,2024-06-30,0,2.52193,,0.1538,-2.37,-3.98,0.13189,0.568050117581115,5.7063275345957
Econpile Holdings Bhd,ECONBHD,2025-06-30,0,2.22294,,0.25271,-3.83,-6.75,0.13206,0.633059781871322,6.40477543688721
Econpile Holdings Bhd,ECONBHD,2026-06-30,0,2.41815,,0.16215,0.78,0.34,0.11556,0.449626565019193,6.77895911500722
Eco-Shop Marketing Bhd,ECOSHOP,2023-05-31,0,1.15043,0.34829,0.14982,,,0.42521,,
Eco-Shop Marketing Bhd,ECOSHOP,2024-05-31,0,1.50265,0.48828,0.31856,,,0.23775,1.93011718884454,
Eco-Shop Marketing Bhd,ECOSHOP,2025-05-31,0,1.30283,0.37803,0.1329,,,0.35796,2.06060211252817,
Eco-Shop Marketing Bhd,ECOSHOP,2026-05-31,0,1.80389,0.91283,0.04186,13.07,26.502,0.10278,1.78110992904403,12.5452922002175
Eco-Shop Marketing Bhd,ECOSHOP,2027-05-31,0,1.97165,0.92904,0.0762,13.939,24.91,0.08603,1.53488965832179,13.0768771254225
Eco World Development Group Bhd,ECOWLD,2022-10-31,0,0.85238,0.46697,0.14219,1.819,3.87,0.27526,0.203505495573973,0.752560129070392
Eco World Development Group Bhd,ECOWLD,2023-10-31,0,1.13936,0.76472,0.42495,1.642,3.308,0.19854,0.213438955625227,1.23643341889772
Eco World Development Group Bhd,ECOWLD,2024-10-31,0,1.57746,1.09505,0.23657,2.069,3.981,0.1655,0.243338735671479,2.26547181779351
Eco World Development Group Bhd,ECOWLD,2025-10-31,0,1.62807,1.06165,0.2721,3.406,6.28,0.12893,0.253361093465269,3.05913170038832
Eco World Development Group Bhd,ECOWLD,2026-10-31,0,1.84851,1.22642,0.22233,3.98,8.619,0.16934,0.261678385844764,2.94901300867446
eDaran Bhd,EDARAN,2021-06-30,0,1.28958,,,-5.0891,-17.0272,-0.07137,0.983726242180224,0.570365798144451
eDaran Bhd,EDARAN,2022-06-30,0,1.32551,,,3.0684,-0.63,0.19669,0.897102701013108,0.112618659794867
eDaran Bhd,EDARAN,2023-06-30,0,1.29672,,,1.25,1.1114,-0.10348,1.12635028415963,0.226457439961939
eDaran Bhd,EDARAN,2024-06-30,0,0.6975,0.68982,,1.86,2.1462,0.74061,0.752286777376951,-0.59965398233473
eDaran Bhd,EDARAN,2025-06-30,0,1.02724,1.02404,,,,0.52536,0.64066672483055,1.39583854793837
Edelteq Holdings Bhd,EDELTEQ,2022-12-31,0,2.96669,2.69098,,,,-0.08101,1.11912811412428,
Edelteq Holdings Bhd,EDELTEQ,2023-12-31,0,3.13536,2.47107,,,,-0.12401,0.937083371335944,
Edelteq Holdings Bhd,EDELTEQ,2024-12-31,0,5.34242,4.96422,1.00327,,,-0.5023,0.577487436139699,20.7032685918613
Edelteq Holdings Bhd,EDELTEQ,2025-12-31,0,1.42798,0.92048,0.23039,,,-0.26401,0.558190755500192,5.16631549996375
Edelteq Holdings Bhd,EDELTEQ,2026-12-31,0,1.16967,0.42616,0.08082,,,0.34615,1.74013512792616,2.80474229331413
Eden Inc Bhd,EDEN,2021-06-30,0,0.54133,0.49146,0.05979,2.8997,1.805,0.17127,,
Eden Inc Bhd,EDEN,2022-06-30,0,0.7977,0.74918,0.09456,3.1073,0.2065,0.14174,0.160867886107503,-0.642167385907815
Eden Inc Bhd,EDEN,2023-06-30,0,1.64986,1.57957,0.53095,15.903,32.763,-0.06251,0.414540473504047,0.917416374801308
Eden Inc Bhd,EDEN,2024-06-30,0,1.61701,1.48709,0.61994,,,-0.08755,0.44388813639156,1.53675306925564
Eden Inc Bhd,EDEN,2025-06-30,0,1.35685,1.23349,0.56493,,,-0.08801,0.33419594087589,1.60608547153727
Eduspec Holdings Bhd,EDUSPEC,2022-02-28,0,1.3273,0.69528,0.07431,,,0.36987,0.085171550027041,-0.568909451793082
Eduspec Holdings Bhd,EDUSPEC,2023-02-28,0,1.60241,0.94676,0.01199,,,0.37568,0.087934790631426,0.733386098947283
Eduspec Holdings Bhd,EDUSPEC,2024-02-28,0,2.76248,1.91502,0.2547,-12.1997,-13.5367,0.00495,0.206072558180983,4.5211419341182
Eduspec Holdings Bhd,EDUSPEC,2025-02-28,0,1.76773,0.97792,0.13068,,,-0.05556,0.408200967444181,3.77375464463612
Eduspec Holdings Bhd,EDUSPEC,2026-02-28,0,1.61121,1.01682,0.08681,,,-0.05738,0.531753187334688,2.9412268491596
Efficient E-Solutions Bhd,EFFICEN,2021-12-31,0,9.87946,,2.52169,23.1889,28.3424,-0.4187,0.075322507095993,30.6568813500344
Efficient E-Solutions Bhd,EFFICEN,2022-12-31,0,6.61533,,2.60996,21.188,25.973,-0.3663,0.147344476251372,20.6602461380708
Efficient E-Solutions Bhd,EFFICEN,2023-12-31,0,3.96393,3.95199,1.03328,17.751,20.98,-0.33674,0.15149600673213,14.984471435383
Efficient E-Solutions Bhd,EFFICEN,2024-12-31,0,4.53292,4.4915,1.63593,15.5961,18.483,-0.19449,0.224392630561948,16.0168032661249
Efficient E-Solutions Bhd,EFFICEN,2025-12-31,0,5.15269,5.10467,1.2065,11.146,12.801,-0.20992,0.216400855532917,9.54021183803243
Excel Force MSC Bhd,EFORCE,2021-06-30,0,6.95351,6.94984,,,,-0.30959,0.350643311974576,45.093399732465
Excel Force MSC Bhd,EFORCE,2024-06-30,0,7.69934,7.69868,,,,-0.09114,,
Excel Force MSC Bhd,EFORCE,2025-06-30,0,10.48217,10.48124,,,,-0.11114,0.18868984499636,13.274327973375
Econframe Bhd,EFRAME,2021-08-31,0,14.02505,11.6016,,,,-0.43684,0.860423330363448,32.4773468751289
Econframe Bhd,EFRAME,2022-08-31,0,6.79401,5.24608,,,,-0.40987,0.889284968360577,20.9999894964586
Econframe Bhd,EFRAME,2023-08-31,0,9.18104,7.65607,,,,-0.36493,0.89294607414027,38.0482140338971
Econframe Bhd,EFRAME,2024-08-31,0,4.29469,3.51264,,,,-0.23839,0.85000880610109,14.4349063659267
Econframe Bhd,EFRAME,2025-08-31,0,2.6079,1.86359,,,,0.08616,0.644177766155541,5.91560780484562
EG Industries Bhd,EG,2022-06-30,0,1.22096,0.62765,0.02033,,,0.35076,1.15654966079418,2.06241246663066
EG Industries Bhd,EG,2023-06-30,0,1.24933,0.45283,0.01724,,,0.40979,1.1581861102927,2.06766704410822
EG Industries Bhd,EG,2024-06-30,0,1.2255,0.42946,0.07473,3.493,9.321,0.44623,1.22007538905003,2.58133743289489
EG Industries Bhd,EG,2025-06-30,0,1.09521,0.48811,0.10407,,,0.45084,0.832380202721824,2.3592755080289
EG Industries Bhd,EG,2026-06-30,0,1.14746,0.37209,0.12251,,,0.41657,0.701921481453743,2.97564867949995
Ecoscience International Bhd,EIB,2021-12-31,0,1.76016,1.49629,0.11286,,,0.19395,1.14832058779427,
Ecoscience International Bhd,EIB,2022-12-31,0,1.61392,1.41264,0.07112,,,0.1972,0.626291247294137,3.63957335191933
Ecoscience International Bhd,EIB,2023-12-31,0,1.69235,1.41053,0.03109,,,0.18868,0.905177846105524,3.43709539364221
Ecoscience International Bhd,EIB,2024-12-31,0,1.3323,1.24642,0.06143,,,0.36496,0.89723857414647,0.519535833219508
Ecoscience International Bhd,EIB,2025-12-31,0,1.22897,1.12178,,,,0.4199,0.848107039835476,1.17066954245377
Esthetics International Group Bhd,EIG,2023-03-31,0,1.52724,1.0424,0.37812,,,-0.03906,0.469819865681716,2.14017280617092
Esthetics International Group Bhd,EIG,2024-03-31,0,1.42224,0.86908,0.37833,,,0.00496,0.622384568553943,1.7935065940025
Esthetics International Group Bhd,EIG,2025-03-31,0,1.24078,0.66893,0.38266,,,0.08342,0.660976841391359,1.50070373973201
Esthetics International Group Bhd,EIG,2026-03-31,0,1.13895,0.64494,0.28913,,,0.08934,0.693206592008577,0.912565964704274
Esthetics International Group Bhd,EIG,2027-03-31,0,1.09992,0.66336,0.41381,,,0.01939,0.769339136817265,0.867674683090168
EI Power Bhd,EIPOWER,2023-12-31,0,1.33067,1.29327,0.04012,,,0.52024,,
EI Power Bhd,EIPOWER,2024-12-31,0,1.4674,1.46612,0.50192,,,-0.18069,1.63713490689031,
EI Power Bhd,EIPOWER,2025-12-31,0,1.61209,1.61119,0.14277,,,0.255,1.58898672169105,
EI Power Bhd,EIPOWER,2026-12-31,0,1.70365,1.70365,0.2275,,,-0.47865,1.80751310765207,
EITA Resources Bhd,EITA,2022-09-30,0,2.43902,2.03511,0.54418,6.29,10.38,-0.07721,0.959857188194224,6.79807137486423
EITA Resources Bhd,EITA,2023-09-30,0,2.36133,1.99527,0.65412,5.53,9.189,-0.11158,1.07720839838716,6.35429816912688
EITA Resources Bhd,EITA,2024-09-30,0,2.17542,1.80473,0.44998,,,0.03604,0.891080477612612,5.69692866723415
EITA Resources Bhd,EITA,2025-09-30,0,2.19048,1.76325,0.4532,,,-0.03789,1.03032098584968,5.76095389257047
EITA Resources Bhd,EITA,2026-09-30,0,2.11589,1.77045,0.40393,3.424,5.611,-0.01819,1.05497235335765,5.39351371723833
Ekovest Bhd,EKOVEST,2022-06-30,0,1.48823,1.23644,0.30703,,,0.55116,0.125109495692804,1.04267358790908
Ekovest Bhd,EKOVEST,2023-06-30,0,1.08922,0.85958,0.17577,,,0.61058,0.072043066516468,0.645968438957786
Ekovest Bhd,EKOVEST,2024-06-30,0,0.90833,0.75976,0.2721,,,0.63967,0.098782982064298,0.478248368039634
Ekovest Bhd,EKOVEST,2025-06-30,0,0.60945,0.5054,0.15369,,,0.65298,0.100138130651638,0.194033260643694
Ekovest Bhd,EKOVEST,2026-06-30,0,0.5606,0.44462,0.13115,,,0.66346,0.087568482531862,0.108217821571007
Eksons Corporation Bhd,EKSONS,2023-03-31,0,12.76672,8.78417,0.30034,,,-0.51351,0.200755984295244,9.76555211877841
Eksons Corporation Bhd,EKSONS,2024-03-31,0,16.30518,11.85448,1.72597,,,-0.62218,0.13518007778004,9.96086561949751
Eksons Corporation Bhd,EKSONS,2025-03-31,0,18.43945,14.73213,0.51514,,,-0.72299,0.059196406587126,10.7145354235599
Eksons Corporation Bhd,EKSONS,2026-03-31,0,19.10316,15.6521,0.42005,,,-0.71116,0.025467183518658,10.5305953434662
Eksons Corporation Bhd,EKSONS,2027-03-31,0,21.00411,17.49842,1.58489,,,-0.71705,0.02254394729189,10.5036189171494
ELK-Desa Resources Bhd,ELKDESA,2023-03-31,0,3.57136,3.37628,0.1254,,,0.11626,0.207012559494447,5.88211125673932
ELK-Desa Resources Bhd,ELKDESA,2024-03-31,0,2.41322,2.21662,0.21025,7.49,10.385,0.25808,0.243457513565932,4.98055366605927
ELK-Desa Resources Bhd,ELKDESA,2025-03-31,0,2.12765,2.00222,0.0631,,7.676,0.28896,0.223701780612562,4.07149108063679
ELK-Desa Resources Bhd,ELKDESA,2026-03-31,0,1.72905,1.64331,0.0612,3.84,6.68,0.33878,0.231419813517791,3.26876302953057
ELK-Desa Resources Bhd,ELKDESA,2027-03-31,0,1.7672,1.67932,0.1626,,,0.37302,0.228656893165754,3.14544842036288
Elridge Energy Holdings Bhd,ELRIDGE,2022-12-31,0,0.93475,0.78952,0.03825,,,0.49034,,
Elridge Energy Holdings Bhd,ELRIDGE,2023-12-31,0,1.03622,0.97745,0.3114,,,-0.19239,1.75597211128253,
Elridge Energy Holdings Bhd,ELRIDGE,2024-12-31,0,1.29735,1.00806,0.63928,,,-0.03279,3.13636161775086,
Elridge Energy Holdings Bhd,ELRIDGE,2025-12-31,0,2.94647,2.65329,1.36492,,,-0.40968,1.99409579942377,16.0176382875536
Elridge Energy Holdings Bhd,ELRIDGE,2026-12-31,0,2.88562,2.6445,1.17941,,,-0.22536,1.3696057591851,22.1346797264433
Elsa Bhd,ELSA,2022-12-31,0,1.49732,,0.39566,,,0.06057,,
Elsa Bhd,ELSA,2023-12-31,0,1.9557,,0.68447,,,-0.36107,3.05030453865612,
Elsa Bhd,ELSA,2024-12-31,0,1.66224,,0.51751,,,-0.12477,2.84166472101913,
Elsa Bhd,ELSA,2025-12-31,0,2.03739,,0.468,,,-0.14118,2.78565290333425,
Elsoft Research Bhd,ELSOFT,2022-12-31,0,8.50922,8.04806,1.2397,9.679,10.48,-0.63429,0.256234534520174,70.8014002236906
Elsoft Research Bhd,ELSOFT,2023-12-31,0,10.5796,10.26299,0.97362,31.679,34.71,-0.52604,0.207060089520691,41.3421108491921
Elsoft Research Bhd,ELSOFT,2024-12-31,0,22.65984,21.97208,2.07368,,,-0.72798,0.110171368505362,71.9431294564398
Elsoft Research Bhd,ELSOFT,2025-12-31,0,22.40898,21.70455,1.1127,,,-0.70442,0.109252649646943,68.9619246292053
Elsoft Research Bhd,ELSOFT,2026-12-31,0,12.38423,12.05522,0.66611,,,-0.75486,0.072512336233198,29.0323195437967
Evergreen Max Cash Capital Bhd,EMCC,2021-12-31,0,6.99375,6.78607,0.18269,,,0.24658,0.413903890470812,
Evergreen Max Cash Capital Bhd,EMCC,2022-12-31,0,7.35117,7.32585,0.67472,,,0.2916,0.352246441615705,
Evergreen Max Cash Capital Bhd,EMCC,2023-12-31,0,33.57549,33.30327,4.75775,,,0.10239,0.387941845570778,14.0820419977257
Evergreen Max Cash Capital Bhd,EMCC,2024-12-31,0,4.37506,4.34425,0.09503,,,0.35062,0.371826384948933,8.56613998961801
Evergreen Max Cash Capital Bhd,EMCC,2025-12-31,0,2.34499,2.33698,0.14892,,,0.51465,0.427609719906772,5.90012747918064
Eonmetall Group Bhd,EMETALL,2021-12-31,0,1.62527,0.67609,0.07385,,,0.38042,0.427950611017315,3.5539750464697
Eonmetall Group Bhd,EMETALL,2022-12-31,0,1.57354,0.63382,0.08372,,,0.31617,0.458795443335695,3.47017681880413
Eonmetall Group Bhd,EMETALL,2023-12-31,0,1.47813,0.4597,0.07521,,1.755,0.32499,0.304479174442702,2.90670246254887
Eonmetall Group Bhd,EMETALL,2024-12-31,0,1.71255,0.54456,0.05129,,1.59,0.19519,0.313187411507988,3.29305480734431
Eonmetall Group Bhd,EMETALL,2025-12-31,0,1.42235,0.37627,0.10543,,,0.18926,0.196459516417874,2.27490669102834
Emico Holdings Bhd,EMICO,2022-03-31,0,3.5617,1.02659,0.24318,16.0363,363.949,0.10698,0.514517995265832,5.88601014757529
Emico Holdings Bhd,EMICO,2023-03-31,0,3.39055,1.27618,0.52582,0.8527,-14.0935,0.05586,0.738568279296315,6.07274239907384
Emico Holdings Bhd,EMICO,2024-03-31,0,3.39977,1.12128,0.42138,5.8918,17.1541,0.06476,0.695903152133417,6.48282315502967
Emico Holdings Bhd,EMICO,2025-03-31,0,2.78441,0.69325,0.09147,1.624,-2.988,0.2107,0.611675564067837,5.15232388285176
Emico Holdings Bhd,EMICO,2026-03-31,0,2.94158,0.62109,0.12153,,,0.17312,0.613960792879993,4.39750539247721
Empire Premium Food Bhd,EMPIRE,2024-03-31,0,1.30791,1.26399,1.07164,,,-0.37147,,
Empire Premium Food Bhd,EMPIRE,2025-03-31,0,1.67723,1.62591,1.07011,,,-0.32857,2.37999009810929,
Empire Premium Food Bhd,EMPIRE,2026-03-31,0,1.83851,1.77194,1.02688,,,-0.3972,2.17085663652576,
Empire Premium Food Bhd,EMPIRE,2027-03-31,0,1.59645,1.52804,0.7047,,,-0.46478,2.32832013762399,
Encorp Bhd,ENCORP,2021-12-31,0,1.89764,1.39906,0.19832,-2.6725,-43.325,0.48451,0.107672304935507,1.34539590826451
Encorp Bhd,ENCORP,2022-12-31,0,1.86624,1.35474,0.16737,8.823,26.682,0.44907,0.10956417453737,1.16132785630169
Encorp Bhd,ENCORP,2023-12-31,0,1.52687,1.10942,0.05981,,,0.43006,0.110819370079551,0.968998359077349
Encorp Bhd,ENCORP,2024-12-31,0,1.53833,1.09939,0.06414,,,0.35077,0.095934366958431,1.07029352823392
Encorp Bhd,ENCORP,2025-12-31,0,1.49889,1.10319,0.01918,0.461,2.518,0.28083,0.096687934018636,0.864025443247363
Enest Group Bhd,ENEST,2021-12-31,0,2.09916,1.31825,0.15479,,,0.01691,2.56280101398464,9.33237456696694
Enest Group Bhd,ENEST,2022-12-31,0,3.94945,2.62615,0.42571,,,0.08601,2.73951453785675,12.3091064215956
Enest Group Bhd,ENEST,2023-12-31,0,4.53126,2.75788,0.14446,,,0.15432,2.6272049241068,12.2609781656479
Enest Group Bhd,ENEST,2024-12-31,0,3.34101,2.48446,0.61056,,,0.16178,2.44690700390577,8.81919777611741
Enest Group Bhd,ENEST,2025-12-31,0,3.38072,2.58532,1.48806,,,-0.03496,2.06185238710218,8.39654976141385
Eng Kah Corporation Bhd,ENGKAH,2021-12-31,0,5.55172,3.38921,1.63608,8.586,10.155,-0.25214,0.588400273445559,9.22104183527218
Eng Kah Corporation Bhd,ENGKAH,2022-12-31,0,4.26675,2.10642,0.98772,,,-0.1946,0.647683058296735,6.58379002908003
Eng Kah Corporation Bhd,ENGKAH,2023-12-31,0,5.1137,2.68941,1.61584,,,-0.25909,0.664270743930371,7.12673523813697
Eng Kah Corporation Bhd,ENGKAH,2024-12-31,0,4.07463,2.43122,1.59725,,,-0.3409,0.598784052663275,5.28929165756472
Eng Kah Corporation Bhd,ENGKAH,2025-12-31,0,4.08926,2.54443,1.40905,,,-0.28425,0.495644941975857,4.17128915821107
Engtex Group Bhd,ENGTEX,2022-12-31,0,1.68492,0.86367,0.06836,,,0.29212,0.850007970702439,3.99436490340745
Engtex Group Bhd,ENGTEX,2023-12-31,0,1.55881,0.79839,0.09041,2.194,4.153,0.32628,0.974760161451797,3.47251065878539
Engtex Group Bhd,ENGTEX,2024-12-31,0,1.48919,0.74785,0.05084,0.65,1.272,0.38755,0.938193263981136,3.19035343534898
Engtex Group Bhd,ENGTEX,2025-12-31,0,1.58787,0.86785,0.20818,0.68,1.32,0.31375,0.921911778529651,3.65451580719581
Engtex Group Bhd,ENGTEX,2026-12-31,0,1.63458,0.95124,0.32445,,3.28,0.25997,0.903275577206884,3.82084354146439
Enproserve Group Bhd,ENPRO,2021-12-31,0,1.25545,,0.47577,,,0.07002,,
Enproserve Group Bhd,ENPRO,2022-12-31,0,1.35471,,0.51442,,,0.04398,1.61594425658367,
Enproserve Group Bhd,ENPRO,2023-12-31,0,1.54484,,0.61466,,,-0.0299,1.88838238599363,
Enproserve Group Bhd,ENPRO,2024-12-31,0,1.39429,,0.27702,,,0.36661,1.55825725000491,
Enproserve Group Bhd,ENPRO,2025-12-31,0,1.88277,,0.60581,,,0.10848,0.896226815112251,5.29362664557753
ENRA Group Bhd,ENRA,2023-03-31,0,2.6301,0.94002,0.47573,,,-0.06222,0.293398338530786,3.75561122020937
ENRA Group Bhd,ENRA,2024-03-31,0,2.29386,0.59796,0.36172,,,0.09426,0.179053359416765,0.756703352896876
ENRA Group Bhd,ENRA,2025-03-31,0,1.56176,0.29162,0.11698,,,0.32707,0.203619746335835,0.065420705327643
ENRA Group Bhd,ENRA,2026-03-31,0,0.89068,0.37768,0.0548,,,0.50609,0.209146862005342,-3.14941043518491
ENRA Group Bhd,ENRA,2027-03-31,0,1.70841,0.67537,0.21958,,,0.31379,0.842330152399943,1.35191579048213
EPB Group Bhd,EPB,2021-12-31,0,1.45791,1.08284,0.56245,,,-0.44104,1.1951284142562,
EPB Group Bhd,EPB,2022-12-31,0,1.91092,1.5102,0.90485,,,-0.53881,1.16604242707713,
EPB Group Bhd,EPB,2023-12-31,0,3.21304,2.53462,1.73824,,,-0.517,1.49786543677202,
EPB Group Bhd,EPB,2024-12-31,0,4.29389,3.79191,1.54916,,,-0.6717,0.987644925404381,12.8596333219668
EPB Group Bhd,EPB,2025-12-31,0,3.91219,3.38442,1.33414,,,-0.44423,0.862756137062606,8.89893640746678
Epicon Bhd,EPICON,2021-12-31,0,0.5853,,0.30256,,,,0.333300542282011,-6.34197171874283
Epicon Bhd,EPICON,2022-12-31,0,0.49255,,0.17312,,,,1.19772595515494,-9.83081833625093
Epicon Bhd,EPICON,2023-12-31,0,1.90837,,0.80874,,,-0.53087,1.39016114174085,8.14170615191013
Epicon Bhd,EPICON,2024-12-31,0,1.69382,,0.26905,,,0.0812,1.13923505868321,5.23175280833015
Epicon Bhd,EPICON,2025-12-31,0,1.55677,1.53994,0.19066,,,0.31964,0.787318013805584,3.40122539705851
EP Manufacturing Bhd,EPMB,2021-12-31,0,0.82193,0.6241,0.17272,2.572,5.094,0.29873,0.646566587716119,0.698812957690706
EP Manufacturing Bhd,EPMB,2022-12-31,0,0.83008,0.69011,0.20971,2.767,5.604,0.2556,0.902675892838411,0.570509448586865
EP Manufacturing Bhd,EPMB,2023-12-31,0,0.90542,0.66435,0.20429,,,0.27764,1.05717252251996,1.21530193398989
EP Manufacturing Bhd,EPMB,2024-12-31,0,0.95604,0.75504,0.35436,,,0.13261,0.9337722348966,1.23362353686645
EP Manufacturing Bhd,EPMB,2025-12-31,0,0.83596,0.61411,0.23585,,,0.20655,0.800182052665441,0.66634368316242
Eversafe Rubber Bhd,ESAFE,2021-12-31,0,1.88079,1.21001,0.36449,,,0.16255,1.02744709377554,3.609730667007
Eversafe Rubber Bhd,ESAFE,2022-12-31,0,1.92809,1.45325,0.44128,,,0.23787,1.18025747974864,2.65760046810929
Eversafe Rubber Bhd,ESAFE,2023-12-31,0,1.75074,1.32085,0.30447,,,0.22279,0.890231486020668,2.73431689240607
Eversafe Rubber Bhd,ESAFE,2024-12-31,0,1.7577,1.25055,0.46757,,,0.251,0.795839142399914,1.90117808822875
Eversafe Rubber Bhd,ESAFE,2025-12-31,0,1.62387,1.14001,0.36461,,,0.2713,1.01504182026643,1.02253203488587
ES Ceramics Technology Bhd,ESCERAM,2022-05-31,0,1.95268,1.83912,1.47284,,,-0.89491,0.948672163695352,11.4849696388208
ES Ceramics Technology Bhd,ESCERAM,2023-05-31,0,5.55148,5.05732,3.21236,,,-0.45658,0.800937065361863,15.1062291265096
ES Ceramics Technology Bhd,ESCERAM,2024-05-31,0,1.60511,1.51457,0.47338,,,-0.11677,1.19965208279408,4.11201320490823
ES Ceramics Technology Bhd,ESCERAM,2025-05-31,0,1.91915,1.83428,0.80926,,,-0.24435,1.18665437110345,4.05270695046807
ES Ceramics Technology Bhd,ESCERAM,2026-05-31,0,1.99127,1.89618,0.69079,,,-0.18122,1.42480226874496,4.03594119266775
EquitiesTracker Holdings Bhd,ETH,2021-12-31,0,5.35135,,1.22939,,,-0.61669,0.651317954080794,70.94208425185
EquitiesTracker Holdings Bhd,ETH,2022-12-31,0,3.7149,,3.15302,,,-0.5573,0.422623601112311,21.583220215036
EquitiesTracker Holdings Bhd,ETH,2023-12-31,0,2.48145,,0.78347,,,-1.07041,0.250429148886667,14.5500777261854
EquitiesTracker Holdings Bhd,ETH,2024-12-31,0,1.32147,,0.52106,,,-1.2838,0.518641622925035,8.02117719914813
EquitiesTracker Holdings Bhd,ETH,2025-12-31,0,1.70196,,1.53146,,,-0.90463,0.450013223116491,4.84936682944305
Eupe Corporation Bhd,EUPE,2022-02-28,0,3.63356,2.40685,1.00166,4.2847,1.5623,-0.06849,0.362707302643982,5.46685203831896
Eupe Corporation Bhd,EUPE,2023-02-28,0,3.25008,1.8963,0.72887,2.0708,2.5718,0.16533,0.29324553170578,4.38160491398594
Eupe Corporation Bhd,EUPE,2024-02-28,0,3.70874,2.55983,0.7325,4.195,5.649,0.16757,0.431959751903296,4.74055591387448
Eupe Corporation Bhd,EUPE,2025-02-28,0,2.57699,1.85021,0.9083,,,0.16668,0.481947143882513,4.08260282141855
Eupe Corporation Bhd,EUPE,2026-02-28,0,2.5586,2.12371,0.99295,,,0.10964,0.369596432270108,3.88375118320507
Euro Holdings Bhd,EURO,2021-06-30,0,1.21918,0.4759,0.03686,10.633,15.182,0.36334,0.67802096901625,5.64750204850418
Euro Holdings Bhd,EURO,2022-06-30,0,,,,6.689,9.3745,,,
Euro Holdings Bhd,EURO,2023-06-30,0,,,,9.598,13.967,,,
Euro Holdings Bhd,EURO,2024-06-30,0,1.48873,0.56504,0.01675,,7.301,0.11552,,
Euro Holdings Bhd,EURO,2025-06-30,0,1.10981,0.78328,0.00121,,-4.993,0.05645,0.747103896103896,1.2352159202342
Eurospan Holdings Bhd,EUROSP,2023-05-31,0,2.92041,1.6086,0.59004,,,-0.19454,0.717407271541765,4.25908448387596
Eurospan Holdings Bhd,EUROSP,2024-05-31,0,3.82325,2.34517,0.53507,,,-0.06693,0.777404292355634,8.51344622678767
Eurospan Holdings Bhd,EUROSP,2025-05-31,0,3.32892,3.01025,0.23294,,,-0.18007,0.518961849780803,9.34602593771358
Eurospan Holdings Bhd,EUROSP,2026-05-31,0,6.70514,5.5243,4.40032,,,-0.74204,0.45240513018409,22.7712312421788
Eurospan Holdings Bhd,EUROSP,2027-05-31,0,2.25817,2.21354,0.42674,,,-0.32932,3.0636150203658,7.70397011070702
Evergreen Fibreboard Bhd,EVERGRN,2022-12-31,0,1.6322,0.85849,0.31834,2.49,3.459,0.06148,0.650726911936428,3.49264449984172
Evergreen Fibreboard Bhd,EVERGRN,2023-12-31,0,1.84058,0.89967,0.49939,3.439,4.58,0.02555,0.806202682471194,3.68831048183251
Evergreen Fibreboard Bhd,EVERGRN,2024-12-31,0,1.58323,1.01506,0.59272,-2.569,-3.546,0.0295,0.636164739942359,2.58261016990944
Evergreen Fibreboard Bhd,EVERGRN,2025-12-31,0,1.48542,0.79471,0.44861,0.52,0.76,0.10022,0.663276917156117,2.54583762822597
Evergreen Fibreboard Bhd,EVERGRN,2026-12-31,0,1.6351,0.70356,0.34734,,,0.12937,0.663477868017402,2.35549978736067
EWI Capital Bhd,EWICAP,2022-10-31,0,10.73774,9.19247,1.16351,1.39,1.96,0.15244,0.146553662095075,4.02096634945137
EWI Capital Bhd,EWICAP,2023-10-31,0,3.18837,2.96065,0.08578,-6.997,-8.909,-0.04418,0.047743827758808,3.58079270863316
EWI Capital Bhd,EWICAP,2024-10-31,0,46.51325,44.26079,2.72248,-3.69,-4.16,-0.17831,0.04534564381442,64.7008324412488
EWI Capital Bhd,EWICAP,2025-10-31,0,99.78807,99.30013,10.74546,-2.314,-2.331,-0.21116,0.022335250410886,129.170794627774
EWI Capital Bhd,EWICAP,2026-10-31,0,4.42169,4.42169,0.04142,-1.609,-1.7,-0.27136,0.002660011642234,9.12548896521729
Exsim Hospitality Bhd,EXSIMHB,2022-06-30,0,3.75361,3.74788,0.02256,,,0.32158,0.060586281699334,2.39704503169122
Exsim Hospitality Bhd,EXSIMHB,2023-06-30,0,4.87787,4.86773,0.03982,,,0.32046,0.07906905055487,1.69143176974356
Exsim Hospitality Bhd,EXSIMHB,2024-06-30,0,3.45267,3.44524,0.00786,,,0.25848,0.08855,1.84636679901214
Exsim Hospitality Bhd,EXSIMHB,2025-06-30,0,2.12816,2.11742,0.05163,,,0.31911,0.093614643006846,9.90190134427398
Exsim Hospitality Bhd,EXSIMHB,2026-06-30,0,1.24927,1.24925,0.0639,,,0.59853,1.40359397300689,4.60170073402093
Fraser & Neave Holdings Bhd,F&N,2022-09-30,0,2.69079,1.68489,0.59449,11.05,14.339,-0.17003,1.15519672161175,17.2196562951105
Fraser & Neave Holdings Bhd,F&N,2023-09-30,0,2.67563,1.59399,0.55426,9.8,13.21,-0.04607,1.14291693470117,11.4636392483639
Fraser & Neave Holdings Bhd,F&N,2024-09-30,0,2.94992,2.05148,1.21276,11.539,16.98,-0.064,1.07529954859294,10.1181201270112
Fraser & Neave Holdings Bhd,F&N,2025-09-30,0,2.46284,1.79152,1.02269,10.254,15.689,-0.086,0.991041266023143,10.8178448021242
Fraser & Neave Holdings Bhd,F&N,2026-09-30,0,2.01113,1.37661,0.53367,9.169,13.669,0.00668,0.937318219933836,10.05920408362
FACB Industries Incorporated Bhd,FACBIND,2021-06-30,0,22.30478,21.43472,1.11727,3.4409,5.6245,-0.69781,0.186259012936561,19.4778341928108
FACB Industries Incorporated Bhd,FACBIND,2022-06-30,0,14.55231,14.03281,1.11452,4.1325,7.358,-0.64942,0.200013409642271,14.7039926896402
FACB Industries Incorporated Bhd,FACBIND,2023-06-30,0,16.72214,16.11346,1.15949,-2.4008,-8.3691,-0.67,0.193720478526576,17.2306891712686
FACB Industries Incorporated Bhd,FACBIND,2024-06-30,0,19.47194,18.77512,1.06316,4.77,7.916,-0.67954,0.188480086958182,17.360668314887
FACB Industries Incorporated Bhd,FACBIND,2025-06-30,0,24.3195,23.44804,0.90826,,,-0.62532,0.138378373206458,19.4017015240663
Farmiera Bhd,FAMIERA,2021-12-31,0,0.79896,0.65139,0.20573,,,0.25819,,
Farmiera Bhd,FAMIERA,2022-12-31,0,1.09662,0.93767,0.41774,,,0.37697,4.42038323152874,
Farmiera Bhd,FAMIERA,2023-12-31,0,0.87046,0.74525,0.22091,,,0.35309,4.18265267890596,
Farmiera Bhd,FAMIERA,2024-12-31,0,0.95623,0.79631,0.35116,,,0.43559,3.34356349203984,
Farmiera Bhd,FAMIERA,2025-12-31,0,1.26288,0.96123,0.21985,,,0.43563,2.68945438012844,1.83127834074228
Far East Holdings Bhd,FAREAST,2021-12-31,0,2.96522,2.71645,0.78599,9.218,11.411,-0.00056,0.454361677013231,9.68027233682517
Far East Holdings Bhd,FAREAST,2022-12-31,0,2.54873,2.40483,0.44081,6.247,7.766,-0.07177,0.472903337997464,10.7472707229444
Far East Holdings Bhd,FAREAST,2023-12-31,0,3.04354,2.88612,0.46209,6.1949,7.3516,-0.05684,0.315019682906537,11.4452406463493
Far East Holdings Bhd,FAREAST,2024-12-31,0,2.66902,2.48983,0.49116,,,-0.05359,0.493883990387042,11.9638903515878
Far East Holdings Bhd,FAREAST,2025-12-31,0,3.23365,2.76802,0.29721,,,-0.09914,0.585609705975762,13.8428071442318
Farlim Group (Malaysia) Bhd,FARLIM,2021-12-31,0,6.78548,4.83218,0.47595,-0.64,-10.753,-0.34238,0.125427387993579,5.90278602362446
Farlim Group (Malaysia) Bhd,FARLIM,2022-12-31,0,3.92913,2.82296,0.35061,-2.2371,-19.4525,-0.41761,0.111572516217359,3.44527852624545
Farlim Group (Malaysia) Bhd,FARLIM,2023-12-31,0,3.60359,2.28004,0.24109,4.322,9.8399,-0.2715,0.102953332943041,3.10154526111657
Farlim Group (Malaysia) Bhd,FARLIM,2024-12-31,0,3.60734,2.54424,0.27551,,,-0.21384,0.081412545022953,3.11301118796403
Farlim Group (Malaysia) Bhd,FARLIM,2025-12-31,0,2.97481,1.79872,0.56124,,,-0.34765,0.31656734218309,2.30920135173274
Fast Energy Holdings Bhd,FAST,2021-12-31,0,5.90054,5.8152,0.67863,,,-0.09138,2.10864025264914,6.89130444604566
Fast Energy Holdings Bhd,FAST,2022-12-31,0,5.38766,5.38766,0.68853,,,-0.03174,2.06828246203685,3.8894518586868
Fast Energy Holdings Bhd,FAST,2023-12-31,0,5.0312,5.0011,0.94008,13.6392,18.8513,-0.06734,2.9825877879059,3.68159945607168
Fast Energy Holdings Bhd,FAST,2024-12-31,0,6.76682,6.75464,1.35111,,,-0.05396,3.12469473164684,3.51031926739502
Fast Energy Holdings Bhd,FAST,2025-12-31,0,6.65404,6.62609,1.58087,,,-0.12118,2.77713758351816,3.97407569682634
Favelle Favco Bhd,FAVCO,2022-12-31,0,1.6931,1.30828,0.25768,3.58,6.389,-0.20064,0.456196289664814,4.40198614650878
Favelle Favco Bhd,FAVCO,2023-12-31,0,1.26956,0.89815,0.14112,2.78,5.089,0.02959,0.441113528478812,2.61236175746888
Favelle Favco Bhd,FAVCO,2024-12-31,0,1.36866,0.96771,0.17627,,,-0.07728,0.542651019384167,3.0038177560136
Favelle Favco Bhd,FAVCO,2025-12-31,0,1.48184,1.09899,0.11569,,,-0.05306,0.62297328220263,3.31157097490625
Favelle Favco Bhd,FAVCO,2026-12-31,0,1.51367,1.16285,0.26787,,,-0.0824,0.540086932954588,3.3016598471277
Fbg Holdings Bhd,FBG,2022-06-30,0,3.0515,2.09407,0.57011,,,-0.1645,0.3240339328475,6.78073619225307
Fbg Holdings Bhd,FBG,2023-06-30,0,2.92191,2.47075,0.27102,,,-0.16037,0.358480607003158,5.67229770261585
Fbg Holdings Bhd,FBG,2024-06-30,0,2.33079,1.81699,0.45809,,,-0.15652,0.395078991288432,4.21470085476382
Fbg Holdings Bhd,FBG,2025-06-30,0,2.52143,2.33879,0.44252,,,-0.1639,0.816177146232607,6.29063002375823
Fbg Holdings Bhd,FBG,2026-06-30,0,1.95433,1.72612,0.20005,,,0.03136,0.714683754695715,3.86489947810011
FCW Holdings Bhd,FCW,2022-03-31,0,7.99135,7.0302,5.85553,-22.8334,-33.5902,-0.17374,0.142435182146373,47.9169551236527
FCW Holdings Bhd,FCW,2023-03-31,0,,,,-93.66,-131.16,,,
FCW Holdings Bhd,FCW,2024-03-31,0,9.77449,8.84297,6.69855,1.41,1.582,-0.14808,,
FCW Holdings Bhd,FCW,2025-03-31,0,20.70864,13.072,7.54089,-12.441,-13.899,0.02983,0.079077266002386,7.76378962740243
FCW Holdings Bhd,FCW,2026-03-31,0,55.19768,53.99066,29.6054,14.2994,15.5093,0.04489,0.054399050982288,7.73053630644458
Feytech Holdings Bhd,FEYTECH,2022-12-31,0,3.29037,2.66982,1.1637,,,-0.13653,0.806394047117519,
Feytech Holdings Bhd,FEYTECH,2023-12-31,0,2.40239,1.68317,0.62577,,,-0.16666,0.978038326935233,
Feytech Holdings Bhd,FEYTECH,2024-12-31,0,3.20129,2.24275,1.32912,,,-0.21972,1.21749731251747,
Feytech Holdings Bhd,FEYTECH,2025-12-31,0,9.22934,7.24921,1.02041,,25.597,-0.26512,0.842109073864838,15.0415330135805
Feytech Holdings Bhd,FEYTECH,2026-12-31,0,9.08648,8.00419,0.93159,,,-0.33081,0.388684289494503,8.16834209754631
Farm Fresh Bhd,FFB,2023-03-31,0,3.61308,2.80245,0.19135,9.788,19.007,-0.01906,0.614996766820852,11.8463450305558
Farm Fresh Bhd,FFB,2024-03-31,0,3.01287,1.93639,0.14206,4.83,8.099,0.17089,0.607618895723347,10.0518512252473
Farm Fresh Bhd,FFB,2025-03-31,0,2.92853,2.00615,0.33535,5.425,9.793,0.24263,0.691997467955519,7.61309375747736
Farm Fresh Bhd,FFB,2026-03-31,0,2.57435,1.73615,0.5806,8.099,15.57,0.26323,0.745926857916123,8.69304991529041
Farm Fresh Bhd,FFB,2027-03-31,0,1.98291,1.4899,0.36252,8.06,17.3,0.24188,0.69309370685411,7.55663406494169
Fiamma Holdings Bhd,FIAMMA,2022-12-31,0,2.81776,1.11618,0.58049,,,0.03791,0.419648188864156,5.68066904830225
Fiamma Holdings Bhd,FIAMMA,2023-12-31,0,2.87361,1.22762,0.48557,,,0.03846,0.467527215977659,6.88322649236633
Fiamma Holdings Bhd,FIAMMA,2024-12-31,0,,,,,4.749,,,
Fiamma Holdings Bhd,FIAMMA,2025-12-31,0,2.58488,1.38979,0.36702,,,-0.02833,,
Fiamma Holdings Bhd,FIAMMA,2026-12-31,0,4.06663,2.34891,0.76072,,,-0.08443,0.385367830940699,8.90898332363042
Fibon Bhd,FIBON,2022-05-31,0,23.83902,22.94315,19.98624,,,-0.63643,0.234217165795965,27.9635789249805
Fibon Bhd,FIBON,2023-05-31,0,25.55628,24.73317,20.73198,,,-0.63256,0.273925750323474,23.4564441835084
Fibon Bhd,FIBON,2024-05-31,0,20.32095,19.4946,16.6933,,,-0.65869,0.330587076170415,22.5845789157374
Fibon Bhd,FIBON,2025-05-31,0,18.70075,18.05208,15.96906,,,-0.67426,0.29002513339729,23.2788974120181
Fibon Bhd,FIBON,2026-05-31,0,17.32959,17.00919,14.57848,,,-0.65437,0.33042304230423,18.9612133651615
Fibromat (M) Bhd,FIBRO,2022-12-31,0,2.81925,1.84351,0.41151,,,0.14312,0.783391069530327,6.95146267475972
Fibromat (M) Bhd,FIBRO,2023-12-31,0,3.23974,2.11078,0.2277,,,0.23324,0.770306237953681,6.64738744362415
Fibromat (M) Bhd,FIBRO,2024-12-31,0,3.00034,2.00804,0.32978,,,0.07592,1.01301358852926,7.36349808471812
Fibromat (M) Bhd,FIBRO,2025-12-31,0,3.03659,2.12879,0.29625,,,0.08728,0.992322807128003,8.04261875061449
Fibromat (M) Bhd,FIBRO,2026-12-31,0,3.27451,2.48689,0.29223,,,0.22446,1.0119143352571,8.23019860546445
Federal International Holdings Bhd,FIHB,2021-06-30,0,1.66996,1.62957,0.04799,,,0.14506,0.622617950467704,5.37916728667288
Federal International Holdings Bhd,FIHB,2022-06-30,0,2.26387,2.23156,0.15072,,,0.06371,0.640540054730575,6.98553162604525
Federal International Holdings Bhd,FIHB,2023-06-30,0,3.10411,3.06016,0.27964,,,-0.06292,0.585771228967045,9.37381609009762
Federal International Holdings Bhd,FIHB,2024-06-30,0,1.97026,1.94567,0.11957,,,0.03329,0.582061530603939,6.12777203651834
Federal International Holdings Bhd,FIHB,2025-06-30,0,1.72599,1.71339,0.04995,,,0.15883,0.385011049274341,3.38744491273543
Fima Corporation Bhd,FIMACOR,2023-03-31,0,6.79818,5.72263,0.59325,,,-0.20113,0.439726033409061,9.36057521283506
Fima Corporation Bhd,FIMACOR,2024-03-31,0,9.23283,7.97088,0.96802,,,-0.16753,0.408135483817578,9.22848972673683
Fima Corporation Bhd,FIMACOR,2025-03-31,0,7.26239,6.61699,0.71745,,,-0.16597,0.289314415973871,8.07335206082578
Fima Corporation Bhd,FIMACOR,2026-03-31,0,6.13435,4.96928,0.83947,,,0.02395,0.332929804211044,7.42401319309541
Fima Corporation Bhd,FIMACOR,2027-03-31,0,7.10438,5.74961,2.08033,,,0.01751,0.301607945140695,7.61683522215352
Fintec Global Bhd,FINTEC,2022-06-30,0,2.24309,2.15689,0.08648,,,-0.2388,,
Fintec Global Bhd,FINTEC,2023-06-30,0,2.24554,2.14738,0.42604,,,-0.21907,0.084048358002166,
Fintec Global Bhd,FINTEC,2024-06-30,0,13.25641,13.25298,2.42364,,,-0.13931,0.106975200754897,
Fintec Global Bhd,FINTEC,2025-06-30,0,10.67894,10.67474,2.03107,,,-0.10084,0.099739681598205,
Focus Lumber Bhd,FLBHD,2022-12-31,0,13.68089,10.98262,2.58946,8.4,9.099,-0.46517,0.766039846487173,17.9076097803832
Focus Lumber Bhd,FLBHD,2023-12-31,0,40.0676,30.53329,6.48269,14.49,,-0.65128,0.708535073172907,30.6088982838394
Focus Lumber Bhd,FLBHD,2024-12-31,0,32.3693,22.27741,3.06041,-4.2,,-0.50943,0.320139248358486,32.2476290980524
Focus Lumber Bhd,FLBHD,2025-12-31,0,19.6328,12.85225,1.78907,,,-0.44844,0.535448907142227,19.2266407879354
Focus Lumber Bhd,FLBHD,2026-12-31,0,13.12735,7.21116,1.34509,,,-0.38953,0.647877355085973,12.14224169665
Flexidynamic Holdings Bhd,FLEXI,2021-12-31,0,1.40819,1.22592,0.4584,,,-0.42426,1.194549285294,3.96735343773698
Flexidynamic Holdings Bhd,FLEXI,2022-12-31,0,1.45306,1.27599,0.24938,,,0.00013,0.897952572691881,2.75832375057773
Flexidynamic Holdings Bhd,FLEXI,2023-12-31,0,1.79783,1.60764,0.32247,,,0.0022,0.509581443113867,3.98053058493737
Flexidynamic Holdings Bhd,FLEXI,2024-12-31,0,1.80265,1.59346,0.26453,,,0.09518,0.655539252643531,3.45686949562084
Flexidynamic Holdings Bhd,FLEXI,2025-12-31,0,1.33257,1.13442,0.17715,,,0.25089,0.769101414336818,0.714779758361333
FM Global Logistics Holdings Bhd,FM,2022-06-30,0,1.89295,1.89234,0.36069,,8.68,0.09977,1.44530899466692,4.64396210997064
FM Global Logistics Holdings Bhd,FM,2023-06-30,0,1.64783,1.64783,0.42633,1.79,3.429,0.16575,1.73520397144377,3.62397743582143
FM Global Logistics Holdings Bhd,FM,2024-06-30,0,2.08931,,0.70212,,11.268,0.04842,1.31391429279991,4.27315220993584
FM Global Logistics Holdings Bhd,FM,2025-06-30,0,1.60052,,0.44498,,7.57,0.20155,1.0799930772808,3.21283957799337
FM Global Logistics Holdings Bhd,FM,2026-06-30,0,1.4545,,0.35997,3.69,7.24,0.21122,1.13028639149563,2.84800972521727
Focus Dynamics Group Bhd,FOCUS,2022-03-31,0,,,,,,,,
Focus Dynamics Group Bhd,FOCUS,2023-03-31,0,,,,3.2792,4.2663,,,
Focus Dynamics Group Bhd,FOCUS,2024-03-31,0,,,,,,,,
Focus Dynamics Group Bhd,FOCUS,2026-03-31,0,0.57212,0.36521,0.07787,,,0.51197,,
Focus Point Holdings Bhd,FOCUSP,2022-12-31,0,1.28824,0.78575,0.11027,6.7,19.5,0.36964,0.802351118947128,3.30297963065011
Focus Point Holdings Bhd,FOCUSP,2023-12-31,0,1.39255,0.87553,0.11867,14.4,40.409,0.30399,0.987418276337589,4.88470890012654
Focus Point Holdings Bhd,FOCUSP,2024-12-31,0,1.4999,0.84982,0.10752,11.099,27.449,0.34401,0.94084236832473,5.17563453700468
Focus Point Holdings Bhd,FOCUSP,2025-12-31,0,1.74315,1.01344,0.16834,11.74,26.23,0.33485,1.01137121895733,6.0189810851228
Focus Point Holdings Bhd,FOCUSP,2026-12-31,0,1.76786,1.10165,0.21609,11.33,24.37,0.31555,0.986159032573223,5.36385902532656
Foodie Media Bhd,FOODIE,2023-08-31,0,4.33168,,2.5277,,,-0.56372,,
Foodie Media Bhd,FOODIE,2024-08-31,0,4.28804,,2.02545,,,-0.45117,2.05580425584105,
Foodie Media Bhd,FOODIE,2025-08-31,0,2.64033,,1.56194,,,-0.72435,2.0406424402505,
Foodie Media Bhd,FOODIE,2026-08-31,0,3e-05,,3e-05,,,,0.0,
FoundPac Group Bhd,FPGROUP,2022-06-30,0,13.24143,12.35603,10.46724,10.647,11.965,-0.54729,0.447715022719649,61.1470901734268
FoundPac Group Bhd,FPGROUP,2023-06-30,0,5.31801,4.48405,2.14561,,,-0.45388,0.602224359824212,18.8588228182763
FoundPac Group Bhd,FPGROUP,2024-06-30,0,7.31807,6.45194,0.60729,,,-0.47912,0.58482830006786,21.47065199932
FoundPac Group Bhd,FPGROUP,2025-06-30,0,4.74705,3.94753,2.73263,,,-0.2353,0.368244706773466,
FoundPac Group Bhd,FPGROUP,2026-06-30,0,4.21961,3.80235,2.74698,,,0.06319,0.362989545977651,
Farm Price Holdings Bhd,FPHB,2022-12-31,0,0.92931,0.76477,0.27937,,,0.44882,1.90136630402004,
Farm Price Holdings Bhd,FPHB,2023-12-31,0,1.1435,0.97795,0.24904,,,0.36429,2.15896690953596,
Farm Price Holdings Bhd,FPHB,2024-12-31,0,1.71143,1.35138,0.2767,,,0.24747,2.48807695240585,
Farm Price Holdings Bhd,FPHB,2025-12-31,0,4.27153,3.88707,,,,-0.24543,1.8872917441609,13.89784267699
Farm Price Holdings Bhd,FPHB,2026-12-31,0,3.51386,3.15341,,,14.613,-0.10501,1.36107631312678,9.03435131006152
Formosa Prosonic Industries Bhd,FPI,2021-12-31,0,2.42141,2.00694,0.49133,,,-0.62113,1.51398757459004,10.3277532668694
Formosa Prosonic Industries Bhd,FPI,2022-12-31,0,3.3643,3.03913,1.12606,,,-0.73468,1.51225453514391,10.0516056638817
Formosa Prosonic Industries Bhd,FPI,2023-12-31,0,4.00335,3.7377,1.31915,,,-0.82997,0.996332481967933,10.4721958344816
Formosa Prosonic Industries Bhd,FPI,2024-12-31,0,5.17429,4.87387,1.88197,8.731,12.88,-0.86682,0.933841297924329,11.2264069674824
Formosa Prosonic Industries Bhd,FPI,2025-12-31,0,1.88041,1.77462,0.0122,,,-1.35091,0.654475278238976,5.09312166736268
Frontken Corporation Bhd,FRONTKN,2022-12-31,0,2.85687,2.73528,1.54794,15.64,22.21,-0.52851,0.673528217643079,41.9124764509225
Frontken Corporation Bhd,FRONTKN,2023-12-31,0,2.71989,2.60541,1.70715,16.175,23.593,-0.45253,0.678514227748581,29.1851535469187
Frontken Corporation Bhd,FRONTKN,2024-12-31,0,3.47259,3.3384,1.89992,13.238,18.821,-0.53608,0.5914569591297,33.3129063532834
Frontken Corporation Bhd,FRONTKN,2025-12-31,0,3.7004,3.58732,1.88063,14.6,20.33,-0.61097,0.607485893838001,41.1462525289744
Frontken Corporation Bhd,FRONTKN,2026-12-31,0,,,,13.47,17.559,-0.72592,0.530746447139926,41.4455672810488
Fsbm Holdings Bhd,FSBM,2021-12-31,1,0.08799,,0.03935,17.5418,-37.5899,,0.080245690509213,-110.132734851089
Fsbm Holdings Bhd,FSBM,2022-12-31,1,3.11282,,1.19538,3.7845,6.0994,-0.40898,1.6344282635669,17.9266230477462
Fsbm Holdings Bhd,FSBM,2023-12-31,1,10.25312,10.25312,6.49422,9.5661,14.8073,-0.58888,0.636007730809257,77.9673089362366
Fsbm Holdings Bhd,FSBM,2024-12-31,0,9.66993,9.66078,2.44444,12.0212,18.4905,-0.07736,0.623812896079606,47.142436971878
Fsbm Holdings Bhd,FSBM,2025-12-31,0,1.89167,1.89147,0.45377,,,-0.16768,0.422637049396878,6.99969404521115
G3 Global Bhd,G3,2021-12-31,0,4.91741,4.77912,1.60945,,,-0.38887,0.809754657959815,27.5392528087938
G3 Global Bhd,G3,2022-12-31,0,5.6679,5.57251,3.54414,,,-0.67029,0.33738775009737,10.4162899222614
G3 Global Bhd,G3,2023-12-31,0,2.32227,2.24594,0.64155,5.31,5.844,-0.485,0.954080851762314,3.41528103881862
G3 Global Bhd,G3,2024-12-31,0,1.94704,1.94704,0.46206,5.5527,6.1195,-0.48774,0.620468167003261,0.17865018447484
G3 Global Bhd,G3,2025-12-31,0,4.00146,,1.7731,,,-0.59834,0.142179700395893,4.77918817583954
Gadang Holdings Bhd,GADANG,2022-05-31,0,2.8593,1.29887,0.2216,0.58,1.257,0.10255,0.328375695850273,4.61836974290747
Gadang Holdings Bhd,GADANG,2023-05-31,0,3.25816,1.58663,0.39641,2.5,5.059,0.00484,0.397044660271243,5.18166840423235
Gadang Holdings Bhd,GADANG,2024-05-31,0,3.27486,1.54578,0.3912,,,0.00832,0.336106448045624,4.73431871477437
Gadang Holdings Bhd,GADANG,2025-05-31,0,2.46614,1.24638,0.19189,0.339,0.595,0.01692,0.426233781477085,4.64400427638767
Gadang Holdings Bhd,GADANG,2026-05-31,0,2.43335,1.55424,0.29797,,1.33,-0.06275,0.569479771656585,4.61747345202881
Gamuda Bhd,GAMUDA,2022-07-31,0,2.20827,1.56807,0.12342,3.18,6.65,0.11526,0.190371928890181,3.83007981797261
Gamuda Bhd,GAMUDA,2023-07-31,0,2.10153,1.68146,0.1302,4.169,8.457,0.0861,0.253427863520104,4.32810593634441
Gamuda Bhd,GAMUDA,2024-07-31,0,2.21297,1.53903,0.2504,8.325,17.739,0.15616,0.372682568386087,4.36530693616913
Gamuda Bhd,GAMUDA,2025-07-31,0,2.13959,1.42298,0.21129,3.62,8.22,0.23536,0.528478757681064,4.81264990249135
Gamuda Bhd,GAMUDA,2026-07-31,0,1.85386,1.32308,0.1914,3.48,8.589,0.29435,0.561078205316931,4.72691562634022
Gas Malaysia Bhd,GASMSIA,2022-12-31,0,0.80892,,0.02817,9.035,22.59,-0.08302,2.11804606666944,2.75763792439645
Gas Malaysia Bhd,GASMSIA,2023-12-31,0,0.91039,,0.3789,12.951,32.349,-0.22774,2.54319349925643,3.92401237018675
Gas Malaysia Bhd,GASMSIA,2024-12-31,0,0.89759,,0.45392,12.26,29.43,-0.21049,2.54290777848126,3.84414777864505
Gas Malaysia Bhd,GASMSIA,2025-12-31,0,0.95857,,0.45552,12.83,59.89,-0.16877,2.33819196903137,4.45465682225634
Gas Malaysia Bhd,GASMSIA,2026-12-31,0,0.94856,,0.3715,10.339,24.899,0.06455,1.98770020957516,4.36908853791841
Greater Bay Holdings Bhd,GBAY,2021-12-31,0,3.60837,2.82849,0.66355,4.66,5.043,-0.17533,0.658080462806856,10.8730181613884
Greater Bay Holdings Bhd,GBAY,2022-12-31,0,2.11481,1.56185,0.50991,3.8598,4.16,0.21691,0.662516413601912,5.3682753388566
Greater Bay Holdings Bhd,GBAY,2023-12-31,0,1.87732,1.28826,0.0973,4.2768,4.6495,0.28338,0.507873921802233,3.68804918723783
Greater Bay Holdings Bhd,GBAY,2024-12-31,0,1.54346,1.22174,0.3248,5.64,6.116,0.30125,0.636813562682077,3.39614900956236
Greater Bay Holdings Bhd,GBAY,2025-12-31,0,1.42276,1.05632,0.15326,,,0.35428,0.69972529099129,3.29905430452366
Gabungan AQRS Bhd,GBGAQRS,2022-06-30,0,1.45858,1.08688,0.01209,,,0.16036,0.243735194144291,2.66575732868314
Gabungan AQRS Bhd,GBGAQRS,2023-06-30,0,1.42262,1.09626,0.15366,,,0.19049,0.239376370195787,2.42664970912004
Gabungan AQRS Bhd,GBGAQRS,2026-06-30,0,1.76311,1.24819,0.0294,,,0.27012,,
G Capital Bhd,GCAP,2021-12-31,0,4.7045,,0.4424,,,-0.16945,0.05000214765029,6.12627434147068
G Capital Bhd,GCAP,2022-12-31,0,2.09643,,0.73924,,,0.07367,0.152835187422889,2.38336776826647
G Capital Bhd,GCAP,2023-12-31,0,0.82046,,0.04241,,,0.11882,0.147017760039276,0.467440059394787
G Capital Bhd,GCAP,2024-12-31,0,0.64875,,0.06894,-9.734,-45.7335,0.21322,0.11940517436003,-0.886855576241172
G Capital Bhd,GCAP,2025-12-31,0,0.54766,,0.04414,,,0.24094,0.131410801552434,-1.37609412740916
Guan Chong Bhd,GCB,2022-12-31,0,1.48028,0.33453,0.03231,,12.31,0.47427,1.24118774115102,4.18760006584305
Guan Chong Bhd,GCB,2023-12-31,0,1.54825,0.5022,0.03111,,9.98,0.40485,1.23530846305374,4.23435128586557
Guan Chong Bhd,GCB,2024-12-31,0,1.33683,0.48249,0.01834,,5.95,0.54185,1.16146505155167,2.83473444941574
Guan Chong Bhd,GCB,2025-12-31,0,1.201,0.46451,0.02822,,22.14,0.6318,1.30568702564221,2.6184771584995
Guan Chong Bhd,GCB,2026-12-31,0,1.35917,0.37514,0.01864,,10.339,0.56642,1.61755752185502,2.91936049932947
Grand Central Enterprises Bhd,GCE,2021-12-31,0,18.65669,18.44287,17.02868,2.9631,2.8694,-0.23869,0.082074955051641,6.24961083076366
Grand Central Enterprises Bhd,GCE,2022-12-31,0,14.92804,14.78371,13.962,3.7739,4.1683,-0.25464,0.105639168767271,6.61116155849056
Grand Central Enterprises Bhd,GCE,2023-12-31,0,13.08763,12.95768,12.096,3.187,3.361,-0.23756,0.115814423903848,6.69001962539971
Grand Central Enterprises Bhd,GCE,2024-12-31,0,11.73206,11.59271,10.56675,,,-0.24454,0.140023818049727,13.0607858413448
Grand Central Enterprises Bhd,GCE,2025-12-31,0,9.60822,9.47409,1.10001,,,-0.23165,0.158947898133433,11.924196486084
GDB Holdings Bhd,GDB,2022-12-31,0,1.67935,,0.04295,9.5,20.179,-0.57351,1.41021424165879,6.45544761571438
GDB Holdings Bhd,GDB,2023-12-31,0,1.68043,,0.03961,4.867,11.091,-0.28752,1.44351872416887,4.87612820599651
GDB Holdings Bhd,GDB,2024-12-31,0,1.86603,,0.26254,,,-0.46149,0.893667897908616,5.01422501936302
GDB Holdings Bhd,GDB,2025-12-31,0,2.02628,,0.13605,,,-0.41387,0.717884651061771,7.00121780570696
GDB Holdings Bhd,GDB,2026-12-31,0,2.21142,,0.13097,21.899,38.799,-0.75339,1.74287778993163,7.5621146053977
Gdex Bhd,GDEX,2022-12-31,0,,,,,9.339,,,
Gdex Bhd,GDEX,2023-12-31,0,4.89384,4.85477,0.58649,,-3.81,-0.17432,,
Gdex Bhd,GDEX,2024-12-31,0,3.85884,3.82203,0.5715,,-7.915,-0.17066,0.623581790462402,9.50789836712257
Gdex Bhd,GDEX,2025-12-31,0,3.41943,3.3866,0.66478,,,-0.18386,0.693187695204565,9.09904729536518
Gdex Bhd,GDEX,2026-12-31,0,3.56836,3.54082,1.16904,,,-0.25762,0.705445986554318,7.34145984365961
Golden Destinations Group Bhd,GDGROUP,2022-12-31,0,1.30902,,0.70787,,,-1.60532,,
Golden Destinations Group Bhd,GDGROUP,2023-12-31,0,1.25543,,0.55687,,,-1.81367,5.62993773803179,
Golden Destinations Group Bhd,GDGROUP,2024-12-31,0,1.08254,,0.5755,,,-2.47427,5.13862084386879,
Golden Destinations Group Bhd,GDGROUP,2025-12-31,0,1.48409,,0.88759,,,-1.17118,4.22196565572339,
Wasco Greenergy Bhd,GENERGY,2023-12-31,0,1.82864,1.24968,0.25042,,,-0.07709,,
Wasco Greenergy Bhd,GENERGY,2024-12-31,0,1.1345,0.7936,0.18265,,,-0.2551,0.939805332452671,
Wasco Greenergy Bhd,GENERGY,2025-12-31,0,2.02451,1.3185,0.17981,,,-0.04274,0.839630728151289,
Wasco Greenergy Bhd,GENERGY,2026-12-31,0,3.34372,2.58051,0.39208,,,-0.31071,0.761318941213771,7.96796240189104
Genetec Technology Bhd,GENETEC,2022-06-30,0,2.60092,2.22012,1.04022,,,-0.24087,0.79868134033062,7.66624034158458
Genetec Technology Bhd,GENETEC,2023-06-30,0,1.98195,1.60472,0.25337,,,0.25648,1.06824225053534,19.0049635112711
Genetec Technology Bhd,GENETEC,2024-06-30,0,4.44382,4.24666,0.38343,,,-0.26912,0.741390727975153,28.5856310673376
Genetec Technology Bhd,GENETEC,2025-06-30,0,,,,16.124,19.438,,,
Genetec Technology Bhd,GENETEC,2026-06-30,0,4.56349,4.38784,0.12168,-6.18,-7.29,-0.02527,,
Genting Malaysia Bhd,GENM,2022-12-31,0,1.81412,1.77255,1.47039,-2.41,-4.919,0.33809,0.14163148623278,2.68597725265922
Genting Malaysia Bhd,GENM,2023-12-31,0,1.01305,0.97287,0.67842,-0.365,-0.815,0.39694,0.291423122458347,2.38609820786161
Genting Malaysia Bhd,GENM,2024-12-31,0,1.96376,1.90682,1.2353,1.629,3.69,0.36444,0.352897986042565,2.05406105820533
Genting Malaysia Bhd,GENM,2025-12-31,0,1.28792,1.23203,1.06116,3.969,9.259,0.40119,0.378334148125804,1.32671527158705
Genting Malaysia Bhd,GENM,2026-12-31,0,1.02975,0.98876,0.60866,3.069,7.58,0.41173,0.409151627407372,1.09712212882008
Genting Plantations Bhd,GENP,2022-12-31,0,2.97738,2.73525,1.73673,5.019,8.589,0.11464,0.363873877973947,4.91329543921443
Genting Plantations Bhd,GENP,2023-12-31,0,2.15217,1.89987,1.20567,5.37,9.101,0.1103,0.363388571411646,4.5889218615056
Genting Plantations Bhd,GENP,2024-12-31,0,1.87832,1.65373,0.92385,2.92,4.81,0.13913,0.341778546310548,4.12515345050074
Genting Plantations Bhd,GENP,2025-12-31,0,1.35848,1.20445,0.69245,3.549,6.089,0.15047,0.322996350689574,3.55969926248101
Genting Plantations Bhd,GENP,2026-12-31,0,1.96208,1.59562,0.35008,3.799,6.9,0.2006,0.36131512382094,4.0174527597107
Genting Bhd,GENTING,2022-12-31,0,3.13121,3.0534,2.63051,-0.808,-2.52,0.19057,0.133896385307273,2.60165780563668
Genting Bhd,GENTING,2023-12-31,0,2.95406,2.86078,2.44695,0.22,0.71,0.1911,0.218422630620855,2.70260998101881
Genting Bhd,GENTING,2024-12-31,0,2.99887,2.91438,2.30584,1.02,3.259,0.16595,0.259082321638838,2.93052245257995
Genting Bhd,GENTING,2025-12-31,0,2.58047,2.48905,2.05883,0.833,2.678,0.18958,0.261571324829458,2.65660178525338
Genting Bhd,GENTING,2026-12-31,0,1.98254,1.89498,1.46799,1.12,2.52,0.25846,0.269065858844776,2.25649964905845
Geohan Corp Bhd,GEOHAN,2022-12-31,0,1.10391,,0.19017,,,0.30881,,
Geohan Corp Bhd,GEOHAN,2023-12-31,0,1.08553,,0.19216,,,0.25861,1.00613131225407,
Geohan Corp Bhd,GEOHAN,2024-12-31,0,1.03618,,0.20385,,,0.25257,1.04346230203875,
Geohan Corp Bhd,GEOHAN,2025-12-31,0,1.4352,,0.38458,,,0.10684,0.807395310395345,2.42995571197614
GE-SHEN Corporation Bhd,GESHEN,2021-12-31,0,1.09833,0.63531,0.06274,,,0.42039,0.909335664136784,2.33105417157908
GE-SHEN Corporation Bhd,GESHEN,2022-12-31,0,1.16434,0.76008,0.1204,,,0.35038,0.922226000061819,2.44101601589294
GE-SHEN Corporation Bhd,GESHEN,2023-12-31,0,1.26933,0.75962,0.23454,,,0.29234,0.874727622375832,2.71543262386564
GE-SHEN Corporation Bhd,GESHEN,2024-12-31,0,1.77324,1.26951,0.42083,,,0.258,0.812078377189486,5.69126414303688
GE-SHEN Corporation Bhd,GESHEN,2025-12-31,0,1.60478,1.27101,0.27503,,,0.1949,0.861987622981706,5.54024432997617
GFM Services Bhd,GFM,2021-12-31,0,2.36404,,1.24832,,,0.45583,0.241408309728518,2.20012167279852
GFM Services Bhd,GFM,2022-12-31,0,2.80786,,1.57682,6.5904,6.642,0.34656,0.270143249474743,2.88264101772759
GFM Services Bhd,GFM,2023-12-31,0,2.45019,2.44189,1.27413,9.7255,9.8221,0.31524,0.270126281329678,3.06139599723623
GFM Services Bhd,GFM,2024-12-31,0,2.51176,2.50716,1.57102,,,0.24369,0.325045558818482,3.26298589959384
GFM Services Bhd,GFM,2025-12-31,0,1.95354,1.94962,1.07472,,,0.24078,0.318035923803566,2.70154929031427
Guan Huat Seng Holdings Bhd,GHS,2022-07-31,0,2.31328,1.99233,0.40496,,,-0.0017,,
Guan Huat Seng Holdings Bhd,GHS,2023-07-31,0,2.50645,1.86848,0.44079,,,0.01288,1.84484889720474,
Guan Huat Seng Holdings Bhd,GHS,2024-07-31,0,2.8536,1.61949,0.26185,,,0.30049,1.48384895956336,
Guan Huat Seng Holdings Bhd,GHS,2025-07-31,0,3.80844,2.07451,0.55693,,,0.24895,1.33565234854081,
George Kent (Malaysia) Bhd,GKENT,2022-03-31,0,3.60402,3.18191,0.91219,12.719,28.087,-0.15182,,
George Kent (Malaysia) Bhd,GKENT,2023-03-31,0,4.37465,3.6137,0.54962,13.37,28.415,-0.11422,0.294602550701893,6.5039649734814
George Kent (Malaysia) Bhd,GKENT,2024-03-31,0,4.26614,3.67385,,9.735,17.68,-0.14752,0.168764486252299,6.1466693852072
George Kent (Malaysia) Bhd,GKENT,2025-03-31,0,2.1749,1.88716,,5.4,8.5,-0.11248,0.178616961648948,4.60859111939686
George Kent (Malaysia) Bhd,GKENT,2026-03-31,0,3.94959,3.34474,,5.112,7.374,-0.10608,0.23475656667105,5.4864053912058
Golden Land Bhd,GLBHD,2021-06-30,0,2.22908,1.0852,0.76814,-8.59,-19.534,0.20697,0.136504689430364,3.42441568774772
Golden Land Bhd,GLBHD,2022-06-30,0,1.47008,0.79825,0.45464,0.152,-2.7572,0.24214,0.094976860927315,2.5531801501929
Golden Land Bhd,GLBHD,2023-06-30,0,1.21756,0.57216,0.29618,6.271,9.074,0.27705,0.128814527930231,1.92148805070032
Golden Land Bhd,GLBHD,2024-06-30,0,1.18627,0.70793,0.31549,,,0.28716,0.206116904243799,1.92549662715161
Golden Land Bhd,GLBHD,2025-06-30,0,0.59251,0.33796,0.16624,,,0.33229,0.288175122397796,0.566944246465987
Glomac Bhd,GLOMAC,2023-04-30,0,1.31235,0.90329,0.31954,1.87,3.229,0.16207,0.132308767430672,2.50057676431525
Glomac Bhd,GLOMAC,2024-04-30,0,1.19001,0.93123,0.40444,1.57,2.68,0.11281,0.170543693822671,2.1802201521724
Glomac Bhd,GLOMAC,2025-04-30,0,1.17598,0.86804,0.43884,1.176,1.982,0.04995,0.133210886232785,2.23190871770264
Glomac Bhd,GLOMAC,2026-04-30,0,1.61447,1.00867,0.48718,0.83,1.3,-0.00074,0.126780607168695,2.98253871740335
Glomac Bhd,GLOMAC,2027-04-30,0,1.64699,0.87856,0.38927,1.169,1.76,0.01493,0.124908067360332,3.07766115880661
Globaltec Formation Bhd,GLOTEC,2021-06-30,0,1.95759,1.54335,0.96028,,,-0.2292,0.428501139630691,0.492047469282489
Globaltec Formation Bhd,GLOTEC,2022-06-30,0,2.02372,1.55605,1.05656,,,-0.22799,0.462742655820161,0.107342636622857
Globaltec Formation Bhd,GLOTEC,2023-06-30,0,1.72836,1.23645,0.71942,,,-0.14662,0.508339034001676,-0.375857599330846
Globaltec Formation Bhd,GLOTEC,2024-06-30,0,2.01439,1.65881,1.19196,,,-0.18442,0.445959883369609,-0.102703676834403
Globaltec Formation Bhd,GLOTEC,2025-06-30,0,2.35428,1.95108,0.93713,,,-0.0893,0.387860988044192,0.081403386323215
Glostrext Bhd,GLXT,2022-03-31,0,4.23451,3.62091,1.89578,,,0.07746,0.632836487186695,
Glostrext Bhd,GLXT,2023-03-31,0,8.77424,7.47061,2.73736,,,0.05865,0.481561289526314,
Glostrext Bhd,GLXT,2024-03-31,0,12.60994,11.37715,4.68782,,,-0.21684,0.468973149047825,15.2188810260054
Glostrext Bhd,GLXT,2025-03-31,0,4.27231,3.90109,0.42496,,,-0.10219,0.499834777287571,10.7993399315675
Glostrext Bhd,GLXT,2026-03-31,0,7.09838,6.45987,1.71752,,,-0.13935,0.711729381495942,13.503590402902
Gromutual Bhd,GMUTUAL,2021-12-31,0,2.46277,0.84417,0.43065,,,0.07714,0.118669122611599,4.45407115593318
Gromutual Bhd,GMUTUAL,2022-12-31,0,2.67629,0.98392,0.77308,1.793,1.91,0.07008,0.115884371858006,4.00316818633336
Gromutual Bhd,GMUTUAL,2023-12-31,0,3.00295,1.38886,1.0592,2.4052,2.7287,0.02104,0.161279159788539,4.42881861722863
Gromutual Bhd,GMUTUAL,2024-12-31,0,2.89509,1.25005,0.73607,,,0.07126,0.100148499316171,4.40166378182776
Gromutual Bhd,GMUTUAL,2025-12-31,0,3.71204,1.45326,1.32622,,,0.0145,0.181317779264194,4.88383214671907
Global Oriental Bhd,GOB,2023-03-31,0,1.08845,0.6479,,,,0.22756,0.449823934734418,0.712437076717892
Global Oriental Bhd,GOB,2024-03-31,0,0.82774,0.57748,,,,0.2499,0.425678254232584,0.010784333223456
Global Oriental Bhd,GOB,2025-03-31,0,0.74385,0.40404,0.15075,,,0.33133,0.221261831744157,-0.380435072311616
Global Oriental Bhd,GOB,2026-03-31,0,0.72118,0.39544,0.13682,,,0.30697,0.266162167897174,-0.396870577212916
Global Oriental Bhd,GOB,2027-03-31,0,0.66177,0.32831,0.13184,,,0.34624,0.200325760845605,-0.551435931224024
Green Ocean Corporation Bhd,GOCEAN,2021-03-31,0,311.2232,308.66251,10.50363,,,-0.5458,0.060270300926272,28.0910434350892
Green Ocean Corporation Bhd,GOCEAN,2022-03-31,0,,,,,,,,
Green Ocean Corporation Bhd,GOCEAN,2023-03-31,0,,,,5.7981,7.209,,,
Green Ocean Corporation Bhd,GOCEAN,2024-03-31,0,,,,,,,,
Green Ocean Corporation Bhd,GOCEAN,2025-03-31,0,18.92185,17.22773,0.7937,,,-0.52347,,
Go Hub Capital Bhd,GOHUB,2021-12-31,0,1.46708,1.41652,0.19548,,,0.60082,0.713548069830342,
Go Hub Capital Bhd,GOHUB,2022-12-31,0,1.76367,1.74792,0.70642,,,0.27525,0.806837866585625,
Go Hub Capital Bhd,GOHUB,2023-12-31,0,1.984,1.92741,0.41742,,,0.29084,1.08731474379593,
Go Hub Capital Bhd,GOHUB,2024-12-31,0,4.55038,4.48446,2.0431,,,-0.14082,0.591746966159479,23.9980365107741
Go Hub Capital Bhd,GOHUB,2025-12-31,0,5.15439,5.08463,0.99188,,,0.03274,0.508565253321787,16.1433790498684
Gold LI Holdings Bhd,GOLDLI,2023-01-31,0,2.64,2.31416,0.31602,,,0.1519,,
Gold LI Holdings Bhd,GOLDLI,2024-01-31,0,1.8494,1.72367,0.03852,,,0.22041,0.270623476299253,
Gold LI Holdings Bhd,GOLDLI,2025-01-31,0,1.76854,1.13605,0.13928,,,0.21053,0.327090087348436,
Gold LI Holdings Bhd,GOLDLI,2026-01-31,0,2.12915,1.03608,0.02594,,,0.25039,0.330975193987792,
Gopeng Bhd,GOPENG,2021-12-31,0,66.20879,65.62579,,-7.4917,-12.6437,-0.26919,0.046068888627184,8.91761312156267
Gopeng Bhd,GOPENG,2022-12-31,0,17.55391,17.23732,,4.5047,5.3827,-0.24576,0.042502224125609,8.31870100309429
Gopeng Bhd,GOPENG,2023-12-31,0,1.39921,1.3933,,8.6581,9.8648,-0.16572,0.020130753068989,2.71141211656664
Gopeng Bhd,GOPENG,2024-12-31,0,0.27385,0.26874,,,,-0.11486,0.447927678272849,1.1921487067684
Gopeng Bhd,GOPENG,2025-12-31,0,0.28702,0.28093,,,,-0.12713,0.054074261346633,1.27363385105633
Green Packet Bhd,GPACKET,2021-06-30,0,1.31103,1.29976,0.4083,18.984,20.653,-0.26814,1.32197515766629,-3.29308310151524
Green Packet Bhd,GPACKET,2022-06-30,0,,,,6.464,6.969,,,
Green Packet Bhd,GPACKET,2023-06-30,0,,,,,,,,
Green Packet Bhd,GPACKET,2024-06-30,0,1.14736,1.14736,0.04195,-19.22,-39.11,-0.0746,,
Green Packet Bhd,GPACKET,2025-06-30,0,,,,-10.277,-40.13,,,
Golden Pharos Bhd,GPHAROS,2021-12-31,0,2.13055,1.79487,0.90374,-16.5376,-37.7927,-0.06139,0.547020659205059,3.02291700617695
Golden Pharos Bhd,GPHAROS,2022-12-31,0,2.47944,2.22913,1.24123,3.7373,5.9968,-0.1523,0.645511013843742,4.03420599207069
Golden Pharos Bhd,GPHAROS,2023-12-31,0,2.33171,2.02044,1.39315,2.961,3.605,-0.31978,0.726829904045094,5.25745495110115
Golden Pharos Bhd,GPHAROS,2024-12-31,0,2.25255,1.94222,0.79545,,,-0.10221,0.386548960485723,2.48502412010707
Golden Pharos Bhd,GPHAROS,2025-12-31,0,1.95811,1.72811,0.60736,,,-0.08087,0.501145038167939,2.86432214646304
GPP Resources Bhd,GPP,2021-06-30,0,0.87788,0.66614,0.01696,,,0.65656,1.23168967590307,-0.764113985523354
GPP Resources Bhd,GPP,2024-06-30,0,0.44425,0.37831,,,,,,
GPP Resources Bhd,GPP,2025-06-30,0,0.39409,0.29685,,,,,0.627045792896026,-14.4663850885103
Greatech Technology Bhd,GREATEC,2022-12-31,0,2.85667,2.77469,0.70764,26.66,39.5,-0.66635,0.756513365460614,56.2235390599893
Greatech Technology Bhd,GREATEC,2023-12-31,0,1.96404,1.8982,0.65445,16.96,25.92,-0.50872,0.702321857755296,22.4246565234427
Greatech Technology Bhd,GREATEC,2024-12-31,0,2.47907,2.23696,0.70341,15.9,23.1,-0.21462,0.677323922073105,30.6749343271741
Greatech Technology Bhd,GREATEC,2025-12-31,0,3.59307,3.19123,1.12053,14.699,18.66,-0.22852,0.712957583749961,35.9236879057275
Greatech Technology Bhd,GREATEC,2026-12-31,0,4.19831,3.95224,1.47055,7.53,9.089,-0.21853,0.668291014176442,27.0881181137021
Greentronics Technology Bhd,GREENTEC,2021-12-31,0,2.36083,2.08954,0.18749,,,-0.00241,1.25618496351059,11.1065725986103
Greentronics Technology Bhd,GREENTEC,2022-12-31,0,1.21193,0.68803,0.05694,,,0.12474,0.64833623284366,4.27785397087182
Greentronics Technology Bhd,GREENTEC,2023-12-31,0,1.14206,0.1455,0.03142,,,0.00722,0.30418884723171,0.430053317436629
Greentronics Technology Bhd,GREENTEC,2024-12-31,0,1.0423,0.14912,0.09293,,,-0.23983,0.368472397014751,-0.508520164273437
Greentronics Technology Bhd,GREENTEC,2025-12-31,0,2.26045,1.29335,0.47492,,,-0.20801,0.26307792368864,5.80691645734375
Greenyield Bhd,GREENYB,2021-12-31,0,4.44909,3.24354,2.1522,,,-0.02446,0.523382774436196,8.38451275859807
Greenyield Bhd,GREENYB,2022-12-31,0,2.12297,1.31712,0.45823,,,0.00757,0.324230522534823,3.06979506634587
Greenyield Bhd,GREENYB,2023-12-31,0,1.20616,0.6886,0.20978,,,0.01495,0.151391765474496,2.11500787467886
Greenyield Bhd,GREENYB,2024-12-31,0,2.81486,1.7254,0.61685,,,0.02474,0.151027207064563,2.78819351135213
Greenyield Bhd,GREENYB,2025-12-31,0,1.85274,1.38331,0.91532,,,-0.02372,0.135488787241525,2.23426328256496
Globetronics Technology Bhd,GTRONIC,2022-12-31,0,6.97239,6.73108,1.37926,15.839,17.71,-0.6482,0.614653363465453,38.8787472932108
Globetronics Technology Bhd,GTRONIC,2023-12-31,0,9.11624,8.76881,1.69988,13.74,15.119,-0.67063,0.542814266737393,36.8315679022819
Globetronics Technology Bhd,GTRONIC,2024-12-31,0,8.49695,8.27399,1.55539,7.969,8.679,-0.68188,0.395004435539838,46.4416654252507
Globetronics Technology Bhd,GTRONIC,2025-12-31,0,,,,3.22,3.509,,,
GUH Holdings Bhd,GUH,2021-12-31,0,3.13817,1.77171,1.03074,-11.0574,-14.2336,-0.09002,0.460801554979637,4.38679069720224
GUH Holdings Bhd,GUH,2022-12-31,0,2.79441,1.66022,1.08112,-2.197,-3.3521,-0.06924,0.450921158027234,3.50731982150287
GUH Holdings Bhd,GUH,2023-12-31,0,3.14512,1.83931,1.17261,5.3524,6.8772,-0.04271,0.377486082906852,3.30089009646018
GUH Holdings Bhd,GUH,2024-12-31,0,2.58723,1.33014,0.77859,,,0.01956,0.408226723965588,2.89332257791775
GUH Holdings Bhd,GUH,2025-12-31,0,2.90136,1.74489,0.55553,,,0.12642,0.311878362477242,4.11927603548869
GuocoLand (Malaysia) Bhd,GUOCO,2021-06-30,0,3.04641,1.14703,0.06568,2.2092,1.6832,0.25049,0.249416441854985,4.76919767648164
GuocoLand (Malaysia) Bhd,GUOCO,2022-06-30,0,2.53459,0.92318,0.06056,5.5931,6.6573,0.30074,0.184322329887653,4.17851876868415
GuocoLand (Malaysia) Bhd,GUOCO,2023-06-30,0,2.61839,0.93508,0.13913,5.15,5.741,0.22118,0.189517211047219,4.32410770543866
GuocoLand (Malaysia) Bhd,GUOCO,2024-06-30,0,2.43766,0.96741,0.06844,3.313,4.556,0.23382,0.172066070531609,3.27393003722685
GuocoLand (Malaysia) Bhd,GUOCO,2025-06-30,0,2.91121,1.00861,0.06789,-3.837,-7.481,0.16747,0.16321809657376,3.44680203344387
Haily Group Bhd,HAILY,2021-12-31,0,2.2101,,0.52925,,,-0.36665,0.91891490272253,5.48699468241049
Haily Group Bhd,HAILY,2022-12-31,0,1.91736,,0.32851,,,-0.22146,1.33116314192172,4.62461680834546
Haily Group Bhd,HAILY,2023-12-31,0,1.79102,,0.15757,,,-0.07815,1.70037406153404,4.28778435751853
Haily Group Bhd,HAILY,2024-12-31,0,1.81812,,0.25081,,,-0.13376,1.53347295296603,4.45621304202473
Haily Group Bhd,HAILY,2025-12-31,0,1.76445,,0.37177,,,-0.37059,1.74794062121297,4.27998788938494
Hap Seng Consolidated Bhd,HAPSENG,2022-12-31,0,1.90823,1.30014,0.55838,,,0.22371,0.346045973797844,4.97355987083983
Hap Seng Consolidated Bhd,HAPSENG,2023-12-31,0,1.62222,1.11346,0.43859,,,0.27022,0.393546628660057,3.7618445221561
Hap Seng Consolidated Bhd,HAPSENG,2024-12-31,0,1.54202,1.14773,0.53172,,,0.21988,0.326290724599321,3.09721481832565
Hap Seng Consolidated Bhd,HAPSENG,2025-12-31,0,1.66175,1.21774,0.72325,,,0.21907,0.298821378957723,3.10569896839158
Hap Seng Consolidated Bhd,HAPSENG,2026-12-31,0,1.61241,1.10262,0.77371,,,0.24044,0.27087634879306,2.75841947501964
Harbour-Link Group Bhd,HARBOUR,2022-06-30,0,3.09823,2.82583,1.18731,,,-0.21855,0.865585289326381,6.88143803543656
Harbour-Link Group Bhd,HARBOUR,2023-06-30,0,2.99578,2.80137,1.24507,,,-0.3104,1.0706018658235,7.49140223259102
Harbour-Link Group Bhd,HARBOUR,2024-06-30,0,3.84242,3.62444,1.59273,,,-0.41019,0.982263616282665,8.05890085418231
Harbour-Link Group Bhd,HARBOUR,2025-06-30,0,3.75409,3.51188,1.52806,,,-0.35584,0.83551975994505,8.12199938250481
Harbour-Link Group Bhd,HARBOUR,2026-06-30,0,4.23701,3.94917,1.66248,,,-0.32511,0.840015233309697,7.69855039315524
Harrisons Holdings (Malaysia) Bhd,HARISON,2021-12-31,0,1.93985,1.45757,0.44282,,,-0.0781,2.56971458791364,5.42955872383679
Harrisons Holdings (Malaysia) Bhd,HARISON,2022-12-31,0,1.73772,1.2034,0.25391,,,0.05291,2.61872785220267,5.2455901999643
Harrisons Holdings (Malaysia) Bhd,HARISON,2023-12-31,0,1.81757,1.23263,0.29209,,,0.07554,2.42234123044726,5.70660722390987
Harrisons Holdings (Malaysia) Bhd,HARISON,2024-12-31,0,1.80933,1.18822,0.20997,,,0.11635,2.26538305429509,5.27003447336175
Harrisons Holdings (Malaysia) Bhd,HARISON,2025-12-31,0,1.86109,1.26403,0.30648,,,0.08199,2.25368732163452,5.11132508014985
Harn Len Corporation Bhd,HARNLEN,2021-05-31,0,0.66419,0.53799,0.32181,,,0.13349,0.4772555239542,1.15146453818791
Harn Len Corporation Bhd,HARNLEN,2024-05-31,0,0.40818,0.29967,0.14221,,,0.1449,,
Harn Len Corporation Bhd,HARNLEN,2025-05-31,0,3.15248,2.85653,1.32473,,,0.14647,0.569945760328624,5.12389384521191
Hartalega Holdings Bhd,HARTA,2023-03-31,0,3.91431,3.42835,2.91139,49.09,64.079,-0.39608,1.1939860280849,23.1169424377247
Hartalega Holdings Bhd,HARTA,2024-03-31,0,6.6655,6.00925,1.33985,-3.74,-4.46,-0.32623,0.413586212454128,14.4080699071996
Hartalega Holdings Bhd,HARTA,2025-03-31,0,5.92146,4.92004,1.07085,0.24,0.27,-0.28756,0.348043409663193,20.0234720927334
Hartalega Holdings Bhd,HARTA,2026-03-31,0,7.12913,5.73209,1.34577,1.49,1.66,-0.21182,0.517121629478254,20.0560677402099
Hartalega Holdings Bhd,HARTA,2027-03-31,0,6.63098,5.4983,3.96736,2.14,2.359,-0.25644,0.443062780514686,12.7701303884535
Steel Hawk Bhd,HAWK,2022-12-31,0,2.53828,2.46547,1.19159,,,-0.33089,1.88942545343929,25.5785225246316
Steel Hawk Bhd,HAWK,2023-12-31,0,1.61852,1.61195,0.5031,,,-0.18351,2.26802079058952,9.03172897537647
Steel Hawk Bhd,HAWK,2024-12-31,0,1.72305,1.70071,0.42042,,,0.03887,1.54319267304194,6.36232383464301
Steel Hawk Bhd,HAWK,2025-12-31,0,2.06556,2.02123,0.14335,,,0.21879,1.15947514322676,11.3454080128216
Steel Hawk Bhd,HAWK,2026-12-31,0,1.61573,1.6073,0.09271,,,0.33813,1.0609168770989,5.93695725608428
HB Global Ltd,HBGLOB,2021-12-31,0,1.65401,1.58734,0.0925,,,0.15457,0.287980284775466,2.93197762065838
HB Global Ltd,HBGLOB,2022-12-31,0,0.54762,0.37736,0.03429,,,0.18232,0.199246150864124,-0.775232365809683
HB Global Ltd,HBGLOB,2023-12-31,0,0.34632,0.23163,0.00744,,,0.21255,0.32497706254415,-2.09991989831692
HB Global Ltd,HBGLOB,2024-12-31,0,1.3545,1.07804,0.15469,,,0.18029,0.368976636720776,0.565629038824559
HB Global Ltd,HBGLOB,2025-12-31,0,1.59818,1.31735,0.08367,35.263,43.266,0.19142,0.369231276371308,-1.54954520096783
HCK Capital Group Bhd,HCK,2021-12-31,0,2.47007,0.74017,0.06638,,,0.55387,0.148624559104725,5.15002765545019
HCK Capital Group Bhd,HCK,2022-12-31,0,2.56225,0.76885,0.21477,,,0.47507,0.221087286288693,5.18010761992534
HCK Capital Group Bhd,HCK,2023-12-31,0,1.39058,0.47121,0.07338,1.366,3.038,0.42348,0.167614357487129,2.7253885240499
HCK Capital Group Bhd,HCK,2024-12-31,0,2.15509,0.62454,0.29291,0.015,3.406,0.22794,0.334340834422318,4.68863954502542
HCK Capital Group Bhd,HCK,2025-12-31,0,2.60124,1.05755,0.40192,,,0.29392,0.117443184234151,5.01640381722794
He Group Bhd,HEGROUP,2022-12-31,0,1.13728,1.12842,0.10349,,,0.01948,2.44441633006462,
He Group Bhd,HEGROUP,2023-12-31,0,1.19571,1.18567,0.12446,,,-0.13803,1.42506449969967,
He Group Bhd,HEGROUP,2024-12-31,0,1.37726,1.34695,0.35845,,,-0.66323,2.23903432191458,
He Group Bhd,HEGROUP,2025-12-31,0,2.2446,2.18921,1.22764,,,-0.84149,2.02535542838662,10.4156548013113
He Group Bhd,HEGROUP,2026-12-31,0,2.61722,2.54199,1.50116,9.8,16.6,-0.80902,1.09425759514342,9.61481838806048
Heineken Malaysia Bhd,HEIM,2022-12-31,0,1.00426,0.77355,0.11671,23.05,65.95,0.163,1.85429351799936,12.3348242007262
Heineken Malaysia Bhd,HEIM,2023-12-31,0,0.97823,0.76215,0.05955,32.929,93.39,0.18572,2.28735127547975,12.592340592492
Heineken Malaysia Bhd,HEIM,2024-12-31,0,0.8374,0.67647,0.05782,29.039,81.68,0.16696,1.9865125298891,12.4945205807726
Heineken Malaysia Bhd,HEIM,2025-12-31,0,0.91291,0.70162,0.04513,36.93,93.54,0.09186,2.21298638203494,14.1624423407311
Heineken Malaysia Bhd,HEIM,2026-12-31,0,0.89818,0.70915,0.01956,35.039,85.849,0.20879,2.13460504305522,12.6795301444174
Hektar Real Estate Investment Trust,HEKTAR,2022-12-31,0,0.78096,,0.71547,,,0.46234,0.077599151077417,0.570704330139023
Hektar Real Estate Investment Trust,HEKTAR,2023-12-31,0,0.7116,,0.56076,,5.77,0.45962,0.095244039957888,1.04687376031527
Hektar Real Estate Investment Trust,HEKTAR,2024-12-31,0,3.08009,,2.38565,1.5,3.95,0.404,0.087436675035588,1.43331003801563
Hektar Real Estate Investment Trust,HEKTAR,2025-12-31,0,0.76761,,0.34114,1.79,3.48,0.43245,0.090803950435701,1.02851154843927
Hektar Real Estate Investment Trust,HEKTAR,2026-12-31,0,0.76669,,0.10322,1.3,2.52,0.44278,0.086308360699773,0.841623929336453
Hengyuan Refining Company Bhd,HENGYUAN,2021-12-31,0,1.18664,0.64545,0.23746,16.476,27.429,0.0434,2.40553073873751,3.11109654231346
Hengyuan Refining Company Bhd,HENGYUAN,2022-12-31,0,0.9408,0.6091,0.29481,9.483,14.514,0.09436,3.49310570579228,2.33441995712343
Hengyuan Refining Company Bhd,HENGYUAN,2023-12-31,0,0.88319,0.51023,0.2757,,14.429,0.22189,2.51213510864134,0.614781169487797
Hengyuan Refining Company Bhd,HENGYUAN,2024-12-31,0,0.69282,0.51518,0.3016,,3.312,0.29425,3.65678522141815,-0.398979299343834
Hengyuan Refining Company Bhd,HENGYUAN,2025-12-31,0,0.77455,0.49268,0.30621,,-6.374,0.15165,3.25916653577141,-0.444950181565655
HeveaBoard Bhd,HEVEA,2022-12-31,0,3.12577,1.76684,0.28194,-0.22,-0.27,-0.256,0.704149645849927,6.49335978485977
HeveaBoard Bhd,HEVEA,2023-12-31,0,3.8961,2.41511,0.351,1.8,2.2,-0.25717,0.797190273757053,7.0914823127387
HeveaBoard Bhd,HEVEA,2024-12-31,0,3.93835,2.50814,0.28525,-0.73,-0.87,-0.2361,0.586978173530629,6.50174325819186
HeveaBoard Bhd,HEVEA,2025-12-31,0,3.98345,2.47539,0.34618,-1.03,-1.229,-0.20292,0.6609242984766,5.86728737942197
HeveaBoard Bhd,HEVEA,2026-12-31,0,3.13507,1.69437,0.14856,-8.619,-10.539,-0.15719,0.654728564234976,4.13537855416944
Hextar Capital Bhd,HEXCAP,2021-12-31,0,2.35202,1.82567,0.14721,,,-0.21256,0.593667425994754,
Hextar Capital Bhd,HEXCAP,2022-12-31,0,9.56565,8.73856,,16.111,36.431,-0.54571,0.581453818172109,22.6581665730412
Hextar Capital Bhd,HEXCAP,2023-12-31,0,,,,17.1,33.67,,,
Hextar Capital Bhd,HEXCAP,2024-12-31,0,1.36996,1.2912,0.27875,10.7691,18.2401,0.13953,,
Hextar Capital Bhd,HEXCAP,2025-12-31,0,,,,2.3637,2.7973,,,
Hextar Healthcare Bhd,HEXCARE,2022-12-31,0,9.59604,7.15996,6.52842,,,-0.49174,0.897382086745542,16.2048417671799
Hextar Healthcare Bhd,HEXCARE,2023-12-31,0,3.81381,2.68509,1.27527,,,-0.1407,0.257828613119856,7.8292101660055
Hextar Healthcare Bhd,HEXCARE,2024-12-31,0,6.01994,4.15052,0.8502,,,-0.03726,0.243954804369822,12.1978582672926
Hextar Healthcare Bhd,HEXCARE,2025-12-31,0,5.64875,3.31116,0.33738,,,-0.01073,0.263404681499662,9.74107900528006
Hextar Healthcare Bhd,HEXCARE,2026-12-31,0,5.82135,3.87614,1.0018,,,-0.04743,0.291297112060491,
Hextar Industries Bhd,HEXIND,2021-12-31,0,2.53267,1.73673,0.26443,,,0.31137,0.70415446817794,3.13499836973671
Hextar Industries Bhd,HEXIND,2022-12-31,0,,,,,,,,
Hextar Industries Bhd,HEXIND,2023-12-31,0,1.81016,1.17779,0.36482,,,0.24536,,
Hextar Industries Bhd,HEXIND,2024-12-31,0,1.66006,1.11333,0.37301,,,0.2368,1.23696494539994,3.64405604868016
Hextar Industries Bhd,HEXIND,2025-12-31,0,1.42158,1.23544,0.20922,,,0.23144,1.13010755340526,2.0178775635818
Hextar Retail Bhd,HEXRTL,2021-12-31,0,10.52742,5.25733,3.21014,,,-0.12004,0.384210628526049,17.4124126603047
Hextar Retail Bhd,HEXRTL,2022-12-31,0,9.65289,4.96171,3.83586,19.113,23.755,-0.15003,0.483752041663582,23.9364272264946
Hextar Retail Bhd,HEXRTL,2023-12-31,0,11.64861,6.51881,5.12505,13.1324,15.0643,-0.14254,0.261957449649151,18.585468571006
Hextar Retail Bhd,HEXRTL,2024-12-31,0,12.51132,10.67332,6.77872,12.324,13.461,-0.21812,0.28834185006901,12.0299591279923
Hextar Retail Bhd,HEXRTL,2025-12-31,0,1.99185,1.66761,0.5461,,,0.19109,0.305826378896882,3.98641749635984
Hextar Global Bhd,HEXTAR,2022-12-31,0,1.81477,1.10866,0.17033,,,0.41078,0.967020858182011,5.57602489793072
Hextar Global Bhd,HEXTAR,2023-12-31,0,1.72197,1.0235,0.2508,,,0.43129,0.933076990436455,8.49365046341839
Hextar Global Bhd,HEXTAR,2024-12-31,0,1.19879,0.77696,0.17189,7.735,24.395,0.45936,0.891474725062098,5.39487181321507
Hextar Global Bhd,HEXTAR,2025-12-31,0,1.14686,0.80967,0.12101,,24.42,0.53313,1.0776690517886,6.20059931736785
Hextar Global Bhd,HEXTAR,2026-12-31,0,1.29966,0.88632,0.25272,,,0.47958,1.04360892550057,6.89078369473543
Hextar Technologies Solutions Bhd,HEXTECH,2022-03-31,0,8.88868,,2.91725,,,-0.04745,0.556033182753459,23.5040933359293
Hextar Technologies Solutions Bhd,HEXTECH,2023-03-31,0,6.07755,,1.13643,,,0.0034,0.916943982932973,100.317586476667
Hextar Technologies Solutions Bhd,HEXTECH,2024-03-31,0,2.95758,,0.52926,,,0.09934,1.20459603646966,58.6818342468434
Hextar Technologies Solutions Bhd,HEXTECH,2025-03-31,0,1.7077,,0.08617,,,0.16094,1.17858053726673,41.6914901845883
Hextar Technologies Solutions Bhd,HEXTECH,2026-03-31,0,1.34875,1.34407,0.10572,,,0.25661,1.07252209668236,36.4890782523101
Hexza Corp Bhd,HEXZA,2021-06-30,0,15.08412,13.42405,11.48287,,,-0.33785,0.26738304142856,20.7642902627861
Hexza Corp Bhd,HEXZA,2022-06-30,0,28.69851,24.18064,20.24163,,,-0.30768,0.271216103623962,25.1645258480807
Hexza Corp Bhd,HEXZA,2023-06-30,0,22.07554,18.21122,15.27943,,,-0.19578,0.189689984778274,22.7066819090061
Hexza Corp Bhd,HEXZA,2024-06-30,0,12.77951,9.83531,4.25419,,,-0.0557,0.131231494626521,30.2859397939842
Hexza Corp Bhd,HEXZA,2025-06-30,0,2.65704,1.9751,0.93964,,,-0.04705,0.123285343767222,9.3203115212297
Hiap Huat Holdings Bhd,HHHCORP,2021-12-31,0,5.11622,3.88585,1.31554,,,0.10169,0.623550092560084,4.08675751756878
Hiap Huat Holdings Bhd,HHHCORP,2022-12-31,0,5.05932,4.1052,1.68886,,,0.08028,0.67890334650931,4.42882377379066
Hiap Huat Holdings Bhd,HHHCORP,2023-12-31,0,4.87888,3.22875,0.97563,,,0.15512,0.686906444459041,4.61728667677566
Hiap Huat Holdings Bhd,HHHCORP,2024-12-31,0,2.00544,1.41719,0.55638,,,0.62235,0.580456834874132,1.26479509278145
Hiap Huat Holdings Bhd,HHHCORP,2025-12-31,0,1.61964,1.27117,0.43863,,,0.66092,0.544499156986223,1.02731938902272
HI Mobility Bhd,HI,2023-01-31,0,0.41483,0.40706,0.1351,,,0.50616,,
HI Mobility Bhd,HI,2024-01-31,0,0.71818,0.71384,0.1566,,,0.46671,0.741488692993915,
HI Mobility Bhd,HI,2025-01-31,0,0.57384,0.56923,0.2183,,,0.44014,0.988630117466053,
HI Mobility Bhd,HI,2027-01-31,0,2.09183,2.05429,0.28451,,,0.12142,,
Hiap Teck Venture Bhd,HIAPTEK,2022-07-31,0,1.80662,0.84209,0.33969,,12.3,0.15273,0.710645538329567,4.54509090315923
Hiap Teck Venture Bhd,HIAPTEK,2023-07-31,0,1.59738,0.72532,0.20393,8.58,13.0,0.23948,0.870304759313388,3.33074155931947
Hiap Teck Venture Bhd,HIAPTEK,2024-07-31,0,1.61135,0.86258,0.22646,1.578,2.416,0.22159,0.808675206720765,3.04435823324421
Hiap Teck Venture Bhd,HIAPTEK,2025-07-31,0,1.46009,0.7521,0.13507,5.33,7.96,0.24072,0.844121091154368,3.12898837075653
Hiap Teck Venture Bhd,HIAPTEK,2026-07-31,0,1.43756,0.72199,0.16983,5.219,7.61,0.19706,0.687573134413309,2.6159153554121
Hibiscus Petroleum Bhd,HIBISCS,2022-06-30,0,1.39348,1.28898,0.37532,,7.689,-0.18679,0.308688493621738,2.61581406531894
Hibiscus Petroleum Bhd,HIBISCS,2023-06-30,0,0.90861,0.81213,0.32338,14.779,33.736,0.00311,0.408777536572969,1.93282433677722
Hibiscus Petroleum Bhd,HIBISCS,2024-06-30,0,1.49007,1.34852,0.65963,6.817,16.375,-0.01771,0.400450996870791,3.27849861415203
Hibiscus Petroleum Bhd,HIBISCS,2025-06-30,0,1.47876,1.35628,0.38628,7.28,16.14,0.03613,0.424238414723827,3.58612558365496
Hibiscus Petroleum Bhd,HIBISCS,2026-06-30,0,0.80314,0.71077,0.16214,1.839,4.44,0.2104,0.332376260694761,1.56002261858586
Kumpulan H & L High-Tech Bhd,HIGHTEC,2021-10-31,0,13.70528,12.8562,1.22643,,,-0.20095,0.162901787929227,13.6157136609511
Kumpulan H & L High-Tech Bhd,HIGHTEC,2022-10-31,0,9.73174,8.90488,1.16305,,,-0.10256,0.17158978046208,6.59002199490329
Kumpulan H & L High-Tech Bhd,HIGHTEC,2023-10-31,0,10.36562,9.5242,0.87805,,,-0.11307,0.160166436416259,6.5826288112429
Kumpulan H & L High-Tech Bhd,HIGHTEC,2024-10-31,0,9.75267,8.98134,1.64424,,,-0.10092,0.124685065214613,6.00041936999993
Kumpulan H & L High-Tech Bhd,HIGHTEC,2025-10-31,0,7.80158,7.10111,1.18964,,,-0.0772,0.162653715945452,5.62810389686937
Hil Industries Bhd,HIL,2022-12-31,0,7.93737,4.17407,1.29481,,,-0.27676,0.350598685012916,11.2464631887891
Hil Industries Bhd,HIL,2023-12-31,0,9.57094,5.00604,1.32095,5.059,5.919,-0.32415,0.358121141744581,12.7863415157343
Hil Industries Bhd,HIL,2024-12-31,0,9.36733,5.27675,2.0242,7.96,8.99,-0.34568,0.427187343888906,12.1720359953108
Hil Industries Bhd,HIL,2025-12-31,0,5.02541,1.97582,0.79714,,,-0.25867,0.392928439376514,9.25579889303243
Hil Industries Bhd,HIL,2026-12-31,0,4.57048,1.55039,0.60557,,,-0.16725,0.346317220892736,8.1548227009339
Hartanah Kenyalang Bhd,HKB,2022-01-31,0,1.21427,1.09221,0.07991,,,-0.06734,,
Hartanah Kenyalang Bhd,HKB,2023-01-31,0,1.70116,1.70116,0.00237,,,0.1897,1.58346071048901,
Hartanah Kenyalang Bhd,HKB,2024-01-31,0,1.42265,1.42265,0.10126,,,0.25564,1.46696363695621,
Hartanah Kenyalang Bhd,HKB,2025-01-31,0,1.32038,1.32038,0.11882,,,0.20271,1.68126613975544,
Hartanah Kenyalang Bhd,HKB,2026-01-31,0,2.00325,,0.31987,,,-0.21505,1.42105895323079,5.97523549313978
Hong Leong Bank Bhd,HLBANK,2022-06-30,0,,,,1.25,10.089,0.02847,0.023826656790178,
Hong Leong Bank Bhd,HLBANK,2023-06-30,0,,,,1.34,10.883,0.09922,0.022758499080304,
Hong Leong Bank Bhd,HLBANK,2024-06-30,0,,,,1.429,11.753,0.07962,0.021269525357556,
Hong Leong Bank Bhd,HLBANK,2025-06-30,0,,,,0.979,11.774,0.16887,0.019933982149276,
Hong Leong Bank Bhd,HLBANK,2026-06-30,0,,,,1.4,11.16,0.01126,0.020824840209748,
Hong Leong Capital Bhd,HLCAP,2021-06-30,0,,,,5.6178,10.6295,-0.07711,0.094011787888488,
Hong Leong Capital Bhd,HLCAP,2022-06-30,0,,,,,,-0.28816,0.070048591596512,
Hong Leong Capital Bhd,HLCAP,2023-06-30,0,,,,7.0104,18.7313,-0.40004,0.061727936066638,
Hong Leong Capital Bhd,HLCAP,2024-06-30,0,,,,,,-0.23238,0.078084155345713,
Hong Leong Capital Bhd,HLCAP,2025-06-30,0,,,,,,-0.27752,0.065545427134875,
Hong Leong Financial Group Bhd,HLFG,2022-06-30,0,,,,0.86,10.359,0.08307,0.02355608440484,
Hong Leong Financial Group Bhd,HLFG,2023-06-30,0,,,,0.88,10.41,0.21063,0.022450821886838,
Hong Leong Financial Group Bhd,HLFG,2024-06-30,0,,,,0.93,10.932,0.19014,0.021451657999386,
Hong Leong Financial Group Bhd,HLFG,2025-06-30,0,,,,0.982,11.163,0.22018,0.020404712954202,
Hong Leong Financial Group Bhd,HLFG,2026-06-30,0,,,,0.94,10.624,0.19774,0.020811122560271,
Hong Leong Industries Bhd,HLIND,2022-06-30,0,5.61748,4.65662,0.21395,,,-0.60702,1.15356005752256,16.1168023051735
Hong Leong Industries Bhd,HLIND,2023-06-30,0,4.17283,3.52146,2.65574,,,-0.66128,1.00016443556731,12.4449375308428
Hong Leong Industries Bhd,HLIND,2024-06-30,0,4.44659,3.7525,1.0849,11.03,14.78,-0.67413,1.29684424697132,12.9202639330644
Hong Leong Industries Bhd,HLIND,2025-06-30,0,4.71559,4.28079,1.89719,14.08,18.765,-0.75677,1.12935341621873,15.2627432466093
Hong Leong Industries Bhd,HLIND,2026-06-30,0,4.21567,3.80828,0.06392,,,-0.72682,1.1805318568368,13.9507998948885
HLT Global Bhd,HLT,2021-12-31,0,1.94832,1.00739,0.36734,,,-0.21183,1.16007233964395,7.86168091529821
HLT Global Bhd,HLT,2022-12-31,0,1.22904,0.91036,0.10281,,,-0.40906,0.33229130104664,-0.382390403395118
HLT Global Bhd,HLT,2023-12-31,0,1.00299,0.67211,0.0357,,,-0.3596,0.300732755039223,0.367072691067649
HLT Global Bhd,HLT,2024-12-31,0,0.82365,0.39031,0.07561,,,-0.13199,0.25663717238614,-0.793087607960398
HLT Global Bhd,HLT,2025-12-31,0,0.78519,0.44313,0.02932,,,-0.15872,0.220236344685716,-2.76460877736902
Harvest Miracle Capital Bhd,HM,2022-03-31,0,3.38796,1.45592,0.21404,,,-0.21001,0.488544581441048,4.81834628986344
Harvest Miracle Capital Bhd,HM,2023-03-31,0,2.43078,0.75641,0.28359,,,-0.18772,0.338834725938514,3.6027375166287
Harvest Miracle Capital Bhd,HM,2024-03-31,0,3.64336,2.87621,0.81394,,,-0.0411,0.240657097059474,6.216302334903
Harvest Miracle Capital Bhd,HM,2025-03-31,0,5.95148,5.29264,1.35992,,,-0.15731,0.316275893322728,6.27873452818401
Harvest Miracle Capital Bhd,HM,2026-03-31,0,3.79604,3.2809,1.09925,,,-0.02616,0.539016251115034,5.97355617148765
Hock Soon Capital Bhd,HOCKSOON,2022-09-30,0,17.36207,11.88246,1.16789,,,-0.04892,,
Hock Soon Capital Bhd,HOCKSOON,2023-09-30,0,13.88978,9.07403,0.6097,,,-0.03571,0.880434697935619,
Hock Soon Capital Bhd,HOCKSOON,2024-09-30,0,11.78389,6.70748,1.74492,,,-0.08935,0.842632293534886,
Hock Soon Capital Bhd,HOCKSOON,2025-09-30,0,10.85865,5.0828,1.0326,,,0.05514,0.814821882600913,
Homeritz Corporation Bhd,HOMERIZ,2022-08-31,0,5.98595,3.63839,3.27822,10.3,11.73,-0.41133,0.760358152313142,14.2443291161035
Homeritz Corporation Bhd,HOMERIZ,2023-08-31,0,10.62737,8.95066,7.6933,15.83,17.65,-0.56654,0.93983169440184,16.8593627159592
Homeritz Corporation Bhd,HOMERIZ,2024-08-31,0,12.54684,10.66662,9.49411,8.839,9.599,-0.60348,0.552934595814528,16.7052746704082
Homeritz Corporation Bhd,HOMERIZ,2025-08-31,0,10.04773,8.27805,7.50652,10.595,11.589,-0.60809,0.715925466408694,16.1394867606634
Homeritz Corporation Bhd,HOMERIZ,2026-08-31,0,10.17277,7.91186,7.05344,,,-0.5332,0.669863073064914,15.665161563274
Hydropipes Bhd,HPI,2022-12-31,0,1.86185,1.22305,0.13817,,,0.05274,,
Hydropipes Bhd,HPI,2023-12-31,0,2.46565,1.82214,0.73891,,,-0.11143,1.36126762088826,
Hydropipes Bhd,HPI,2024-12-31,0,6.05439,4.40464,1.8549,,,-0.22412,1.01707716047923,19.1818266800265
Hydropipes Bhd,HPI,2025-12-31,0,25.29841,20.34392,12.59996,,,-0.53904,0.733971848268043,71.8957458574817
HPMT Holdings Bhd,HPMT,2022-12-31,0,4.62756,3.36233,1.01382,8.06,10.869,-0.21142,0.527855818887632,9.55195174096201
HPMT Holdings Bhd,HPMT,2023-12-31,0,6.78639,4.61944,1.8216,4.728,6.117,-0.18982,0.512302842759162,8.44379048783774
HPMT Holdings Bhd,HPMT,2024-12-31,0,5.66677,3.88389,0.76896,3.79,4.75,-0.23366,0.513656311849238,7.40616175143315
HPMT Holdings Bhd,HPMT,2025-12-31,0,7.63049,5.09694,1.00653,,,-0.25058,0.521356526490745,7.65283662229074
HPMT Holdings Bhd,HPMT,2026-12-31,0,10.31494,7.79309,1.96783,,,-0.3837,0.522865960580767,8.1926044268496
HPP Holdings Bhd,HPPHB,2022-05-31,0,4.67946,4.01908,2.39917,,,-0.24567,0.825552341396058,10.4131536200027
HPP Holdings Bhd,HPPHB,2023-05-31,0,6.32595,5.17116,3.03647,,,-0.23973,0.571762664985361,10.8484882416646
HPP Holdings Bhd,HPPHB,2024-05-31,0,5.42876,4.54538,2.81829,6.299,7.879,-0.27809,0.547136245174183,9.36956414462665
HPP Holdings Bhd,HPPHB,2025-05-31,0,6.15681,5.398,3.64079,2.652,3.343,-0.20703,0.44908528215959,7.69161811846138
HPP Holdings Bhd,HPPHB,2026-05-31,0,6.22309,5.43534,3.24037,,,-0.18947,0.403792060470129,8.30084535359928
Hap Seng Plantations Holdings Bhd,HSPLANT,2022-12-31,0,10.23559,7.9235,6.49,9.839,12.449,-0.19054,0.294802652582722,6.4732129528003
Hap Seng Plantations Holdings Bhd,HSPLANT,2023-12-31,0,9.64351,7.56918,7.08832,8.779,11.029,-0.21929,0.340118054269556,6.35018432535116
Hap Seng Plantations Holdings Bhd,HSPLANT,2024-12-31,0,12.70844,10.48324,9.74629,3.77,4.71,-0.22973,0.275533643110215,5.75541742735679
Hap Seng Plantations Holdings Bhd,HSPLANT,2025-12-31,0,12.8923,10.43694,9.21138,8.15,10.089,-0.25873,0.29961672291422,6.94268423424536
Hap Seng Plantations Holdings Bhd,HSPLANT,2026-12-31,0,10.96284,9.12789,8.89964,4.769,5.9,-0.29316,0.26847143636054,6.82446828698374
HSS Holdings Bhd,HSSBAKERY,2022-12-31,0,1.1135,1.02817,0.17139,,,0.44117,,
HSS Holdings Bhd,HSSBAKERY,2023-12-31,0,0.90073,0.79388,0.14326,,,0.63713,1.66967831549705,
HSS Holdings Bhd,HSSBAKERY,2024-12-31,0,1.02845,0.90651,0.21307,,,0.44742,1.53094453203383,
HSS Holdings Bhd,HSSBAKERY,2025-12-31,0,1.14819,0.91471,0.22662,,,0.35427,1.26601894093776,
HSS Engineers Bhd,HSSEB,2022-12-31,0,1.96112,,0.0754,3.31,5.37,0.09095,0.449718821274105,2.95251162222693
HSS Engineers Bhd,HSSEB,2023-12-31,0,1.55843,,0.07887,3.91,6.41,0.09906,0.482250817421627,2.80992098456835
HSS Engineers Bhd,HSSEB,2024-12-31,0,1.76985,,0.0192,5.2,8.099,0.0844,0.480414460181726,6.40015047183326
HSS Engineers Bhd,HSSEB,2025-12-31,0,1.97313,,0.01902,6.288,7.429,0.08057,0.506687120548445,7.03540302404248
HSS Engineers Bhd,HSSEB,2026-12-31,0,1.81092,,0.01731,3.08,4.639,0.13872,0.499871402995236,3.8008567039391
HeiTech Padu Bhd,HTPADU,2021-12-31,0,,,,8.866,13.294,,,
HeiTech Padu Bhd,HTPADU,2022-12-31,0,,,,5.1044,6.8855,,,
HeiTech Padu Bhd,HTPADU,2023-12-31,0,,,,6.08,7.875,,,
HeiTech Padu Bhd,HTPADU,2024-12-31,0,,,,3.123,3.217,,,
HeiTech Padu Bhd,HTPADU,2025-12-31,0,1.96263,1.9521,0.19,,,-0.02379,1.15211853997233,5.71922539312888
Hua Yang Bhd,HUAYANG,2023-03-31,0,1.22744,0.57741,0.0218,,0.176,0.35206,0.129466834666164,0.986333853237622
Hua Yang Bhd,HUAYANG,2024-03-31,0,1.18022,0.66297,0.01675,,,0.32159,0.136078201883967,0.872100700460383
Hua Yang Bhd,HUAYANG,2025-03-31,0,1.08214,0.55856,0.03573,,,0.2675,0.235660764221057,1.05368034713798
Hua Yang Bhd,HUAYANG,2026-03-31,0,1.02482,0.42151,0.03317,,,0.27069,0.123830915025376,0.91659179029038
Hua Yang Bhd,HUAYANG,2027-03-31,0,1.25548,0.27432,0.07778,,,0.32596,0.074502657988888,0.945628263238714
Hubline Bhd,HUBLINE,2021-09-30,0,0.56211,0.46872,0.10359,6.88,10.72,0.23201,0.487750614251762,-0.599858062710303
Hubline Bhd,HUBLINE,2022-09-30,0,0.56608,0.42496,0.09336,9.482,14.7717,0.23031,0.700544304589431,-0.306400648672065
Hubline Bhd,HUBLINE,2023-09-30,0,0.71677,0.60312,0.11769,5.1667,6.6488,0.19544,0.638403902462894,-0.08717572261738
Hubline Bhd,HUBLINE,2024-09-30,0,0.84807,0.70927,0.13623,6.0651,8.4039,0.13647,0.558805606982473,1.36934258031163
Hubline Bhd,HUBLINE,2025-09-30,0,0.67023,0.55704,0.08596,4.078,4.57,0.27736,0.454452274921568,-0.867532586014865
Hume Cement Industries Bhd,HUMEIND,2022-06-30,0,0.39486,0.19432,0.07881,,,0.57507,0.478961501901141,-1.41430537358719
Hume Cement Industries Bhd,HUMEIND,2023-06-30,0,0.53168,0.24978,0.02471,,,0.56587,0.579438402618491,-1.32904266543186
Hume Cement Industries Bhd,HUMEIND,2024-06-30,0,0.45032,0.2258,0.06962,,,0.4932,0.816687863266032,-0.555412104234945
Hume Cement Industries Bhd,HUMEIND,2025-06-30,0,1.10775,0.68337,0.29953,17.52,47.45,0.22199,1.00086822820409,5.6501079216837
Hume Cement Industries Bhd,HUMEIND,2026-06-30,0,2.1202,1.62265,0.43826,,34.0,-0.09792,0.912920067965225,7.17414057996866
Hup Seng Industries Bhd,HUPSENG,2022-12-31,0,2.08569,1.62236,1.07824,12.5,19.539,-0.46632,1.35723866125529,14.6812903624945
Hup Seng Industries Bhd,HUPSENG,2023-12-31,0,2.0547,1.59323,0.96237,12.419,18.62,-0.43752,1.51524932858485,12.3224122259503
Hup Seng Industries Bhd,HUPSENG,2024-12-31,0,2.2654,1.83465,1.29405,,29.73,-0.5555,1.58276060552304,13.7132511857134
Hup Seng Industries Bhd,HUPSENG,2025-12-31,0,2.01106,1.60942,1.04666,,35.35,-0.50206,1.61470834687137,16.7715260536808
Hup Seng Industries Bhd,HUPSENG,2026-12-31,0,2.1097,1.63752,1.10516,,,-0.50084,1.57876857065609,15.1034573809037
Hwa Tai Industries Bhd,HWATAI,2021-12-31,0,1.03518,0.78402,0.27398,-10.764,-41.263,0.28034,1.12473001315225,0.856520878548197
Hwa Tai Industries Bhd,HWATAI,2022-12-31,0,0.9448,0.69809,0.11747,-24.8285,-80.954,0.51158,1.0956285408033,-0.569534702498802
Hwa Tai Industries Bhd,HWATAI,2023-12-31,0,0.96986,0.7612,0.1389,5.166,14.315,0.3963,0.95445188355517,-0.655207975217758
Hwa Tai Industries Bhd,HWATAI,2024-12-31,0,1.01967,0.8173,0.12761,,,0.37981,0.990028432502677,0.248993132665295
Hwa Tai Industries Bhd,HWATAI,2025-12-31,0,1.06127,0.82463,0.13365,,,0.36934,1.02193880719351,0.421535862004594
Ho Wah Genting Bhd,HWGB,2021-12-31,0,1.47755,0.33078,0.14541,-18.479,-48.785,0.18709,,
Ho Wah Genting Bhd,HWGB,2022-12-31,0,,,,-13.783,-48.358,,,
Ho Wah Genting Bhd,HWGB,2023-12-31,0,2.94954,0.75272,0.38085,-5.312,-22.697,-0.02508,,
Ho Wah Genting Bhd,HWGB,2024-12-31,0,2.27795,1.05555,0.30679,2.97,1.958,0.06229,2.41197780798765,
Ho Wah Genting Bhd,HWGB,2025-12-31,0,2.81629,1.05322,0.53434,,,0.03242,2.03619858539442,
Insights Analytics Bhd,IAB,2023-04-30,0,1.70216,1.68922,0.11695,,,0.07123,,
Insights Analytics Bhd,IAB,2024-04-30,0,1.55837,1.50578,0.07518,,,0.26068,1.1202217441668,
Insights Analytics Bhd,IAB,2025-04-30,0,1.98075,1.97797,0.30159,,,-0.18853,0.749480993208928,
Insights Analytics Bhd,IAB,2026-04-30,0,2.44601,2.4224,0.44464,,,-0.2193,0.912968310312483,
Insights Analytics Bhd,IAB,2027-04-30,0,2.03176,2.02698,0.27681,,,-0.24468,1.14168331635286,14.0931482294363
I-Bhd,IBHD,2022-12-31,0,1.40248,0.16934,0.03633,,,0.20611,0.041848995838526,2.1870411629691
I-Bhd,IBHD,2023-12-31,0,1.91737,0.18556,0.04355,,,0.19752,0.062523929906836,2.84745029539861
I-Bhd,IBHD,2024-12-31,0,2.12531,0.24517,0.07324,,,0.18769,0.093608917023916,2.89668871575416
I-Bhd,IBHD,2025-12-31,0,2.32919,0.21338,0.08341,,,0.1729,0.119873066436173,3.20564705661644
I-Bhd,IBHD,2026-12-31,0,2.51944,0.40227,0.19386,,,0.14038,0.168497720971759,3.58994043773249
Ibraco Bhd,IBRACO,2022-12-31,0,2.26149,0.9501,0.2176,2.98,5.6,0.22824,0.350547368204003,4.53709933489932
Ibraco Bhd,IBRACO,2023-12-31,0,2.21602,0.74281,0.21724,,7.033,0.22386,0.347293173687173,4.63425863247656
Ibraco Bhd,IBRACO,2024-12-31,0,1.81582,0.73437,0.19426,5.29,9.9,0.26601,0.450222119002316,4.24785565269972
Ibraco Bhd,IBRACO,2025-12-31,0,1.50579,0.70069,0.10464,4.36,9.82,0.37397,0.507867286135206,3.60244735170848
Ibraco Bhd,IBRACO,2026-12-31,0,1.39124,0.60439,0.11259,5.269,13.47,0.37207,0.560579716249814,3.25484362747628
IcapitalBiz Bhd,ICAP,2022-05-31,0,112.28216,,8.28493,,,-0.3638,0.016247629604779,
IcapitalBiz Bhd,ICAP,2023-05-31,0,272.9996,,34.73873,,,-0.30606,0.024461154757897,
IcapitalBiz Bhd,ICAP,2024-05-31,0,157.86345,,27.92042,,,-0.1454,0.027143999696588,
IcapitalBiz Bhd,ICAP,2025-05-31,0,204.28307,,21.66767,,,-0.25793,0.02586658303471,
IcapitalBiz Bhd,ICAP,2026-05-31,0,131.88479,,14.85524,,,-0.14316,0.023327822662598,579.831704596794
iCents Group Holdings Bhd,ICENTS,2022-06-30,0,1.31076,1.28609,0.44249,,,-0.11701,,
iCents Group Holdings Bhd,ICENTS,2023-06-30,0,1.2638,1.24047,0.13926,,,0.25688,2.69636252692926,
iCents Group Holdings Bhd,ICENTS,2024-06-30,0,1.50784,1.47535,0.7168,,,-0.08028,1.66278267140576,
iCents Group Holdings Bhd,ICENTS,2025-06-30,0,1.51267,1.48547,0.12033,,,0.29759,1.57171294780692,
Iconic Worldwide Bhd,ICONIC,2021-06-30,0,5.10658,2.20942,1.77581,1.2013,1.3137,-0.11564,0.308185561969951,
Iconic Worldwide Bhd,ICONIC,2022-06-30,0,2.099,0.7996,0.35961,2.2979,2.4667,0.25501,0.399157268835712,
Iconic Worldwide Bhd,ICONIC,2023-06-30,0,1.65854,0.65465,0.36895,-1.2662,-1.392,0.31288,0.267497558766723,
Iconic Worldwide Bhd,ICONIC,2024-06-30,0,,,,-4.066,-4.559,,,
Iconic Worldwide Bhd,ICONIC,2025-06-30,0,1.93771,0.75153,0.48572,,,0.2642,,
ICT Zone Asia Bhd,ICTZONE,2023-01-31,0,1.56897,1.50378,0.68371,,,0.20825,0.750179184815704,5.80309038317953
ICT Zone Asia Bhd,ICTZONE,2024-01-31,0,1.09054,1.06844,0.32194,,,0.37086,0.825113763131829,
ICT Zone Asia Bhd,ICTZONE,2025-01-31,0,0.72508,0.71658,0.14946,,,0.52696,0.769361444854559,
ICT Zone Asia Bhd,ICTZONE,2026-01-31,0,0.5314,0.52667,0.14611,,,0.51576,0.596832329053202,
ICT Zone Asia Bhd,ICTZONE,2027-01-31,0,0.74023,0.71443,0.25195,5.5,,0.38128,0.70317195257363,
IDB Technologies Bhd,IDBTECH,2021-06-30,0,4.03081,3.97577,0.57334,,,-0.62909,0.793973090405234,37.8804294401579
IDB Technologies Bhd,IDBTECH,2022-06-30,0,3.33562,3.29527,1.12092,,,-0.63606,0.728744678271953,26.6972916057205
IDB Technologies Bhd,IDBTECH,2023-06-30,0,4.02559,3.92449,0.30302,,,-0.76991,0.972313328752986,61.922842062791
IDB Technologies Bhd,IDBTECH,2024-06-30,0,4.59664,4.55265,0.88739,,,-0.80851,1.12134272787968,61.597192767829
IDB Technologies Bhd,IDBTECH,2025-06-30,0,3.41811,3.40599,0.75659,,,-0.79583,1.24907933282539,33.9201203531789
Ideal Capital Bhd,IDEAL,2021-12-31,0,1.7695,0.84638,0.06158,,,0.06359,0.412312527866448,3.76650733613827
Ideal Capital Bhd,IDEAL,2022-12-31,0,1.8984,0.9197,0.03461,,,0.07627,0.35408291083353,4.41326220090044
Ideal Capital Bhd,IDEAL,2023-12-31,0,2.22798,0.56456,0.03005,,,0.33925,0.355354469783364,4.98125940907233
Ideal Capital Bhd,IDEAL,2024-12-31,0,2.30348,0.57881,0.02895,,,0.29404,0.531230585107603,6.07281878511811
Ideal Capital Bhd,IDEAL,2025-12-31,0,2.82479,0.92038,0.0254,,,0.28087,0.649383812205834,6.98957665912289
IFCA MSC Bhd,IFCAMSC,2021-12-31,0,3.55358,,1.15322,27.24,35.448,-0.63553,0.51863959287599,10.3596525059661
IFCA MSC Bhd,IFCAMSC,2022-12-31,0,3.09276,,1.06201,20.488,33.486,-0.61332,0.487712296496108,8.9229320129844
IFCA MSC Bhd,IFCAMSC,2023-12-31,0,3.01157,,0.90897,0.4,0.522,-0.63071,0.512710037059362,8.87559248115645
IFCA MSC Bhd,IFCAMSC,2024-12-31,0,2.75525,2.75501,0.66203,7.106,9.23,-0.60359,0.660062004094625,14.6821361795308
IFCA MSC Bhd,IFCAMSC,2025-12-31,0,3.00263,3.00236,0.96167,,,-0.56873,0.564577644937962,8.37707643727537
Igb Bhd,IGBB,2022-12-31,0,1.01419,0.76132,0.1919,1.83,4.3,0.33398,0.105074296569085,1.36581074638835
Igb Bhd,IGBB,2023-12-31,0,2.93218,2.25952,0.4242,1.763,4.19,0.33911,0.143097890296013,2.65370303167551
Igb Bhd,IGBB,2024-12-31,0,1.19141,0.85508,0.32185,,,0.29659,0.181027684114409,2.13949166764585
Igb Bhd,IGBB,2025-12-31,0,2.64031,1.93286,0.38535,,,0.27077,0.191035703828736,3.15048326993532
Igb Bhd,IGBB,2026-12-31,0,3.08795,2.39473,0.91135,,,0.21092,0.214427437681464,4.03286960878181
IGB Commercial Real Estate Investment Trust,IGBCR,2022-12-31,0,0.7593,,0.72186,0.676,0.957,0.24063,,
IGB Commercial Real Estate Investment Trust,IGBCR,2023-12-31,0,0.88769,,0.85944,1.923,2.744,0.2329,0.058067011562755,1.50195858854588
IGB Commercial Real Estate Investment Trust,IGBCR,2024-12-31,0,0.89072,,0.84887,1.98,2.84,0.23015,0.06539645118618,1.35915100989687
IGB Commercial Real Estate Investment Trust,IGBCR,2025-12-31,0,0.83428,,0.72454,,,0.23808,0.070251211531923,1.55701750891637
IGB Commercial Real Estate Investment Trust,IGBCR,2026-12-31,0,0.57687,,0.52347,2.879,4.139,0.24647,0.078443144771013,1.65376917313847
IGB Real Estate Investment Trust,IGBREIT,2022-12-31,0,0.18934,,0.1561,3.829,5.263,0.19758,0.076435262034225,2.76012373408585
IGB Real Estate Investment Trust,IGBREIT,2023-12-31,0,1.19543,,1.04413,7.509,10.32,0.18801,0.105474550553273,4.44015920496068
IGB Real Estate Investment Trust,IGBREIT,2024-12-31,0,1.17819,,1.01888,9.566,13.09,0.17912,0.111676663471459,4.68882476865203
IGB Real Estate Investment Trust,IGBREIT,2025-12-31,0,1.05939,,0.90209,10.31,13.98,0.17487,0.111343890538875,5.79954593962118
IGB Real Estate Investment Trust,IGBREIT,2026-12-31,0,1.48125,,1.16889,9.109,12.55,0.22806,0.097253729021024,5.52924697983655
Infraharta Holdings Bhd,IHB,2021-06-30,0,3.57777,,0.22592,,,-0.0332,0.32850000810479,4.69695643313212
Infraharta Holdings Bhd,IHB,2022-06-30,0,2.65806,2.14518,0.22856,,,-0.03463,0.069546693761268,1.0344471531275
Infraharta Holdings Bhd,IHB,2023-06-30,0,2.06654,1.48999,0.05416,,,0.02985,0.315196120913878,-1.28501469813943
Infraharta Holdings Bhd,IHB,2024-06-30,0,1.73604,1.21726,0.04575,,,0.01502,0.643052293132376,-0.772696674486317
Infraharta Holdings Bhd,IHB,2025-06-30,0,,,,,7.182,,,
IHH Healthcare Bhd,IHH,2022-12-31,0,1.41059,1.32316,0.82947,3.542,7.222,0.14457,0.380517577031249,4.58770306477037
IHH Healthcare Bhd,IHH,2023-12-31,0,1.14102,1.05892,0.50462,2.938,5.68,0.17306,0.382828613187997,3.65068249517754
IHH Healthcare Bhd,IHH,2024-12-31,0,0.90024,0.80376,0.31897,2.589,4.629,0.17415,0.424384997039367,3.84591471737112
IHH Healthcare Bhd,IHH,2025-12-31,0,0.71752,0.63805,0.15769,3.149,5.689,0.25594,0.455965133992002,3.48113050854969
IHH Healthcare Bhd,IHH,2026-12-31,0,0.58425,0.51413,0.13999,3.18,6.019,0.26696,0.450181856333497,3.7543111792936
IJM Corporation Bhd,IJM,2023-03-31,0,2.70881,1.16638,0.40204,3.569,7.98,0.1436,0.198163110868426,3.88102210135014
IJM Corporation Bhd,IJM,2024-03-31,0,2.46511,1.07521,0.37544,0.76,1.6,0.15882,0.220240556459761,3.8064865544186
IJM Corporation Bhd,IJM,2025-03-31,0,2.41349,1.15777,0.3743,2.87,5.985,0.15777,0.283021355323271,4.17892985053493
IJM Corporation Bhd,IJM,2026-03-31,0,2.24246,1.07417,0.34164,2.149,3.94,0.18497,0.290218832905099,3.8658714701433
IJM Corporation Bhd,IJM,2027-03-31,0,1.73173,0.78074,0.27889,0.01,0.03,0.23829,0.307641177114317,3.02701454983804
Imaspro Corporation Bhd,IMASPRO,2022-06-30,0,24.45508,19.39208,10.79172,,,-0.27211,0.424372313261903,31.0484461971155
Imaspro Corporation Bhd,IMASPRO,2023-06-30,0,33.66279,24.38807,15.38191,,,-0.26967,0.577532118383609,64.2264877628582
Imaspro Corporation Bhd,IMASPRO,2024-06-30,0,9.0324,7.41294,5.18496,,,-0.38165,0.371176742982653,40.8109723930541
Imaspro Corporation Bhd,IMASPRO,2025-06-30,0,20.61116,16.5508,9.95153,,,-0.4083,0.378278017888639,18.8751977025419
Imaspro Corporation Bhd,IMASPRO,2026-06-30,0,9.51263,7.5893,5.29612,,,-0.24078,0.388247847670971,12.7358999748184
Inari Amertron Bhd,INARI,2022-06-30,0,3.10303,2.73376,0.67908,18.777,23.877,-0.65308,0.870004771098409,30.670249990922
Inari Amertron Bhd,INARI,2023-06-30,0,6.72339,6.30898,0.90124,16.579,20.16,-0.7743,0.656620453492182,33.1478632444542
Inari Amertron Bhd,INARI,2024-06-30,0,7.35752,6.80475,0.80087,11.04,12.669,-0.69258,0.462015437218673,35.6642117721489
Inari Amertron Bhd,INARI,2025-06-30,0,7.88244,7.36242,1.11263,9.21,11.126,-0.70326,0.453543747103529,44.0564067271008
Inari Amertron Bhd,INARI,2026-06-30,0,9.31009,8.67659,1.37697,7.509,9.4,-0.68492,0.388754521422896,31.2532456468803
Inch Kenneth Kajang Rubber PLC,INCKEN,2021-12-31,0,28.59349,27.59536,1.95083,,,-0.00808,0.047110038578015,3.12079534693443
Inch Kenneth Kajang Rubber PLC,INCKEN,2022-12-31,0,20.68634,20.23828,1.01736,,,-0.00571,0.03086944229237,2.89915804096229
Inch Kenneth Kajang Rubber PLC,INCKEN,2023-12-31,0,10.02384,9.71927,0.22075,,,0.00018,0.025707982130378,2.59647798007827
Inch Kenneth Kajang Rubber PLC,INCKEN,2024-12-31,0,7.50281,7.41674,0.08404,,,0.00093,0.026023491579085,2.44932314527076
Inch Kenneth Kajang Rubber PLC,INCKEN,2025-12-31,0,3.33908,3.30841,0.1545,,,-0.00666,0.020780561831086,1.9631866313192
Infomina Bhd,INFOM,2023-05-31,0,1.39245,,,,,-0.92597,1.48717042732264,
Infomina Bhd,INFOM,2024-05-31,0,1.27861,,,17.747,52.84,-1.56066,1.63595533044486,
Infomina Bhd,INFOM,2025-05-31,0,1.74921,,,,25.7,-0.65642,1.16469958054384,11.4424586260948
Infomina Bhd,INFOM,2026-05-31,0,2.22244,,0.50117,,,-0.33795,0.857072648910253,13.2480595728279
Infomina Bhd,INFOM,2027-05-31,0,2.13586,,0.4147,,,-0.31076,0.722427892835465,8.71027313460191
Infoline Tec Group Bhd,INFOTEC,2022-03-31,0,3.24336,3.22409,1.33979,,,-0.74242,1.45307107662231,23.3610834539345
Infoline Tec Group Bhd,INFOTEC,2023-03-31,0,3.69207,3.64281,0.52791,,,-0.31151,0.967255661341509,20.5845409846885
Infoline Tec Group Bhd,INFOTEC,2026-03-31,0,2.97179,2.89331,0.70628,18.8,26.399,-0.34903,,
InNature Bhd,INNATURE,2022-12-31,0,3.38816,2.14146,0.402,8.8,10.619,-0.19942,0.709163432282203,
InNature Bhd,INNATURE,2023-12-31,0,4.38346,3.05491,0.81143,11.667,14.572,-0.22492,0.816418204074495,
InNature Bhd,INNATURE,2024-12-31,0,3.36221,1.95762,0.66052,5.65,7.139,-0.09914,0.727874654417539,
InNature Bhd,INNATURE,2025-12-31,0,2.688,1.77804,0.83082,,,-0.13938,0.728902767086549,
InNature Bhd,INNATURE,2026-12-31,0,1.52455,0.83406,0.38128,,,-0.00423,0.720391864989943,
Innoprise Plantations Bhd,INNO,2022-12-31,0,2.68245,1.76824,1.51147,,,-0.10002,0.560209349006391,9.87468806340798
Innoprise Plantations Bhd,INNO,2023-12-31,0,1.38328,0.82395,0.67681,,27.135,-0.06643,0.655247860367172,10.309321799378
Innoprise Plantations Bhd,INNO,2024-12-31,0,1.4649,0.953,0.61121,,17.53,-0.04846,0.555606357427902,8.81993140158976
Innoprise Plantations Bhd,INNO,2025-12-31,0,2.04675,1.5055,0.51248,,,-0.11886,0.660178361602829,11.1616486449648
Innoprise Plantations Bhd,INNO,2026-12-31,0,1.39076,0.82506,0.6019,,,-0.05058,0.642283025408294,12.1401425698093
Insas Bhd,INSAS,2022-06-30,0,5.2722,5.20503,1.24807,,,-0.31219,0.12066087669843,6.75920477909999
Insas Bhd,INSAS,2023-06-30,0,5.36323,5.29448,0.91968,,,-0.28962,0.083539890517775,6.69889688255219
Insas Bhd,INSAS,2024-06-30,0,5.97984,5.86992,0.31491,,,-0.3023,0.075656905954071,6.54194962032765
Insas Bhd,INSAS,2025-06-30,0,6.48018,6.38205,0.5653,,,-0.35687,0.082203604118863,7.09651138946811
Insas Bhd,INSAS,2026-06-30,0,4.49857,4.43453,0.372,,,-0.31992,0.065338830423772,6.55595254231879
Inspace Creation Bhd,INSPACE,2022-11-30,0,1.46576,1.44732,0.46009,,,-0.03142,,
Inspace Creation Bhd,INSPACE,2023-11-30,0,1.22222,1.21659,0.47159,,,-0.13774,1.77672893539441,
Inspace Creation Bhd,INSPACE,2024-11-30,0,1.30786,1.30786,0.24255,,,0.05575,1.79273251060964,
Inspace Creation Bhd,INSPACE,2025-11-30,0,2.01552,2.01552,0.65447,,,-0.2079,1.92737615103752,
Inta Bina Group Bhd,INTA,2022-12-31,0,1.39255,,0.05686,3.31,8.289,-0.07885,0.928610303223202,3.1250968012484
Inta Bina Group Bhd,INTA,2023-12-31,0,1.32941,,0.11657,2.341,6.353,0.0527,1.14973898446239,2.70409055356817
Inta Bina Group Bhd,INTA,2024-12-31,0,1.36856,1.31571,0.14852,4.889,14.24,-0.14849,1.3906202495267,3.09383919313571
Inta Bina Group Bhd,INTA,2025-12-31,0,1.34596,1.30691,0.13251,5.83,18.239,-0.00764,1.22166965539962,3.29802584129037
Inta Bina Group Bhd,INTA,2026-12-31,0,1.37168,1.33263,0.12234,5.99,18.149,0.05538,1.12243878159845,3.24610618256018
IOI Corporation Bhd,IOICORP,2022-06-30,0,1.05959,0.79054,0.11635,7.96,14.16,0.18536,0.654410203767088,5.8290612380347
IOI Corporation Bhd,IOICORP,2023-06-30,0,1.78041,1.33706,0.32503,9.369,16.471,0.14902,0.846128151859546,7.07204451086755
IOI Corporation Bhd,IOICORP,2024-06-30,0,2.9402,2.24858,0.61086,6.059,10.0,0.09799,0.630416030607053,7.8556428007497
IOI Corporation Bhd,IOICORP,2025-06-30,0,3.15321,2.34628,0.47419,6.246,9.643,0.09572,0.540680833574953,7.82234668076094
IOI Corporation Bhd,IOICORP,2026-06-30,0,2.89169,1.99417,0.36255,6.889,10.359,0.10077,0.628432978773539,8.26588952955603
IOI Properties Group Bhd,IOIPG,2022-06-30,0,3.11256,1.08884,0.57074,1.99,3.419,0.29821,0.075279298013818,1.68545903757996
IOI Properties Group Bhd,IOIPG,2023-06-30,0,0.46779,0.22374,0.0745,1.879,3.433,0.38655,0.071031953083787,-0.688017438519088
IOI Properties Group Bhd,IOIPG,2024-06-30,0,0.65636,0.20123,0.10613,3.39,6.519,0.37601,0.063149348372187,-0.133990504589963
IOI Properties Group Bhd,IOIPG,2025-06-30,0,4.94502,1.42742,0.94183,4.65,8.88,0.39009,0.066316530605786,2.48452869395696
IOI Properties Group Bhd,IOIPG,2026-06-30,0,2.40276,0.74768,0.42308,2.29,4.379,0.38779,0.065890058286457,2.02437767077454
IQ Group Holdings Bhd,IQGROUP,2023-03-31,0,5.12815,2.60831,0.55862,,,-0.18317,0.810521289018673,7.30656124401211
IQ Group Holdings Bhd,IQGROUP,2024-03-31,0,5.62609,3.75004,1.22516,,,-0.32867,0.88646839358873,8.34581926566116
IQ Group Holdings Bhd,IQGROUP,2025-03-31,0,6.07548,4.54045,1.11402,,,-0.35477,0.81843609769928,8.63706230639173
IQ Group Holdings Bhd,IQGROUP,2026-03-31,0,6.20983,4.86426,1.29625,,,-0.40312,0.716226034047316,7.68779995997943
IQ Group Holdings Bhd,IQGROUP,2027-03-31,0,6.29839,4.91545,1.71222,,,-0.4649,0.717467061548504,6.75405986826188
Ireka Corporation Bhd,IREKA,2022-06-30,1,0.613,,,-0.4358,1.1979,,,
Ireka Corporation Bhd,IREKA,2023-06-30,1,0.692,,,0.3597,-1.4972,,,
Ireka Corporation Bhd,IREKA,2024-06-30,1,0.46,,,-0.3262,0.531,,,
Ireka Corporation Bhd,IREKA,2025-06-30,1,0.501,,,-0.1355,0.1441,,,
Ireka Corporation Bhd,IREKA,2025-12-31,1,0.495,,,-0.0868,0.0905,,,
IRIS Group Bhd,IRIS,2023-03-31,0,1.64642,1.53838,0.19936,,,-0.30129,0.433729812847416,2.88586842353485
IRIS Group Bhd,IRIS,2024-03-31,0,1.91031,1.73495,0.09993,,,-0.25991,0.672504908306001,2.35748837990871
IRIS Group Bhd,IRIS,2025-03-31,0,1.83988,1.71978,0.2534,,,-0.41607,0.639388295535405,4.54237176563788
IRIS Group Bhd,IRIS,2026-03-31,0,2.09949,2.01834,0.28894,,,-0.42718,0.357978676877922,5.26827751179241
IRIS Group Bhd,IRIS,2027-03-31,0,2.10231,1.98453,0.89648,,,-0.48335,0.280726370400013,2.91727779428506
ISF Group Bhd,ISF,2023-12-31,0,1.13541,,0.05333,,,-0.01006,,
ISF Group Bhd,ISF,2024-12-31,0,1.23556,,0.07433,,,-0.2963,1.06797810927856,
ISF Group Bhd,ISF,2025-12-31,0,1.30017,,0.05424,,,-0.32084,1.20467390740166,
ISF Group Bhd,ISF,2026-12-31,0,1.56627,,0.03064,,,-0.34674,1.61210799282998,
ITMAX System Bhd,ITMAX,2022-12-31,0,1.30872,1.09102,0.2648,,,0.3651,0.585288354993286,
ITMAX System Bhd,ITMAX,2023-12-31,0,6.49406,6.28219,1.36693,14.625,23.89,-0.38287,0.386584267233613,19.7549823215993
ITMAX System Bhd,ITMAX,2024-12-31,0,6.64899,6.24832,2.84688,15.25,20.089,-0.40214,0.360723611357127,26.2277135470463
ITMAX System Bhd,ITMAX,2025-12-31,0,4.52328,4.24164,0.80103,16.98,21.579,-0.27183,0.466714843062917,43.8227124340281
ITMAX System Bhd,ITMAX,2026-12-31,0,3.55451,3.33048,0.66618,16.57,20.809,-0.16086,0.438604140267937,49.5739339500242
Iskandar Waterfront City Bhd,IWCITY,2021-12-31,0,3.44658,0.4908,0.00313,2.103,3.1,0.13685,0.011509690141187,4.59174604676176
Iskandar Waterfront City Bhd,IWCITY,2022-12-31,0,4.41198,0.61049,0.01753,-3.7999,-5.5124,0.12821,0.061330623110976,5.09309500832295
Iskandar Waterfront City Bhd,IWCITY,2023-12-31,0,3.23752,0.92512,0.04857,-0.0091,-0.0548,0.10564,0.071926159628257,3.44312060289829
Iskandar Waterfront City Bhd,IWCITY,2024-12-31,0,1.47999,0.41942,0.05481,0.2142,0.264,0.07569,0.072068045732126,1.79116722932894
Iskandar Waterfront City Bhd,IWCITY,2025-12-31,0,1.45609,0.40518,0.06619,,,0.07293,0.032046165490056,1.20718040861151
Jadi Imaging Holdings Bhd,JADI,2022-03-31,0,5.92824,2.87423,0.98917,,,0.07138,0.294128202370738,3.97158658460985
Jadi Imaging Holdings Bhd,JADI,2023-03-31,0,3.19795,1.29622,0.33758,,,0.04379,0.245410573392524,2.45432295148037
Jadi Imaging Holdings Bhd,JADI,2024-03-31,0,3.08196,2.00878,0.33912,,,0.02062,0.237092311562303,0.856413646521033
Jadi Imaging Holdings Bhd,JADI,2025-03-31,0,34.48306,33.57685,5.81824,,,-0.90607,0.083278035340242,26.65234385277
Jadi Imaging Holdings Bhd,JADI,2026-03-31,0,2.33477,1.62137,0.45522,,,-0.02273,0.074215318331741,37.0200916142272
JAG Bhd,JAG,2021-12-31,0,6.09332,2.55118,1.47538,-18.12,-20.27,-0.04363,0.896566763119864,7.50831099041569
JAG Bhd,JAG,2022-12-31,0,4.26359,1.84593,0.44257,-35.7134,-40.291,-0.00178,0.956488755745548,7.15366848143575
JAG Bhd,JAG,2023-12-31,0,2.22111,0.80517,0.08399,-22.5732,-25.5245,0.17492,0.715306047983276,3.52124945191515
JAG Bhd,JAG,2024-12-31,0,2.49283,0.83325,0.10158,-25.496,-29.238,0.18167,0.749243564655685,4.78398917816628
JAG Bhd,JAG,2025-12-31,0,1.57603,0.38576,0.06592,,,0.20624,0.721249164091554,2.77211665985099
Jagasolution Bhd,JAGAAPP,2021-06-30,0,1.76323,1.66767,0.20861,,,-0.49828,0.732712160323742,8.0448447394504
Jagasolution Bhd,JAGAAPP,2022-06-30,0,1.18301,1.12675,0.25986,,,-0.57245,0.90200948675536,9.89898191103909
Jagasolution Bhd,JAGAAPP,2025-06-30,0,0.91904,0.89693,0.23773,,,-1.95458,,
JAG Capital Bhd,JAGCPTL,2021-06-30,0,,,,-1.6587,-7.157,,,
JAG Capital Bhd,JAGCPTL,2022-06-30,0,3.76382,3.71873,1.55861,-0.7997,-4.3148,-0.6295,,
JAG Capital Bhd,JAGCPTL,2023-06-30,0,4.64031,4.60584,0.28866,-3.1252,-9.4391,-0.66847,0.752703187474885,7.36274405484598
JAG Capital Bhd,JAGCPTL,2024-06-30,0,3.8363,3.63947,,-4.539,-10.958,-0.51047,0.732294005011237,6.33889404208952
JAG Capital Bhd,JAGCPTL,2025-06-30,0,4.33703,4.10005,,,,-0.55452,0.844729184261975,6.80495843198924
JAKS Resources Bhd,JAKS,2022-12-31,0,1.2239,1.22306,0.14652,2.4,4.169,0.13903,0.050139500917281,1.12096705076329
JAKS Resources Bhd,JAKS,2023-12-31,0,1.20732,1.2065,0.06838,2.34,3.89,0.22571,0.04147608470408,0.694356708405672
JAKS Resources Bhd,JAKS,2024-12-31,0,1.0804,1.07952,0.05871,,,0.23028,0.016592202861124,0.52086474867961
JAKS Resources Bhd,JAKS,2025-12-31,0,1.03367,1.03269,0.08382,,,0.20335,0.021442049570103,0.588048195311105
JAKS Resources Bhd,JAKS,2026-12-31,0,1.00141,1.00022,0.03532,,,0.22091,0.023259134397907,0.679507966161471
Jasa Kita Bhd,JASKITA,2022-03-31,0,20.23335,16.60579,2.55193,3.4514,3.8921,-0.44911,0.316009601518686,17.5766724216918
Jasa Kita Bhd,JASKITA,2023-03-31,0,34.47685,28.79314,4.11853,2.5967,2.9595,-0.46255,0.340268811290404,36.2529195487638
Jasa Kita Bhd,JASKITA,2024-03-31,0,12.89665,11.08801,1.04742,5.1469,5.644,-0.46278,0.275275965815957,14.9306735394805
Jasa Kita Bhd,JASKITA,2025-03-31,0,39.09735,35.98733,4.04936,,,-0.70531,0.284785343721352,58.2701149413028
Jasa Kita Bhd,JASKITA,2026-03-31,0,41.10282,36.57133,5.19479,,,-0.62357,0.272721450208268,77.9346257585666
Jaycorp Bhd,JAYCORP,2022-07-31,0,2.94739,2.03924,0.91921,,,-0.1393,1.34846936729265,8.21635233274577
Jaycorp Bhd,JAYCORP,2023-07-31,0,2.61015,1.98393,0.92459,,11.792,-0.15161,1.12656856349987,6.71478841612475
Jaycorp Bhd,JAYCORP,2024-07-31,0,3.59587,3.069,1.74595,,10.639,-0.32952,0.839780567809071,8.98819158147779
Jaycorp Bhd,JAYCORP,2025-07-31,0,3.31822,2.79457,1.63828,,,-0.34253,0.772760064629859,8.72325842612592
Jaycorp Bhd,JAYCORP,2026-07-31,0,3.11455,2.55334,1.31139,,,-0.27607,0.668199114827457,6.81299825723812
JcbNext Bhd,JCBNEXT,2021-12-31,0,56.16549,,43.18224,,,-0.25594,0.018902226116237,106.43335744153
JcbNext Bhd,JCBNEXT,2022-12-31,0,41.33912,,15.47649,,11.116,-0.1969,0.027327114245542,92.6829628759299
JcbNext Bhd,JCBNEXT,2023-12-31,0,64.03765,,42.87404,,,-0.30242,0.030198022355178,26.6943895529528
JcbNext Bhd,JCBNEXT,2024-12-31,0,63.94816,,51.56354,,,-0.26785,0.037440403273509,27.2554520972654
JcbNext Bhd,JCBNEXT,2025-12-31,0,100.88623,,70.35551,,,-0.32906,0.046979320767964,37.2717263537658
JCY International Bhd,JCY,2022-09-30,0,2.92908,2.06928,1.14044,,,-0.22288,0.91217293813475,5.9562150643446
JCY International Bhd,JCY,2023-09-30,0,3.868,1.81587,0.97021,,,-0.10938,0.787766935597831,5.1063720956135
JCY International Bhd,JCY,2024-09-30,0,4.75909,2.63008,0.95407,,,-0.08029,0.545418247155121,7.01750468476459
JCY International Bhd,JCY,2025-09-30,0,5.09997,3.4034,1.65491,,,-0.19719,0.773342868123526,13.6886238508251
JCY International Bhd,JCY,2026-09-30,0,4.34971,3.13024,1.78327,,,-0.26546,0.63780594286065,10.0006101467804
Kumpulan Jetson Bhd,JETSON,2022-03-31,0,1.30763,0.92889,0.06251,,,0.5339,0.95324120595303,0.633959401851043
Kumpulan Jetson Bhd,JETSON,2025-03-31,0,1.73133,0.63932,0.11183,-2.649,-5.046,0.30013,,
Kumpulan Jetson Bhd,JETSON,2026-03-31,0,,,,0.117,0.242,,,
JF Technology Bhd,JFTECH,2021-06-30,0,23.47071,22.61444,20.02361,,,-0.64706,0.432818960258467,112.972325211177
JF Technology Bhd,JFTECH,2022-06-30,0,10.97804,10.45976,8.96258,,,-0.59141,0.324205679640804,44.6577998494189
JF Technology Bhd,JFTECH,2023-06-30,0,11.50735,10.73756,8.76806,,,-0.49219,0.30504974404854,56.6262958827917
JF Technology Bhd,JFTECH,2024-06-30,0,11.10825,10.12046,8.45344,,,-0.43857,0.277340314973219,57.1429362406169
JF Technology Bhd,JFTECH,2025-06-30,0,8.00454,7.23131,5.78513,,2.905,-0.41901,0.296455921285295,30.5335018899764
JHM Consolidation Bhd,JHM,2022-12-31,0,2.58583,1.87777,0.46666,9.279,14.75,0.10316,0.795805208899869,10.8726124775565
JHM Consolidation Bhd,JHM,2023-12-31,0,2.18902,1.54097,0.4216,5.019,8.109,0.06594,0.788578331610063,6.61042564690709
JHM Consolidation Bhd,JHM,2024-12-31,0,2.77166,1.81145,0.68328,3.02,3.1,-0.02219,0.646985717308096,7.32013822021325
JHM Consolidation Bhd,JHM,2025-12-31,0,2.67483,1.60814,0.709,-5.099,-7.323,-0.0665,0.495865501023135,5.76647275675377
JHM Consolidation Bhd,JHM,2026-12-31,0,1.7759,0.9848,0.31322,-2.02,-3.14,0.10665,0.695591785534146,3.87313609185618
Jiankun International Bhd,JIANKUN,2021-12-31,0,2.84757,1.99532,0.18986,,,-0.07775,0.564168393700502,
Jiankun International Bhd,JIANKUN,2022-12-31,0,4.31059,2.85458,0.79018,,,-0.14696,0.065578468393397,
Jiankun International Bhd,JIANKUN,2025-12-31,0,,,,,-4.926,,,
Jishan Bhd,JISHAN,2021-12-31,0,1.38024,1.02853,0.20384,,,0.47461,0.837296999046754,3.61188026971434
Jishan Bhd,JISHAN,2022-12-31,0,1.44007,0.99904,0.21463,,,0.48639,0.827602064609339,3.40207397500274
Jishan Bhd,JISHAN,2023-12-31,0,1.17882,0.86326,0.08184,,,0.49826,0.733782031645144,3.01305111298696
Jishan Bhd,JISHAN,2024-12-31,0,1.03541,0.72517,0.05477,,,0.53337,0.715673031212937,2.69725911713667
Jishan Bhd,JISHAN,2025-12-31,0,1.17777,0.80665,0.09372,,,0.50978,0.786333655230972,3.18477188974194
JKG Land Bhd,JKGLAND,2023-01-31,0,1.51652,0.82978,0.29168,,,0.16536,0.232378454431492,3.47936003379348
JKG Land Bhd,JKGLAND,2024-01-31,0,1.67588,0.88364,0.57271,,,0.07055,0.131234246265265,4.03750038541695
JKG Land Bhd,JKGLAND,2025-01-31,0,8.26439,4.99448,2.46419,,,0.09381,0.205490386659782,5.56952494871888
JKG Land Bhd,JKGLAND,2026-01-31,0,11.37925,7.72177,3.64462,,,0.07027,0.309156328351405,6.15053729127332
JKG Land Bhd,JKGLAND,2027-01-31,0,4.1998,2.85832,2.39368,,,-0.13633,0.268872955363837,6.2025751054454
Joe Holding Bhd,JOE,2022-03-31,0,14.61727,14.26331,10.90207,1.7828,1.8842,-0.60484,0.086360168050231,8.41998232687535
Joe Holding Bhd,JOE,2023-03-31,0,2.40848,2.32199,1.05056,2.0596,2.3171,-0.30376,0.085162025715544,1.52708968316717
Joe Holding Bhd,JOE,2024-03-31,0,1.73056,1.68512,0.49619,2.956,3.498,-0.16428,0.094162270127407,1.37044433030917
Joe Holding Bhd,JOE,2025-03-31,0,1.63327,1.60767,0.38614,,,-0.17131,0.066903086480708,1.83908188436671
Joe Holding Bhd,JOE,2026-03-31,0,1.53119,1.52085,0.20906,,,-0.11352,0.057564441619468,0.710837517806878
Johan Holdings Bhd,JOHAN,2021-07-31,0,,,,-9.7161,-60.6011,,,
Johan Holdings Bhd,JOHAN,2022-07-31,0,1.85796,1.64742,0.8437,3.5715,6.971,-0.23307,,
Johan Holdings Bhd,JOHAN,2023-07-31,0,1.62437,1.52634,1.16183,,,-0.31796,0.067545899721207,-1.64354730660339
Johan Holdings Bhd,JOHAN,2024-07-31,0,1.16779,1.10781,0.81822,,,-0.28067,0.08159678362362,-2.65815043992567
Johan Holdings Bhd,JOHAN,2025-07-31,0,1.15836,1.03406,0.77967,,,-0.09066,0.083289653996501,-2.53587630776686
Johor Plantations Group Bhd,JPG,2022-12-31,0,1.28082,1.10804,0.56053,,,0.44797,0.341766599114211,
Johor Plantations Group Bhd,JPG,2023-12-31,0,1.01538,0.75586,0.07388,,,0.46532,0.386512823098469,
Johor Plantations Group Bhd,JPG,2024-12-31,0,1.01296,0.8571,0.39806,,,0.40054,0.276682337190905,
Johor Plantations Group Bhd,JPG,2025-12-31,0,2.723,2.45049,1.33354,5.394,10.168,0.22819,0.319617779070786,3.83927327037528
Johor Plantations Group Bhd,JPG,2026-12-31,0,3.30932,2.96746,2.46817,6.66,11.869,0.18547,0.332798732626804,4.24935519803542
Jentayu Sustainables Bhd,JSB,2022-06-30,0,1.15151,1.00689,0.16862,,,0.47181,0.262263921677545,-0.408017343352047
Jentayu Sustainables Bhd,JSB,2023-06-30,0,1.18857,1.05765,0.07315,,,0.24265,0.648773096214159,3.84344962244874
Jentayu Sustainables Bhd,JSB,2024-06-30,0,1.04866,0.94072,0.12764,,-4.856,0.20582,0.247529264250449,3.06861878545391
Jentayu Sustainables Bhd,JSB,2025-06-30,0,1.41624,1.35166,0.08804,,,0.12918,0.10759916993946,4.56462138006662
Jentayu Sustainables Bhd,JSB,2026-06-30,0,0.80091,0.73558,0.03645,,,0.19153,0.087999731393166,0.079793682644428
JS Solar Holding Bhd,JSSOLAR,2022-03-31,0,1.02751,0.49728,0.03108,,,0.47395,,
JS Solar Holding Bhd,JSSOLAR,2023-03-31,0,0.99991,0.55453,0.08819,,,-0.1027,1.42676996806876,
JS Solar Holding Bhd,JSSOLAR,2024-03-31,0,1.08497,0.89438,0.04265,,,0.25427,1.8174207196618,
JS Solar Holding Bhd,JSSOLAR,2025-03-31,0,1.24567,1.13354,0.14184,,,0.14452,2.12691195928448,
JS Solar Holding Bhd,JSSOLAR,2026-03-31,0,1.30214,1.09022,0.01113,,,0.21473,1.05076961542937,2.61629120680527
Jati Tinggi Group Bhd,JTGROUP,2022-11-30,0,1.50442,1.49639,0.04652,,,0.33779,1.12951556571322,
Jati Tinggi Group Bhd,JTGROUP,2023-11-30,0,1.43454,1.43428,0.19398,,,0.15714,2.39414352666764,
Jati Tinggi Group Bhd,JTGROUP,2024-11-30,0,1.30832,1.3035,0.21584,,,0.13062,0.934727838375494,
Jati Tinggi Group Bhd,JTGROUP,2025-11-30,0,1.91918,1.91258,0.12121,,,0.03431,0.955729342599501,6.50202388941666
Jati Tinggi Group Bhd,JTGROUP,2026-11-30,0,1.76394,1.67993,0.2451,,,-0.17274,1.07943276032884,6.3201056880772
Jaya Tiasa Holdings Bhd,JTIASA,2022-06-30,0,0.25664,0.15579,0.05035,,7.646,0.35139,0.355196390917489,0.1661800433125
Jaya Tiasa Holdings Bhd,JTIASA,2023-06-30,0,2.37531,1.95889,1.5524,,11.26,0.17673,0.404550210640344,2.77603897248686
Jaya Tiasa Holdings Bhd,JTIASA,2024-06-30,0,2.53655,2.07256,1.7148,,11.588,0.06711,0.425303549469311,3.27499801405077
Jaya Tiasa Holdings Bhd,JTIASA,2025-06-30,0,2.71122,2.28004,1.93829,,9.849,-0.05205,0.516532999644583,4.79193642571759
Jaya Tiasa Holdings Bhd,JTIASA,2026-06-30,0,4.76207,3.99676,3.24336,8.977,11.47,-0.17591,0.593391788521772,6.40999409652088
K-One Technology Bhd,K1,2021-12-31,0,2.93619,2.19254,0.80286,,,-0.40471,0.832690596227804,
K-One Technology Bhd,K1,2022-12-31,0,2.53346,1.8264,0.78812,20.8666,40.1412,-0.37039,1.04673304318312,
K-One Technology Bhd,K1,2023-12-31,0,2.18114,1.58083,0.72519,,,-0.409,0.999416530020478,4.65063592194074
K-One Technology Bhd,K1,2024-12-31,0,1.89392,1.55785,0.67088,,,-0.45481,1.11772763863562,4.38790773997739
K-One Technology Bhd,K1,2025-12-31,0,1.85399,1.50097,0.59399,,2.71,-0.43248,1.26932483776114,3.62506975310018
Kamdar Group M Bhd,KAMDAR,2021-06-30,0,,,,58.09,-4.142,,,
Kamdar Group M Bhd,KAMDAR,2022-06-30,0,5.00157,1.20781,0.35233,,,0.15831,,
Kamdar Group M Bhd,KAMDAR,2023-06-30,0,4.61198,0.98211,0.39965,,,0.13359,0.234764523748063,2.68061871407024
Kamdar Group M Bhd,KAMDAR,2024-06-30,0,3.98822,0.62398,0.16352,3.0705,3.4937,0.15419,0.199363855218713,2.74584596412066
Kamdar Group M Bhd,KAMDAR,2025-06-30,0,5.27733,1.16077,0.43159,,,0.14604,0.170896453009473,2.45135120539961
Karex Bhd,KAREX,2022-06-30,0,1.85407,1.02214,0.22582,,,0.10616,0.647548417746901,4.76427753974325
Karex Bhd,KAREX,2023-06-30,0,1.84046,0.89394,0.12596,-0.91,-5.363,0.17493,0.617599992969201,3.60109540492531
Karex Bhd,KAREX,2024-06-30,0,1.86443,0.94627,0.17289,,,0.19711,0.753454201473018,4.74359074107918
Karex Bhd,KAREX,2025-06-30,0,1.98622,1.02561,0.22896,3.284,4.886,0.16196,0.709995001974744,6.44118520614465
Karex Bhd,KAREX,2026-06-30,0,1.51831,0.75889,0.15104,0.11,0.18,0.26258,0.676886366445161,4.24775856932721
Karyon Industries Bhd,KARYON,2022-03-31,0,4.29279,2.87975,1.2776,,,-0.18987,1.37300988210614,
Karyon Industries Bhd,KARYON,2023-03-31,0,5.41445,4.12368,2.54593,,,-0.34385,1.3038755785079,
Karyon Industries Bhd,KARYON,2024-03-31,0,5.01989,3.58886,1.81367,,,-0.20802,1.12899046968569,8.20814274971877
Karyon Industries Bhd,KARYON,2025-03-31,0,6.02756,4.10759,2.07816,,,-0.19353,1.16726276253092,8.47059944534442
Karyon Industries Bhd,KARYON,2026-03-31,0,7.03823,5.06839,2.93154,,,-0.2506,1.03910386911328,8.79304045253839
Kawan Food Bhd,KAWAN,2022-12-31,0,3.75213,3.1004,0.51162,5.02,9.05,-0.20827,0.591283649513227,13.3726276225853
Kawan Food Bhd,KAWAN,2023-12-31,0,4.35869,3.53836,0.86108,,10.039,-0.23553,0.613466909594422,17.7179309856951
Kawan Food Bhd,KAWAN,2024-12-31,0,4.34376,3.67637,1.15941,6.54,7.389,-0.27722,0.623319382397521,14.8019005360281
Kawan Food Bhd,KAWAN,2025-12-31,0,4.55455,3.83279,1.06939,,,-0.19655,0.691642884281213,14.0888877883171
Kawan Food Bhd,KAWAN,2026-12-31,0,5.17062,4.3186,0.83898,,5.2,-0.28002,0.564725988404892,10.8944561182207
Kee Ming Group Bhd,KEEMING,2024-03-31,0,1.51021,1.50677,0.76258,,,-0.86937,,
Kee Ming Group Bhd,KEEMING,2025-03-31,0,2.30031,2.29378,0.75741,,,-0.4082,1.89747214269687,
Kee Ming Group Bhd,KEEMING,2026-03-31,0,1.65496,1.65407,0.16804,,,-0.05939,1.70239633759561,
Kee Ming Group Bhd,KEEMING,2027-03-31,0,2.04986,2.04916,0.8426,,,-0.65174,1.78480776143378,10.1099321757825
Kein Hing International Bhd,KEINHIN,2022-04-30,0,1.89299,1.42271,0.64859,,,0.00876,1.16923439612025,4.89392924898915
Kein Hing International Bhd,KEINHIN,2023-04-30,0,2.27341,1.72759,0.97448,2.8536,3.1929,-0.06963,1.31166011482923,5.93631864387117
Kein Hing International Bhd,KEINHIN,2024-04-30,0,2.35898,1.88674,1.18038,5.2733,7.7482,-0.12426,1.08736958937403,5.57998677008242
Kein Hing International Bhd,KEINHIN,2025-04-30,0,2.28041,1.8214,0.80096,,,-0.1599,1.13728585096598,5.59653766470227
Kein Hing International Bhd,KEINHIN,2026-04-30,0,2.47986,2.00145,0.82664,,,-0.18326,1.05603927697208,6.06020454855153
KEN Holdings Bhd,KEN,2021-12-31,0,3.61626,1.97481,1.52337,,,-0.16445,0.131876106782645,
KEN Holdings Bhd,KEN,2022-12-31,0,4.00167,2.30674,2.00879,,,-0.20802,0.052168341328074,
KEN Holdings Bhd,KEN,2023-12-31,0,4.61137,3.00657,2.80192,,,-0.26843,0.09219170279617,6.77159386301957
KEN Holdings Bhd,KEN,2024-12-31,0,5.38414,3.63126,3.40641,,,-0.28966,0.056211700242989,6.3821439638223
KEN Holdings Bhd,KEN,2025-12-31,0,4.56952,2.94316,2.80393,,,-0.24802,0.055783126549695,5.88284304087412
Kenanga Investment Bank Bhd,KENANGA,2021-12-31,0,,,,,,-1.19115,0.131342618271211,
Kenanga Investment Bank Bhd,KENANGA,2022-12-31,0,,,,-2.8392,-5.7411,-1.177,0.111034119629147,
Kenanga Investment Bank Bhd,KENANGA,2023-12-31,0,,,,2.071,3.9179,-0.84744,0.125442109739587,
Kenanga Investment Bank Bhd,KENANGA,2024-12-31,0,,,,,,-1.24993,0.135777178346804,
Kenanga Investment Bank Bhd,KENANGA,2025-12-31,0,,,,,,-1.17547,0.11109668713855,
Kawan Renergy Bhd,KENERGY,2022-10-31,0,2.23693,2.14435,1.20131,,,-0.61838,1.07103614941423,
Kawan Renergy Bhd,KENERGY,2023-10-31,0,1.44155,1.40783,0.59605,,,-0.49297,1.49169399609886,
Kawan Renergy Bhd,KENERGY,2024-10-31,0,1.82334,1.77104,0.95481,,,-0.53001,0.857008454311437,
Kawan Renergy Bhd,KENERGY,2025-10-31,0,3.26163,3.20843,1.74214,,,-0.57816,0.961269860958119,15.0180619238137
Kawan Renergy Bhd,KENERGY,2026-10-31,0,3.50546,3.4313,1.21246,,,-0.26496,0.97847129436261,17.2443384145943
Kerjaya Prospek Group Bhd,KERJAYA,2022-12-31,0,3.38364,2.75304,0.61249,6.459,8.509,-0.16661,0.680512544384803,9.27770169494436
Kerjaya Prospek Group Bhd,KERJAYA,2023-12-31,0,4.40792,3.59529,0.89386,7.509,9.5,-0.21498,0.801038093904544,10.7493979313004
Kerjaya Prospek Group Bhd,KERJAYA,2024-12-31,0,3.0464,2.54304,0.36389,8.612,11.566,-0.13939,0.964347872551284,9.43840973450969
Kerjaya Prospek Group Bhd,KERJAYA,2025-12-31,0,1.75131,1.52044,0.12434,8.949,14.019,-0.22908,0.951126048765296,6.49358369066451
Kerjaya Prospek Group Bhd,KERJAYA,2026-12-31,0,1.76306,1.55111,0.10815,11.169,19.219,-0.29429,0.981402583652383,7.11532416876373
KESM Industries Bhd,KESM,2022-07-31,0,7.375,7.1752,0.77027,,2.04,-0.57201,0.597905643154926,17.8254393112861
KESM Industries Bhd,KESM,2023-07-31,0,6.59584,6.54664,0.66564,0.4,0.46,-0.41571,0.586370711883741,10.8389992989422
KESM Industries Bhd,KESM,2024-07-31,0,4.60816,4.58528,0.35976,,-0.873,-0.31438,0.501339090121479,7.68259908949376
KESM Industries Bhd,KESM,2025-07-31,0,4.29279,4.27001,0.37991,,,-0.40738,0.509459137928685,7.67228320538617
KESM Industries Bhd,KESM,2026-07-31,0,4.73902,4.70483,0.33699,,,-0.49254,0.476244978466215,7.0646740541528
Key ASIC Bhd,KEYASIC,2021-05-31,0,4.59238,4.17583,3.92549,,,-0.57363,0.387707960318208,38.8553395604324
Key ASIC Bhd,KEYASIC,2022-05-31,0,5.77096,5.38643,4.94414,,,-0.6813,0.330845810576738,14.403937318646
Key ASIC Bhd,KEYASIC,2023-05-31,0,3.94498,3.70012,3.05363,,,-0.66594,0.513288156421937,11.3656463222547
Key ASIC Bhd,KEYASIC,2024-05-31,0,2.48923,2.3717,1.79994,,,-0.68049,0.609602149811778,3.35948158267721
Key ASIC Bhd,KEYASIC,2025-05-31,0,1.54724,1.39216,0.98567,5.405,6.189,-0.42306,0.497635725479014,6.37102499866254
Keyfield International Bhd,KEYFIELD,2022-12-31,0,0.94017,0.92242,0.15293,,,0.38148,0.501343435104372,
Keyfield International Bhd,KEYFIELD,2023-12-31,0,1.06146,1.04156,0.15821,,,0.49971,0.561424024833441,
Keyfield International Bhd,KEYFIELD,2024-12-31,0,1.86571,1.82971,0.73643,,,0.20328,0.720386927798302,
Keyfield International Bhd,KEYFIELD,2025-12-31,0,3.95732,3.9259,2.61717,22.899,45.134,-0.10438,0.751482674336583,9.55149824004402
Keyfield International Bhd,KEYFIELD,2026-12-31,0,4.66267,4.53891,3.60174,12.289,19.1,0.00263,0.371113065942814,6.73541655515613
Kumpulan Fima Bhd,KFIMA,2023-03-31,0,4.04325,3.33588,0.79744,,,-0.08303,0.477497327846978,5.57770567577542
Kumpulan Fima Bhd,KFIMA,2024-03-31,0,3.78959,3.24056,0.51207,,,-0.03558,0.444003618360552,4.81762317370776
Kumpulan Fima Bhd,KFIMA,2025-03-31,0,3.94672,3.36432,0.5825,,,-0.00259,0.380720915513355,4.49490663405177
Kumpulan Fima Bhd,KFIMA,2026-03-31,0,3.77987,3.13057,0.72663,,,0.06024,0.382550628613781,4.77880197853864
Kumpulan Fima Bhd,KFIMA,2027-03-31,0,3.87739,3.32225,0.96102,,,0.02737,0.363730260147299,5.00543050497835
Kelington Group Bhd,KGB,2022-12-31,0,1.77269,1.73555,0.43926,8.359,17.559,-0.20049,1.36430199214913,9.36753641035229
Kelington Group Bhd,KGB,2023-12-31,0,1.21101,1.18276,0.30267,7.54,25.579,-0.03058,1.75230078740265,3.37062805338733
Kelington Group Bhd,KGB,2024-12-31,0,1.33552,1.29721,0.35091,9.63,35.96,-0.15391,1.51807478153184,5.014509436824
Kelington Group Bhd,KGB,2025-12-31,0,1.58304,1.54924,0.34664,11.05,30.899,-0.34592,1.14531762812101,7.71299403973017
Kelington Group Bhd,KGB,2026-12-31,0,1.66693,1.64456,0.2983,11.83,27.817,-0.33595,1.00338571138503,9.47396483709877
Key Alliance Group Bhd,KGROUP,2022-03-31,0,1.58813,1.48636,0.41611,,,-0.07699,0.240777850329355,
Key Alliance Group Bhd,KGROUP,2023-03-31,0,1.51582,1.45723,0.55398,,,-0.12487,0.313160164211829,
Key Alliance Group Bhd,KGROUP,2024-03-31,0,1.00657,0.97342,0.13519,,,-0.01538,0.233779087152554,
Key Alliance Group Bhd,KGROUP,2025-03-31,0,0.50141,0.50141,0.06737,,,-0.00589,0.078835683262845,-3.27884460211377
Key Alliance Group Bhd,KGROUP,2026-03-31,0,0.49326,,0.05519,,,-0.00693,0.062750462934791,-2.75370039202928
Kgw Group Bhd,KGW,2021-12-31,0,1.33621,1.33516,0.53522,,,-1.18823,6.16782768403669,
Kgw Group Bhd,KGW,2022-12-31,0,2.87269,2.87161,0.8544,,,-0.16045,4.19492176005001,
Kgw Group Bhd,KGW,2023-12-31,0,3.37965,3.37918,1.14991,,,-0.37476,1.15931589780799,9.36787879222119
Kgw Group Bhd,KGW,2024-12-31,0,2.99264,2.98587,0.39312,,,-0.29145,2.07662901589415,8.90443898764087
Kgw Group Bhd,KGW,2025-12-31,0,2.68887,2.68358,0.31061,,,-0.26856,1.54369451871967,7.28037659050943
KHPT Holdings Bhd,KHB,2021-12-31,0,1.10737,0.87113,0.22409,,,0.19074,,
KHPT Holdings Bhd,KHB,2022-12-31,0,1.27148,1.1241,0.31705,,,-0.04821,2.21275850622982,
KHPT Holdings Bhd,KHB,2023-12-31,0,1.30644,1.15041,0.24855,,,-0.13965,1.97505417872003,
KHPT Holdings Bhd,KHB,2024-12-31,0,2.46953,2.36267,1.22308,,,-0.54765,1.53041970384241,6.42065684126713
KHPT Holdings Bhd,KHB,2025-12-31,0,2.6143,2.49338,0.43205,,,-0.55705,1.26070144115663,5.4558991448757
Khee San Bhd,KHEESAN,2021-06-30,0,0.09737,0.04928,0.0176,,,8.27805,,
Khee San Bhd,KHEESAN,2022-06-30,1,0.09099,0.05294,0.01448,3.83,4.134,,0.452278942346077,-21.6068629063609
Khee San Bhd,KHEESAN,2023-06-30,1,0.10855,0.04499,0.01621,0.3076,-0.365,,0.786201170962273,-20.3103031077418
Khee San Bhd,KHEESAN,2024-06-30,1,0.13494,0.05598,0.015,1.672,1.579,356.46766,0.73392205424025,-19.6738712230446
Khee San Bhd,KHEESAN,2025-06-30,1,0.16335,0.07938,0.01425,-0.6341,-1.5434,27.32534,0.781245164440497,-18.2928207900698
Khind Holdings Bhd,KHIND,2021-12-31,0,1.86319,1.08666,0.32581,4.778,8.164,0.16008,1.70064194500676,5.17094214084347
Khind Holdings Bhd,KHIND,2022-12-31,0,2.27305,1.37112,0.44738,2.6656,3.5537,0.0502,1.57742409250693,5.78421173469409
Khind Holdings Bhd,KHIND,2023-12-31,0,2.47429,1.6034,0.55385,3.7093,5.2682,-0.01854,1.4471218711102,5.72284913455764
Khind Holdings Bhd,KHIND,2024-12-31,0,1.94933,1.21603,0.37424,,,0.11429,1.42090287604444,4.56125548345502
Khind Holdings Bhd,KHIND,2025-12-31,0,1.99399,1.31879,0.43389,,,0.10343,1.31243926687749,4.39026824705549
Kim Hin Joo (Malaysia) Bhd,KHJB,2021-12-31,0,3.9251,1.55774,0.59904,,,-0.06126,0.738596305146437,7.89014783037821
Kim Hin Joo (Malaysia) Bhd,KHJB,2022-12-31,0,3.29597,0.98298,0.43701,,,-0.00333,0.89434235730044,7.3876522834853
Kim Hin Joo (Malaysia) Bhd,KHJB,2023-12-31,0,4.32346,1.50258,0.72255,,,-0.06223,0.857307989952255,7.78029394525004
Kim Hin Joo (Malaysia) Bhd,KHJB,2024-12-31,0,7.31157,4.05947,1.74216,,,-0.31031,0.965449438959436,9.88721756939279
Kim Hin Joo (Malaysia) Bhd,KHJB,2025-12-31,0,5.34719,3.58071,0.6257,,,-0.33323,0.858664179456323,7.18780691802164
Kia Lim Bhd,KIALIM,2021-12-31,0,0.95844,0.34076,0.02762,1.3631,-12.2073,0.0806,0.320948757585769,-0.035371816238186
Kia Lim Bhd,KIALIM,2022-12-31,0,1.05776,0.40306,0.02631,4.026,1.9885,0.03905,0.433010857797071,-0.087610611092187
Kia Lim Bhd,KIALIM,2023-12-31,0,1.09842,0.4735,0.07021,-6.6482,-75.6783,0.01773,0.514134028408545,1.1153026432537
Kia Lim Bhd,KIALIM,2024-12-31,0,1.34177,0.57779,0.13999,6.096,18.867,-0.01736,0.582827932355611,2.28619642160166
Kia Lim Bhd,KIALIM,2025-12-31,0,1.7338,0.86437,0.28602,,,-0.02743,0.689546337465773,2.40314224609528
Kim Hin Industry Bhd,KIMHIN,2021-12-31,0,2.28575,1.08562,0.49023,,,0.03098,0.632520519490069,3.22389728333537
Kim Hin Industry Bhd,KIMHIN,2022-12-31,0,2.16755,0.90961,0.30386,1.14,1.449,0.07085,0.665817393134985,2.84903293662631
Kim Hin Industry Bhd,KIMHIN,2023-12-31,0,2.11564,1.05689,0.48626,-9.767,-12.374,0.00941,0.6724197370789,2.51246830546583
Kim Hin Industry Bhd,KIMHIN,2024-12-31,0,2.28643,1.22988,0.51282,,-7.99,-0.03904,0.763794309272279,3.00854595642472
Kim Hin Industry Bhd,KIMHIN,2025-12-31,0,2.07684,1.18467,0.64271,,,-0.07706,0.688402849234647,3.13816543405592
Kimlun Corporation Bhd,KIMLUN,2022-12-31,0,2.13607,1.75661,0.10265,-0.042,-0.081,0.2325,0.493031422254605,4.11951184323116
Kimlun Corporation Bhd,KIMLUN,2023-12-31,0,2.36441,1.78685,0.145,1.38,2.537,0.23243,0.575616832875114,4.46328709265072
Kimlun Corporation Bhd,KIMLUN,2024-12-31,0,1.74439,1.35004,0.09997,0.49,0.99,0.31055,0.601761272148068,3.28973885367117
Kimlun Corporation Bhd,KIMLUN,2025-12-31,0,1.41845,1.00893,0.0642,2.79,6.87,0.4192,0.671272055019671,2.8222805140382
Kimlun Corporation Bhd,KIMLUN,2026-12-31,0,1.38937,1.07852,0.08747,4.679,12.869,0.38964,0.842415770107897,2.93993433979011
Kinergy Advancement Bhd,KINERGY,2022-12-31,0,1.7942,1.78524,0.08837,,,0.12821,0.824663032906663,6.24635136503221
Kinergy Advancement Bhd,KINERGY,2023-12-31,0,1.76724,1.76187,0.1158,,,0.1427,0.685091698018197,7.49642426334499
Kinergy Advancement Bhd,KINERGY,2024-12-31,0,1.39661,1.39104,0.15593,,,0.19582,0.570630449599752,5.09351883805123
Kinergy Advancement Bhd,KINERGY,2025-12-31,0,2.1352,2.13343,0.19662,,,0.23671,0.532885720474914,6.04262417155366
Kinergy Advancement Bhd,KINERGY,2026-12-31,0,1.4873,1.48576,0.15915,,,0.2562,0.793104220195352,4.21672140030043
KIP Real Estate Investment Trust,KIPREIT,2022-06-30,0,2.78275,,2.28884,,,0.34305,0.087970716316388,1.9947895203218
KIP Real Estate Investment Trust,KIPREIT,2023-06-30,0,2.0597,,1.81932,8.703,14.142,0.325,0.084944238775143,2.15236522319393
KIP Real Estate Investment Trust,KIPREIT,2024-06-30,0,1.52842,,1.29453,6.358,10.011,0.28641,0.087585088259624,2.33843181073261
KIP Real Estate Investment Trust,KIPREIT,2025-06-30,0,0.21354,,0.10397,4.382,7.074,0.35358,0.094620622329333,0.433355470659955
KIP Real Estate Investment Trust,KIPREIT,2026-06-30,0,1.21431,,1.07148,3.78,6.52,0.37336,0.100356248352835,1.79338239637518
Kumpulan Kitacon Bhd,KITACON,2022-12-31,0,1.39029,,0.16932,,,-0.39131,0.959359533584781,
Kumpulan Kitacon Bhd,KITACON,2023-12-31,0,1.8319,,0.20497,,,-0.35219,1.13421826954295,
Kumpulan Kitacon Bhd,KITACON,2024-12-31,0,1.96551,,0.24861,,14.21,-0.29239,1.60349558797558,5.27765172813565
Kumpulan Kitacon Bhd,KITACON,2025-12-31,0,1.85649,,0.12722,8.442,16.449,-0.50808,1.52940822084962,5.20952349634305
Kumpulan Kitacon Bhd,KITACON,2026-12-31,0,1.79203,,0.09971,7.09,14.529,-0.58931,1.10664111528575,4.78474785413397
KJTS Group Berhad,KJTS,2022-12-31,0,1.66582,1.66582,,,,-0.20225,1.57269536243753,
KJTS Group Berhad,KJTS,2023-12-31,0,1.88651,1.88651,,,,-0.11241,1.48797198070698,
KJTS Group Berhad,KJTS,2024-12-31,0,2.34833,2.34474,,,18.976,-0.16911,1.64293208765853,
KJTS Group Berhad,KJTS,2025-12-31,0,4.11916,4.11572,,,7.299,-0.49276,1.19520251971243,22.5002627906591
KJTS Group Berhad,KJTS,2026-12-31,0,2.80037,2.79859,,,,-0.31931,1.1998276315711,20.3675120112146
KKB Engineering Berhad,KKB,2022-12-31,0,5.04233,4.40687,0.33443,,,-0.43598,0.730812622317714,11.4965878455447
KKB Engineering Berhad,KKB,2023-12-31,0,3.8881,3.43372,0.06473,,2.93,-0.49932,0.721773555514623,8.81511329637537
KKB Engineering Berhad,KKB,2024-12-31,0,2.90049,2.59652,0.08976,,6.608,-0.50566,0.786632462594651,7.39683316977959
KKB Engineering Berhad,KKB,2025-12-31,0,1.92635,1.77387,0.12117,,6.379,-0.46656,0.865481055276934,5.35835241453004
KKB Engineering Berhad,KKB,2026-12-31,0,3.29015,2.87825,0.13695,,,-0.40715,0.221731610096342,6.38408070230726
KLCCP Stapled Group,KLCC,2022-12-31,0,4.05486,4.04975,0.08545,3.52,4.86,0.11831,0.065180744769892,5.45069168775973
KLCCP Stapled Group,KLCC,2023-12-31,0,3.76874,3.76391,0.03996,3.629,5.003,0.11726,0.080964781051796,5.59654891834074
KLCCP Stapled Group,KLCC,2024-12-31,0,0.95054,0.94935,0.00506,3.89,5.36,0.11315,0.088859988975666,5.52975490828342
KLCCP Stapled Group,KLCC,2025-12-31,0,2.01246,2.00957,0.02341,4.49,6.15,0.21535,0.092486830292375,4.41372189049351
KLCCP Stapled Group,KLCC,2026-12-31,0,1.7501,1.74795,0.01171,4.4,6.0,0.20624,0.09180852375195,4.59850515617195
Kuala Lumpur Kepong Bhd,KLK,2022-09-30,0,1.54196,1.04946,0.30507,9.21,19.899,0.23624,0.812496152373555,4.49256097245081
Kuala Lumpur Kepong Bhd,KLK,2023-09-30,0,2.04052,1.21818,0.3897,7.43,16.57,0.26202,0.93111648551213,4.86926149310183
Kuala Lumpur Kepong Bhd,KLK,2024-09-30,0,1.84761,1.22871,0.36538,2.759,5.83,0.28892,0.783487746425424,4.31797944026639
Kuala Lumpur Kepong Bhd,KLK,2025-09-30,0,1.33039,0.83864,0.21428,1.95,4.22,0.34594,0.734425074272768,3.62936131769868
Kuala Lumpur Kepong Bhd,KLK,2026-09-30,0,1.37512,0.81329,0.18686,2.629,5.849,0.34718,0.803616939416122,3.72178094714641
Kluang Rubber Company (Malaya) Bhd,KLUANG,2021-06-30,0,43.02592,42.88099,38.4809,,,-0.19515,0.026536901673019,9.28530612052037
Kluang Rubber Company (Malaya) Bhd,KLUANG,2022-06-30,0,34.1862,34.01072,33.48971,10.67,11.078,-0.21807,0.043587700113992,9.49716177145284
Kluang Rubber Company (Malaya) Bhd,KLUANG,2023-06-30,0,39.62972,39.50667,35.70405,2.5936,2.6866,-0.23254,0.039342886960151,9.14543502470505
Kluang Rubber Company (Malaya) Bhd,KLUANG,2024-06-30,0,39.08688,38.93936,37.69565,4.133,4.278,-0.21447,0.044525484984889,12.4994220424193
Kluang Rubber Company (Malaya) Bhd,KLUANG,2025-06-30,0,39.98125,39.83528,38.03773,5.127,5.22,-0.20734,0.03987454979893,12.0783609714977
Kim Loong Resources Bhd,KMLOONG,2023-01-31,0,2.5925,2.39432,0.87268,,,-0.34939,1.44861272047006,8.59248804059692
Kim Loong Resources Bhd,KMLOONG,2024-01-31,0,3.0123,2.6401,0.65998,12.859,19.76,-0.33734,1.5097937023299,9.90762879838916
Kim Loong Resources Bhd,KMLOONG,2025-01-31,0,3.43612,3.11781,0.62096,11.725,17.379,-0.35599,1.21105692614248,11.6473437695916
Kim Loong Resources Bhd,KMLOONG,2026-01-31,0,4.4868,4.16441,0.75445,11.5,18.519,-0.31335,1.28110813779757,11.159392679142
Kim Loong Resources Bhd,KMLOONG,2027-01-31,0,3.52977,3.18532,0.75961,,18.559,-0.37419,1.27654019461777,10.6373669514002
KNM Group Bhd,KNM,2023-12-31,1,,,,,,,,
KNM Group Bhd,KNM,2024-12-31,1,0.76,,,-0.0583,-0.592,,,
KNM Group Bhd,KNM,2025-12-31,0,0.743,,,-0.3293,2.2624,,,
Knusford Bhd,KNUSFOR,2023-03-31,0,1.32299,1.30467,0.07546,,,0.14284,,
Knusford Bhd,KNUSFOR,2024-03-31,0,1.36065,1.34609,0.00788,,,0.2029,0.335662001060194,2.58093380242947
Knusford Bhd,KNUSFOR,2025-03-31,0,1.09973,1.09095,0.0361,,,0.13738,0.188922038322414,1.90892160476809
Knusford Bhd,KNUSFOR,2026-03-31,0,1.02844,1.02286,0.0041,,,0.16703,0.094297499814899,1.05276377300454
Kobay Technology Bhd,KOBAY,2022-06-30,0,3.00677,2.06746,0.93378,,,-0.03276,0.541976047167533,14.9137242990608
Kobay Technology Bhd,KOBAY,2023-06-30,0,2.07431,1.23978,0.32993,,17.44,-0.00424,0.821773822133667,9.13782187016773
Kobay Technology Bhd,KOBAY,2024-06-30,0,2.2954,1.06502,0.18653,,7.54,0.10847,0.553929819829038,7.11359028151568
Kobay Technology Bhd,KOBAY,2025-06-30,0,1.88986,0.93663,0.20057,,,0.13053,0.562894355802164,6.12308669536865
Kobay Technology Bhd,KOBAY,2026-06-30,0,1.6732,0.83875,0.11852,,,0.19475,0.555078173939222,3.8503283928558
Komarkcorp Bhd,KOMARK,2021-06-30,0,3.14493,2.8435,0.51366,,,-0.22971,0.355491520619774,3.78792770869651
Komarkcorp Bhd,KOMARK,2022-06-30,0,1.70594,1.07299,0.10969,,,0.06556,0.372132782447642,1.33872875854512
Komarkcorp Bhd,KOMARK,2023-06-30,0,1.34757,0.84166,0.11493,,,0.06295,0.324155517629601,-0.163723851778407
Komarkcorp Bhd,KOMARK,2025-06-30,0,1.35936,1.19181,0.61047,,,-0.03336,,
Oriental Kopi Holdings Bhd,KOPI,2022-09-30,0,0.65905,0.60323,0.41796,,,0.55021,,
Oriental Kopi Holdings Bhd,KOPI,2023-09-30,0,1.65358,1.58165,1.16129,,,0.24045,1.70941612636832,
Oriental Kopi Holdings Bhd,KOPI,2024-09-30,0,1.33586,1.25833,0.92902,,,0.35959,1.67189974609719,
Oriental Kopi Holdings Bhd,KOPI,2025-09-30,0,1.20887,1.10405,0.89969,,,0.11751,1.89791064186588,
Oriental Kopi Holdings Bhd,KOPI,2026-09-30,0,4.53148,4.34296,2.29246,19.977,35.012,-0.42146,1.47259257775874,26.6769285299554
Kossan Rubber Industries Bhd,KOSSAN,2022-12-31,0,4.34341,3.82962,3.09924,66.18,88.93,-0.53476,1.52206833520164,16.6287772751701
Kossan Rubber Industries Bhd,KOSSAN,2023-12-31,0,10.0317,9.02354,4.73403,3.339,3.96,-0.49957,0.49830608833386,13.5721561371115
Kossan Rubber Industries Bhd,KOSSAN,2024-12-31,0,13.09968,11.98031,5.94866,1.181,1.292,-0.53518,0.373069517081479,21.1038665203977
Kossan Rubber Industries Bhd,KOSSAN,2025-12-31,0,8.15467,7.35641,3.18753,2.899,3.209,-0.42385,0.461177483695064,23.5939019116822
Kossan Rubber Industries Bhd,KOSSAN,2026-12-31,0,9.78163,8.65479,3.96612,3.7,4.12,-0.41259,0.426804572659555,14.3826262165248
Kotra Industries Bhd,KOTRA,2022-06-30,0,3.37374,2.46998,0.19896,,,-0.22073,0.631196418968081,12.5736516794161
Kotra Industries Bhd,KOTRA,2023-06-30,0,3.35675,2.50754,0.43244,,,-0.32557,0.753737565615846,17.1675430377985
Kotra Industries Bhd,KOTRA,2024-06-30,0,3.17642,2.16095,0.12613,20.1,24.158,-0.32304,0.769575889488192,19.0924792066736
Kotra Industries Bhd,KOTRA,2025-06-30,0,2.61249,1.71747,0.08866,13.374,16.32,-0.23499,0.677018243758124,15.1306850860092
Kotra Industries Bhd,KOTRA,2026-06-30,0,2.285,1.42618,0.53384,,,-0.17021,0.671429257201709,13.7757408017725
KPJ Healthcare Bhd,KPJ,2022-12-31,0,0.77128,0.73726,0.14789,0.83,2.439,0.52419,0.420120995319031,1.77159570555621
KPJ Healthcare Bhd,KPJ,2023-12-31,0,0.87924,0.83988,0.22665,2.53,7.65,0.53768,0.435220415686679,1.78069996740821
KPJ Healthcare Bhd,KPJ,2024-12-31,0,1.19076,1.13867,0.38301,3.7,11.429,0.47824,0.480146947085398,2.76378207708014
KPJ Healthcare Bhd,KPJ,2025-12-31,0,1.23709,1.1754,0.3862,4.83,14.38,0.47708,0.532338007221182,3.99294453725847
KPJ Healthcare Bhd,KPJ,2026-12-31,0,1.51673,1.4408,0.6165,4.74,13.82,0.42446,0.551306906459191,4.36211697662192
Kerjaya Prospek Property Bhd,KPPROP,2023-03-31,0,2.18297,0.78964,0.50946,,,0.16518,0.278178189434164,3.20604252256468
Kerjaya Prospek Property Bhd,KPPROP,2024-03-31,0,2.21543,1.0106,0.74604,,,0.06253,0.344219123171106,3.37934044270646
Kerjaya Prospek Property Bhd,KPPROP,2025-03-31,0,2.53248,1.10584,0.60258,,,0.14178,0.309638682604366,3.94390492164757
Kerjaya Prospek Property Bhd,KPPROP,2026-03-31,0,3.0087,0.6232,0.38278,,,0.48178,0.179597314331867,2.52363904444754
Kerjaya Prospek Property Bhd,KPPROP,2027-03-31,0,2.57576,1.10457,0.81722,,2.0,0.31009,0.152504584742687,2.53881259559511
Kumpulan Perangsang Selangor Bhd,KPS,2022-12-31,0,2.01828,1.66034,0.28509,,5.53,0.09538,0.582490395242356,2.86600664087887
Kumpulan Perangsang Selangor Bhd,KPS,2023-12-31,0,2.66177,2.23813,0.37845,3.319,3.45,0.01249,0.522354415174915,3.1049551148922
Kumpulan Perangsang Selangor Bhd,KPS,2024-12-31,0,2.50532,2.15313,0.45001,0.415,0.818,0.03196,0.48911522657315,2.76042520007654
Kumpulan Perangsang Selangor Bhd,KPS,2025-12-31,0,2.42658,2.07766,0.56332,,,-0.14638,0.572770685474912,3.96985481457095
Kumpulan Perangsang Selangor Bhd,KPS,2026-12-31,0,2.63984,2.26884,0.55235,,,-0.18919,0.66673930868234,4.32137926085925
Kretam Holdings Bhd,KRETAM,2021-12-31,0,2.03216,1.03131,0.5224,6.842,15.332,0.01843,0.851870406938349,7.33268265872153
Kretam Holdings Bhd,KRETAM,2022-12-31,0,4.00199,2.23376,1.24667,1.8489,-3.8833,-0.0529,0.829838661712212,9.96293746799193
Kretam Holdings Bhd,KRETAM,2023-12-31,0,3.53416,2.172,1.09253,3.072,2.677,-0.03225,0.728950620238652,9.18736680145008
Kretam Holdings Bhd,KRETAM,2024-12-31,0,3.52056,2.25207,1.19636,,,-0.04464,0.605588717383803,8.9597654080115
Kretam Holdings Bhd,KRETAM,2025-12-31,0,4.11172,2.56902,1.60543,,,-0.10046,0.599644889015308,10.0445600585866
Kronologi Asia Bhd,KRONO,2023-01-31,0,1.24956,1.16673,0.58683,,,-0.18654,0.65270280579235,3.10526875278039
Kronologi Asia Bhd,KRONO,2024-01-31,0,1.71032,1.61419,0.7284,,,-0.12363,0.54162246014551,4.19631721667671
Kronologi Asia Bhd,KRONO,2025-01-31,0,1.84391,1.68787,0.68543,,1.88,-0.07166,0.495480649944871,3.738408150539
Kronologi Asia Bhd,KRONO,2026-01-31,0,1.30472,1.23247,0.54893,,,-0.0352,0.470963367404502,2.404893549273
Kronologi Asia Bhd,KRONO,2027-01-31,0,1.57404,1.42402,0.4935,,,-0.05407,0.442783304524342,-2.73408618463547
Keck Seng (Malaysia) Bhd,KSENG,2021-12-31,0,8.26895,6.91565,1.66005,7.7294,9.9124,-0.3017,0.484902714761544,8.74785580043822
Keck Seng (Malaysia) Bhd,KSENG,2022-12-31,0,4.6952,4.08776,1.06299,4.353,4.804,-0.37283,0.643959431625566,9.22545004093276
Keck Seng (Malaysia) Bhd,KSENG,2023-12-31,0,9.34209,8.11446,1.82719,6.432,7.244,-0.38463,0.459561941005373,12.6626784061255
Keck Seng (Malaysia) Bhd,KSENG,2024-12-31,0,,,,,,-0.36893,0.512102448974277,
Keck Seng (Malaysia) Bhd,KSENG,2025-12-31,0,6.08223,5.18723,1.68567,,7.886,-0.41235,0.509933953784049,12.4728609520155
KSL Holdings Bhd,KSL,2022-12-31,0,8.46432,3.26263,0.70644,,,-0.04471,0.139329340642226,7.20305770972792
KSL Holdings Bhd,KSL,2023-12-31,0,8.05517,3.16598,0.81904,,,-0.06962,0.164373267432826,7.68452784491774
KSL Holdings Bhd,KSL,2024-12-31,0,6.89772,3.75941,1.32902,,,-0.12741,0.298500309681571,8.89908277914768
KSL Holdings Bhd,KSL,2025-12-31,0,2.56698,1.16296,0.29901,,,0.04487,0.303670417841999,6.83625172077431
KSL Holdings Bhd,KSL,2026-12-31,0,1.97922,0.68002,0.25903,,,0.09232,0.273807907760709,6.57188519727926
Kim Teck Cheong Consolidated Bhd,KTC,2022-06-30,0,1.35049,0.73303,0.0665,,,0.45601,2.02005401426372,2.02075907530357
Kim Teck Cheong Consolidated Bhd,KTC,2023-06-30,0,1.64069,0.98634,0.09562,,,0.33591,2.21893712754624,3.01863814191956
Kim Teck Cheong Consolidated Bhd,KTC,2024-06-30,0,1.91951,0.95694,0.11917,,,0.28727,2.17483475434892,4.22719288649735
Kim Teck Cheong Consolidated Bhd,KTC,2025-06-30,0,1.74331,0.84496,0.05062,,,0.36148,2.472299802371,3.67273890414077
Kim Teck Cheong Consolidated Bhd,KTC,2026-06-30,0,1.49548,0.73906,0.06513,,,0.34138,2.3960323911352,2.53732615748962
KTI Landmark Berhad,KTI,2021-12-31,0,2.53327,1.29623,0.63071,,,0.01196,0.462999104197072,
KTI Landmark Berhad,KTI,2022-12-31,0,2.38473,1.11359,0.40579,,,-0.02244,0.466886704750164,
KTI Landmark Berhad,KTI,2023-12-31,0,1.45627,0.33637,0.09307,,,0.44557,0.383315436704784,
KTI Landmark Berhad,KTI,2024-12-31,0,1.26223,0.47203,0.07407,,,0.5514,0.332602846326044,2.04907157011719
KTI Landmark Berhad,KTI,2025-12-31,0,1.30982,0.56144,0.06697,,,0.6726,0.388639600194134,2.17778105233383
Kucingko Bhd,KUCINGKO,2021-12-31,0,5.86175,5.86056,0.7456,,,-0.54851,0.883357821043425,
Kucingko Bhd,KUCINGKO,2022-12-31,0,4.27599,4.27514,1.29649,,,-0.60939,1.108438151615,
Kucingko Bhd,KUCINGKO,2023-12-31,0,3.9267,3.92532,1.6137,,,-0.54486,1.15830792666937,
Kucingko Bhd,KUCINGKO,2024-12-31,0,10.81704,10.81566,1.5482,,,-0.83124,0.688907008611116,31.174634574574
Kucingko Bhd,KUCINGKO,2025-12-31,0,9.19025,9.18818,0.70588,,,-0.8203,0.084239326961924,11.0756434327158
KYM Holdings Bhd,KYM,2022-01-31,0,1.18113,0.86291,0.27159,-0.358,-34.091,0.24919,0.504463470180609,0.930301152339845
KYM Holdings Bhd,KYM,2023-01-31,0,1.3616,0.70672,0.07233,12.0455,97.352,0.27846,0.69918656688244,2.28699715336616
KYM Holdings Bhd,KYM,2024-01-31,0,2.00669,1.50959,0.13447,0.3941,-9.0683,0.05993,0.585150640228202,2.61927532028464
KYM Holdings Bhd,KYM,2025-01-31,0,2.18976,1.32722,0.08665,,,0.05126,0.509341783851588,2.8093227863579
KYM Holdings Bhd,KYM,2026-01-31,0,2.50931,1.82308,0.48278,,,-0.03771,0.494140165169986,2.85597054144356
Land & General Bhd,L&G,2023-03-31,0,3.51914,1.21245,0.20149,,,0.05911,0.118798712034863,3.81774235752341
Land & General Bhd,L&G,2024-03-31,0,3.06082,1.40434,0.34707,,,0.0807,0.152260157057489,3.40841707850137
Land & General Bhd,L&G,2025-03-31,0,3.1282,1.36119,0.17332,,,0.02428,0.128668968636527,3.82322108118166
Land & General Bhd,L&G,2026-03-31,0,2.82655,1.22795,0.19115,,,0.06793,0.16696547800137,3.75736875862519
Land & General Bhd,L&G,2027-03-31,0,2.3021,1.13505,0.06032,,,0.02344,0.275582807402832,3.80802630741632
L&P Global Bhd,L&PBHD,2022-12-31,0,2.57729,1.63214,0.16351,,,0.33482,1.84036586943453,
L&P Global Bhd,L&PBHD,2023-12-31,0,3.95555,3.12311,0.29033,13.983,24.217,0.30376,1.4235982161856,
L&P Global Bhd,L&PBHD,2024-12-31,0,7.6702,6.65187,3.44247,,,-0.0561,1.18881473120336,11.3278161265369
L&P Global Bhd,L&PBHD,2025-12-31,0,8.54745,7.55495,4.76847,,,-0.15154,0.930732760177405,8.94696408935703
L&P Global Bhd,L&PBHD,2026-12-31,0,10.14393,9.40293,3.37305,,,-0.25232,0.533702342194609,6.68908875993426
LAC Med Bhd,LACMED,2023-12-31,0,1.34661,1.20212,0.31762,,,0.04959,,
LAC Med Bhd,LACMED,2024-12-31,0,1.39652,1.17484,0.31243,,,-0.21034,1.23810416089969,
LAC Med Bhd,LACMED,2025-12-31,0,1.57317,1.30928,0.20103,,,-0.37348,1.36869723450009,
LAC Med Bhd,LACMED,2026-12-31,0,2.10774,1.8158,0.32107,,,-0.40836,1.17467250072056,8.61862390273321
Lagenda Properties Bhd,LAGENDA,2022-12-31,0,3.05403,1.93283,0.21157,15.392,26.759,-0.02263,0.640139599679936,8.53395022719632
Lagenda Properties Bhd,LAGENDA,2023-12-31,0,2.65938,1.82565,0.47027,10.959,18.746,-0.03964,0.537682436439465,7.18884486058429
Lagenda Properties Bhd,LAGENDA,2024-12-31,0,1.60293,0.82041,0.23388,30.26,14.41,-0.00839,0.428203249537377,4.68449028775518
Lagenda Properties Bhd,LAGENDA,2025-12-31,0,1.46847,0.73371,0.22111,7.7,15.849,0.24884,0.432749763988573,4.2994297001796
Lagenda Properties Bhd,LAGENDA,2026-12-31,0,1.5101,0.75389,0.10555,6.599,14.029,0.32347,0.396558740345526,4.00682059029535
Lambo Group Bhd,LAMBO,2021-09-30,0,38.88435,,38.13408,,,-0.64489,,
Lambo Group Bhd,LAMBO,2023-09-30,1,11.95965,11.52088,6.12827,,,-0.08385,,
Lambo Group Bhd,LAMBO,2024-09-30,1,6.88851,6.44631,1.928,,,-0.02937,0.15371701820751,0.198380263977448
Lambo Group Bhd,LAMBO,2025-09-30,1,3.73649,3.36957,0.43321,,,0.03177,0.291418809813444,-0.779002123139312
Landmarks Bhd,LANDMRK,2021-12-31,0,1.57519,0.91242,0.13239,-0.261,-0.568,0.05423,0.002441654627953,2.25325641081486
Landmarks Bhd,LANDMRK,2022-12-31,0,0.72602,0.39925,0.01993,,,0.03825,0.010723490081644,1.59775390813399
Landmarks Bhd,LANDMRK,2023-12-31,0,0.70041,0.11364,0.01708,,,0.00017,0.014097060288456,2.05593429473751
Landmarks Bhd,LANDMRK,2024-12-31,0,1.10648,1.10439,0.2029,,,-0.01363,0.0112178920092,1.71519398080827
Landmarks Bhd,LANDMRK,2025-12-31,0,1.00215,1.00023,0.05948,-0.211,-0.277,-0.00326,0.010047796969139,1.63349163949967
Lay Hong Bhd,LAYHONG,2023-03-31,0,0.93143,0.40649,0.04318,,,0.35623,1.01516486592565,1.23249583558083
Lay Hong Bhd,LAYHONG,2024-03-31,0,1.04774,0.45336,0.09136,,,0.29084,1.12621026921842,1.95407443916743
Lay Hong Bhd,LAYHONG,2025-03-31,0,1.22587,0.54054,0.17439,,,0.21404,1.03979507857084,3.15537412477157
Lay Hong Bhd,LAYHONG,2026-03-31,0,1.66259,0.7516,0.20631,,,0.14849,0.997499069340752,3.78668193066858
Lay Hong Bhd,LAYHONG,2027-03-31,0,1.61137,0.79886,0.29049,,,0.09834,0.933650560943182,3.41068810755128
Lb Aluminium Bhd,LBALUM,2022-04-30,0,1.48827,0.55412,0.07272,7.0544,10.8829,0.34203,0.907380254961831,3.47280000353659
Lb Aluminium Bhd,LBALUM,2023-04-30,0,2.27162,0.89763,0.18612,6.089,9.5193,0.22782,0.959116718387087,4.92340208532905
Lb Aluminium Bhd,LBALUM,2024-04-30,0,1.81121,0.9617,0.13795,5.571,8.276,0.21884,1.13432593079755,5.93710604185443
Lb Aluminium Bhd,LBALUM,2025-04-30,0,1.63324,0.88752,0.08944,,,0.21711,1.06965671680795,3.97832950422328
Lb Aluminium Bhd,LBALUM,2026-04-30,0,1.93048,0.96604,0.12321,,,0.16341,0.972000595791799,4.94001651386398
LBI Capital Bhd,LBICAP,2021-12-31,0,3.14595,2.21714,0.85131,2.996,6.796,-0.18269,0.116325153784551,5.27903984197398
LBI Capital Bhd,LBICAP,2022-12-31,0,4.67618,2.97449,1.32934,9.9721,23.7141,-0.11542,0.15721664021547,6.54970144358596
LBI Capital Bhd,LBICAP,2023-12-31,0,8.8009,3.8432,2.33818,9.816,15.8555,-0.18372,0.093787929935179,8.71656723848155
LBI Capital Bhd,LBICAP,2024-12-31,0,3.22581,1.40072,0.69845,,,-0.12922,0.270225078777134,4.88368051325633
LBI Capital Bhd,LBICAP,2025-12-31,0,2.65027,1.01203,0.03346,,,0.06841,0.213644284118667,4.12978231478026
Lbs Bina Group Bhd,LBS,2022-12-31,0,1.43763,0.87034,0.06507,2.2,7.009,0.33866,0.320552992235207,2.00095859378822
Lbs Bina Group Bhd,LBS,2023-12-31,0,1.32417,0.98444,0.0659,2.94,14.15,0.29472,0.402744831928213,1.77903892769955
Lbs Bina Group Bhd,LBS,2024-12-31,0,1.29223,0.96115,0.09205,3.33,9.91,0.2061,0.428209447610057,1.95570745645691
Lbs Bina Group Bhd,LBS,2025-12-31,0,1.64729,1.13544,0.16129,5.61,15.679,0.19077,0.332964798905432,2.55858023041138
Lbs Bina Group Bhd,LBS,2026-12-31,0,1.89932,1.42328,0.19654,2.48,6.56,0.26755,0.354235283094136,2.72461584187625
Lotte Chemical Titan Holding Bhd,LCTITAN,2022-12-31,0,7.41951,5.72031,1.26351,7.2,8.63,-0.341,0.669155091456179,6.84718743267665
Lotte Chemical Titan Holding Bhd,LCTITAN,2023-12-31,0,3.28724,2.05871,0.59327,-4.429,-5.84,-0.0882,0.621404455468388,2.98994412222512
Lotte Chemical Titan Holding Bhd,LCTITAN,2024-12-31,0,2.18206,1.24339,0.2423,-3.912,-6.71,0.24796,0.383323848209136,1.10818610823593
Lotte Chemical Titan Holding Bhd,LCTITAN,2025-12-31,0,1.67999,0.86874,0.16162,-5.089,-11.269,0.39124,0.32032820600667,0.56612932025609
Lotte Chemical Titan Holding Bhd,LCTITAN,2026-12-31,0,1.11952,0.57274,0.09263,-9.48,-26.76,0.51088,0.352007014163411,-0.091363512082024
Lebtech Bhd,LEBTECH,2021-12-31,0,2.85099,,0.0176,6.6809,15.6437,-0.00605,0.152753732915397,7.09291323845735
Lebtech Bhd,LEBTECH,2022-12-31,0,2.49099,,0.04123,1.6745,2.7805,-0.01825,0.115487009452999,6.28798956396927
Lebtech Bhd,LEBTECH,2023-12-31,0,2.62122,,0.02324,,,-0.01003,0.096242603841952,6.20305556958709
Lebtech Bhd,LEBTECH,2024-12-31,0,2.94356,,0.07483,,,-0.08729,0.094928629458372,6.68942174958141
Lebtech Bhd,LEBTECH,2025-12-31,0,2.96405,,0.04009,,3.843,-0.01412,0.109610289460488,7.32627912831165
Lee Swee Kiat Group Bhd,LEESK,2022-12-31,0,1.77198,1.25671,0.72714,7.769,12.619,-0.08871,1.06093375311158,7.1872353749023
Lee Swee Kiat Group Bhd,LEESK,2023-12-31,0,1.76962,1.30507,0.6952,12.08,19.67,-0.13794,1.19141784670505,6.80794264133863
Lee Swee Kiat Group Bhd,LEESK,2024-12-31,0,2.01899,1.57182,0.80763,,18.57,-0.22037,1.1005002391324,8.04758137515116
Lee Swee Kiat Group Bhd,LEESK,2025-12-31,0,2.04607,1.48864,0.71868,,12.06,-0.16079,1.14300685815853,7.45658457322458
Lee Swee Kiat Group Bhd,LEESK,2026-12-31,0,2.05251,1.4895,0.71288,,,-0.15314,1.04879397590862,6.38621041549462
Leform Bhd,LEFORM,2022-12-31,0,1.40212,0.75294,0.23879,,,0.36213,1.01291977503687,
Leform Bhd,LEFORM,2023-12-31,0,1.53894,0.59046,0.14866,,-3.637,0.35998,0.824219463400091,
Leform Bhd,LEFORM,2024-12-31,0,1.33083,0.63775,0.08049,,,0.41128,0.760797980888347,
Leform Bhd,LEFORM,2025-12-31,0,1.27591,0.59789,0.01909,,,0.40487,0.885437615979593,
Leform Bhd,LEFORM,2026-12-31,0,1.26524,0.57201,0.02072,,,0.37331,0.741083317263102,2.3201311200984
Leon Fuat Bhd,LEONFB,2021-12-31,0,1.79979,0.79355,0.10233,,,0.4036,1.00739557019044,5.27682262817153
Leon Fuat Bhd,LEONFB,2022-12-31,0,1.77406,0.79075,0.08887,,,0.40643,0.990985582560054,3.82459194977002
Leon Fuat Bhd,LEONFB,2023-12-31,0,1.84293,0.85734,0.10374,,,0.37491,0.881636421129166,3.97963160390718
Leon Fuat Bhd,LEONFB,2024-12-31,0,1.72073,0.74155,0.08135,,,0.4307,0.839539440690366,3.48155612868701
Leon Fuat Bhd,LEONFB,2025-12-31,0,1.74861,0.67004,0.04805,,,0.42598,0.798096265219363,3.56772400583189
LFE Corporation Bhd,LFECORP,2021-12-31,0,3.66286,3.64386,1.21694,,,-0.42965,0.460775412160288,7.3274663731794
LFE Corporation Bhd,LFECORP,2022-12-31,0,2.21087,1.60963,0.28565,,,-0.32281,0.693331464183431,4.03545235859197
LFE Corporation Bhd,LFECORP,2023-12-31,0,1.9733,1.69124,0.33953,,,-0.20944,0.83939824437791,5.32939689341148
LFE Corporation Bhd,LFECORP,2024-12-31,0,2.18568,1.79763,0.39025,,,-0.16651,0.951522499502576,7.94211119184438
LFE Corporation Bhd,LFECORP,2025-12-31,0,1.81575,1.51763,0.0654,,,-0.05132,0.919435452084536,4.65008568573939
Lianson Fleet Group Berhad,LFG,2022-12-31,0,0.64938,0.64543,0.22107,2.919,7.08,0.34748,0.34369118049449,-2.47778968136676
Lianson Fleet Group Berhad,LFG,2023-12-31,0,2.78035,2.7398,1.67839,19.879,46.293,0.23956,0.224571739210051,-1.56908942752311
Lianson Fleet Group Berhad,LFG,2024-12-31,0,0.66346,0.65035,0.40394,0.66,1.359,0.16275,0.269957549265903,0.078312568076658
Lianson Fleet Group Berhad,LFG,2025-12-31,0,1.55499,1.53524,0.42699,6.33,6.283,0.18132,0.330362877675612,3.73640111850608
Lianson Fleet Group Berhad,LFG,2026-12-31,0,1.74943,1.73462,0.61977,9.669,15.99,0.04911,0.279496741954395,5.98668676042495
LGMS Bhd,LGMS,2022-12-31,0,6.39593,,4.02202,,,-0.7088,0.917240036349474,
LGMS Bhd,LGMS,2023-12-31,0,12.15327,,10.26095,13.8,15.099,-0.83622,0.521410058672942,77.8215128844048
LGMS Bhd,LGMS,2024-12-31,0,9.63993,,8.21127,12.0,13.189,-0.84605,0.366314708430951,53.4858893112867
LGMS Bhd,LGMS,2025-12-31,0,7.23974,,5.99683,,,-0.70679,0.431879711156315,55.963800275141
LGMS Bhd,LGMS,2026-12-31,0,7.35644,7.24426,,9.24,10.391,-0.71107,0.397043132290442,26.1498063336055
Leong Hup International Bhd,LHI,2022-12-31,0,1.10196,0.58101,0.21367,1.419,4.86,0.44769,1.18981253207483,1.17053484411962
Leong Hup International Bhd,LHI,2023-12-31,0,1.18672,0.64395,0.26163,3.39,11.5,0.40865,1.39958079293361,1.69322002219053
Leong Hup International Bhd,LHI,2024-12-31,0,1.326,0.69236,0.25371,4.599,14.23,0.3465,1.45432858302046,2.40027678179541
Leong Hup International Bhd,LHI,2025-12-31,0,1.42556,0.72521,0.23741,6.61,18.309,0.25465,1.43543887812075,3.09849451373178
Leong Hup International Bhd,LHI,2026-12-31,0,1.61213,0.92504,0.32678,7.719,19.809,0.1847,1.3600750190147,3.79163932066035
Lien Hoe Corporation Bhd,LIENHOE,2021-12-31,0,2.03312,1.67162,0.30369,-3.301,-15.085,0.08957,0.019653968976894,1.69401989881068
Lien Hoe Corporation Bhd,LIENHOE,2022-12-31,0,1.67843,0.87278,0.69941,-0.5476,-12.3839,0.08558,0.053607256094392,2.21925176200887
Lien Hoe Corporation Bhd,LIENHOE,2023-12-31,0,1.01146,0.40128,0.31606,-3.609,-26.9428,0.09649,0.075199216692668,2.11815263215787
Lien Hoe Corporation Bhd,LIENHOE,2024-12-31,0,0.72435,0.12427,0.0767,,,0.10342,0.086043765485528,1.92843174237208
Lien Hoe Corporation Bhd,LIENHOE,2025-12-31,0,0.1237,0.10878,0.05858,,,0.09376,0.08127040428091,1.18503770338037
Liftech Group Bhd,LIFTECH,2022-12-31,0,1.89654,1.30447,,,,-0.02341,,
Liftech Group Bhd,LIFTECH,2023-12-31,0,2.0853,1.53894,,,,0.01871,1.2300895434592,
Liftech Group Bhd,LIFTECH,2024-12-31,0,1.86249,1.45705,,,,-0.08256,1.11240471089381,
Liftech Group Bhd,LIFTECH,2025-12-31,0,2.21325,1.6607,,,,0.18762,0.889176388853339,
Lii Hen Industries Bhd,LIIHEN,2022-12-31,0,3.00596,1.80515,0.6345,6.299,8.789,-0.22914,1.23837132505086,8.44216416864644
Lii Hen Industries Bhd,LIIHEN,2023-12-31,0,4.35175,3.2709,0.85105,12.279,16.12,-0.35411,1.18912876933897,9.59499887009839
Lii Hen Industries Bhd,LIIHEN,2024-12-31,0,4.04961,2.93872,0.70616,8.786,11.174,-0.29406,1.00719551253039,8.94665954248623
Lii Hen Industries Bhd,LIIHEN,2025-12-31,0,4.65228,3.32092,0.57671,,,-0.27874,0.929952621326263,8.05937736860428
Lii Hen Industries Bhd,LIIHEN,2026-12-31,0,5.34848,4.23443,0.77917,,,-0.32481,0.805077798481386,6.55298262491344
Lion Industries Corporation Bhd,LIONIND,2022-06-30,0,1.18743,0.80643,0.09604,,,-0.02061,0.857431057453432,0.088606105648187
Lion Industries Corporation Bhd,LIONIND,2024-06-30,0,1.29496,0.9487,0.19167,,,-0.01657,,
Lion Industries Corporation Bhd,LIONIND,2025-06-30,0,1.05059,0.7531,0.11117,,,0.0447,0.673398600041076,-0.309550322239326
Lion Industries Corporation Bhd,LIONIND,2026-06-30,0,1.19006,0.94889,0.1584,,,0.07162,0.65769280857665,-0.3270475115913
LKL International Bhd,LKL,2023-12-31,0,2.36533,1.96862,0.26229,,,-0.02249,,
LKL International Bhd,LKL,2024-12-31,0,1.40136,1.10571,0.0727,,,0.15252,0.234182456134533,-1.71403047196006
LKL International Bhd,LKL,2025-12-31,0,1.0996,0.75337,0.39706,,,0.22427,0.320488792928215,-3.27539850210932
Lotus KFM Bhd,LOTUS,2021-09-30,0,11.2266,10.4524,6.79515,-10.212,-19.5471,-0.37262,0.619618497904584,20.7520663575295
Lotus KFM Bhd,LOTUS,2022-09-30,0,9.32308,8.97399,2.4931,-5.605,-12.605,-0.14458,0.722385312619035,9.67231503167213
Lotus KFM Bhd,LOTUS,2023-09-30,0,7.14766,7.01298,2.70693,-0.298,-4.172,-0.21288,0.59521584185386,15.8010123579566
Lotus KFM Bhd,LOTUS,2024-09-30,0,6.44818,6.40843,1.52401,,,-0.1812,0.499902310466542,12.4486439288705
Lotus KFM Bhd,LOTUS,2025-09-30,0,8.07013,7.72911,0.98263,,,-0.30855,0.464135010581266,9.84624913777831
Lotus Circular Bhd,LOTUSCIR,2021-06-30,0,2.19739,1.23474,0.69405,,,-0.26587,0.975097987420486,5.24962946003043
Lotus Circular Bhd,LOTUSCIR,2022-06-30,0,2.38831,1.83214,1.21658,,,-0.56366,1.06381507624044,6.28883380720656
Lotus Circular Bhd,LOTUSCIR,2023-06-30,0,4.39957,2.99228,0.50246,,,-0.32257,0.97956709690322,7.43112968667201
Lotus Circular Bhd,LOTUSCIR,2024-06-30,0,6.64834,4.37478,0.97159,,,-0.35562,1.05833131009717,10.1673675875232
Lotus Circular Bhd,LOTUSCIR,2025-06-30,0,5.18276,3.71405,0.75641,,,-0.35502,1.10714019408375,6.9573263451548
LPC Group Bhd,LPCGRP,2024-04-30,0,1.5877,,0.05658,,,-0.27409,,
LPC Group Bhd,LPCGRP,2025-04-30,0,2.01008,,0.0644,,,-0.25565,0.820021344146523,
LPC Group Bhd,LPCGRP,2026-04-30,0,1.68721,,0.19221,,,-0.16774,0.79214862012448,8.27958892891067
Lpi Capital Bhd,LPI,2022-12-31,0,,,,7.322,16.35,-0.01709,0.273291504824889,
Lpi Capital Bhd,LPI,2023-12-31,0,,,,5.52,12.79,-0.30148,0.356158098472685,
Lpi Capital Bhd,LPI,2024-12-31,0,,,,6.469,14.05,-0.11822,0.268977319225986,
Lpi Capital Bhd,LPI,2025-12-31,0,,,,8.06,16.03,-0.04629,0.341843762066911,
Lpi Capital Bhd,LPI,2026-12-31,0,,,,7.56,15.07,-0.10236,0.371461883664351,
Lim Seong Hai Capital Bhd,LSH,2022-09-30,0,2.94148,2.42364,0.56605,,,-0.04229,1.1930751771977,11.0501552980563
Lim Seong Hai Capital Bhd,LSH,2023-09-30,0,1.92824,1.7556,0.39625,,,-0.42305,1.5022691975356,9.43538130791284
Lim Seong Hai Capital Bhd,LSH,2024-09-30,0,2.54462,1.47749,0.08835,,,-0.0239,0.961194813497187,8.42818253470384
Lim Seong Hai Capital Bhd,LSH,2025-09-30,0,2.92899,1.81607,0.26014,,,-0.01262,0.586907877843963,8.69977690220566
Lim Seong Hai Capital Bhd,LSH,2026-09-30,0,3.58728,2.35482,0.19648,11.8,15.7,-0.09105,0.606396342756156,12.7619406604057
Leader Steel Holdings Bhd,LSTEEL,2021-12-31,0,1.43345,0.67297,0.07748,14.4837,22.3493,0.29017,0.815001715466632,3.85381768937219
Leader Steel Holdings Bhd,LSTEEL,2022-12-31,0,1.57721,1.14183,0.38722,-0.0464,-1.8625,0.12934,0.742469580116741,3.56435720891553
Leader Steel Holdings Bhd,LSTEEL,2023-12-31,0,1.08746,0.55983,0.06725,5.2306,7.1869,0.15355,0.511440901118733,3.11991228289804
Leader Steel Holdings Bhd,LSTEEL,2024-12-31,0,1.79377,1.14719,0.38784,,,0.0656,0.471092266814174,3.27894759509151
Leader Steel Holdings Bhd,LSTEEL,2025-12-31,0,1.83499,1.28905,0.28327,,,0.07447,0.347635921077867,3.28566592871182
LTKM Bhd,LTKM,2023-03-31,0,1.44888,1.14768,0.80763,,,0.11495,0.633595697679853,3.92532461132966
LTKM Bhd,LTKM,2024-03-31,0,1.64397,1.33789,1.13447,,,-0.00831,0.781455898432054,5.23596140378417
LTKM Bhd,LTKM,2025-03-31,0,1.53452,1.2049,1.02887,,,-0.03687,0.706962571749135,5.80570793971666
LTKM Bhd,LTKM,2026-03-31,0,1.76685,1.29903,1.03055,,,0.00664,0.55230826048148,5.8729885425178
LTKM Bhd,LTKM,2027-03-31,0,1.79123,1.28204,1.10009,,,-0.01206,0.489305972528997,5.93116656178724
Luster Industries Bhd,LUSTER,2021-12-31,0,2.97446,1.78117,0.42097,,,-0.11959,0.351010369343014,5.0278445291159
Luster Industries Bhd,LUSTER,2022-12-31,0,2.5929,1.34336,0.42256,-0.104,-0.119,-0.02926,0.292736718331765,3.61751056718817
Luster Industries Bhd,LUSTER,2023-12-31,0,2.81157,1.35522,0.54511,,-17.86,-0.06463,0.256803259724529,3.69118067028183
Luster Industries Bhd,LUSTER,2024-12-31,0,2.69177,1.53467,0.50828,2.98,3.633,-0.05115,0.297268878836653,3.88689711333873
Luster Industries Bhd,LUSTER,2025-12-31,0,2.10248,1.23373,0.41715,,,-0.09105,0.475236539176914,2.71644234255203
Luxchem Corporation Bhd,LUXCHEM,2022-12-31,0,2.76921,2.06809,0.61909,,16.6,-0.1702,1.44545330590541,8.08618078574074
Luxchem Corporation Bhd,LUXCHEM,2023-12-31,0,4.95794,4.13765,0.91037,,,-0.26056,1.06381758464538,9.27353775416962
Luxchem Corporation Bhd,LUXCHEM,2024-12-31,0,5.11381,4.3342,0.67586,,,-0.30228,0.896400356595921,9.25694505744615
Luxchem Corporation Bhd,LUXCHEM,2025-12-31,0,3.85393,3.09621,0.51152,,,-0.23997,1.01844435332962,8.11626799957634
Luxchem Corporation Bhd,LUXCHEM,2026-12-31,0,5.17497,4.38278,0.95864,,,-0.30702,0.89955539221267,8.33977107672611
Life Water Bhd,LWSABAH,2022-06-30,0,2.38342,1.79907,0.28618,,,0.22375,,
Life Water Bhd,LWSABAH,2023-06-30,0,1.92978,1.27621,0.25733,,,0.33026,0.871899821837964,
Life Water Bhd,LWSABAH,2024-06-30,0,2.6766,1.96189,0.40706,,,0.24032,0.906731390841673,
Life Water Bhd,LWSABAH,2025-06-30,0,3.25803,2.55184,0.56338,,,0.25189,0.798966014480688,
Life Water Bhd,LWSABAH,2026-06-30,0,4.30176,3.33456,0.61768,,,0.03509,0.59798779210662,7.05869602595653
LYC Healthcare Bhd,LYC,2022-03-31,0,2.54456,2.25351,1.0703,,,0.615,0.404729160335953,1.68721903617242
LYC Healthcare Bhd,LYC,2023-03-31,0,1.7989,1.58793,1.09007,,,0.34317,0.462662659149648,1.52129493522561
LYC Healthcare Bhd,LYC,2024-03-31,0,0.60338,0.5053,0.23894,2.4758,2.7237,0.48667,0.567790049827186,-1.19484435480047
LYC Healthcare Bhd,LYC,2025-03-31,0,0.45805,0.3824,0.15122,,,0.62079,0.650490736345023,-2.64655668920644
LYC Healthcare Bhd,LYC,2026-03-31,1,0.40888,0.34553,0.13975,,,0.58502,0.586413036353387,-3.54303131162204
Lysaght Galvanized Steel Bhd,LYSAGHT,2021-12-31,0,15.38882,9.85158,2.18193,5.264,6.5166,-0.38169,0.349628327633106,15.7302162583079
Lysaght Galvanized Steel Bhd,LYSAGHT,2022-12-31,0,21.64421,14.55015,10.59487,8.6099,9.9551,-0.43641,0.4117005296695,18.1911501858352
Lysaght Galvanized Steel Bhd,LYSAGHT,2023-12-31,0,23.70077,18.70091,12.84671,,,-0.52317,0.465596419874359,18.7532191506689
Lysaght Galvanized Steel Bhd,LYSAGHT,2024-12-31,0,18.78273,14.99044,10.93503,,,-0.51856,0.517108762144213,21.2805054185793
Lysaght Galvanized Steel Bhd,LYSAGHT,2025-12-31,0,19.77532,14.99134,11.56498,,11.455,-0.44003,0.453833483434448,22.216483554651
M & A Equity Holdings Bhd,M&A,2021-06-30,0,2.61048,1.87587,0.26117,,,-0.05623,0.523351746222087,4.36925869469925
M & A Equity Holdings Bhd,M&A,2022-06-30,0,10.03925,9.48037,0.15925,,,0.04008,,
M & A Equity Holdings Bhd,M&A,2023-06-30,0,2.77326,2.69531,0.36453,,,-0.34036,0.092408711096439,6.41208306480832
M & A Equity Holdings Bhd,M&A,2024-06-30,0,3.98565,3.90086,0.96607,,,-0.3132,0.099285134651886,10.2500631495891
M & A Equity Holdings Bhd,M&A,2025-06-30,0,5.71091,5.59632,1.9161,,,-0.34076,0.096112304987302,11.4637645851938
Marine & General Bhd,M&G,2022-04-30,0,0.8204,0.7218,0.18576,,,0.93449,0.26253473776833,-1.12284105704125
Marine & General Bhd,M&G,2023-04-30,0,0.75978,0.658,0.16108,,,0.84871,0.364482838583104,-0.038105624787565
Marine & General Bhd,M&G,2024-04-30,0,1.21094,1.09134,0.49494,,,0.69695,0.405308789421552,0.765943347334277
Marine & General Bhd,M&G,2025-04-30,0,1.29154,1.22533,0.27601,1.794,25.574,0.64983,0.408136058490962,0.97206103230345
Marine & General Bhd,M&G,2026-04-30,0,1.02962,0.9527,0.11888,,,0.64035,0.411652158821259,0.708291632885896
MAA Group Bhd,MAA,2021-06-30,0,,,,0.758,10.873,,,
MAA Group Bhd,MAA,2022-06-30,0,,,,,,,,
MAA Group Bhd,MAA,2023-06-30,0,0.38075,0.35079,0.33759,,,0.157,,
MAA Group Bhd,MAA,2024-06-30,0,3.2022,3.17007,1.27862,,,-0.12962,0.170258105199069,3.00089380819545
MAA Group Bhd,MAA,2025-06-30,0,2.50959,2.46969,0.21897,,,0.04755,0.243634359293819,1.48202120742342
Mag Holdings Bhd,MAG,2023-06-30,0,2.34878,2.20384,1.22636,,,-0.02517,,
Mag Holdings Bhd,MAG,2024-06-30,0,3.32165,3.18286,1.44606,3.301,4.683,-0.02981,0.1924406463903,3.76999234994116
Mag Holdings Bhd,MAG,2025-06-30,0,1.94668,1.8692,0.91387,,,0.01294,0.264609860181105,2.8043690017548
Magma Group Bhd,MAGMA,2021-12-31,0,0.95188,0.66432,0.00205,,,0.62829,,
Magma Group Bhd,MAGMA,2023-12-31,0,1.68398,1.03163,0.35587,,,0.30377,,
Magma Group Bhd,MAGMA,2024-12-31,0,1.75235,0.77188,0.39386,,,0.44666,0.060434020832761,-0.834760153510844
Magma Group Bhd,MAGMA,2025-12-31,0,4.57481,1.81153,0.2693,,,0.52282,0.057527292106189,2.51062483083287
Magna Prima Bhd,MAGNA,2021-12-31,0,0.70077,0.69309,0.00817,,,0.26179,0.008791728776376,0.998325746793061
Magna Prima Bhd,MAGNA,2022-12-31,0,0.82245,0.29263,0.05413,1.146,1.917,0.18785,0.134781312582854,3.20962797570568
Magna Prima Bhd,MAGNA,2023-12-31,0,1.07651,0.32026,0.00092,-5.758,-9.603,0.13686,0.094741046537302,1.35017728067385
Magna Prima Bhd,MAGNA,2024-12-31,0,6.71195,3.01454,0.12622,-3.759,-6.49,-0.0218,0.538963315754241,12.046756572634
Magna Prima Bhd,MAGNA,2025-12-31,0,6.78023,2.43332,0.78503,,,-0.14749,0.256087607968763,11.9563310673244
Magni-Tech Industries Bhd,MAGNI,2023-04-30,0,8.06085,5.30403,0.07058,,,-0.52668,1.1958337877468,15.9942685055042
Magni-Tech Industries Bhd,MAGNI,2024-04-30,0,12.82453,8.64604,0.11261,10.72,12.119,-0.52357,1.38827046335531,19.3672023358107
Magni-Tech Industries Bhd,MAGNI,2025-04-30,0,6.41404,4.34245,0.77881,13.024,15.046,-0.60203,1.38474194390766,14.0446298014764
Magni-Tech Industries Bhd,MAGNI,2026-04-30,0,5.84825,3.95656,0.02268,,,-0.46944,1.41042075943211,13.6682049292651
Magni-Tech Industries Bhd,MAGNI,2027-04-30,0,7.63656,5.36354,3.70736,,,-0.4955,1.30450594683759,14.5542837010345
Magnum Bhd,MAGNUM,2022-12-31,0,0.86892,0.86519,0.05849,0.02,0.03,0.21785,0.355492259390844,3.3431562336579
Magnum Bhd,MAGNUM,2023-12-31,0,0.7555,0.75299,0.06595,2.87,4.23,0.20704,0.578288540955319,2.744531488822
Magnum Bhd,MAGNUM,2024-12-31,0,0.7016,0.69957,0.10098,3.58,5.21,0.18038,0.614784741829238,2.5722654901095
Magnum Bhd,MAGNUM,2025-12-31,0,0.67343,0.6719,0.12252,4.339,7.179,0.15843,0.634520207751372,2.93116776725972
Magnum Bhd,MAGNUM,2026-12-31,0,0.70767,0.70592,0.09349,4.7,7.679,0.14943,0.648742326597303,3.05556373100682
Mah Sing Group Bhd,MAHSING,2022-12-31,0,3.26405,1.6276,0.06832,2.31,4.66,0.15335,0.252897819506305,4.44458888402037
Mah Sing Group Bhd,MAHSING,2023-12-31,0,2.58731,1.40617,0.07543,2.68,5.12,0.21818,0.34503844596395,4.07175492664926
Mah Sing Group Bhd,MAHSING,2024-12-31,0,2.92655,1.74549,0.07466,3.362,5.931,0.1404,0.406546442001026,4.70970096334539
Mah Sing Group Bhd,MAHSING,2025-12-31,0,2.00716,1.26729,0.05351,3.45,6.309,0.22273,0.360814949589987,4.47217187514612
Mah Sing Group Bhd,MAHSING,2026-12-31,0,2.22497,1.37186,0.07255,3.33,6.5,0.25501,0.322305467561512,3.84580737456392
Malakoff Corp Bhd,MALAKOF,2022-12-31,0,1.79111,1.52794,0.47224,1.08,4.759,0.34708,0.273445864102557,1.16436505868503
Malakoff Corp Bhd,MALAKOF,2023-12-31,0,1.90479,1.38068,0.47994,1.341,5.517,0.42251,0.459549745850039,1.45173339408965
Malakoff Corp Bhd,MALAKOF,2024-12-31,0,1.92117,1.63574,0.86647,-3.96,-16.629,0.40121,0.428854946988941,0.826074148918852
Malakoff Corp Bhd,MALAKOF,2025-12-31,0,1.92006,1.52671,0.52144,1.37,5.98,0.41883,0.456311658305679,1.19812499679368
Malakoff Corp Bhd,MALAKOF,2026-12-31,0,1.74636,1.30095,0.65208,0.52,2.169,0.41768,0.392559136579919,0.852613033348447
Malton Bhd,MALTON,2022-06-30,0,1.00734,0.61697,0.05908,,,0.32145,0.397963607570674,0.830248585015599
Malton Bhd,MALTON,2023-06-30,0,1.02293,0.62794,0.11002,,,0.22842,0.24832931023335,1.23840198887803
Malton Bhd,MALTON,2024-06-30,0,1.17761,0.78322,0.10754,,,0.33511,0.324924424099924,1.27937251002321
Malton Bhd,MALTON,2025-06-30,0,1.26529,0.82236,0.21008,,,0.21152,0.283163341262253,1.81320513654104
Malton Bhd,MALTON,2026-06-30,0,1.20804,0.71163,0.07668,,,0.26879,0.245773968174254,1.62020805960707
Manulife Holdings Bhd,MANULFE,2021-12-31,0,,,,2.1204,13.188,-0.24699,0.230221429424584,
Manulife Holdings Bhd,MANULFE,2022-12-31,0,,,,2.1105,12.2958,-0.20642,0.225977073261903,
Manulife Holdings Bhd,MANULFE,2023-12-31,0,,,,,,-0.16388,0.078126894268832,
Manulife Holdings Bhd,MANULFE,2024-12-31,0,,,,,,-0.16949,0.094358047639551,
Manulife Holdings Bhd,MANULFE,2025-12-31,0,,,,,,-0.2075,0.087527582539831,
Marco Holdings Bhd,MARCO,2021-12-31,0,11.50933,10.49135,2.84608,3.151,3.445,-0.58001,0.639342185475723,14.8713959798256
Marco Holdings Bhd,MARCO,2022-12-31,0,7.92914,6.75063,1.2721,3.2893,3.2969,-0.56851,0.710236345378619,13.6197044495405
Marco Holdings Bhd,MARCO,2023-12-31,0,7.10264,4.6412,1.58167,3.5797,3.8213,-0.40569,0.677077056955205,13.9288547681759
Marco Holdings Bhd,MARCO,2024-12-31,0,8.00846,5.82445,3.55171,,,-0.44174,0.890971609525394,13.3869458703414
Marco Holdings Bhd,MARCO,2025-12-31,0,10.00856,7.57548,3.65593,,,-0.46191,0.840793800968213,11.5769003481359
Malaysia Steel Works (KL) Bhd,MASTEEL,2021-12-31,0,1.15717,0.34728,0.00534,,,0.26978,0.948949163620024,1.73189130416991
Malaysia Steel Works (KL) Bhd,MASTEEL,2022-12-31,0,1.14741,0.30302,0.04492,1.503,2.791,0.30976,1.00861894409427,1.68286949311641
Malaysia Steel Works (KL) Bhd,MASTEEL,2023-12-31,0,1.11134,0.33611,0.03312,,,0.32674,1.06875590854704,1.41259637011724
Malaysia Steel Works (KL) Bhd,MASTEEL,2024-12-31,0,1.01905,0.32892,0.03609,,,0.34204,1.18491620124919,1.06856050814277
Malaysia Steel Works (KL) Bhd,MASTEEL,2025-12-31,0,1.00053,0.34024,0.08086,,,0.33461,1.0918787666071,0.837071719853232
Master-Pack Group Bhd,MASTER,2021-12-31,0,3.79187,3.0961,1.77449,-9.0676,-20.9338,-0.26414,1.02665022002934,7.9016006261899
Master-Pack Group Bhd,MASTER,2022-12-31,0,5.33618,4.40304,2.73952,-12.1144,-26.9542,-0.3492,0.980825122927596,10.8197999229442
Master-Pack Group Bhd,MASTER,2023-12-31,0,5.71258,5.15482,3.50955,-1.6981,-7.0182,-0.41375,0.901212815078856,11.7230907812378
Master-Pack Group Bhd,MASTER,2024-12-31,0,5.5556,4.94185,3.67394,,,-0.47045,0.764013530305122,12.211479634994
Master-Pack Group Bhd,MASTER,2025-12-31,0,6.77163,6.20635,4.89157,,,-0.4779,0.508121414269522,9.83709458234008
Matang Bhd,MATANG,2021-06-30,0,36.32562,36.04169,35.17963,,,-0.36218,0.065190490250922,51.489036149268
Matang Bhd,MATANG,2022-06-30,0,31.00677,30.5962,29.7522,,,-0.3697,0.075807708182342,43.9678587882558
Matang Bhd,MATANG,2023-06-30,0,38.47252,38.25597,36.42244,,,-0.40266,0.059026059127301,44.9727488235831
Matang Bhd,MATANG,2024-06-30,0,23.06401,22.78379,21.94269,,,-0.29026,0.0670258936067,40.1409457224546
Matang Bhd,MATANG,2025-06-30,0,19.71831,19.40491,18.70973,,,-0.306,0.085175097409042,30.8885669603751
Matrix Concepts Holdings Bhd,MATRIX,2023-03-31,0,2.42673,1.61203,,8.05,11.039,0.03835,0.342157357048784,6.86941930630356
Matrix Concepts Holdings Bhd,MATRIX,2024-03-31,0,2.65329,1.91379,,8.009,10.65,-0.00297,0.42513992982692,7.16866715655793
Matrix Concepts Holdings Bhd,MATRIX,2025-03-31,0,3.00967,2.21676,0.27699,9.17,11.92,-0.00899,0.503768595369666,8.69907783444701
Matrix Concepts Holdings Bhd,MATRIX,2026-03-31,0,2.82563,1.57881,0.06856,7.25,9.83,0.16812,0.386717468105574,6.67756390721703
Matrix Concepts Holdings Bhd,MATRIX,2027-03-31,0,1.75405,0.98357,0.08083,6.139,9.65,0.27152,0.374138089039724,4.36652934887817
Maxim Global Bhd,MAXIM,2021-12-31,0,2.83912,1.5646,0.13768,1.4219,12.2991,-0.04485,0.418704057585669,4.84959443278231
Maxim Global Bhd,MAXIM,2022-12-31,0,6.71832,4.45541,,18.8969,43.577,-0.12479,0.429724107422496,6.76378842052353
Maxim Global Bhd,MAXIM,2023-12-31,0,5.49161,2.85362,,10.034,21.6836,-0.14296,0.14788586291,5.77788618913457
Maxim Global Bhd,MAXIM,2024-12-31,0,6.65295,2.48002,,2.864,3.864,0.19883,0.346877094663684,6.04291676477489
Maxim Global Bhd,MAXIM,2025-12-31,0,5.48055,2.25615,0.52943,,,0.25532,0.389665650025925,5.79147302726595
Maxis Bhd,MAXIS,2022-12-31,0,0.496,0.49513,0.20727,5.9,18.989,0.52923,0.414783098591549,2.93689533222215
Maxis Bhd,MAXIS,2023-12-31,0,0.57793,0.57627,0.13051,5.2,18.05,0.5789,0.430399226169539,2.42222158680719
Maxis Bhd,MAXIS,2024-12-31,0,0.56086,0.55681,0.10494,4.346,16.898,0.59313,0.444289268101078,2.1696415786195
Maxis Bhd,MAXIS,2025-12-31,0,0.51848,0.51544,0.08284,6.19,23.969,0.58078,0.467186945725435,2.20097958726112
Maxis Bhd,MAXIS,2026-12-31,0,0.48343,0.48055,0.0696,6.96,25.899,0.56336,0.474300367933995,2.16443809842322
Malayan Banking Bhd,MAYBANK,2022-12-31,0,,,,0.93,9.509,0.05897,0.028955783442876,
Malayan Banking Bhd,MAYBANK,2023-12-31,0,,,,0.9,9.59,0.06779,0.028537179840953,
Malayan Banking Bhd,MAYBANK,2024-12-31,0,,,,0.95,10.366,0.21493,0.027360990661313,
Malayan Banking Bhd,MAYBANK,2025-12-31,0,,,,0.96,10.698,0.10127,0.027701619057558,
Malayan Banking Bhd,MAYBANK,2026-12-31,0,,,,0.99,11.7,0.21837,0.028272776135265,
Maybulk Bhd,MAYBULK,2021-12-31,0,3.39748,3.29557,2.75455,,,-0.11011,0.323564643306722,5.46302089660956
Maybulk Bhd,MAYBULK,2022-12-31,0,2.61089,2.58887,0.37703,0.536,0.637,-0.66554,0.2443450057582,5.4502949215704
Maybulk Bhd,MAYBULK,2023-12-31,0,25.67755,25.09643,10.66459,,-17.914,-0.59146,0.21800806839002,28.9900002049457
Maybulk Bhd,MAYBULK,2024-12-31,0,37.83135,36.98426,11.91977,,,-0.19606,0.158476240301693,7.18857945701271
Maybulk Bhd,MAYBULK,2025-12-31,0,17.90981,17.47461,2.04889,,,-0.16792,0.137335940555338,6.94669592814906
Mayu Global Group Bhd,MAYU,2021-06-30,0,5.98655,2.12416,0.50449,,,-0.14458,,
Mayu Global Group Bhd,MAYU,2022-06-30,0,5.95164,3.6216,1.0379,,,-0.15234,0.275377164572984,5.09526297576324
Mayu Global Group Bhd,MAYU,2023-06-30,0,5.56912,3.95535,1.12473,,,-0.1536,0.421452212764416,5.17723340568585
Mayu Global Group Bhd,MAYU,2024-06-30,0,7.85698,5.23664,2.85231,,,-0.14481,0.234427801890408,8.22355469482602
Mayu Global Group Bhd,MAYU,2025-06-30,0,2.79425,1.95275,0.75095,,,-0.11615,0.131898103744884,2.57870754522924
Muar Ban Lee Group Bhd,MBL,2021-12-31,0,1.52851,1.20797,0.29777,,,0.16984,1.18536778354036,2.75058869581129
Muar Ban Lee Group Bhd,MBL,2022-12-31,0,2.11526,1.7553,0.94984,,,-0.43068,1.15114367197845,5.48163701206598
Muar Ban Lee Group Bhd,MBL,2023-12-31,0,1.92043,1.29684,,,,-0.22148,0.795497508589619,4.60843496174408
Muar Ban Lee Group Bhd,MBL,2024-12-31,0,2.73489,1.67017,,,,-0.08099,0.70160065527892,5.88303669942265
Muar Ban Lee Group Bhd,MBL,2025-12-31,0,2.44403,1.58862,,,,-0.05851,0.731367107018966,5.26094234026277
MBM Resources Bhd,MBMR,2022-12-31,0,3.35266,2.78368,0.63736,7.259,8.98,-0.10636,0.662191451780762,9.27232454893895
MBM Resources Bhd,MBMR,2023-12-31,0,3.46251,2.81826,0.50236,11.519,14.179,-0.11982,0.943880802384149,9.45857480838728
MBM Resources Bhd,MBMR,2024-12-31,0,3.33056,2.3479,0.57266,13.042,15.978,-0.07228,0.942925448342555,12.6653758917956
MBM Resources Bhd,MBMR,2025-12-31,0,3.13305,2.49585,0.60062,12.47,15.279,-0.0775,0.931563564555478,15.7799129743103
MBM Resources Bhd,MBMR,2026-12-31,0,3.02089,2.3523,0.68865,11.97,14.73,-0.07799,0.900341422772655,13.1145399963951
MYMBN Bhd,MBN,2021-12-31,0,4.00277,2.2396,2.21845,,,-0.20099,6.1335834394051,
MYMBN Bhd,MBN,2022-12-31,0,4.1701,3.09983,2.23467,,,-0.26104,3.68018595703751,
MYMBN Bhd,MBN,2023-12-31,0,5.45091,4.25771,3.28081,,,-0.38356,2.03328653260703,13.068056587368
MYMBN Bhd,MBN,2024-12-31,0,9.6638,7.87176,2.22558,,,-0.31031,1.54121541704591,12.3545055527576
MYMBN Bhd,MBN,2025-12-31,0,4.60312,4.20289,0.79009,,,-0.18337,1.05862092002339,7.28766317772766
Meta Bright Group Bhd,MBRIGHT,2023-12-31,0,1.88237,0.71897,0.50026,,,-0.05147,,
Meta Bright Group Bhd,MBRIGHT,2024-12-31,0,3.14068,1.30769,0.7525,,,-0.07714,0.120938610011199,7.60946397510625
Meta Bright Group Bhd,MBRIGHT,2025-12-31,0,1.36174,0.81991,0.25693,,,0.21575,0.2500957857948,2.82634235014829
Meta Bright Group Bhd,MBRIGHT,2026-12-31,0,1.28515,0.78953,0.15222,,,0.25024,0.456130078328224,2.3756046972619
MBSB Bhd,MBSB,2022-12-31,0,,,,0.89,5.0,0.42026,0.031585884642079,
MBSB Bhd,MBSB,2023-12-31,0,,,,0.871,5.218,0.44343,0.027356916920053,
MBSB Bhd,MBSB,2024-12-31,0,,,,0.809,5.232,0.38543,0.016323920965724,
MBSB Bhd,MBSB,2025-12-31,0,,,,0.62,4.147,0.22096,0.024790047606573,
MBSB Bhd,MBSB,2026-12-31,0,,,,0.43,2.799,0.4317,0.022816062943591,
MCE Holdings Bhd,MCEHLDG,2022-07-31,0,1.20569,0.46723,0.17362,,,0.17217,0.709584855910345,2.56586998683195
MCE Holdings Bhd,MCEHLDG,2023-07-31,0,1.67562,0.9487,0.11524,,,0.13481,0.80473954181699,3.45987477848269
MCE Holdings Bhd,MCEHLDG,2024-07-31,0,2.44897,1.63708,0.30553,,14.453,-0.0384,1.01373872091341,6.04230325851457
MCE Holdings Bhd,MCEHLDG,2025-07-31,0,2.68135,2.29459,0.34502,,,-0.21157,0.882648527824503,8.30192666763464
MCE Holdings Bhd,MCEHLDG,2026-07-31,0,2.68055,2.33483,0.4618,10.98,16.2,-0.35067,0.700625099564622,7.11153127518047
Malayan Cement Bhd,MCEMENT,2022-06-30,0,1.06614,0.71617,0.09237,0.76,,0.19254,,
Malayan Cement Bhd,MCEMENT,2023-06-30,0,1.1614,0.83093,0.13964,1.169,1.8,0.33752,0.377947202801306,1.14778676731131
Malayan Cement Bhd,MCEMENT,2024-06-30,0,1.23301,0.92252,0.14885,1.506,2.713,0.29876,0.351182902640242,1.51079725618467
Malayan Cement Bhd,MCEMENT,2025-06-30,0,1.51144,1.14075,0.12803,4.01,6.99,0.25208,0.410541190722075,2.77209308931905
Malayan Cement Bhd,MCEMENT,2026-06-30,0,1.77477,1.37653,0.13013,6.28,10.25,0.19751,0.423051687216854,3.51718999748899
MClean Technologies Bhd,MCLEAN,2022-12-31,0,1.53576,1.46131,0.22281,,,0.2293,1.04928190032525,0.348104689314015
MClean Technologies Bhd,MCLEAN,2023-12-31,0,1.5083,1.43803,0.21444,,,0.20289,1.04401438469696,0.045446845426958
MClean Technologies Bhd,MCLEAN,2024-12-31,0,1.35123,1.26554,0.23583,,,0.2157,1.08837574800171,-1.24102853021782
MClean Technologies Bhd,MCLEAN,2025-12-31,0,1.76388,1.68294,0.29093,,,0.09398,1.28630474365593,3.32876333684671
MClean Technologies Bhd,MCLEAN,2026-12-31,0,2.67151,2.48997,0.62868,,,0.12959,0.887219508251296,8.06283115263586
MCOM Holdings Bhd,MCOM,2021-06-30,0,0.67488,,0.08226,,,4.28185,0.429972271830534,-17.1311800048817
MCOM Holdings Bhd,MCOM,2022-06-30,0,0.41562,,0.0614,,,,0.712431213877043,-21.1088390029129
MCOM Holdings Bhd,MCOM,2025-06-30,0,0.07037,,0.02323,,,,,
Media Prima Bhd,MEDIA,2022-06-30,0,1.08116,1.05242,0.06044,,,-0.03864,0.80716032809884,-0.690721966557656
Media Prima Bhd,MEDIA,2024-06-30,0,,,,,9.849,,,
Media Prima Bhd,MEDIA,2025-06-30,0,1.4269,1.40411,0.27365,2.156,4.345,-0.06313,,
Media Prima Bhd,MEDIA,2026-06-30,0,1.33663,1.32678,0.35961,1.449,1.379,-0.08676,0.591315723471793,-0.334887652891074
Mega Fortris Bhd,MEGAFB,2021-06-30,0,1.36859,0.89627,0.20436,,,0.34531,,
Mega Fortris Bhd,MEGAFB,2022-06-30,0,1.45384,0.94266,0.26263,,,0.34287,0.940258336436341,
Mega Fortris Bhd,MEGAFB,2023-06-30,0,1.70136,1.15956,0.44118,,,0.22028,0.878917773784694,
Mega Fortris Bhd,MEGAFB,2024-06-30,0,1.97323,1.51332,0.57613,,,0.24478,0.749867658802121,
Mega Fortris Bhd,MEGAFB,2025-06-30,0,3.66984,3.13693,0.64703,,,0.02174,0.577112547898468,8.00062023724308
Melati Ehsan Holdings Bhd,MELATI,2021-08-31,0,1.76258,1.40297,0.12429,,,-0.09758,0.28891874160441,3.79669431415221
Melati Ehsan Holdings Bhd,MELATI,2022-08-31,0,2.12439,1.78018,0.34727,,,0.11612,0.24615754486181,4.09611142305558
Melati Ehsan Holdings Bhd,MELATI,2023-08-31,0,2.62397,2.09845,0.14174,,,0.20515,0.243662827358436,4.60898066062742
Melati Ehsan Holdings Bhd,MELATI,2024-08-31,0,1.88886,1.18582,0.17689,,,0.17934,0.090378975515422,3.41711694945442
Melati Ehsan Holdings Bhd,MELATI,2025-08-31,0,1.22814,0.9528,0.05096,8.185,15.405,0.1478,0.342016894388754,2.14702716864409
Melewar Industrial Group Bhd,MELEWAR,2021-06-30,0,1.80246,0.70659,0.05213,,,-0.02144,1.00284356974395,2.91541295424497
Melewar Industrial Group Bhd,MELEWAR,2022-06-30,0,1.82168,0.74419,0.08795,,,-0.01947,0.901454155511528,2.76987607981026
Melewar Industrial Group Bhd,MELEWAR,2023-06-30,0,2.39222,1.1325,0.57243,0.356,1.071,0.02839,0.670064240880936,2.35451442166141
Melewar Industrial Group Bhd,MELEWAR,2024-06-30,0,1.91937,0.79279,0.29609,,-9.394,0.08827,1.00362558689157,2.44268190499251
Melewar Industrial Group Bhd,MELEWAR,2025-06-30,0,2.51592,1.08631,0.41009,-7.43,-32.169,0.03713,0.895790193148823,2.39521691980151
Menang Corporation (M) Bhd,MENANG,2021-06-30,0,0.91903,0.75326,0.32482,-0.5897,-3.8203,0.44776,0.050377730278389,0.643172643501435
Menang Corporation (M) Bhd,MENANG,2022-06-30,0,1.0569,0.82097,0.25168,-3.4766,-8.6736,0.37495,0.083373593236716,1.27390280970676
Menang Corporation (M) Bhd,MENANG,2023-06-30,0,1.12872,0.90177,0.3145,-1.0479,-5.1474,0.29985,0.088005650972889,1.68969313512699
Menang Corporation (M) Bhd,MENANG,2024-06-30,0,1.22899,1.0111,0.57242,,,0.13772,0.094685268679714,2.14509886475983
Menang Corporation (M) Bhd,MENANG,2025-06-30,0,1.4322,1.12116,0.48621,,,0.09725,0.09030009922258,2.70775695887603
Mentiga Corporation Bhd,MENTIGA,2021-12-31,0,0.8809,0.75308,0.05211,5.4924,4.6369,0.12266,0.041161264252183,-0.141087094995753
Mentiga Corporation Bhd,MENTIGA,2022-12-31,0,0.66818,0.50461,0.03533,-20.9077,-31.3648,0.17508,0.053169363934305,-0.5177050877143
Mentiga Corporation Bhd,MENTIGA,2023-12-31,0,0.18386,0.12444,0.03435,24.338,105.402,0.12264,0.090738148536349,-0.550734165277074
Mentiga Corporation Bhd,MENTIGA,2024-12-31,0,0.33269,0.21564,0.09427,8.563,30.249,0.13686,0.08699027049648,-0.508571501060014
Mentiga Corporation Bhd,MENTIGA,2025-12-31,0,0.47764,0.38201,0.22224,,,0.11969,0.121532300448421,-0.203518429709614
Mercury Industries Bhd,MERCURY,2021-06-30,0,0.81395,,0.00188,0.253,0.453,0.06841,0.076436551409249,-2.78330543633247
Mercury Industries Bhd,MERCURY,2022-06-30,0,1.28467,,0.32559,-4.0724,-12.4434,-0.06972,0.094687046050822,1.84532054676965
Mercury Industries Bhd,MERCURY,2023-06-30,0,,,,8.7595,22.0777,,,
Mercury Industries Bhd,MERCURY,2024-06-30,0,,,,,,,,
Mercury Industries Bhd,MERCURY,2025-06-30,0,1.34725,,0.10658,,,0.04152,,
Mercury Securities Group Bhd,MERSEC,2022-10-31,0,6.27756,,2.49801,,,-0.36822,0.406224578165034,
Mercury Securities Group Bhd,MERSEC,2023-10-31,0,6.17564,,2.3455,,,-0.36737,0.335552577374484,
Mercury Securities Group Bhd,MERSEC,2024-10-31,0,11.76595,,6.04975,,,-0.48716,0.173565006628359,25.7105985838614
Mercury Securities Group Bhd,MERSEC,2025-10-31,0,10.11476,10.09092,4.99915,,,-0.48117,0.176108809704943,24.9896390837334
Mercury Securities Group Bhd,MERSEC,2026-10-31,0,10.92902,10.87532,2.61893,,,-0.2369,0.186712693593599,24.0455804772699
Mestron Holdings Bhd,MESTRON,2022-12-31,0,2.7452,2.13135,1.17955,,,-0.25554,0.539237770670871,13.5161350843787
Mestron Holdings Bhd,MESTRON,2023-12-31,0,1.89957,1.50272,0.59864,,,-0.08654,0.727793556346526,8.67561192004066
Mestron Holdings Bhd,MESTRON,2024-12-31,0,2.87383,2.1918,0.36812,,9.867,0.1554,0.780831624629939,10.6810342466779
Mestron Holdings Bhd,MESTRON,2025-12-31,0,2.3777,1.78734,0.30192,,,0.16332,0.744323610727289,7.08219288729221
Mestron Holdings Bhd,MESTRON,2026-12-31,0,2.30897,1.45432,0.29524,,,0.15504,0.665555746444749,5.64798943334632
Metro Healthcare Bhd,METRO,2022-12-31,0,3.79122,3.50371,3.02584,,,-0.09056,0.958048528996086,26.2349776386586
Metro Healthcare Bhd,METRO,2023-12-31,0,3.33066,3.04436,1.87961,,,-0.08982,0.793196797762009,30.6767482331658
Metro Healthcare Bhd,METRO,2024-12-31,0,3.90867,3.57788,2.04617,,,-0.00736,0.804536143551152,22.1679738299065
Metro Healthcare Bhd,METRO,2025-12-31,0,10.46657,10.0474,3.43798,,,-0.42775,0.624473926937774,16.0720219927705
Metro Healthcare Bhd,METRO,2026-12-31,0,11.89106,11.3253,3.67443,,,-0.43902,0.534750787214118,18.0321311398358
Metrod Holdings Bhd,METROD,2021-12-31,0,1.15337,0.64459,0.2762,6.218,17.081,0.52171,2.15426586049346,1.37500856020772
Metrod Holdings Bhd,METROD,2022-12-31,0,1.16396,0.5668,0.25783,6.336,17.39,0.50263,2.56906279714459,1.60262075196113
Metrod Holdings Bhd,METROD,2023-12-31,0,1.10031,0.51016,0.19096,,,0.47392,2.5867887425062,1.24323204513748
Metrod Holdings Bhd,METROD,2024-12-31,0,1.11418,0.57022,0.23947,,11.3643,0.49417,2.56010289650694,1.3204654596239
Metrod Holdings Bhd,METROD,2025-12-31,0,1.09476,0.41916,0.16757,,,0.5601,2.53664105509915,1.15517544586893
Mega First Corporation Bhd,MFCB,2022-12-31,0,1.99287,1.67057,0.58338,13.3,21.37,0.15362,0.263178974754271,6.1150625239231
Mega First Corporation Bhd,MFCB,2023-12-31,0,2.26005,1.95127,0.28266,9.726,15.429,0.06005,0.328410934405944,6.38198404203029
Mega First Corporation Bhd,MFCB,2024-12-31,0,1.88505,1.6691,0.26863,8.73,13.21,0.09414,0.299549846011917,6.19311569781281
Mega First Corporation Bhd,MFCB,2025-12-31,0,1.01681,0.7931,0.13512,9.539,14.39,0.18945,0.361769746014597,5.59400787145928
Mega First Corporation Bhd,MFCB,2026-12-31,0,1.05863,0.86834,0.20152,7.679,11.199,0.12511,0.281677833406169,5.20839884676315
Manforce Group Bhd,MFGROUP,2024-02-28,0,2.11954,2.11661,0.28262,,,0.20812,,
Manforce Group Bhd,MFGROUP,2025-02-28,0,2.41201,2.40924,0.41213,,,0.02675,2.89104365592777,8.38793945250117
Manforce Group Bhd,MFGROUP,2026-02-28,0,2.7098,2.70722,0.46823,,,-0.06101,2.49723488024225,8.73035994959725
Malayan Flour Mills Bhd,MFLOUR,2022-12-31,0,1.22028,0.80426,0.445,,,0.27208,0.913478300554331,2.17542506134801
Malayan Flour Mills Bhd,MFLOUR,2023-12-31,0,1.33051,0.77025,0.07738,,,0.34036,1.06738006677601,2.77381029486566
Malayan Flour Mills Bhd,MFLOUR,2024-12-31,0,1.3494,0.84306,0.08442,,4.758,0.23706,1.18554292438472,2.59449415946399
Malayan Flour Mills Bhd,MFLOUR,2025-12-31,0,1.28994,0.81402,0.06557,,7.799,0.2453,1.21518952845297,2.81110949909315
Malayan Flour Mills Bhd,MFLOUR,2026-12-31,0,1.40051,0.86459,0.05169,,,0.18204,1.2980254785101,3.4961683306726
MGB Bhd,MGB,2022-12-31,0,1.32231,1.15524,0.03383,2.85,5.58,0.11508,0.624500578072717,2.62485539675956
MGB Bhd,MGB,2023-12-31,0,1.46513,1.23534,0.07109,1.589,2.94,0.13152,0.66076517054683,2.60418218444604
MGB Bhd,MGB,2024-12-31,0,1.36216,1.10668,0.05419,4.78,9.199,0.09011,0.952873235641011,2.78250418985812
MGB Bhd,MGB,2025-12-31,0,1.48728,1.32116,0.17061,5.349,10.4,-0.00684,0.918292304429496,3.35664020344407
MGB Bhd,MGB,2026-12-31,0,1.52938,1.47335,0.11189,,8.16,0.08343,0.803427242418973,3.05991041743627
Malaysian Genomics Resource Centre Bhd,MGRC,2022-06-30,0,4.41057,4.32421,3.18457,,,-0.49335,0.105318538573172,36.7665774867461
Malaysian Genomics Resource Centre Bhd,MGRC,2023-06-30,0,18.07467,17.84418,12.3366,,,-0.46547,0.877019386421994,43.150859962091
Malaysian Genomics Resource Centre Bhd,MGRC,2024-06-30,0,,,,,,,,
Malaysian Genomics Resource Centre Bhd,MGRC,2025-06-30,0,3.2578,2.9945,0.07612,,,0.0698,,
Malaysian Genomics Resource Centre Bhd,MGRC,2026-06-30,0,3.1781,3.04827,0.33921,,,0.01293,0.390750529335372,10.0314600648107
Malaysia Marine and Heavy Engineering Holdings Bhd,MHB,2022-12-31,0,1.15757,1.15489,0.22837,-8.0,-14.25,0.03023,0.448966391072297,0.32034056236368
Malaysia Marine and Heavy Engineering Holdings Bhd,MHB,2023-12-31,0,1.22145,1.2193,0.15809,2.009,3.899,0.0653,0.489506891550639,1.37757211870981
Malaysia Marine and Heavy Engineering Holdings Bhd,MHB,2024-12-31,0,0.87602,0.87468,0.16627,-13.819,-31.904,0.01433,0.94453612472679,-1.39062781932539
Malaysia Marine and Heavy Engineering Holdings Bhd,MHB,2025-12-31,0,0.89187,0.8905,0.17503,3.37,9.15,-0.04116,1.00519371483901,-0.148053632195014
Malaysia Marine and Heavy Engineering Holdings Bhd,MHB,2026-12-31,0,0.84585,0.84357,0.20928,3.087,7.172,-0.02626,0.593164301003428,-0.060085176440355
MHC Plantations Bhd,MHC,2021-12-31,0,2.07327,1.66448,0.76083,,,-0.03721,0.843216653600358,3.02732167461469
MHC Plantations Bhd,MHC,2022-12-31,0,3.27986,2.68063,1.33966,,,-0.10877,0.816856010340019,3.55042340062506
MHC Plantations Bhd,MHC,2023-12-31,0,3.52609,3.00473,1.59826,,,-0.12468,0.650045849744289,3.33692389768048
MHC Plantations Bhd,MHC,2024-12-31,0,2.57372,2.21243,1.37585,,,-0.15091,0.662136816792028,3.40266361451568
MHC Plantations Bhd,MHC,2025-12-31,0,3.89747,3.27448,1.56938,,,-0.19031,0.694756774593396,4.69673832332746
MI Technovation Bhd,MI,2022-12-31,0,6.05619,5.0692,1.0789,7.5,8.72,-0.26179,0.454121367407231,21.7397288025853
MI Technovation Bhd,MI,2023-12-31,0,5.74661,4.59812,1.41818,5.639,6.599,-0.29184,0.318598298434705,10.9792547285869
MI Technovation Bhd,MI,2024-12-31,0,7.76602,6.31865,3.59615,4.5,5.169,-0.32404,0.290132523880049,16.4169634460836
MI Technovation Bhd,MI,2025-12-31,0,6.22945,4.77588,2.5512,5.554,6.45,-0.27313,0.384056098498229,18.7387293991167
MI Technovation Bhd,MI,2026-12-31,0,4.14958,3.22841,1.73273,7.53,8.919,-0.26636,0.501075886329613,16.0015279248737
Microlink Solutions Bhd,MICROLN,2022-03-31,0,1.47329,1.38682,0.14381,,,0.12875,0.972562087301824,10.4114834828265
Microlink Solutions Bhd,MICROLN,2023-03-31,0,1.92542,1.86148,0.65011,,,-0.13911,0.860440447127941,10.0181831090304
Microlink Solutions Bhd,MICROLN,2024-03-31,0,1.94856,1.72406,0.2844,24.1059,28.118,-0.01061,0.779512712819224,11.8114674465535
Microlink Solutions Bhd,MICROLN,2025-03-31,0,1.48453,1.21945,0.03826,,,0.13087,0.813860555146468,3.83085169342496
MIECO Bhd,MIECO,2021-12-31,0,1.11998,0.82603,0.37184,,,0.19193,0.539353154719962,3.04935674324096
MIECO Bhd,MIECO,2022-12-31,0,1.03277,0.68977,0.35955,,,0.19573,0.478449903002336,3.22123776379069
MIECO Bhd,MIECO,2023-12-31,0,1.03984,0.64935,0.02733,,,0.39895,0.552570738320757,1.84375308575506
MIECO Bhd,MIECO,2024-12-31,0,1.02528,0.65403,0.04336,8.278,12.319,0.40206,0.62004691407369,2.703037723666
MIECO Bhd,MIECO,2025-12-31,0,1.00584,0.68648,0.06669,,,0.33228,0.562824262669691,2.4482450428881
Milolo Bhd,MILOLO,2024-09-30,0,0.89362,0.53732,0.47373,,,0.58847,,
Milolo Bhd,MILOLO,2025-09-30,0,1.03922,0.6531,0.5522,,,0.41984,0.860597805839157,
Milux Corporation Bhd,MILUX,2021-12-31,0,3.03863,1.89102,0.31197,,,-0.17288,1.06319722518396,15.6707118288145
Milux Corporation Bhd,MILUX,2022-12-31,0,3.33048,2.01483,0.33349,,,-0.26465,0.931949044740282,13.1088893606873
Milux Corporation Bhd,MILUX,2023-12-31,0,3.577,2.29328,0.45294,,,-0.32834,0.77997258355101,
Milux Corporation Bhd,MILUX,2024-12-31,0,4.85273,3.5721,0.77419,7.782,10.841,-0.47011,0.896797596066994,
Milux Corporation Bhd,MILUX,2025-12-31,0,2.12424,1.75813,0.16277,,,-0.1899,1.69121030375207,
Minho (M) Bhd,MINHO,2021-12-31,0,4.39657,2.45273,0.70071,2.6594,2.9333,-0.09182,0.450329234527192,5.20085621874335
Minho (M) Bhd,MINHO,2022-12-31,0,4.92715,2.58721,0.55611,5.4352,9.727,-0.07478,0.458817772261993,5.27313965877629
Minho (M) Bhd,MINHO,2023-12-31,0,3.62441,1.83287,0.60593,4.547,7.457,-0.0536,0.380632472123586,4.6555620683004
Minho (M) Bhd,MINHO,2024-12-31,0,4.04009,2.12108,0.68327,,,-0.0595,0.364607539687923,4.53822096497732
Minho (M) Bhd,MINHO,2025-12-31,0,3.66227,2.21557,0.67814,,,-0.08766,0.345322162571476,4.39671328846132
Minox International Group Bhd,MINOX,2021-12-31,0,2.93964,1.52911,0.56355,,,0.23722,0.474307269763963,
Minox International Group Bhd,MINOX,2022-12-31,0,4.26339,2.20208,1.09423,,,0.15163,0.590023662890218,
Minox International Group Bhd,MINOX,2023-12-31,0,4.60088,2.8017,2.13041,,,-0.00963,0.509524977318081,6.67238659935781
Minox International Group Bhd,MINOX,2024-12-31,0,6.43795,3.61091,2.12807,,,0.03014,0.43190866753785,7.60551699227995
Minox International Group Bhd,MINOX,2025-12-31,0,7.89615,4.58512,1.38411,,,-0.02028,0.419201953547716,6.83705177169438
MISC Bhd,MISC,2022-12-31,0,1.03325,1.02358,0.16802,3.25,5.349,0.27985,0.195197811763673,2.82525993984319
MISC Bhd,MISC,2023-12-31,0,1.45371,1.44254,0.32826,3.008,5.048,0.26412,0.23075906573192,3.2011395125638
MISC Bhd,MISC,2024-12-31,0,1.75088,1.73919,0.31888,3.33,5.53,0.23726,0.223475972952619,3.22926138750889
MISC Bhd,MISC,2025-12-31,0,1.41687,1.4052,0.28251,1.899,3.1,0.20037,0.210963922891281,3.32184533297892
MISC Bhd,MISC,2026-12-31,0,1.83112,1.81251,0.24806,3.0,4.75,0.17032,0.196495164160251,4.25384019666196
Mitrajaya Holdings Bhd,MITRA,2022-12-31,0,2.16535,0.93991,0.01386,-1.25,-0.88,0.08968,0.266271567006067,3.51126329000108
Mitrajaya Holdings Bhd,MITRA,2023-12-31,0,2.25267,0.92416,0.0262,,,0.05579,0.250444278537084,3.74627030685038
Mitrajaya Holdings Bhd,MITRA,2024-12-31,0,2.88843,1.28856,0.13957,,,-0.00525,0.298547485725495,4.69576321953403
Mitrajaya Holdings Bhd,MITRA,2025-12-31,0,2.23034,1.11936,0.04109,,,0.07235,0.374102920625107,4.23149818900044
Mitrajaya Holdings Bhd,MITRA,2026-12-31,0,2.32277,1.33775,0.07324,,,-0.01554,0.735951434311447,5.77434998799252
Majuperak Holdings Bhd,MJPERAK,2021-12-31,0,2.24823,1.95484,0.06542,-36.8956,-10.2504,0.04454,0.101213504954837,3.75280381199843
Majuperak Holdings Bhd,MJPERAK,2022-12-31,0,1.66709,1.41074,0.06221,-43.4687,-10.4,0.05134,0.086671308043949,1.64772840207976
Majuperak Holdings Bhd,MJPERAK,2023-12-31,0,1.61755,1.3124,0.03883,-46.6455,-9.8646,0.05904,0.070393047854695,1.90070450263987
Majuperak Holdings Bhd,MJPERAK,2024-12-31,0,1.80442,1.47814,0.03521,,,0.05708,0.096197526616558,1.69785394527973
Majuperak Holdings Bhd,MJPERAK,2025-12-31,0,1.56277,1.19904,0.04952,,,0.0701,0.248470124856174,2.08082935159498
MKH Bhd,MKH,2022-09-30,0,1.70742,0.96481,0.17039,,,0.1563,0.267739854843286,3.09012891511151
MKH Bhd,MKH,2023-09-30,0,1.58115,0.94609,0.22398,3.149,6.173,0.07827,0.280835847596832,3.00578974825643
MKH Bhd,MKH,2024-09-30,0,1.60376,1.05472,0.23015,2.22,4.07,0.06737,0.316026869832548,3.12172457454448
MKH Bhd,MKH,2025-09-30,0,2.01857,1.31172,0.47804,2.194,,0.0178,0.314076739180367,3.66189716924326
MKH Bhd,MKH,2026-09-30,0,1.9407,1.31407,0.52675,,,0.01466,0.278708826287837,3.69771437260989
MKH Oil Palm (East Kalimantan) Bhd,MKHOP,2021-09-30,0,0.81279,0.49666,0.35514,,,0.04035,0.648135567349429,
MKH Oil Palm (East Kalimantan) Bhd,MKHOP,2022-09-30,0,0.94587,0.42978,0.29448,,,-0.14014,0.658859663567766,
MKH Oil Palm (East Kalimantan) Bhd,MKHOP,2023-09-30,0,1.00709,0.69666,0.48757,,,-0.22393,0.696555924221582,
MKH Oil Palm (East Kalimantan) Bhd,MKHOP,2024-09-30,0,9.01909,7.6372,6.99111,,,-0.3922,0.623115060932971,14.5488460002518
MKH Oil Palm (East Kalimantan) Bhd,MKHOP,2025-09-30,0,10.43077,8.62641,7.50376,,,-0.41377,0.562383497806105,15.187166887815
M K Land Holdings Bhd,MKLAND,2021-06-30,0,1.34854,0.70111,0.16671,6.3077,11.3838,-0.0218,0.113813857043533,1.115600418418
M K Land Holdings Bhd,MKLAND,2022-06-30,0,1.13305,0.68014,0.23312,2.693,4.389,-0.04374,0.120376259170851,0.375790522484813
M K Land Holdings Bhd,MKLAND,2023-06-30,0,1.13452,0.73142,0.22775,0.9721,1.0174,-0.03766,0.126786445627593,0.620917902897651
M K Land Holdings Bhd,MKLAND,2024-06-30,0,1.0325,0.68046,0.17105,-0.1197,-1.918,-0.01013,0.119197633081279,0.602640572459523
M K Land Holdings Bhd,MKLAND,2025-06-30,0,0.9966,0.69707,0.2187,2.058,1.848,0.00586,0.133610288522822,0.414508702746696
MMAG Holdings Bhd,MMAG,2022-03-31,0,0.83979,0.77767,0.07571,,,0.42303,0.695724967679746,-1.07382593431613
MMAG Holdings Bhd,MMAG,2023-03-31,0,0.64941,0.59839,0.06983,-7.4711,-7.8798,0.67777,0.6022475034106,-2.04769601384906
MMAG Holdings Bhd,MMAG,2024-03-31,0,,,,-7.4519,-7.8201,,,
MMAG Holdings Bhd,MMAG,2025-03-31,0,,,,-26.1097,-27.4261,,,
MMAG Holdings Bhd,MMAG,2026-03-31,0,,,,,,,,
MMIS Bhd,MMIS,2021-06-30,0,2.7379,2.11367,,,,0.27538,0.720198420555619,13.9463558741805
MMIS Bhd,MMIS,2022-06-30,0,3.36149,2.63915,,,,0.05445,0.917317939714619,12.626068114576
MMIS Bhd,MMIS,2023-06-30,0,2.70698,2.03605,,,,0.21864,0.46752861338029,13.5086973609036
MMIS Bhd,MMIS,2024-06-30,0,2.93758,2.25555,0.50589,,,0.2326,0.386650204711793,12.6400790118235
MMIS Bhd,MMIS,2025-06-30,0,2.20966,1.59528,0.00871,,,0.35525,0.441444485319723,5.86640839395984
MMM Group Bhd,MMM,2022-03-31,1,4.06881,,1.6767,,,-0.37763,,
MMM Group Bhd,MMM,2023-03-31,1,1.29474,,0.05286,,,0.07977,0.829593156127894,7.56280098842256
MMM Group Bhd,MMM,2024-03-31,1,1.01344,,0.08034,,43.422,0.03401,0.41547436550876,2.91028854661063
MMM Group Bhd,MMM,2025-03-31,1,1.72217,,0.10397,,36.719,0.22128,0.394337158604295,1.49084844117975
MMM Group Bhd,MMM,2026-03-31,1,1.88675,,0.30495,11.952,16.88,-0.03607,0.799749362788262,0.96835018603541
MMS Ventures Bhd,MMSV,2021-12-31,0,8.00544,6.21362,1.03092,,,-0.67192,0.536225032939267,33.0969132662322
MMS Ventures Bhd,MMSV,2022-12-31,0,14.19097,11.62143,3.65525,,,-0.68075,0.687863813780066,32.6886936107384
MMS Ventures Bhd,MMSV,2023-12-31,0,14.88178,11.48173,2.89949,,,-0.67746,0.175585325992064,33.5240994986786
MMS Ventures Bhd,MMSV,2024-12-31,0,7.07591,5.52043,1.73029,12.955,15.495,-0.68942,0.367672799934101,16.6302251613895
MMS Ventures Bhd,MMSV,2025-12-31,0,15.73181,13.31227,3.48542,,,-0.75682,0.477289370633736,27.7332380797935
MN Holdings Bhd,MNHLDG,2022-06-30,0,1.51249,,0.12775,,,0.00086,1.27348765924951,
MN Holdings Bhd,MNHLDG,2023-06-30,0,2.04984,,0.28316,,,-0.15711,0.915745773831147,5.49766573246788
MN Holdings Bhd,MNHLDG,2024-06-30,0,1.87366,,0.14136,,,-0.15202,1.24021207095233,5.70044349744551
MN Holdings Bhd,MNHLDG,2025-06-30,0,2.31367,,0.3333,9.998,18.705,-0.20349,1.4511976048184,10.5211510758956
MN Holdings Bhd,MNHLDG,2026-06-30,0,1.95889,,0.35245,16.179,30.92,-0.56983,1.80488153393618,9.79933777624366
Mnrb Holdings Bhd,MNRB,2023-03-31,0,,,,,,0.03984,0.25722992684672,
Mnrb Holdings Bhd,MNRB,2024-03-31,0,,,,1.0,4.7,0.09753,0.228848269273186,
Mnrb Holdings Bhd,MNRB,2025-03-31,0,,,,3.299,14.906,0.13543,0.243490086300336,
Mnrb Holdings Bhd,MNRB,2026-03-31,0,,,,,,0.12538,0.241417841857158,
Mnrb Holdings Bhd,MNRB,2027-03-31,0,,,,3.94,14.9,0.13748,0.250825804115482,
Mobilia Holdings Bhd,MOBILIA,2022-12-31,0,2.51621,1.79012,0.53269,,,0.0365,0.829799158808145,7.33305926933902
Mobilia Holdings Bhd,MOBILIA,2023-12-31,0,2.76215,1.94075,0.58614,,,0.11506,0.84914926314707,7.10141939876334
Mobilia Holdings Bhd,MOBILIA,2024-12-31,0,2.83448,2.075,0.81499,,,0.01286,0.74676684486301,6.12145967295843
Mobilia Holdings Bhd,MOBILIA,2025-12-31,0,3.62518,2.70771,0.74052,,,-0.06236,0.902740031469791,7.39819996743014
Mobilia Holdings Bhd,MOBILIA,2026-12-31,0,3.61237,2.92285,0.8286,,,-0.13255,0.790739628149179,5.94565328599015
Managepay Systems Bhd,MPAY,2021-06-30,0,7.64617,6.66841,3.30103,,,-0.21577,0.277364235081933,30.419132387692
Managepay Systems Bhd,MPAY,2022-06-30,0,3.67324,3.0646,0.79603,,,-0.06903,0.20431366374036,10.7700475169085
Managepay Systems Bhd,MPAY,2025-06-30,0,2.0979,1.9288,0.61259,,,-0.03685,,
Malaysian Pacific Industries Bhd,MPI,2022-06-30,0,2.66602,2.35207,1.20062,11.89,17.66,-0.41895,0.869448816246649,19.8321261348836
Malaysian Pacific Industries Bhd,MPI,2023-06-30,0,2.58366,2.23471,0.65945,11.57,,-0.29323,0.850257290030836,12.4191872641175
Malaysian Pacific Industries Bhd,MPI,2024-06-30,0,2.79936,2.52424,0.34049,2.001,3.055,-0.29445,0.667014083257326,13.4791632849367
Malaysian Pacific Industries Bhd,MPI,2025-06-30,0,3.49436,3.1709,0.26167,5.51,8.01,-0.3812,0.701531671141541,22.435029743603
Malaysian Pacific Industries Bhd,MPI,2026-06-30,0,4.17419,3.78093,0.41254,5.15,7.37,-0.37286,0.714145656503202,13.8706866516823
Matrix Parking Solution Holdings Bhd,MPSOL,2021-12-31,0,0.66315,,0.04923,,,0.52453,0.279505296450053,2.7894073835708
Matrix Parking Solution Holdings Bhd,MPSOL,2022-12-31,0,0.9921,,0.29833,,,0.43081,0.485694768977542,3.27210912917086
Matrix Parking Solution Holdings Bhd,MPSOL,2023-12-31,0,0.6853,,0.13303,,,0.45164,0.851921514625727,1.37887483441756
Matrix Parking Solution Holdings Bhd,MPSOL,2024-12-31,0,0.95724,,0.24848,,,0.10414,0.960537711166624,2.42568938280317
Matrix Parking Solution Holdings Bhd,MPSOL,2025-12-31,0,1.69855,,0.53542,,,-0.21619,1.19867992821797,6.18349736814289
MQ Technology Bhd,MQTECH,2022-02-28,0,11.09075,10.77311,1.01309,,,-0.0545,,
MQ Technology Bhd,MQTECH,2023-02-28,0,16.26181,15.79435,0.49632,,,-0.01512,0.097368872377472,11.5373788844902
MQ Technology Bhd,MQTECH,2024-02-28,0,,,,16.2563,25.949,,,
MQ Technology Bhd,MQTECH,2025-02-28,0,,,,15.1008,22.672,,,
MQ Technology Bhd,MQTECH,2026-02-28,0,3.03484,2.97638,0.04431,,,0.01766,,
Malaysian Resources Corporation Bhd,MRCB,2022-12-31,0,1.48961,1.13972,0.14605,0.181,0.349,0.20195,0.165351752275802,1.2551857983114
Malaysian Resources Corporation Bhd,MRCB,2023-12-31,0,1.31515,1.02404,0.1075,0.7,1.39,0.2382,0.347731795718999,1.12223636799374
Malaysian Resources Corporation Bhd,MRCB,2024-12-31,0,1.58799,1.35508,0.27739,1.11,2.149,0.17003,0.280801671736517,1.56559666198188
Malaysian Resources Corporation Bhd,MRCB,2025-12-31,0,1.65418,1.47034,0.39015,0.7,1.35,0.20672,0.184066120458174,1.76129060363251
Malaysian Resources Corporation Bhd,MRCB,2026-12-31,0,1.35246,1.20115,0.15398,0.51,1.0,0.28031,0.129543566907507,1.16770935444188
Mr DIY Group (M) Bhd,MRDIY,2022-12-31,0,2.01395,0.62285,0.35783,17.449,42.63,0.45744,1.36200863295178,19.5932526035834
Mr DIY Group (M) Bhd,MRDIY,2023-12-31,0,1.90927,0.38326,0.19127,15.71,36.63,0.48847,1.32327744262015,14.6025768729359
Mr DIY Group (M) Bhd,MRDIY,2024-12-31,0,2.22955,0.53749,0.36251,16.309,35.28,0.39522,1.26824497761444,12.5149405224806
Mr DIY Group (M) Bhd,MRDIY,2025-12-31,0,2.29417,0.59021,0.43439,15.48,30.899,0.36657,1.26519671083715,14.3875454749481
Mr DIY Group (M) Bhd,MRDIY,2026-12-31,0,2.24417,0.48969,0.21538,16.379,32.0,0.37074,1.28288376335173,12.5971483229823
MSB Global Group Bhd,MSB,2021-12-31,0,2.68769,1.93118,0.7045,,,0.04064,,
MSB Global Group Bhd,MSB,2022-12-31,0,3.61855,2.23464,0.5837,,,0.00513,1.03305377516646,
MSB Global Group Bhd,MSB,2023-12-31,0,4.57081,3.00415,0.69763,,,-0.00314,1.15506960013989,
MSB Global Group Bhd,MSB,2024-12-31,0,3.76781,2.80734,1.26665,,,-0.1528,1.14805491118479,
MSB Global Group Bhd,MSB,2025-12-31,0,13.00107,10.23952,4.7676,,,-0.3724,0.742217053933808,9.84632433299213
Malaysia Smelting Corporation Bhd,MSC,2022-12-31,0,1.54398,0.29966,0.0497,10.22,24.24,0.32472,0.932343277196665,5.41651551349519
Malaysia Smelting Corporation Bhd,MSC,2023-12-31,0,2.08206,0.66903,0.1412,7.519,15.14,0.17099,1.14745792590931,5.23572156493228
Malaysia Smelting Corporation Bhd,MSC,2024-12-31,0,2.00764,0.69232,0.15183,6.32,11.55,0.08481,1.06449431654308,5.30668575438212
Malaysia Smelting Corporation Bhd,MSC,2025-12-31,0,1.80093,0.54154,0.43323,,,0.14202,1.22794217448834,5.30190210925948
Malaysia Smelting Corporation Bhd,MSC,2026-12-31,0,1.64682,0.53837,0.36936,,,0.13337,1.22368125845905,5.3340366974547
MSM Malaysia Holdings Bhd,MSM,2022-12-31,0,1.2392,0.6758,0.15208,2.899,7.61,0.24015,0.801152395473309,2.56677586576644
MSM Malaysia Holdings Bhd,MSM,2023-12-31,0,0.93543,0.55235,0.01291,-6.29,-11.075,0.28159,0.90309736755785,0.910715152973763
MSM Malaysia Holdings Bhd,MSM,2024-12-31,0,0.86467,0.59203,0.02041,,-3.35,0.33428,1.08415539304725,1.27305753511466
MSM Malaysia Holdings Bhd,MSM,2025-12-31,0,0.86708,0.34058,0.0065,,2.109,0.31952,1.16655496623729,1.15747752462905
MSM Malaysia Holdings Bhd,MSM,2026-12-31,0,0.7566,0.36076,0.00504,,,0.37627,1.09914843404786,0.283521154517886
Mesiniaga Bhd,MSNIAGA,2021-12-31,0,1.74851,1.61665,0.40484,6.67,10.54,-0.34885,1.19092337975933,4.03918389551832
Mesiniaga Bhd,MSNIAGA,2022-12-31,0,1.71825,1.63527,0.29089,6.541,10.564,-0.32964,1.28201099420528,3.91001270123685
Mesiniaga Bhd,MSNIAGA,2023-12-31,0,1.68299,1.62495,0.2314,5.9455,8.3758,-0.37276,1.09432754215959,3.59034053355114
Mesiniaga Bhd,MSNIAGA,2024-12-31,0,2.0943,2.07493,0.14977,,,-0.25338,0.860397066714362,4.75805279316832
Mesiniaga Bhd,MSNIAGA,2025-12-31,0,1.59987,1.59736,0.08327,,,-0.06099,1.07036350670541,3.61201613819001
MST Golf Group Bhd,MSTGOLF,2021-12-31,0,1.2641,0.5247,0.35398,,,0.24276,1.26570972273103,
MST Golf Group Bhd,MSTGOLF,2022-12-31,0,1.54428,0.49375,0.24814,,,0.39627,1.37851969571336,
MST Golf Group Bhd,MSTGOLF,2023-12-31,0,3.29521,1.64541,0.38622,,,-0.00225,0.969340887157308,7.32386947607593
MST Golf Group Bhd,MSTGOLF,2024-12-31,0,3.92474,1.56151,0.46063,,,0.0889,0.809162152120757,5.62936834795153
MST Golf Group Bhd,MSTGOLF,2025-12-31,0,5.07492,2.31627,0.41662,,,-0.02005,0.808392256553825,6.18391669496826
MTAG Group Bhd,MTAG,2022-06-30,0,10.15976,8.82706,1.43811,16.17,18.039,-0.62168,0.931261437753624,29.2257550378276
MTAG Group Bhd,MTAG,2023-06-30,0,7.3247,6.36765,0.69682,,15.214,-0.62657,0.803979263829761,17.5184239695495
MTAG Group Bhd,MTAG,2024-06-30,0,18.1309,15.74276,2.12137,,14.455,-0.66963,0.665018748501437,26.4972231229739
MTAG Group Bhd,MTAG,2025-06-30,0,19.03427,17.61685,0.92756,,9.381,-0.66321,0.456465230234652,27.7005380657705
MTAG Group Bhd,MTAG,2026-06-30,0,8.99317,8.63956,0.40072,,,-0.75508,0.305943214875711,14.7580265645081
Master Tec Group Bhd,MTEC,2022-12-31,0,1.34495,1.05499,0.14643,,,0.30195,1.39324475150119,
Master Tec Group Bhd,MTEC,2023-12-31,0,1.46919,1.21626,0.32818,,,0.2227,1.69939157672295,
Master Tec Group Bhd,MTEC,2024-12-31,0,1.70664,1.39515,0.44485,10.767,24.428,0.13197,1.28398651039645,
Master Tec Group Bhd,MTEC,2025-12-31,0,1.81085,1.4938,0.1596,,,0.01555,1.20871774876089,13.3672100067282
Master Tec Group Bhd,MTEC,2026-12-31,0,1.75394,1.35148,0.33051,,,-0.02049,1.20835867292915,10.3896597888053
MTT Shipping and Logistics Bhd,MTTSL,2022-12-31,0,1.46849,1.41878,0.727,,,0.16983,,
MTT Shipping and Logistics Bhd,MTTSL,2023-12-31,0,2.77381,2.69263,1.49301,,,0.15222,0.565506738495363,
MTT Shipping and Logistics Bhd,MTTSL,2024-12-31,0,2.12958,2.03399,0.94435,,,0.22343,0.512997847798225,
MTT Shipping and Logistics Bhd,MTTSL,2025-12-31,0,1.15301,1.11603,0.65834,,,0.18715,0.490112398875284,
Muda Holdings Bhd,MUDA,2021-12-31,0,1.21949,0.72307,0.1244,2.2363,1.9897,0.24625,0.804539264471292,2.67116468177149
Muda Holdings Bhd,MUDA,2022-12-31,0,1.12428,0.59171,0.11451,-1.2648,-5.9726,0.2812,0.737591425486236,1.77725357230704
Muda Holdings Bhd,MUDA,2023-12-31,0,1.07812,0.62271,0.15868,,,0.26483,0.631514632616219,1.45098048561223
Muda Holdings Bhd,MUDA,2024-12-31,0,0.95356,0.5363,0.11525,,,0.30847,0.623449293261973,0.977266120673829
Muda Holdings Bhd,MUDA,2025-12-31,0,0.87865,0.50378,0.12013,,7.493,0.31056,0.611099493225707,0.618820127782938
Mudajaya Group Bhd,MUDAJYA,2021-12-31,0,1.55615,1.30267,0.42166,9.166,13.01,0.45666,0.222832769733935,0.874522819692991
Mudajaya Group Bhd,MUDAJYA,2022-12-31,0,1.86332,1.70377,0.33357,-4.006,-6.077,0.37448,0.207341381723316,1.98909185639321
Mudajaya Group Bhd,MUDAJYA,2023-12-31,0,1.30863,1.2275,0.09893,0.091,0.162,0.38304,0.224509930290963,0.791721988385303
Mudajaya Group Bhd,MUDAJYA,2024-12-31,0,1.51837,1.42255,0.07471,,,0.30962,0.177211151812256,1.27387062946942
Mudajaya Group Bhd,MUDAJYA,2025-12-31,0,1.35371,1.255,0.08649,,,0.29831,0.116011038608719,0.836170269954833
Multi-Usage Holdings Bhd,MUH,2021-06-30,0,12.456,4.31694,2.55149,1.93,0.53,-0.16158,0.28843123348226,12.4615616486027
Multi-Usage Holdings Bhd,MUH,2022-06-30,0,10.58413,5.80917,5.31447,-3.061,-10.807,-0.41733,0.258130719005083,10.6716101342529
Multi-Usage Holdings Bhd,MUH,2023-06-30,0,16.07054,10.06051,9.3535,-14.014,-43.859,-0.46968,0.168157142217651,12.460371617969
Multi-Usage Holdings Bhd,MUH,2024-06-30,0,35.32477,21.33293,19.01677,0.891,-5.367,-0.46381,0.13294731657367,17.559986039819
Multi-Usage Holdings Bhd,MUH,2025-06-30,0,25.15843,14.32679,13.2307,,,-0.46286,0.120660458511144,13.5187258548157
Muhibbah Engineering (M) Bhd,MUHIBAH,2022-12-31,0,1.03006,0.82263,0.1428,-0.06,-0.13,0.21077,0.284292235774448,0.817156793792975
Muhibbah Engineering (M) Bhd,MUHIBAH,2023-12-31,0,0.99218,0.76893,0.13435,-0.528,-1.484,0.20525,0.267493737389585,0.668525070946911
Muhibbah Engineering (M) Bhd,MUHIBAH,2024-12-31,0,1.00088,0.76026,0.18768,-0.233,-0.625,0.15688,0.369420321802437,0.778379088308299
Muhibbah Engineering (M) Bhd,MUHIBAH,2025-12-31,0,1.1075,0.92753,0.14972,3.855,5.53,0.09021,0.54878356015022,1.18035406359827
Muhibbah Engineering (M) Bhd,MUHIBAH,2026-12-31,0,1.24651,1.05959,0.25779,3.799,5.83,0.02302,0.370879499607643,1.47649559935398
Malayan United Industries Bhd,MUIIND,2021-06-30,0,1.59311,1.21019,0.50732,-0.0308,-15.5562,0.56562,0.123605996268065,-6.15325713688278
Malayan United Industries Bhd,MUIIND,2022-06-30,0,0.60126,0.46051,0.21329,-3.6603,-46.7785,0.57835,0.235574753266519,-1.23667188176089
Malayan United Industries Bhd,MUIIND,2023-06-30,0,0.48095,0.41439,0.15856,-4.9527,-51.2442,0.34119,0.207323488888085,0.382656686446049
Malayan United Industries Bhd,MUIIND,2024-06-30,0,0.43249,0.37455,0.22008,-3.3965,-17.2316,0.35912,0.154985601528843,-0.495564527313071
Malayan United Industries Bhd,MUIIND,2025-06-30,0,0.83834,0.52563,0.2733,,,0.43192,0.200055791102115,0.680297026085954
MUI Properties Bhd,MUIPROP,2021-06-30,0,9.53886,5.63572,0.59357,-64.3285,-93.7316,-0.23594,0.191484089299168,9.9705952719352
MUI Properties Bhd,MUIPROP,2022-06-30,0,10.18038,6.3691,0.81673,8.2656,11.71,-0.2233,0.211289122647095,9.30746330680109
MUI Properties Bhd,MUIPROP,2023-06-30,0,5.21783,4.134,1.21299,0.4701,0.0929,-0.16962,0.183279047392068,6.49958553373136
MUI Properties Bhd,MUIPROP,2024-06-30,0,4.48546,3.38172,0.42102,,,-0.19935,0.091092003597376,6.00893438074691
MUI Properties Bhd,MUIPROP,2025-06-30,0,2.28747,1.23448,0.22703,,,-0.14246,0.297301806511688,4.70538686794248
Mulpha International Bhd,MULPHA,2021-12-31,0,2.07598,1.08738,0.38931,10.744,18.055,0.25152,0.14564438431563,2.00121314978757
Mulpha International Bhd,MULPHA,2022-12-31,0,1.88923,0.8651,0.15606,3.051,2.49,0.3194,0.17091764119368,1.88394854762761
Mulpha International Bhd,MULPHA,2023-12-31,0,0.88312,0.37989,0.07211,-1.643,-5.071,0.33386,0.195907071399757,0.861639380079318
Mulpha International Bhd,MULPHA,2024-12-31,0,2.49858,1.4372,0.0916,-1.586,-5.217,0.34315,0.164697996806804,2.98872914611188
Mulpha International Bhd,MULPHA,2025-12-31,0,3.31507,1.65753,0.12329,,,0.13789,0.259162730086333,3.92970129055007
MyAxis Group Bhd,MYAXIS,2024-07-31,0,1.62073,1.39074,0.31471,,,0.45994,,
MyAxis Group Bhd,MYAXIS,2025-07-31,0,1.49233,1.30362,0.72993,,,0.11484,6.83469213783235,7.69018480990128
Mycron Steel Bhd,MYCRON,2022-06-30,0,1.72462,0.64557,0.43512,,,0.02752,1.0746470105738,3.60269808310244
Mycron Steel Bhd,MYCRON,2023-06-30,0,1.74144,0.71871,0.41464,,,0.02359,0.939018411998016,3.47600239997431
Mycron Steel Bhd,MYCRON,2024-06-30,0,2.28681,1.07291,0.54623,,,0.06957,0.693294473677574,3.24209552623822
Mycron Steel Bhd,MYCRON,2025-06-30,0,1.89331,0.77735,0.29081,,,0.12141,1.05219442043384,3.37868667627419
Mycron Steel Bhd,MYCRON,2026-06-30,0,2.52207,1.08366,0.40536,,,0.05776,0.942114709660593,3.60460392828591
Mynews Holdings Bhd,MYNEWS,2022-10-31,0,0.94559,0.52135,0.11069,-8.349,-16.76,0.3519,0.765805197554047,2.05934407124578
Mynews Holdings Bhd,MYNEWS,2023-10-31,0,0.69419,0.33084,0.05262,-3.216,-7.736,0.50147,1.11830114968386,0.093529227929498
Mynews Holdings Bhd,MYNEWS,2024-10-31,0,0.85037,0.42327,0.09808,,-4.67,0.40777,1.15761172830112,0.675395669653659
Mynews Holdings Bhd,MYNEWS,2025-10-31,0,0.83519,0.39985,0.09636,1.469,3.885,0.40535,1.26108252333173,1.04131343113465
Mynews Holdings Bhd,MYNEWS,2026-10-31,0,0.88272,0.41829,0.09383,2.74,7.15,0.44351,1.34883628088946,1.22783430282075
MyTech Group Bhd,MYTECH,2022-03-31,0,15.91873,14.46416,13.39711,,,-0.60472,0.266265188863153,38.7171306405286
MyTech Group Bhd,MYTECH,2023-03-31,0,13.40341,12.22958,11.17405,-0.1267,-2.083,-0.49699,0.225745795277033,37.8613565271979
MyTech Group Bhd,MYTECH,2024-03-31,0,50.93343,47.60776,43.39781,-13.386,-19.985,-0.64369,0.24459281758792,100.096580976918
MyTech Group Bhd,MYTECH,2025-03-31,0,21.54942,19.01237,10.7399,,,-0.224,0.316698115211912,62.8097409174232
MyTech Group Bhd,MYTECH,2026-03-31,0,,,,,,-0.58116,0.304944856899106,
N2n Connect Bhd,N2N,2022-12-31,0,7.78329,,3.10826,7.48,7.599,-0.46141,0.394475857990851,19.7499694418838
N2n Connect Bhd,N2N,2023-12-31,0,8.368,,4.32082,5.903,6.384,-0.52417,0.344971492933434,15.3147830766614
N2n Connect Bhd,N2N,2024-12-31,0,8.43571,,4.22646,,,-0.50954,0.333224924612761,13.5664782397778
N2n Connect Bhd,N2N,2025-12-31,0,8.68588,,3.74388,,,-0.58321,0.358230925072825,13.0886300035946
N2n Connect Bhd,N2N,2026-12-31,0,6.97591,,3.63545,,,-0.51295,0.340225056114729,10.5898452584358
Gagasan Nadi Cergas Bhd,NADIBHD,2021-12-31,0,2.02693,1.74834,0.37588,,,0.2747,0.210116501742043,3.06999112855569
Gagasan Nadi Cergas Bhd,NADIBHD,2022-12-31,0,2.23881,1.81719,0.28042,,,0.29151,0.238382992841375,3.19437500975512
Gagasan Nadi Cergas Bhd,NADIBHD,2023-12-31,0,1.61112,1.46701,0.38443,,,0.12689,0.3410559966746,2.81177622927972
Gagasan Nadi Cergas Bhd,NADIBHD,2024-12-31,0,1.54114,1.26347,0.2677,,,0.12879,0.297152528996785,2.85872381095434
Gagasan Nadi Cergas Bhd,NADIBHD,2025-12-31,0,1.78004,1.5167,0.75783,,,0.14639,0.363463236941897,3.2041712292302
Naim Holdings Bhd,NAIM,2021-12-31,0,2.05446,0.93993,0.54042,,,-0.00843,0.216797296676322,3.87400047314092
Naim Holdings Bhd,NAIM,2022-12-31,0,2.33768,0.97078,0.59655,12.316,19.152,-0.01717,0.20253399667596,3.99962332177289
Naim Holdings Bhd,NAIM,2023-12-31,0,2.37345,0.98202,0.55955,,2.67,-0.02031,0.175591665944157,4.42241841903787
Naim Holdings Bhd,NAIM,2024-12-31,0,3.3329,1.56435,1.11007,,,-0.15749,0.26871434262669,6.73671397922526
Naim Holdings Bhd,NAIM,2025-12-31,0,3.88729,1.82483,1.20475,,,-0.14892,0.104507539023809,6.04109355763289
NationGate Holdings Bhd,NATGATE,2022-12-31,0,1.09888,0.67482,0.0974,,,0.4745,1.41134365876421,
NationGate Holdings Bhd,NATGATE,2023-12-31,0,1.11611,0.70133,0.06088,11.199,23.5,0.49402,1.38206314116674,
NationGate Holdings Bhd,NATGATE,2024-12-31,0,1.69091,0.85553,0.20289,8.119,18.679,0.08892,0.852601662255144,13.1706622397082
NationGate Holdings Bhd,NATGATE,2025-12-31,0,1.24613,0.91396,0.71149,7.179,24.019,-0.46829,2.35718539592896,4.24010407253625
NationGate Holdings Bhd,NATGATE,2026-12-31,0,1.38566,0.74009,0.23614,3.73,12.669,0.18718,2.26912296796853,3.38149391456542
NCT Alliance Bhd,NCT,2021-12-31,0,4.84009,1.98045,0.21159,,,0.33007,0.430727531719442,6.46271958901393
NCT Alliance Bhd,NCT,2022-12-31,0,3.39848,1.50561,0.064,,,0.28033,0.295660659327746,5.79180685466064
NCT Alliance Bhd,NCT,2023-12-31,0,4.20803,1.91702,0.2312,,8.234,0.12362,0.334361836182218,7.28818696165903
NCT Alliance Bhd,NCT,2024-12-31,0,3.63357,1.22024,0.21035,,,0.12993,0.268685521227515,7.0575437150609
NCT Alliance Bhd,NCT,2025-12-31,0,2.03845,0.75533,0.07022,,,0.24317,0.331976852272618,3.34473392551056
Northeast Group Bhd,NE,2022-09-30,0,2.44604,2.34932,1.72396,,,-0.24926,,
Northeast Group Bhd,NE,2023-09-30,0,4.92027,4.73948,3.54045,,,-0.3171,0.912422815147803,
Northeast Group Bhd,NE,2024-09-30,0,6.46145,6.30702,4.7112,,,-0.2926,0.513131346450935,
Northeast Group Bhd,NE,2025-09-30,0,10.02487,9.79862,3.06142,,,-0.25894,0.451592738746681,
Northeast Group Bhd,NE,2026-09-30,0,10.42452,10.21371,2.50052,8.183,9.884,-0.51401,0.476653843049132,22.224606081361
Nestcon Bhd,NESTCON,2021-12-31,0,1.28871,1.28871,0.34033,,,-0.20162,0.960403872943788,2.73390975709361
Nestcon Bhd,NESTCON,2022-12-31,0,1.19644,1.19366,0.20543,,,0.23997,0.996912080029268,1.5815933849582
Nestcon Bhd,NESTCON,2023-12-31,0,1.15289,1.15048,0.13287,,,0.31792,1.26208729206374,1.48490356335227
Nestcon Bhd,NESTCON,2024-12-31,0,1.15972,1.15375,0.14242,,,0.23409,1.1312271678188,1.60734200545772
Nestcon Bhd,NESTCON,2025-12-31,0,1.14784,1.1468,0.17821,,,0.24447,0.910865195604407,1.46392240444866
Nestle (Malaysia) Bhd,NESTLE,2022-12-31,0,0.59112,0.2048,0.00358,19.489,99.98,0.46239,1.96155247458093,14.1751810346401
Nestle (Malaysia) Bhd,NESTLE,2023-12-31,0,0.70794,0.21432,0.00362,18.97,102.62,0.59347,2.03832574636304,12.748285002306
Nestle (Malaysia) Bhd,NESTLE,2024-12-31,0,0.61089,0.22198,0.00516,18.53,101.42,0.57077,1.97968506715981,10.6201335973707
Nestle (Malaysia) Bhd,NESTLE,2025-12-31,0,0.54634,0.20246,0.00465,11.51,68.0,0.69991,1.72455450646631,7.34542593928113
Nestle (Malaysia) Bhd,NESTLE,2026-12-31,0,0.52024,0.18992,0.00224,14.06,91.28,0.62141,1.88608359311763,8.46550521654577
NetX Holdings Bhd,NETX,2021-11-30,0,12.20584,12.20448,9.76567,27.2033,28.8944,-0.3183,0.067135586223738,4.76286431257453
NetX Holdings Bhd,NETX,2022-11-30,0,7.93541,7.93214,5.96813,11.3689,12.0264,-0.23219,0.079731529740045,2.81143667531402
NetX Holdings Bhd,NETX,2023-11-30,0,4.55594,4.54567,3.31174,1.2667,1.0606,-0.26832,0.107775781529181,2.67349510017442
NetX Holdings Bhd,NETX,2024-11-30,0,2.87115,2.8665,1.98294,,,-0.27747,0.087759710777791,0.378992947061133
NetX Holdings Bhd,NETX,2025-11-30,0,2.63336,2.63276,2.25605,,,-0.34883,0.07655278271313,4.82779517471033
NexG Bhd,NEXG,2023-03-31,0,7.84337,6.00755,0.15364,,3.609,-0.23495,0.378278934548162,25.9475753101894
NexG Bhd,NEXG,2024-03-31,0,4.13384,3.51302,0.2239,,21.739,-0.23421,0.795956773731729,16.8170768233882
NexG Bhd,NEXG,2025-03-31,0,4.24586,3.51547,0.27125,,25.37,-0.12431,0.788972646903203,18.1613317357739
NexG Bhd,NEXG,2026-03-31,0,4.73993,4.01096,0.76651,,29.134,-0.0602,0.729851373403559,13.8854280460233
NexG Bhd,NEXG,2027-03-31,0,5.56192,4.91682,0.39707,,,-0.20315,0.5834273141484,15.3335843537579
Nexg Bina Bhd,NEXGBINA,2021-06-30,0,3.60319,1.03263,0.13295,9.755,11.7,0.11623,0.490898736235016,6.1443709262375
Nexg Bina Bhd,NEXGBINA,2022-06-30,0,,,,8.051,9.862,,,
Nexg Bina Bhd,NEXGBINA,2023-06-30,0,1.93896,1.07718,0.94618,3.7965,4.359,-0.62984,,
Nexg Bina Bhd,NEXGBINA,2024-06-30,0,10.57974,6.06257,0.88825,-2.0906,-3.3574,-0.40027,0.238999558460511,6.43724350153883
Nexg Bina Bhd,NEXGBINA,2025-06-30,0,10.11478,5.42775,0.21575,,,-0.3511,0.273502241713031,7.3328074519888
Nextgreen Global Bhd,NGGB,2022-12-31,0,1.4883,1.34682,0.17351,,,0.02292,0.217996352966003,18.0175467510292
Nextgreen Global Bhd,NGGB,2023-12-31,0,1.20217,1.03708,0.06933,,,0.19085,0.095181642416618,5.59803535584349
Nextgreen Global Bhd,NGGB,2024-12-31,0,1.91286,1.68278,0.09328,,,0.15738,0.084362457176908,8.23923218481249
Nextgreen Global Bhd,NGGB,2025-12-31,0,2.80582,1.55283,0.12129,,,0.11917,0.130196113420942,9.38613513251901
Nextgreen Global Bhd,NGGB,2026-12-31,0,2.45096,1.59307,0.20713,,,0.22609,0.134846109476973,5.46793046554524
Nuenergy Holdings Bhd,NHB,2021-12-31,0,9.77994,9.77994,8.01639,,,-0.11762,0.04851868347301,
Nuenergy Holdings Bhd,NHB,2022-12-31,0,2.88215,2.85944,2.58418,,,-0.16373,0.054825758253592,
Nuenergy Holdings Bhd,NHB,2023-12-31,0,8.34375,8.24425,7.05385,,,-0.14386,0.165679298862334,
Nuenergy Holdings Bhd,NHB,2024-12-31,0,4.63669,4.1179,2.79834,,,0.0259,0.045184535093894,
Nuenergy Holdings Bhd,NHB,2025-12-31,0,1.62386,1.49201,0.34739,,,0.27284,0.134037460179213,
New Hoong Fatt Holdings Bhd,NHFATT,2021-12-31,0,2.80556,1.81124,0.79868,9.048,11.502,-0.03134,0.419722533716579,5.46898108932714
New Hoong Fatt Holdings Bhd,NHFATT,2022-12-31,0,6.55642,4.22199,2.3274,6.935,8.596,-0.11553,0.482770889828465,7.24628459654859
New Hoong Fatt Holdings Bhd,NHFATT,2023-12-31,0,8.85305,6.07245,4.08798,7.3151,9.7868,-0.17832,0.458622542452896,8.44164460496684
New Hoong Fatt Holdings Bhd,NHFATT,2024-12-31,0,9.26792,6.6044,4.78399,8.555,11.333,-0.21842,0.438888353303748,9.20450327856396
New Hoong Fatt Holdings Bhd,NHFATT,2025-12-31,0,11.52445,9.10218,7.19583,7.806,9.824,-0.28423,0.383399233447048,8.98016778979263
Niche Capital Emas Holdings Bhd,NICE,2021-06-30,0,6.88624,3.14368,,,,-0.10109,0.389755806940837,28.6569031223498
Niche Capital Emas Holdings Bhd,NICE,2022-06-30,0,8.31417,4.91619,,,,-0.05487,0.341389473188263,25.7085731890786
Niche Capital Emas Holdings Bhd,NICE,2023-06-30,0,3.86371,3.09043,,,,-0.2782,0.403256394582827,12.1688337475933
Niche Capital Emas Holdings Bhd,NICE,2024-06-30,0,3.6015,1.96447,,,,-0.04066,0.242621712403253,14.7897748937464
Niche Capital Emas Holdings Bhd,NICE,2025-06-30,0,3.33995,2.48863,,,,0.00369,0.087395581500658,15.431441080228
NI Hsin Group Bhd,NIHSIN,2021-12-31,0,9.55548,5.79503,4.82586,,,-0.18708,0.285217893540514,7.84974254528115
NI Hsin Group Bhd,NIHSIN,2022-12-31,0,7.69878,4.15046,3.32489,7.494,9.006,-0.11195,0.298051466013293,8.78940391292003
NI Hsin Group Bhd,NIHSIN,2023-12-31,0,8.01245,3.87749,3.04137,,,-0.05617,0.258085590019867,6.95925153555209
NI Hsin Group Bhd,NIHSIN,2024-12-31,0,,,,,,,,
NI Hsin Group Bhd,NIHSIN,2025-12-31,0,,,,,8.9152,,,
Noesis Exed Bhd,NOESIS,2024-06-30,0,0.20357,0.20325,0.12112,,,0.73391,,
Noesis Exed Bhd,NOESIS,2025-06-30,0,0.75903,0.75894,0.04961,,,0.45721,0.265240179347058,
Northern Solar Holdings Bhd,NORTHERN,2022-12-31,0,1.62794,1.23737,0.33101,,,-0.23386,,
Northern Solar Holdings Bhd,NORTHERN,2023-12-31,0,1.87101,1.49021,0.57479,,,-0.01419,2.21996167975763,
Northern Solar Holdings Bhd,NORTHERN,2024-12-31,0,2.36298,2.02571,0.7624,,,-0.07232,2.33394293943785,
Northern Solar Holdings Bhd,NORTHERN,2025-12-31,0,4.483,4.19859,2.84679,,,-0.4903,1.25562777964551,16.3115006939056
Northern Solar Holdings Bhd,NORTHERN,2026-12-31,0,3.23273,2.81594,1.462,,,-0.33747,1.02283422461103,11.9518409433866
Notion VTec Bhd,NOTION,2022-09-30,0,2.12161,1.33684,0.24866,,,0.09628,0.631157164688535,4.56718742270352
Notion VTec Bhd,NOTION,2023-09-30,0,2.64401,1.64501,0.20163,,,0.07647,0.605924220032096,4.48461547792065
Notion VTec Bhd,NOTION,2024-09-30,0,2.38267,1.82936,0.51546,,,-0.03203,0.649519009631095,3.58706519766832
Notion VTec Bhd,NOTION,2025-09-30,0,2.39106,1.86788,0.50515,8.22,11.162,-0.0734,0.894638271970489,7.01581919082325
Notion VTec Bhd,NOTION,2026-09-30,0,2.6139,1.97673,0.56444,11.536,15.839,0.01743,0.820650527463798,5.30710856223581
Nova Wellness Group Bhd,NOVA,2022-06-30,0,14.40115,10.75833,0.43234,,,-0.29473,0.402455838612735,31.8880554466603
Nova Wellness Group Bhd,NOVA,2023-06-30,0,9.87214,6.53904,0.17819,14.72,16.0,-0.2027,0.453072114307411,29.7054082491787
Nova Wellness Group Bhd,NOVA,2024-06-30,0,17.57129,10.28698,2.82605,13.089,17.87,-0.08052,0.396845942826711,31.917321240461
Nova Wellness Group Bhd,NOVA,2025-06-30,0,11.37755,6.97594,0.56355,6.626,7.294,-0.08225,0.345531144687662,23.4038556461954
Nova Wellness Group Bhd,NOVA,2026-06-30,0,11.52398,6.5553,1.26777,,,-0.05927,0.370049709570252,17.3697900619784
Nova MSC Bhd,NOVAMSC,2023-03-31,0,2.83222,,1.0719,,,-0.15816,0.340834709609867,5.78277807619262
Nova MSC Bhd,NOVAMSC,2024-03-31,0,1.57664,,0.62815,,,-0.062,0.288150949980764,0.176716745791559
Nova MSC Bhd,NOVAMSC,2025-03-31,0,0.97196,0.93427,0.26264,,,0.07068,0.396737920100616,-0.489317978169386
Nova MSC Bhd,NOVAMSC,2026-03-31,0,0.73083,0.64971,0.15962,,,0.11698,0.540695975392519,-2.319658475561
Nova Technology Services Bhd,NOVATECH,2021-06-30,0,,,,31.1645,35.3518,,,
Nova Technology Services Bhd,NOVATECH,2022-06-30,0,1.95739,1.93473,,2.99,3.327,-0.60968,,
Nova Technology Services Bhd,NOVATECH,2023-06-30,0,1.74574,1.74574,,-9.8017,-10.9152,-0.28101,1.60506271516161,5.66349673424621
Nova Technology Services Bhd,NOVATECH,2024-06-30,0,,,,,,,,
Nova Technology Services Bhd,NOVATECH,2025-06-30,0,2.18109,2.18109,0.39946,,,-0.26177,,
Negri Sembilan Oil Palms Bhd,NSOP,2021-12-31,0,15.3506,14.49271,13.30692,5.063,6.42,-0.19572,0.125969198242965,5.98304821549184
Negri Sembilan Oil Palms Bhd,NSOP,2022-12-31,0,12.53438,11.89268,11.35508,3.1097,3.916,-0.20676,0.144996309771316,6.2783418159231
Negri Sembilan Oil Palms Bhd,NSOP,2023-12-31,0,14.64133,14.23555,13.60077,4.4248,4.8257,-0.22617,0.115538030590039,5.98500511768201
Negri Sembilan Oil Palms Bhd,NSOP,2024-12-31,0,17.08424,16.51169,14.98652,,,-0.22879,0.134122795712954,6.99195931887747
Negri Sembilan Oil Palms Bhd,NSOP,2025-12-31,0,19.8824,19.32831,18.20908,,,-0.2665,0.181197196929527,8.95273956071587
NTPM Holdings Bhd,NTPM,2023-04-30,0,0.94097,0.45014,0.05833,,5.57,0.36172,0.746480655613846,2.02503823314643
NTPM Holdings Bhd,NTPM,2024-04-30,0,0.94591,0.4233,0.04047,-0.55,-1.14,0.39162,0.811450699113366,1.72440851861363
NTPM Holdings Bhd,NTPM,2025-04-30,0,0.97786,0.48042,0.06476,-0.813,-1.686,0.33414,0.861747622628521,1.94876891463718
NTPM Holdings Bhd,NTPM,2026-04-30,0,0.99237,0.51798,0.06044,,,0.35291,0.849231797144379,1.33944037808783
NTPM Holdings Bhd,NTPM,2027-04-30,0,0.93663,0.44973,0.09063,,,0.34175,0.872887589610367,1.40570326832496
Oasis Harvest Corporation Bhd,OASIS,2021-12-31,0,0.87711,0.86389,0.75586,,,-0.08932,,
Oasis Harvest Corporation Bhd,OASIS,2022-12-31,0,0.88555,0.75413,0.22925,,,0.05056,0.179506607149683,-2.08989929473062
Oasis Harvest Corporation Bhd,OASIS,2023-12-31,0,0.70266,0.4885,0.14806,,,0.16199,0.336398157613444,-0.548123533860347
Oasis Harvest Corporation Bhd,OASIS,2025-12-31,0,1.03217,0.90553,0.29064,,,0.62147,,
OB Holdings Bhd,OBHB,2021-05-31,0,2.00182,1.19849,0.27518,,,0.11229,,
OB Holdings Bhd,OBHB,2022-05-31,0,1.02228,0.48351,0.23715,,,-0.02303,1.04654642940849,
OB Holdings Bhd,OBHB,2023-05-31,0,3.45914,1.78815,0.69791,,,0.236,0.951462913323149,
OB Holdings Bhd,OBHB,2024-05-31,0,3.07684,1.66514,0.3855,,,0.22477,1.04467265364242,
OB Holdings Bhd,OBHB,2025-05-31,0,3.6861,2.7195,0.67856,,,-0.21664,0.84417342184698,10.328322469704
OCB Bhd,OCB,2021-12-31,0,1.64958,1.25901,0.50949,8.274,16.5782,0.12654,0.824671838996142,2.37924197198653
OCB Bhd,OCB,2022-12-31,0,1.57697,1.15619,0.48003,2.93,2.3327,0.13268,0.84414242568749,2.34517417554415
OCB Bhd,OCB,2023-12-31,0,1.64125,1.26009,0.56872,3.7775,3.899,0.06634,0.873790642863653,2.92185478951178
OCB Bhd,OCB,2024-12-31,0,2.40809,1.70032,0.62709,,,-0.0612,1.04583962087164,4.66500191583275
OCB Bhd,OCB,2025-12-31,0,2.24016,1.8695,0.7554,,,-0.17164,1.06642933142395,4.7372241526565
OCK Group Bhd,OCK,2021-12-31,0,0.90661,0.76509,0.11749,,4.851,0.3948,0.34010786016496,1.40316731691012
OCK Group Bhd,OCK,2022-12-31,0,1.23154,1.01062,0.17825,1.81,4.599,0.46687,0.397759137945537,1.77317864868777
OCK Group Bhd,OCK,2023-12-31,0,1.58203,1.35407,0.44439,2.149,5.509,0.38528,0.398682793437686,2.24516900784981
OCK Group Bhd,OCK,2024-12-31,0,,,,2.149,5.91,,,
OCK Group Bhd,OCK,2025-12-31,0,,,,1.73,4.719,,,
Oceancash Pacific Bhd,OCNCASH,2022-12-31,0,3.75613,2.96803,1.11607,3.85,4.759,-0.13014,0.54618558730063,8.14267778425729
Oceancash Pacific Bhd,OCNCASH,2023-12-31,0,5.30272,4.17719,1.12994,,,-0.13226,0.636262923900806,8.96262680799192
Oceancash Pacific Bhd,OCNCASH,2024-12-31,0,3.93037,3.15956,0.90944,,,-0.1013,0.542463522001621,6.74888328046354
Oceancash Pacific Bhd,OCNCASH,2025-12-31,0,4.4768,3.46823,1.45944,,,-0.06663,0.519049465993364,7.98539202609672
Oceancash Pacific Bhd,OCNCASH,2026-12-31,0,4.76367,4.05288,1.40076,,,-0.07802,0.46482905369472,5.17589358079659
OCR Group Bhd,OCR,2021-12-31,0,1.87336,1.00755,0.16612,,,0.32719,0.112540958918511,2.05581028065466
OCR Group Bhd,OCR,2022-12-31,0,2.1715,1.1702,0.1336,,,0.33775,0.449693479287434,2.94207770311328
OCR Group Bhd,OCR,2023-12-31,0,1.60171,0.72497,0.11016,,,0.36404,0.262706877495851,1.12886547313102
OCR Group Bhd,OCR,2024-12-31,0,1.64198,0.81623,0.11336,,,0.32468,0.144148554971234,1.7426376320527
OCR Group Bhd,OCR,2025-12-31,0,1.70481,0.89924,0.12993,,,0.34971,0.267098427673361,1.88881472895482
Ocean Fresh Bhd,OFB,2021-12-31,0,2.02541,1.26753,0.33518,,,-0.09572,3.10447679732802,
Ocean Fresh Bhd,OFB,2022-12-31,0,3.10126,2.37755,0.44259,,,-0.11368,2.91124760936198,
Ocean Fresh Bhd,OFB,2023-12-31,0,3.06805,1.44341,0.38633,,,-0.02427,2.73022505789287,
Ocean Fresh Bhd,OFB,2024-12-31,0,3.49965,2.29613,0.419,,,-0.26818,2.28497911364686,10.1516513639567
Ocean Fresh Bhd,OFB,2025-12-31,0,6.66272,4.68908,1.06947,,,-0.23168,2.07869426683506,10.2727209157006
Oriental Food Industries Holdings Bhd,OFI,2022-03-31,0,3.30819,2.34882,0.88019,4.544,6.104,-0.14398,1.0496246708483,8.36070180051778
Oriental Food Industries Holdings Bhd,OFI,2023-03-31,0,3.71714,2.52173,0.77606,5.766,7.753,-0.12086,1.26245642884964,9.4731962466596
Oriental Food Industries Holdings Bhd,OFI,2024-03-31,0,3.75437,2.768,0.99111,,,-0.20937,1.39921382829218,13.2040742139283
Oriental Food Industries Holdings Bhd,OFI,2025-03-31,0,3.82394,2.8245,0.81106,,,-0.1899,1.33011783314662,10.9161901794005
Oriental Food Industries Holdings Bhd,OFI,2026-03-31,0,3.61224,2.56365,0.7877,,,-0.09455,1.27265766290119,8.98909883692369
One Gasmaster Holdings Bhd,OGM,2022-12-31,0,2.20303,1.78845,1.15627,,,-0.25911,,
One Gasmaster Holdings Bhd,OGM,2023-12-31,0,1.89134,1.29537,0.44943,,,0.20055,1.1601137256369,
One Gasmaster Holdings Bhd,OGM,2024-12-31,0,2.9777,1.96284,0.47294,,,0.19461,1.33964292638221,
One Gasmaster Holdings Bhd,OGM,2025-12-31,0,3.95666,3.0875,0.75004,,,0.12876,1.14102457466763,
Oasis Home Holding Bhd,OHM,2022-06-30,0,5.17576,3.09864,2.56794,,,0.09145,,
Oasis Home Holding Bhd,OHM,2023-06-30,0,4.79062,3.34637,2.8922,,,-0.04878,1.03303349875931,
Oasis Home Holding Bhd,OHM,2024-06-30,0,3.58005,2.88248,2.27491,,,-0.14999,1.18952404717217,
Oasis Home Holding Bhd,OHM,2025-06-30,0,6.59484,5.40726,4.42546,,,-0.26354,1.07099540184328,11.5339571639214
Oriental Interest Bhd,OIB,2021-08-31,0,1.36938,0.81336,0.02379,,,0.19222,,
Oriental Interest Bhd,OIB,2022-08-31,0,1.36363,0.91353,0.03328,,,0.22628,0.325763777963818,2.84259025563543
Oriental Interest Bhd,OIB,2023-08-31,0,1.46308,0.95669,0.02778,,,0.22136,0.351040007463233,3.18431197183235
Oriental Interest Bhd,OIB,2024-08-31,0,1.24796,0.68153,0.03953,,13.653,0.22091,0.394349291213611,2.83648387899169
Oriental Interest Bhd,OIB,2025-08-31,0,1.47961,0.86956,0.03917,,,0.13259,0.465580172252408,3.82875686489905
OKA Corporation Bhd,OKA,2023-03-31,0,4.153,2.66798,1.44563,,,-0.2618,0.528761148189058,11.528509268479
OKA Corporation Bhd,OKA,2024-03-31,0,3.77263,2.31248,0.11948,,,-0.19528,0.621029431909091,10.7835279383822
OKA Corporation Bhd,OKA,2025-03-31,0,3.80961,2.25918,0.08676,,,-0.15803,0.640861569809838,10.0045587698349
OKA Corporation Bhd,OKA,2026-03-31,0,4.08816,2.34066,0.08799,,,-0.15596,0.700193846249793,9.45272405660793
OKA Corporation Bhd,OKA,2027-03-31,0,,,,,,-0.19124,0.705304903095019,
Olympia Industries Bhd,OLYMPIA,2021-12-31,0,1.2169,1.00828,0.46494,-13.3051,-24.56,0.24048,0.100487963537976,0.924506164091747
Olympia Industries Bhd,OLYMPIA,2022-12-31,0,0.64459,0.4673,0.32807,-1.9835,-13.486,0.27014,0.151604910541942,0.330579327226678
Olympia Industries Bhd,OLYMPIA,2023-12-31,0,0.5215,0.35929,0.24361,-5.853,-16.85,0.3092,0.157255940496382,0.062261027625087
Olympia Industries Bhd,OLYMPIA,2024-12-31,0,0.55978,0.41686,0.2642,-7.772,-17.228,0.32907,0.150110299652648,-0.094393893587864
Olympia Industries Bhd,OLYMPIA,2025-12-31,0,0.19537,0.15064,0.09656,57.1242,297.0269,0.35306,0.149084609430946,-1.86628621213586
OpenMove AI Bhd,OMAI,2022-12-31,0,6.48474,,1.80493,,,-0.58156,0.535130847099444,44.4386747896594
OpenMove AI Bhd,OMAI,2023-12-31,0,6.8865,,1.04324,,,-0.59128,0.5307367207012,38.5131669432632
OpenMove AI Bhd,OMAI,2024-12-31,0,6.23826,,0.764,,,-0.54892,0.522669576966466,35.9894845234795
OpenMove AI Bhd,OMAI,2026-12-31,0,5.16149,,0.85759,,,-0.42727,,
Omesti Bhd,OMESTI,2021-10-31,0,1.07393,0.98028,0.63844,,,0.1808,0.466230484656526,0.858981817339006
Omesti Bhd,OMESTI,2022-10-31,0,0.88995,0.83134,0.38716,,,0.32475,0.208778937354924,0.040619885766142
Omesti Bhd,OMESTI,2023-10-31,0,0.55556,0.49106,0.26033,,,0.30193,0.17821705253181,-0.173604188621547
Omesti Bhd,OMESTI,2024-10-31,0,0.56674,0.49694,0.20492,,,0.62888,0.239322213813401,-5.62048073609955
Omesti Bhd,OMESTI,2025-10-31,0,,,,,-6.124,,,
One Glove Group Bhd,ONEGLOVE,2022-03-31,0,,,,2.6009,3.2351,,,
One Glove Group Bhd,ONEGLOVE,2023-03-31,0,,,,9.25,10.98,,,
One Glove Group Bhd,ONEGLOVE,2024-03-31,0,1.76096,1.00885,0.48506,1.8843,1.883,0.52084,,
One Glove Group Bhd,ONEGLOVE,2025-03-31,0,1.2324,0.69782,0.0752,-0.7624,-2.3965,0.50323,0.088612635674953,-0.509909689289488
One Glove Group Bhd,ONEGLOVE,2026-03-31,0,0.57242,0.28394,0.06059,,,0.40298,0.09089107418303,-0.679864487842651
OpenSys (M) Bhd,OPENSYS,2021-12-31,0,4.72874,3.92314,3.3175,,,-0.33364,0.609822593559689,12.5191117285665
OpenSys (M) Bhd,OPENSYS,2022-12-31,0,4.62639,3.84822,2.77792,,,-0.33834,0.790865292447729,12.6708915402964
OpenSys (M) Bhd,OPENSYS,2023-12-31,0,3.62928,2.86158,1.86736,,,-0.19042,0.788014574736325,10.8752281721695
OpenSys (M) Bhd,OPENSYS,2024-12-31,0,3.46327,2.47412,1.53273,,,-0.1463,0.75782784439972,9.80672605787498
OpenSys (M) Bhd,OPENSYS,2025-12-31,0,3.68066,2.97691,2.28798,,,-0.31036,0.812479934704417,9.99587337711701
Oppstar Bhd,OPPSTAR,2023-03-31,0,3.20976,3.20976,1.11699,,,-0.89859,2.80233867688493,
Oppstar Bhd,OPPSTAR,2024-03-31,0,31.57956,31.545,1.57249,25.09,27.03,-0.87257,0.714810593383906,310.017282768693
Oppstar Bhd,OPPSTAR,2025-03-31,0,20.14971,20.14971,1.6613,10.43,10.922,-0.82515,0.382110858256201,95.1574754800525
Oppstar Bhd,OPPSTAR,2026-03-31,0,38.67137,38.61903,1.57387,,,-0.77853,0.430589196276406,85.9873086578209
Oppstar Bhd,OPPSTAR,2027-03-31,0,26.12442,26.12442,1.68279,,,-0.84443,0.258998846916675,29.7274632565953
Optimax Holdings Bhd,OPTIMAX,2022-12-31,0,2.39963,2.17984,1.32625,13.89,23.899,-0.01046,1.00534916595985,14.5432567271535
Optimax Holdings Bhd,OPTIMAX,2023-12-31,0,2.07436,1.80532,1.14126,17.699,25.699,0.01257,1.113427250375,15.2867326454653
Optimax Holdings Bhd,OPTIMAX,2024-12-31,0,1.37776,1.14732,0.73735,11.66,21.28,0.11182,1.03066591294517,9.70424569082566
Optimax Holdings Bhd,OPTIMAX,2025-12-31,0,1.37497,1.15588,0.61386,9.699,19.91,0.29116,0.951038481734862,7.06871379378544
Optimax Holdings Bhd,OPTIMAX,2026-12-31,0,1.51979,1.2593,0.67464,9.259,19.449,0.19496,0.913833848391202,7.64889219931068
Orgabio Holdings Bhd,ORGABIO,2022-06-30,0,2.10663,1.65,0.54168,,,0.04282,1.40625704130506,
Orgabio Holdings Bhd,ORGABIO,2023-06-30,0,1.88569,1.25782,0.16556,,,0.28656,1.43945731544209,
Orgabio Holdings Bhd,ORGABIO,2024-06-30,0,4.64234,3.38973,2.3258,,,-0.12951,1.01510504634375,7.49488402014805
Orgabio Holdings Bhd,ORGABIO,2025-06-30,0,2.93952,1.88967,0.97778,,7.647,-0.05262,1.01183312578911,8.06683739774656
Orgabio Holdings Bhd,ORGABIO,2026-06-30,0,1.7141,1.03602,0.32795,,,0.06087,1.26316652930806,4.6053862817022
Oriental Holdings Bhd,ORIENT,2021-12-31,0,2.35011,2.24427,0.77838,,4.013,-0.29691,0.319268831781123,5.22743918131513
Oriental Holdings Bhd,ORIENT,2022-12-31,0,2.87574,2.73014,0.72623,,6.664,-0.33243,0.367064771952719,6.39818892614838
Oriental Holdings Bhd,ORIENT,2023-12-31,0,2.6592,2.53836,0.39871,,,-0.24045,0.394928619081019,5.2740455829525
Oriental Holdings Bhd,ORIENT,2024-12-31,0,2.48504,2.33968,0.50366,,,-0.23455,0.440331185421018,5.48645017593171
Oriental Holdings Bhd,ORIENT,2025-12-31,0,1.98425,1.86606,0.77821,,,-0.22338,0.501542080795042,4.90245062407022
Orkim Bhd,ORKIM,2023-12-31,0,0.71693,0.606,0.48672,,,0.4315,,
Orkim Bhd,ORKIM,2024-12-31,0,1.01365,0.82413,0.54478,,,0.38116,0.340086837186457,
Orkim Bhd,ORKIM,2025-12-31,0,1.34415,1.1548,0.63104,,,0.27311,0.359581049670136,
Orkim Bhd,ORKIM,2026-12-31,0,2.57123,2.364,1.91243,,,0.2195,0.310517612867666,5.1253218501854
Ornapaper Bhd,ORNA,2021-12-31,0,1.90261,1.30175,0.47955,1.5249,0.8559,0.06484,0.987922422448212,4.11934922270311
Ornapaper Bhd,ORNA,2022-12-31,0,2.00913,1.36034,0.50417,-0.718,-6.3071,0.10493,1.03966482919058,4.04473622705719
Ornapaper Bhd,ORNA,2023-12-31,0,2.23587,1.62796,0.72449,0.7288,-3.1076,0.00776,0.898787829876523,4.28233738967784
Ornapaper Bhd,ORNA,2024-12-31,0,2.155,1.64285,0.67516,,,0.11254,0.90529809498992,3.83003046461592
Ornapaper Bhd,ORNA,2025-12-31,0,1.98862,1.43961,0.66444,,,0.09024,0.852295087806789,3.44386417848526
OSK Holdings Bhd,OSK,2022-12-31,0,1.45607,1.2506,0.0271,,,0.25118,0.12611981319548,2.36148430870493
OSK Holdings Bhd,OSK,2023-12-31,0,1.36648,1.19833,0.0276,4.3,8.56,0.27825,0.13980267074484,2.42816114825951
OSK Holdings Bhd,OSK,2024-12-31,0,1.47952,1.31015,0.03237,4.639,7.91,0.29187,0.158069465663806,2.68173290254417
OSK Holdings Bhd,OSK,2025-12-31,0,1.34262,1.16976,0.03637,4.91,8.55,0.2943,0.151816370592592,2.70502259633241
OSK Holdings Bhd,OSK,2026-12-31,0,1.49318,1.25016,0.0589,4.849,8.689,0.32119,0.156516636777426,3.03431540154236
Osk Ventures International Bhd,OSKVI,2021-12-31,0,,,,,,-0.05265,0.029422140167976,
Osk Ventures International Bhd,OSKVI,2022-12-31,0,,,,7.3938,7.4273,-0.03432,0.006880115176252,
Osk Ventures International Bhd,OSKVI,2023-12-31,0,,,,15.1947,15.2519,0.0205,0.007066839909947,
Osk Ventures International Bhd,OSKVI,2024-12-31,0,,,,,,0.12715,0.003959681006467,
Osk Ventures International Bhd,OSKVI,2025-12-31,0,,,,,,0.13442,0.009537159893843,
Ocean Vantage Holdings Bhd,OVH,2021-12-31,0,4.50682,4.49608,1.14949,,,-0.25833,1.86921966744168,14.1808070586427
Ocean Vantage Holdings Bhd,OVH,2022-12-31,0,2.50952,2.49839,,,,-0.11747,1.7659690176933,6.85883491353021
Ocean Vantage Holdings Bhd,OVH,2023-12-31,0,2.04403,2.03775,,,,-0.20397,1.55081194880444,5.92254920206221
Ocean Vantage Holdings Bhd,OVH,2024-12-31,0,1.71648,1.71156,,,,-0.78665,0.935047376122992,3.96802190219328
Ocean Vantage Holdings Bhd,OVH,2025-12-31,0,4.71458,4.69785,1.78103,,,-0.3922,0.925750804981969,9.60634255210716
Only World Group Holdings Bhd,OWG,2022-06-30,0,1.18026,1.14121,0.03492,,,0.32239,0.061181597596442,0.208357949297854
Only World Group Holdings Bhd,OWG,2023-06-30,0,1.52818,1.47473,0.15877,,,0.24962,0.162320235584908,1.17887961845261
Only World Group Holdings Bhd,OWG,2024-06-30,0,1.74642,1.69877,0.21729,,,0.18226,0.333441504896267,2.12605986796123
Only World Group Holdings Bhd,OWG,2025-06-30,0,1.70516,1.65353,0.21552,,,0.10127,0.341586427533208,1.98236453917521
Only World Group Holdings Bhd,OWG,2026-06-30,0,1.8671,1.79829,0.52623,,,0.1304,0.334053741883319,1.20587820250728
Oxford Innotech Bhd,OXB,2022-12-31,0,1.91593,1.5999,0.53246,,,-0.4903,,
Oxford Innotech Bhd,OXB,2023-12-31,0,3.90603,3.84919,2.29527,,,-0.56188,1.02986024047496,
Oxford Innotech Bhd,OXB,2024-12-31,0,3.32974,2.92426,0.50442,,,0.09801,0.696060333404859,
Oxford Innotech Bhd,OXB,2025-12-31,0,2.22137,2.01031,0.54016,,,0.16708,0.745953435708422,
Oxford Innotech Bhd,OXB,2026-12-31,0,7.33542,6.81403,1.56172,,,-0.1788,0.41248539967705,9.03268255126935
Pacific and Orient Bhd,P&O,2021-09-30,0,,,,0.1739,-0.1356,-0.11448,0.256518166289645,
Pacific and Orient Bhd,P&O,2022-09-30,0,,,,,,-0.5176,0.282878387117871,
Pacific and Orient Bhd,P&O,2023-09-30,0,,,,,,-0.28316,0.270973801963795,
Pacific and Orient Bhd,P&O,2024-09-30,0,,,,,,-0.84012,0.279474921260155,
Pacific and Orient Bhd,P&O,2025-09-30,0,,,,,,-0.90031,0.266295449558422,
PA Resources Bhd,PA,2022-06-30,0,5.21945,3.2022,0.96988,,,-0.0645,1.57292543007986,29.9769877355613
PA Resources Bhd,PA,2023-06-30,0,3.92605,2.43966,0.10669,,,0.06721,1.791314375185,12.5085277532307
PA Resources Bhd,PA,2024-06-30,0,13.3653,8.53224,1.9706,,,-0.08771,1.63088465005573,27.2264361664538
PA Resources Bhd,PA,2025-06-30,0,13.24403,10.05262,3.84877,,,-0.18646,1.74281980818416,22.9612207232432
PA Resources Bhd,PA,2026-06-30,0,11.81342,8.35751,2.36058,,,-0.08149,1.48780824470585,11.3155467621313
Padini Holdings Berhad,PADINI,2022-06-30,0,5.39549,3.92209,3.53077,4.049,6.9,-0.10894,0.770494061043002,9.62640429798687
Padini Holdings Berhad,PADINI,2023-06-30,0,3.62347,3.12791,2.91939,11.14,16.744,-0.32567,0.952927816149747,9.62509168468397
Padini Holdings Berhad,PADINI,2024-06-30,0,4.47196,2.71787,2.45084,14.094,23.063,-0.09585,1.15319146243058,10.8558876742797
Padini Holdings Berhad,PADINI,2025-06-30,0,4.38433,3.31596,2.9323,8.388,13.629,-0.16287,1.09794018237903,9.46545218822734
Padini Holdings Berhad,PADINI,2026-06-30,0,4.51534,3.06357,2.83656,7.98,13.48,-0.02626,0.998688550444937,8.10032692182732
Panasonic Manufacturing Malaysia Bhd,PANAMY,2023-03-31,0,4.20632,3.6152,2.91371,5.45,6.53,-0.57825,0.919163631092881,18.1210494457212
Panasonic Manufacturing Malaysia Bhd,PANAMY,2024-03-31,0,5.1778,4.6256,3.80653,8.71,10.269,-0.60737,1.07785945070503,18.2902176833237
Panasonic Manufacturing Malaysia Bhd,PANAMY,2025-03-31,0,5.15384,4.75378,4.06857,9.927,11.52,-0.65175,0.970397926526256,15.6989846283582
Panasonic Manufacturing Malaysia Bhd,PANAMY,2026-03-31,0,5.32377,4.91572,4.14537,5.019,5.799,-0.60898,0.895538730800042,13.8518323757951
Panasonic Manufacturing Malaysia Bhd,PANAMY,2027-03-31,0,6.25056,5.6938,0.01544,3.85,4.379,-0.60409,0.783111339640985,11.2806630113232
Panda Eco System Bhd,PANDA,2021-12-31,0,2.23729,2.14615,0.96221,,,-0.50927,1.12452214976389,
Panda Eco System Bhd,PANDA,2022-12-31,0,3.95948,3.8823,1.45617,,,-0.84469,1.37595907928389,
Panda Eco System Bhd,PANDA,2023-12-31,0,6.10377,6.07733,0.99748,,,-0.90715,0.863439661936413,30.1899300917981
Panda Eco System Bhd,PANDA,2024-12-31,0,5.37424,5.34939,1.38847,,,-0.90274,0.744014401732418,39.4666406568476
Panda Eco System Bhd,PANDA,2025-12-31,0,3.08413,3.055,0.96178,,,-0.72476,0.802506670875594,16.0109439219958
Pansar Bhd,PANSAR,2022-03-31,0,1.62791,1.42736,0.08142,-2.51,-2.665,0.31009,1.23657108387031,3.44076673599829
Pansar Bhd,PANSAR,2023-03-31,0,1.46133,1.29488,0.03784,-3.3807,-3.5279,0.4079,1.26242673338261,2.94156821721836
Pansar Bhd,PANSAR,2024-03-31,0,1.50328,1.3292,0.06352,-13.4472,-14.869,0.38095,1.42927675721732,3.43085175111326
Pansar Bhd,PANSAR,2025-03-31,0,1.48832,1.29135,0.12327,-1.9996,-2.3526,0.3511,1.42211225226227,3.43522955313524
Pansar Bhd,PANSAR,2026-03-31,0,1.61555,1.35621,0.1029,,,0.23965,1.61733575124939,3.4967423377056
Pantech Group Holdings Bhd,PANTECH,2023-02-28,0,2.34527,1.19881,0.51079,6.96,10.089,0.05099,0.723711275303597,5.78680903285184
Pantech Group Holdings Bhd,PANTECH,2024-02-28,0,2.93079,1.4086,0.66562,22.146,22.579,0.05019,0.896406614291574,7.26030110849697
Pantech Group Holdings Bhd,PANTECH,2025-02-28,0,2.83745,1.50711,0.81794,8.823,12.342,-0.0076,0.789933703491057,7.46089805684948
Pantech Group Holdings Bhd,PANTECH,2026-02-28,0,3.97842,2.42007,1.01247,,,-0.02885,0.688190495988747,7.43888234479718
Pantech Group Holdings Bhd,PANTECH,2027-02-28,0,4.0144,2.16267,1.41179,,,-0.11242,0.583563072410488,6.9956846357811
Paos Holdings Bhd,PAOS,2021-05-31,0,3.45338,3.4391,0.23424,,,-0.05276,3.96314607282271,6.17705156044969
Paos Holdings Bhd,PAOS,2022-05-31,0,3.01297,3.001,0.08532,,,-0.02049,3.64783650289829,5.22796066394902
Paos Holdings Bhd,PAOS,2023-05-31,0,1.68972,1.68623,0.10139,,,-0.04381,5.79692216298783,2.6840560501963
Paos Holdings Bhd,PAOS,2024-05-31,0,1.54026,1.53825,0.25153,,,-0.16022,5.04236694272601,2.55824481498203
Paos Holdings Bhd,PAOS,2025-05-31,0,2.83189,2.82323,0.4806,,,-0.07928,4.94575081168993,4.92039726365577
Paradigm Real Estate Investment Trust,PARADIGM,2023-12-31,0,,,,,,,,
Paradigm Real Estate Investment Trust,PARADIGM,2024-12-31,0,,,,,,,,
Paradigm Real Estate Investment Trust,PARADIGM,2025-12-31,0,2.25784,,2.25784,,,0.3299,,
Paradigm Real Estate Investment Trust,PARADIGM,2026-12-31,0,2.14176,,1.76574,,,0.29585,0.052126996435633,2.22946964416125
Paramount Corporation Bhd,PARAMON,2022-12-31,0,2.37207,1.72092,0.2603,0.96,1.99,0.29022,0.230295850388192,3.39958233498469
Paramount Corporation Bhd,PARAMON,2023-12-31,0,2.11672,1.7053,0.30875,1.99,4.15,0.25164,0.278874208568268,3.42579105770373
Paramount Corporation Bhd,PARAMON,2024-12-31,0,1.87769,1.49588,0.22207,2.719,5.719,0.24832,0.331764345358709,3.43477026697445
Paramount Corporation Bhd,PARAMON,2025-12-31,0,1.98614,1.38203,0.19968,3.39,7.16,0.30505,0.344313353450479,3.92461239843778
Paramount Corporation Bhd,PARAMON,2026-12-31,0,2.14859,1.61612,0.29311,3.759,8.14,0.28958,0.299619239104742,3.93215654069863
Parkson Holdings Bhd,PARKSON,2022-06-30,0,,,,,,,,
Parkson Holdings Bhd,PARKSON,2023-06-30,0,0.95249,0.80016,0.50809,,,0.46392,,
Parkson Holdings Bhd,PARKSON,2024-06-30,0,1.0043,0.86185,0.58889,,,0.40695,0.359145598481857,0.181151150050014
Parkson Holdings Bhd,PARKSON,2025-06-30,0,1.04682,0.89742,0.61689,,,0.4594,0.333068943333703,0.063077239914587
Parkson Holdings Bhd,PARKSON,2026-06-30,0,1.11439,0.99098,0.67052,,,0.47184,0.315946292473015,0.199814828651686
Parkwood Holdings Bhd,PARKWD,2021-12-31,0,15.2557,5.75632,1.07159,,,-0.03221,0.057281891255311,7.33350270919558
Parkwood Holdings Bhd,PARKWD,2022-12-31,0,10.90716,3.50848,1.21131,,,0.01941,0.100092734623398,6.69476780299479
Parkwood Holdings Bhd,PARKWD,2023-12-31,0,10.27488,3.31396,1.63167,,,-0.01481,0.148741867021183,6.4578946852325
Parkwood Holdings Bhd,PARKWD,2024-12-31,0,7.23618,2.24135,0.91804,,,0.01358,0.101601891104966,5.71901731438259
Parkwood Holdings Bhd,PARKWD,2025-12-31,0,5.33367,1.55638,0.3264,,,0.1437,0.067781954275451,4.45485184417253
Parlo Bhd,PARLO,2021-12-31,0,,,,5.66,5.8,,,
Parlo Bhd,PARLO,2022-12-31,0,,,,,,,,
Parlo Bhd,PARLO,2023-12-31,0,,,,-9.52,-9.675,,,
Parlo Bhd,PARLO,2024-12-31,0,2.52904,2.52349,0.2077,,,-0.32438,,
Parlo Bhd,PARLO,2025-12-31,0,3.91744,3.91744,0.30704,,,-0.64273,2.01954091540403,
Pasdec Holdings Bhd,PASDEC,2021-12-31,0,4.43249,1.19037,0.46756,-4.3362,-6.9268,-0.005,0.093094661574543,5.64315428350656
Pasdec Holdings Bhd,PASDEC,2022-12-31,0,5.92178,1.15927,0.71401,2.0701,1.8725,-0.04274,0.05376191733935,6.47765938663091
Pasdec Holdings Bhd,PASDEC,2023-12-31,0,9.18386,2.61017,1.26674,1.1678,0.3341,-0.05095,0.094813110613761,10.6922909487681
Pasdec Holdings Bhd,PASDEC,2024-12-31,0,6.50514,1.54053,0.88805,,,-0.0339,0.07605184878529,5.98914514903981
Pasdec Holdings Bhd,PASDEC,2025-12-31,0,7.1763,1.32015,0.82171,,,-0.01865,0.081593320697922,5.90979480247469
Pavilion Real Estate Investment Trust,PAVREIT,2022-12-31,0,0.68802,0.68212,0.03519,2.017,3.262,0.30855,0.078296062962348,2.21385020233788
Pavilion Real Estate Investment Trust,PAVREIT,2023-12-31,0,0.44437,0.44145,0.21913,3.87,6.219,0.28809,0.089560882986473,1.95614318690953
Pavilion Real Estate Investment Trust,PAVREIT,2024-12-31,0,0.8755,0.86985,0.51464,3.69,6.345,0.34179,0.093505575789167,1.90119171537122
Pavilion Real Estate Investment Trust,PAVREIT,2025-12-31,0,0.89394,0.88592,0.51978,3.419,6.23,0.33544,0.093314578470935,2.22847654173796
Pavilion Real Estate Investment Trust,PAVREIT,2026-12-31,0,0.52935,0.52463,0.33357,3.79,6.839,0.34694,0.095096328698466,2.13593671571621
Pba Holdings Bhd,PBA,2021-12-31,0,1.08496,1.04081,0.70131,,,0.09798,0.234279136115203,1.94776320753688
Pba Holdings Bhd,PBA,2022-12-31,0,1.21759,1.1718,0.88759,,,0.04784,0.23846401070116,2.18224745645495
Pba Holdings Bhd,PBA,2023-12-31,0,1.13985,1.10805,0.85529,,,0.0021,0.270811936510372,2.40571173055741
Pba Holdings Bhd,PBA,2024-12-31,0,1.25467,1.22647,0.89072,,,-0.034,0.304835656324596,3.28818803418507
Pba Holdings Bhd,PBA,2025-12-31,0,2.011,1.96347,0.25222,,,-0.01048,0.280152297610684,3.35656900937206
Public Bank Bhd,PBBANK,2022-12-31,0,,,,1.24,11.859,-0.00546,0.02717113778495,
Public Bank Bhd,PBBANK,2023-12-31,0,,,,1.28,12.445,-0.05026,0.027926767785121,
Public Bank Bhd,PBBANK,2024-12-31,0,,,,1.325,12.683,0.01975,0.025919253929361,
Public Bank Bhd,PBBANK,2025-12-31,0,,,,1.359,12.76,0.02287,0.026430807090887,
Public Bank Bhd,PBBANK,2026-12-31,0,,,,1.31,12.8,0.04681,0.026471935940511,
PBS Bhd,PBSB,2021-12-31,0,1.36023,0.93023,0.39536,,,0.08323,0.768131909473469,1.45202417256268
PBS Bhd,PBSB,2022-12-31,0,1.52265,0.8193,0.18757,,,0.17787,0.016769422886267,1.14497647930973
PBS Bhd,PBSB,2023-12-31,0,25.69644,25.47233,23.19874,,,-1.04867,0.023701096178424,7.02458847269575
PBS Bhd,PBSB,2024-12-31,0,25.8171,25.03566,9.06135,,,-1.46005,0.148001099626406,5.30474281487242
PBS Bhd,PBSB,2025-12-31,0,2.82241,2.72033,2.28526,,,-1.28746,0.085115025696265,4.01690267878517
PCCS Group Bhd,PCCS,2022-03-31,0,1.35945,0.91879,0.16232,6.202,10.2947,0.02251,1.1579460278214,2.34512199122776
PCCS Group Bhd,PCCS,2023-03-31,0,1.4741,1.02186,0.46873,6.7842,11.9978,-0.04155,1.31920005351574,2.93959807507439
PCCS Group Bhd,PCCS,2024-03-31,0,1.36262,0.74345,0.26519,3.4372,4.4946,0.11444,1.1332735474428,2.48570412858847
PCCS Group Bhd,PCCS,2025-03-31,0,1.33338,0.77155,0.21608,,,0.12997,1.4917828980246,2.42050983003634
PCCS Group Bhd,PCCS,2026-03-31,0,1.39044,0.9014,0.30098,,,0.12914,1.47445735786283,2.70670735243499
PETRONAS Chemicals Group Bhd,PCHEM,2022-12-31,0,4.32586,3.87886,3.30911,17.0,22.44,-0.3196,0.533708841834429,12.0111390629739
PETRONAS Chemicals Group Bhd,PCHEM,2023-12-31,0,2.46355,1.93064,1.36696,12.39,17.07,-0.09859,0.568352243728161,8.21902197364078
PETRONAS Chemicals Group Bhd,PCHEM,2024-12-31,0,1.89273,1.47178,1.03565,2.93,4.27,-0.08787,0.495814452246705,5.89092414252014
PETRONAS Chemicals Group Bhd,PCHEM,2025-12-31,0,1.69803,1.32116,0.91597,1.95,2.98,-0.10207,0.512049550489578,4.74799134933488
PETRONAS Chemicals Group Bhd,PCHEM,2026-12-31,0,1.43952,1.10826,0.79816,,,-0.09753,0.468618105234437,3.29158410416267
Pimpinan Ehsan Bhd,PEB,2021-12-31,0,67.9593,,65.90859,-1.872,-49.49,-0.97053,0.0,94.0156126647351
Pimpinan Ehsan Bhd,PEB,2022-12-31,0,23.41049,,20.82192,2.9988,10.0192,-0.978,0.0,35.5652309373028
Pimpinan Ehsan Bhd,PEB,2023-12-31,0,44.09675,,38.57149,2.6215,13.0037,-0.95491,0.0,65.0172689734489
Pimpinan Ehsan Bhd,PEB,2024-12-31,0,85.01348,,79.22518,,,-1.00554,0.0,87.8095673976946
Pimpinan Ehsan Bhd,PEB,2025-12-31,0,70.59971,,65.6783,,,-1.0089,0.0,69.928332243328
Pecca Group Bhd,PECCA,2022-06-30,0,6.43798,5.16803,1.28298,10.57,11.929,-0.46518,0.788897124544919,35.8548310035801
Pecca Group Bhd,PECCA,2023-06-30,0,7.24111,5.97653,1.18736,10.97,12.81,-0.38963,0.783236973564787,21.0483936076922
Pecca Group Bhd,PECCA,2024-06-30,0,5.07879,4.34256,1.2462,,,-0.43498,0.905937411712682,21.4481715640776
Pecca Group Bhd,PECCA,2025-06-30,0,5.10163,4.54703,0.18949,,,-0.60506,0.877697060712702,25.5551746203691
Pecca Group Bhd,PECCA,2026-06-30,0,7.19172,6.23235,0.62594,23.5,27.6,-0.46127,0.841068100291283,41.7323683720933
Pekat Group Bhd,PEKAT,2022-12-31,0,2.202,1.75926,0.36424,,,-0.23884,1.09757058786634,9.87282604959544
Pekat Group Bhd,PEKAT,2023-12-31,0,2.76633,2.30802,0.25452,,,-0.06324,0.918854989431581,9.75576754138501
Pekat Group Bhd,PEKAT,2024-12-31,0,3.46808,2.87763,0.56839,,,-0.18635,1.2229731300947,11.5733119845013
Pekat Group Bhd,PEKAT,2025-12-31,0,1.71252,1.18153,0.19282,7.376,14.919,0.16133,0.932422470235155,6.026874783349
Pekat Group Bhd,PEKAT,2026-12-31,0,2.00572,1.55554,0.34556,7.95,19.559,0.03689,1.0432346338594,6.55931610910925
Petra Energy Bhd,PENERGY,2021-12-31,0,1.90338,1.89143,0.20611,4.596,9.648,-0.21258,0.542101576565024,4.04063090152222
Petra Energy Bhd,PENERGY,2022-12-31,0,1.69146,1.65634,0.90384,,-24.559,-0.16149,0.627710073273253,3.14581237936987
Petra Energy Bhd,PENERGY,2023-12-31,0,1.53559,1.51743,0.85536,-5.604,-12.084,-0.35977,0.847433313456417,3.83459186104947
Petra Energy Bhd,PENERGY,2024-12-31,0,1.4132,1.20678,0.68322,-2.843,-6.122,-0.16156,0.660456394193607,3.27224489035693
Petra Energy Bhd,PENERGY,2025-12-31,0,0.70419,0.67582,0.27106,,,0.2383,0.329628196169704,-0.643146986887707
Pensonic Holdings Bhd,PENSONI,2021-05-31,0,1.37941,0.78562,0.1939,2.8568,3.6056,0.27917,1.2568404598116,2.87042633800565
Pensonic Holdings Bhd,PENSONI,2022-05-31,0,1.42162,0.73601,0.15988,2.763,3.645,0.34852,1.08947518623441,2.84781810127183
Pensonic Holdings Bhd,PENSONI,2023-05-31,0,1.47009,0.74913,0.21503,1.4978,0.6206,0.26759,0.927259789827888,2.55865894199721
Pensonic Holdings Bhd,PENSONI,2024-05-31,0,1.52068,0.93753,0.31597,,,0.14694,1.13595686466685,2.63328188886452
Pensonic Holdings Bhd,PENSONI,2025-05-31,0,1.27964,0.70576,0.13693,,,0.27977,1.15759053443593,1.8459013762727
Pentamaster Corporation Bhd,PENTA,2022-12-31,0,4.02121,3.62656,0.50872,8.0,13.529,-0.59642,0.559402235736855,28.1101195323766
Pentamaster Corporation Bhd,PENTA,2023-12-31,0,3.41652,2.76327,0.46328,7.69,13.822,-0.47208,0.560593361073147,18.428314399327
Pentamaster Corporation Bhd,PENTA,2024-12-31,0,3.06322,2.43383,0.4319,7.2,13.439,-0.48833,0.558907517222115,16.3915820933462
Pentamaster Corporation Bhd,PENTA,2025-12-31,0,3.13812,2.66483,0.95662,4.889,9.009,-0.41521,0.466752973874958,16.2899878795592
Pentamaster Corporation Bhd,PENTA,2026-12-31,0,3.5877,2.94684,0.7291,4.75,8.06,-0.23407,0.447576626741238,19.6986750637306
Pentech Holding Bhd,PENTECH,2022-12-31,0,1.20723,1.1872,0.11959,,,-0.08216,,
Pentech Holding Bhd,PENTECH,2023-12-31,0,1.29517,1.27455,0.29419,,,-0.49352,3.6107761548913,
Pentech Holding Bhd,PENTECH,2024-12-31,0,1.36398,1.28191,0.30641,,,-0.49185,3.16081272114363,
Pentech Holding Bhd,PENTECH,2025-12-31,0,1.47717,1.44432,0.46781,,,-0.6729,3.17370418571691,
PEOPLElogy Bhd,PEOPLE,2021-12-31,0,2.0561,,0.62924,,,-0.01821,,
PEOPLElogy Bhd,PEOPLE,2022-12-31,0,1.48947,,0.3817,,,-0.03295,1.9657933531185,
PEOPLElogy Bhd,PEOPLE,2023-12-31,0,1.4417,,0.3203,,,0.10583,1.51702445009883,
PEOPLElogy Bhd,PEOPLE,2024-12-31,0,2.40847,,0.59151,,,-0.14338,1.4989781204352,
PEOPLElogy Bhd,PEOPLE,2025-12-31,0,3.79821,,0.49562,,,-0.85367,0.875841593929478,10.5740688076333
Perdana Petroleum Bhd,PERDANA,2022-12-31,0,0.94131,0.88692,0.2565,,,0.07453,0.155115716700653,-1.55651443192995
Perdana Petroleum Bhd,PERDANA,2023-12-31,0,1.28848,1.25505,0.53802,,,0.01118,0.238926321289484,0.310458829429066
Perdana Petroleum Bhd,PERDANA,2024-12-31,0,1.6547,1.62013,0.31267,,,-0.05648,0.362843330183581,1.69631068708472
Perdana Petroleum Bhd,PERDANA,2025-12-31,0,2.98812,2.94275,1.22894,,,-0.12618,0.471375440794917,5.05002436229494
Perdana Petroleum Bhd,PERDANA,2026-12-31,0,4.7963,4.63573,1.52021,,,-0.20509,0.303523108899899,5.48492588049439
Permaju Industries Berhad,PERMAJU,2021-09-30,0,5.11059,2.82187,1.58094,-2.1882,-4.9929,-0.09677,0.121330669123883,1.91926508714127
Permaju Industries Berhad,PERMAJU,2022-09-30,0,5.04272,4.93672,3.0721,1.8609,2.1717,-0.10763,0.071786549598465,3.43622949640504
Permaju Industries Berhad,PERMAJU,2023-09-30,0,4.03862,3.53115,0.83544,5.9737,7.4683,-0.01619,0.159161717382045,1.43583434663959
Permaju Industries Berhad,PERMAJU,2024-09-30,0,,,,,,,,
Permaju Industries Berhad,PERMAJU,2025-09-30,0,3.22195,2.73484,0.38583,,,-0.00766,,
Perusahaan Sadur Timah Malaysia (PERSTIMA) Bhd,PERSTIM,2023-03-31,0,1.886,0.81871,0.02191,,,0.37223,1.60407468060291,4.69940091482474
Perusahaan Sadur Timah Malaysia (PERSTIMA) Bhd,PERSTIM,2024-03-31,0,1.78084,0.91924,0.09272,,,0.19153,1.47212625529356,5.05737409281236
Perusahaan Sadur Timah Malaysia (PERSTIMA) Bhd,PERSTIM,2025-03-31,0,1.67708,0.93329,0.09011,,,0.16157,1.01376111854892,3.92781960446491
Perusahaan Sadur Timah Malaysia (PERSTIMA) Bhd,PERSTIM,2026-03-31,0,1.29979,0.67585,0.0443,,,0.35531,1.22672600084657,2.66043679661808
Perusahaan Sadur Timah Malaysia (PERSTIMA) Bhd,PERSTIM,2027-03-31,0,1.16103,0.53722,0.19761,,,0.37854,1.51746900565562,1.75095136804806
Pertama Digital Bhd,PERTAMA,2021-12-31,0,,,,-0.2996,-0.682,,,
Pertama Digital Bhd,PERTAMA,2022-12-31,0,1.07315,,0.93376,0.7046,1.3006,-5.60854,,
Pertama Digital Bhd,PERTAMA,2023-12-31,0,1.04259,,0.32928,-11.12196,-19.80306,-2.36607,0.035871889424988,6.23457918728703
Pertama Digital Bhd,PERTAMA,2024-12-31,0,1.02652,,0.31678,-4.0626,-7.6833,-4.33526,0.039130052392858,-0.042840123450751
Pertama Digital Bhd,PERTAMA,2025-12-31,0,1.00365,,0.0001,,,-0.06929,0.039526389764446,-0.649836274418422
Pesona Metro Holdings Bhd,PESONA,2022-12-31,0,1.12567,1.12366,0.03763,,,0.37828,0.910458736087895,0.634270198557378
Pesona Metro Holdings Bhd,PESONA,2023-12-31,0,1.15074,,0.09551,,,0.30383,0.597716200566886,0.637068423283066
Pesona Metro Holdings Bhd,PESONA,2024-12-31,0,1.11027,,0.06982,,,0.3011,0.842312960446898,0.738661230966766
Pesona Metro Holdings Bhd,PESONA,2025-12-31,0,1.33097,1.03238,0.13274,,,0.30205,0.711138398359044,1.57093557184902
Pesona Metro Holdings Bhd,PESONA,2026-12-31,0,1.36341,1.08869,0.24192,,,0.28848,0.820991092808904,2.24362501997099
PESTEC International Bhd,PESTEC,2022-06-30,0,1.35,1.32768,0.13203,10.259,15.699,0.52365,0.24937420184144,1.70793452323658
PESTEC International Bhd,PESTEC,2023-06-30,0,,,,1.899,8.88,,,
PESTEC International Bhd,PESTEC,2024-06-30,0,,,,,,,,
PESTEC International Bhd,PESTEC,2026-06-30,0,1.05182,0.98481,0.08738,,,0.57101,,
Petronas Dagangan Bhd,PETDAG,2022-12-31,0,1.47907,1.43681,0.50081,5.9,9.439,-0.30814,2.5061006045901,8.64970491679744
Petronas Dagangan Bhd,PETDAG,2023-12-31,0,1.35552,1.32871,0.55499,7.45,13.71,-0.45295,3.52366449103812,7.50454674275843
Petronas Dagangan Bhd,PETDAG,2024-12-31,0,1.34303,1.31569,0.27702,8.293,16.385,-0.22622,3.30183953075944,7.20620172561173
Petronas Dagangan Bhd,PETDAG,2025-12-31,0,1.46124,1.42637,0.43741,9.619,18.51,-0.32476,3.3580823902908,7.64481096033828
Petronas Dagangan Bhd,PETDAG,2026-12-31,0,1.42391,1.40067,0.98253,9.9,18.41,-0.73892,3.44775729923547,7.70546967536088
Petronas Gas Bhd,PETGAS,2022-12-31,0,3.64134,3.60587,0.05716,10.599,15.46,0.20094,0.301012200192919,10.1625973869053
Petronas Gas Bhd,PETGAS,2023-12-31,0,3.69033,3.65941,0.08633,9.0,12.5,0.21424,0.316926273402066,9.34265915944819
Petronas Gas Bhd,PETGAS,2024-12-31,0,1.88785,1.87167,0.03897,9.33,13.63,0.14942,0.330469435762393,9.81160442243219
Petronas Gas Bhd,PETGAS,2025-12-31,0,2.40472,2.38105,0.06355,9.65,13.349,0.04423,0.343449903801648,11.557418190774
Petronas Gas Bhd,PETGAS,2026-12-31,0,1.23423,1.21878,0.1334,8.96,12.259,0.02154,0.330521582268415,10.1597779654882
Petron Malaysia Refining & Marketing Bhd,PETRONM,2022-12-31,0,0.97361,0.55171,0.01302,,,0.27092,2.52506097123346,2.45922011563097
Petron Malaysia Refining & Marketing Bhd,PETRONM,2023-12-31,0,1.1017,0.63832,0.08536,6.636,14.365,0.28263,4.05096982812146,2.70184186930054
Petron Malaysia Refining & Marketing Bhd,PETRONM,2024-12-31,0,1.27975,0.75569,0.05803,,,0.26268,3.63917041125588,3.4223735289271
Petron Malaysia Refining & Marketing Bhd,PETRONM,2025-12-31,0,1.23966,0.60294,0.07314,,,0.30456,3.38744223242547,2.83721052492897
Petron Malaysia Refining & Marketing Bhd,PETRONM,2026-12-31,0,2.01322,1.06126,0.45317,,,-0.08278,3.23142961505804,5.04669404357552
Propel Global Bhd,PGB,2021-06-30,0,0.38418,0.34719,0.05555,,,,,
Propel Global Bhd,PGB,2022-06-30,0,1.99216,1.85886,0.99083,,,-0.27801,0.453241001596926,5.05345251894522
Propel Global Bhd,PGB,2023-06-30,0,2.16947,2.04295,0.21923,-5.832,-124.155,-0.03172,0.616581577306819,3.66615020226729
Propel Global Bhd,PGB,2024-06-30,0,1.72,1.61347,0.2116,-41.853,-191.617,-0.08927,0.881316898799451,2.52943791000974
Propel Global Bhd,PGB,2025-06-30,0,1.68317,1.56113,0.09527,,,0.16348,0.566670833726653,0.864693537222496
PGF Capital Bhd,PGF,2023-02-28,0,1.67592,1.24272,0.64157,,,0.02552,0.22717625942337,2.13719260729571
PGF Capital Bhd,PGF,2024-02-28,0,1.84297,1.09927,0.49521,,,0.06524,0.328835675913981,4.16685680178499
PGF Capital Bhd,PGF,2025-02-28,0,2.15357,1.38363,0.70587,3.31,4.85,0.08172,0.424690061299457,5.26927525369892
PGF Capital Bhd,PGF,2026-02-28,0,2.4911,1.76249,0.82779,9.289,14.303,0.1335,0.424614265884604,6.13058915861421
PGF Capital Bhd,PGF,2027-02-28,0,2.6915,2.05772,0.63426,5.54,9.47,0.27843,0.357337108649912,4.23868840034771
Pantech Global Bhd,PGLOBAL,2022-02-28,0,2.15735,0.87562,0.35415,,,0.23167,,
Pantech Global Bhd,PGLOBAL,2023-02-28,0,2.58789,1.34102,0.61201,,,0.07292,1.23271028243063,
Pantech Global Bhd,PGLOBAL,2024-02-28,0,2.24912,1.08173,0.53676,,,0.13454,0.946683828979494,
Pantech Global Bhd,PGLOBAL,2025-02-28,0,3.43381,2.18722,0.61435,,,0.08189,0.136618166077812,
Pantech Global Bhd,PGLOBAL,2026-02-28,0,2.80175,1.22508,0.65667,,,0.05079,0.707228116097269,5.62442349484426
Paragon Globe Bhd,PGLOBE,2022-03-31,0,20.6975,13.19193,4.81126,-11.054,-23.4155,-0.37919,0.187972462849747,14.8415879590587
Paragon Globe Bhd,PGLOBE,2023-03-31,0,10.91633,7.59838,2.20694,1.4382,0.2021,-0.21657,0.14050435663043,5.64997135551113
Paragon Globe Bhd,PGLOBE,2024-03-31,0,7.5807,2.69643,0.96112,-0.032,-2.409,0.22623,0.121845130158421,3.84845647921644
Paragon Globe Bhd,PGLOBE,2025-03-31,0,3.29392,1.29619,0.36028,,,0.35658,0.489575547226546,5.4682881573348
Paragon Globe Bhd,PGLOBE,2026-03-31,0,2.8886,0.45776,0.09993,,,0.49644,0.161306412246043,4.59882031884374
Pharmaniaga Bhd,PHARMA,2022-12-31,0,1.10453,0.24311,0.01842,8.97,43.28,0.60447,2.50911407444464,2.51857372900439
Pharmaniaga Bhd,PHARMA,2023-12-31,1,0.57784,0.20677,0.01139,5.04,7.54,1.35486,1.69588522135832,-5.39136827742478
Pharmaniaga Bhd,PHARMA,2024-12-31,1,0.55306,0.26309,0.02459,-4.16,28.277,1.15597,1.80986166136606,-3.89755264199157
Pharmaniaga Bhd,PHARMA,2025-12-31,1,0.61661,0.30286,0.03516,,,0.98041,1.9244049386255,-2.07644158999813
Pharmaniaga Bhd,PHARMA,2026-12-31,0,0.90885,0.45585,0.0337,,,0.43365,1.85309260171832,1.23177047316268
Pegasus Heights Bhd,PHB,2021-12-31,0,4.78468,4.77549,3.13248,-1.89,-2.39,-0.12934,0.174815125197642,9.56052700127029
Pegasus Heights Bhd,PHB,2022-12-31,0,6.18682,6.16635,2.79105,4.76,4.71,-0.08306,0.112971741240347,12.6453674356205
Pegasus Heights Bhd,PHB,2023-12-31,0,5.37712,5.35683,0.33147,1.1748,0.9993,-0.00612,0.098049722175327,10.1685264102591
Pegasus Heights Bhd,PHB,2024-12-31,0,3.22243,3.21137,0.11079,0.648,0.491,0.0181,0.078655645628915,14.3400636650524
Pegasus Heights Bhd,PHB,2025-12-31,0,3.68129,3.66891,2.23472,,,-0.06844,0.082283518594758,10.4983952301146
Progressive Impact Corporation Bhd,PICORP,2021-12-31,0,1.23249,1.23152,0.38252,11.7162,14.379,0.0779,0.509149460310013,1.79597744047449
Progressive Impact Corporation Bhd,PICORP,2022-12-31,0,1.10034,1.09968,0.36297,14.9366,16.9668,0.06075,0.502837877718237,2.18858424513602
Progressive Impact Corporation Bhd,PICORP,2023-12-31,0,0.9798,0.97945,0.39311,14.084,15.98,0.03666,0.510887416123053,0.667150860517571
Progressive Impact Corporation Bhd,PICORP,2024-12-31,0,0.98686,0.9865,0.45762,9.979,12.817,0.09739,0.559078375345336,0.527516277314925
Progressive Impact Corporation Bhd,PICORP,2025-12-31,0,1.02149,1.02034,0.45227,7.335,10.311,0.10746,0.603769080154916,1.07277035908677
PIE Industrial Bhd,PIE,2022-12-31,0,2.12107,1.12113,0.22068,,,-0.01388,1.37617893059376,9.83282867089289
PIE Industrial Bhd,PIE,2023-12-31,0,2.08498,1.22242,0.14845,8.25,13.13,0.06144,1.34465093718233,7.90256885949056
PIE Industrial Bhd,PIE,2024-12-31,0,2.35066,1.38345,0.17046,8.21,12.599,0.00459,1.34058774148166,9.61743728066258
PIE Industrial Bhd,PIE,2025-12-31,0,2.90058,1.78255,0.53162,6.019,8.539,-0.08476,1.10613667862517,17.787126875325
PIE Industrial Bhd,PIE,2026-12-31,0,3.73366,2.3269,0.81281,2.73,3.549,-0.12022,1.06116330968957,13.1089566284176
Pineapple Resources Bhd,PINEAPP,2021-06-30,0,6.12445,2.54206,1.06966,,,0.04796,,
Pineapple Resources Bhd,PINEAPP,2022-06-30,0,4.86059,1.54289,0.21571,,,0.13509,1.76866349470659,10.6010867993539
Pineapple Resources Bhd,PINEAPP,2023-06-30,0,6.5278,2.67539,1.39798,,,0.02394,1.82819458648835,9.56373586326667
Pineapple Resources Bhd,PINEAPP,2024-06-30,0,5.31826,2.02889,0.62892,,,0.12219,1.81679445110401,8.43763331759542
Pineapple Resources Bhd,PINEAPP,2025-06-30,0,3.89367,2.16078,0.64847,,,0.05165,1.81618051316644,6.51463734529323
Ping Edge Technology Bhd,PING,2023-10-31,0,1.03078,0.55396,0.15143,,,-2.37034,,
Ping Edge Technology Bhd,PING,2024-10-31,0,1.71318,1.14808,0.48124,,,-0.64782,3.24903320389784,
Ping Edge Technology Bhd,PING,2025-10-31,0,1.56184,1.06661,0.38361,,,0.08169,3.05083661476756,7.57294478553817
PJBumi Bhd,PJBUMI,2021-06-30,0,,,,,,,,
PJBumi Bhd,PJBUMI,2022-06-30,0,,,,2.87,3.72,,,
PJBumi Bhd,PJBUMI,2023-06-30,0,,,,-7.1871,-18.2055,,,
PJBumi Bhd,PJBUMI,2024-06-30,0,,,,-5.9649,-18.786,,,
PJBumi Bhd,PJBUMI,2025-06-30,0,1.38451,0.5661,0.03051,,,0.01832,,
PLB Engineering Bhd,PLB,2021-08-31,0,1.03875,0.40699,0.06549,3.16,4.546,0.62884,0.313900193494281,0.838064767209861
PLB Engineering Bhd,PLB,2022-08-31,0,1.45547,0.79194,0.05866,2.9387,4.5351,0.65841,0.348002386199436,2.08515367497629
PLB Engineering Bhd,PLB,2023-08-31,0,0.83887,0.58804,0.03346,3.0713,4.768,0.70781,0.103950147275791,-0.305997267749278
PLB Engineering Bhd,PLB,2024-08-31,0,0.69514,0.32837,0.0432,1.6461,2.0654,0.66477,0.301630320161577,-0.467161186163418
PLB Engineering Bhd,PLB,2025-08-31,0,0.83972,0.40965,0.02252,,,0.37306,0.268172236607136,-0.316195842243267
Plenitude Bhd,PLENITU,2022-06-30,0,2.80073,1.97169,0.15057,,,-0.05493,0.102338978200575,3.91506548647141
Plenitude Bhd,PLENITU,2023-06-30,0,2.72277,1.91834,0.34518,,,-0.03428,0.12446129922522,3.76529061792439
Plenitude Bhd,PLENITU,2024-06-30,0,2.21541,1.61152,0.41543,,,-0.04387,0.161708871723971,3.58911990208606
Plenitude Bhd,PLENITU,2025-06-30,0,2.96505,2.18362,0.64398,,,0.00798,0.214952018306913,3.98013286542228
Plenitude Bhd,PLENITU,2026-06-30,0,3.10882,2.20613,0.84625,,,-0.04005,0.248825131027492,4.29095900227056
Prolintas Infra Business Trust,PLINTAS,2022-12-31,0,1.34779,,0.66543,,,0.78888,0.108042295166287,
Prolintas Infra Business Trust,PLINTAS,2023-12-31,0,1.10638,,0.64467,,,0.7649,0.115250109469326,
Prolintas Infra Business Trust,PLINTAS,2024-12-31,0,6.97087,,6.12441,,,0.64398,0.038942059966007,
Prolintas Infra Business Trust,PLINTAS,2025-12-31,0,3.92791,,1.51293,0.729,4.107,0.62245,0.088379109225222,1.26988915917359
Prolintas Infra Business Trust,PLINTAS,2026-12-31,0,2.17257,,0.90521,0.79,4.639,0.61966,0.095160123816569,1.02973000304665
PLS Plantations Bhd,PLS,2021-06-30,0,,,,0.8967,1.8945,,,
PLS Plantations Bhd,PLS,2022-06-30,0,2.02899,1.55673,0.76218,1.8746,3.9576,0.125,,
PLS Plantations Bhd,PLS,2023-06-30,0,1.77758,1.3281,0.26883,3.5022,6.8812,0.1666,0.226971585375799,2.81666525576871
PLS Plantations Bhd,PLS,2024-06-30,0,1.28856,1.12833,0.09951,-1.428,-4.0,0.1943,0.22551600270883,2.44141594101545
PLS Plantations Bhd,PLS,2025-06-30,0,1.26602,1.02259,0.07789,,,0.13766,0.213073442739245,2.13610344646382
PLYTEC Holding Bhd,PLYTEC,2021-12-31,0,1.22983,1.098,0.02582,,,0.33348,0.702066149029395,
PLYTEC Holding Bhd,PLYTEC,2022-12-31,0,1.28645,1.20968,0.04565,,,0.26864,0.931406672652509,
PLYTEC Holding Bhd,PLYTEC,2023-12-31,0,1.44418,1.37016,0.1656,,,0.19331,0.80081895859053,3.90186404049861
PLYTEC Holding Bhd,PLYTEC,2024-12-31,0,1.05415,0.94971,0.07735,,,0.35011,0.771969595122785,2.81626777300129
PLYTEC Holding Bhd,PLYTEC,2025-12-31,0,0.93289,0.79447,0.17448,,,0.3625,0.667998833430717,0.962412199349045
PMB Technology Bhd,PMBTECH,2022-12-31,0,1.38548,0.81918,0.18317,,,0.35499,0.696735351272663,6.39888440376908
PMB Technology Bhd,PMBTECH,2023-12-31,0,1.35829,0.86733,0.2324,,,0.29241,0.745600002016649,9.14173947612882
PMB Technology Bhd,PMBTECH,2024-12-31,0,1.00927,0.51697,0.1276,,4.83,0.42596,0.516785233558717,5.05798281945614
PMB Technology Bhd,PMBTECH,2025-12-31,0,1.18653,0.49779,0.12855,,,0.32246,0.397264785076419,4.6139897826768
PMB Technology Bhd,PMBTECH,2026-12-31,0,0.96014,0.46569,0.09405,,,0.35348,0.347556388829928,2.51889911124285
PMCK Bhd,PMCK,2023-04-30,0,4.40567,4.15994,1.88549,,,-0.20889,,
PMCK Bhd,PMCK,2024-04-30,0,3.29094,3.09859,1.81303,,,-0.2222,0.92426388233225,
PMCK Bhd,PMCK,2025-04-30,0,3.79031,3.56036,1.86607,,,-0.18908,0.958476872904322,
PMCK Bhd,PMCK,2026-04-30,0,2.842,2.68006,1.31646,,,-0.09738,0.802062059565832,
PMCK Bhd,PMCK,2027-04-30,0,4.79719,4.61425,1.1613,5.7,11.9,-0.26756,0.518362384879785,8.54995631122021
Pan Malaysia Corporation Bhd,PMCORP,2021-06-30,0,8.1494,7.40142,3.77661,0.327,-0.3554,-0.34569,0.127579709799274,
Pan Malaysia Corporation Bhd,PMCORP,2022-06-30,0,1.56957,1.32444,0.58708,-73.9422,-109.2713,-0.02034,0.360312173547328,
Pan Malaysia Corporation Bhd,PMCORP,2023-06-30,0,1.21001,1.04654,0.31758,-0.4427,-3.7272,0.08317,0.510448090013497,
Pan Malaysia Corporation Bhd,PMCORP,2024-06-30,0,1.02886,0.98215,0.52845,-7.2976,-17.6485,0.12268,0.552814152817244,
Pan Malaysia Corporation Bhd,PMCORP,2025-06-30,0,0.83817,0.79507,0.39539,,,0.22137,0.593885101672202,-1.81219311644423
Press Metal Aluminium Holdings Bhd,PMETAL,2022-12-31,0,1.09723,0.49964,0.09339,8.029,25.739,0.52522,0.841085972822988,7.06286359748496
Press Metal Aluminium Holdings Bhd,PMETAL,2023-12-31,0,1.77037,0.88168,0.10045,9.597,26.958,0.34273,1.06227107542092,8.66491978603231
Press Metal Aluminium Holdings Bhd,PMETAL,2024-12-31,0,2.04153,1.11086,0.35464,7.927,17.914,0.26104,0.899834936590112,8.99145598504088
Press Metal Aluminium Holdings Bhd,PMETAL,2025-12-31,0,1.94253,1.15497,0.42805,11.009,22.829,0.17899,0.931825611347108,9.95399647778996
Press Metal Aluminium Holdings Bhd,PMETAL,2026-12-31,0,2.35943,1.53756,0.77797,11.72,23.5,0.10685,0.905169884116312,11.8009250495891
Pan Merchant Bhd,PMIBHD,2021-12-31,0,1.1864,0.78621,0.06436,,,0.36078,,
Pan Merchant Bhd,PMIBHD,2022-12-31,0,1.38953,1.01641,0.09232,,,0.27282,1.21456954684586,
Pan Merchant Bhd,PMIBHD,2023-12-31,0,1.33425,1.03179,0.12092,,,0.16373,1.0478557593366,
Pan Merchant Bhd,PMIBHD,2024-12-31,0,1.4485,1.16482,0.21671,,,0.101,1.00365892572239,
Pan Merchant Bhd,PMIBHD,2025-12-31,0,3.56581,2.99711,0.64906,,,-0.37711,0.780055021058397,
PMW International Bhd,PMW,2021-12-31,0,2.5391,2.0884,1.07926,,,-0.06533,,
PMW International Bhd,PMW,2022-12-31,0,1.66192,1.39122,0.66592,,,-0.04434,0.702260419131018,
PMW International Bhd,PMW,2023-12-31,0,1.65853,1.34806,0.62641,,,-0.02578,0.956927784913552,
PMW International Bhd,PMW,2024-12-31,0,1.69954,1.37067,0.61205,,,0.06268,0.992873117933933,
PMW International Bhd,PMW,2025-12-31,0,2.56941,1.91879,1.27994,,,-0.23036,0.896383606960754,6.52490382480466
Poh Kong Holdings Bhd,POHKONG,2021-07-31,0,4.30631,0.23409,0.06446,8.7591,13.2635,0.1823,1.12753226388582,7.75412937553784
Poh Kong Holdings Bhd,POHKONG,2022-07-31,0,4.82909,0.36996,0.13129,6.273,8.2644,0.12477,1.6114838723918,8.31566288186859
Poh Kong Holdings Bhd,POHKONG,2023-07-31,0,4.20762,0.23288,0.07599,7.824,11.44,0.15841,1.56116337275811,8.04482723609811
Poh Kong Holdings Bhd,POHKONG,2024-07-31,0,4.95797,0.27722,0.1513,,,0.11655,1.56802839088649,9.57076573978447
Poh Kong Holdings Bhd,POHKONG,2025-07-31,0,4.97951,0.25555,0.14054,,10.943,0.13276,1.44403098908945,8.88199324782911
Poh Huat Resources Holdings Bhd,POHUAT,2022-10-31,0,3.93174,2.42359,0.96911,5.719,7.339,-0.26846,0.985638945367334,9.08052752388834
Poh Huat Resources Holdings Bhd,POHUAT,2023-10-31,0,5.26741,4.15454,1.81362,,17.284,-0.42708,1.19290549596783,10.4468849495369
Poh Huat Resources Holdings Bhd,POHUAT,2024-10-31,0,6.82977,5.8793,2.04506,,4.31,-0.52568,0.691306769431617,10.8324716698927
Poh Huat Resources Holdings Bhd,POHUAT,2025-10-31,0,6.30303,5.30138,2.09936,,,-0.52259,0.780923656171075,10.7780519278466
Poh Huat Resources Holdings Bhd,POHUAT,2026-10-31,0,7.94568,6.67778,1.74608,,,-0.55973,0.71614600301305,10.0936049957192
Polydamic Group Bhd,POLYDM,2021-06-30,0,1.55456,1.30374,0.75511,,,-0.52003,1.03268713164978,4.46914594347784
Polydamic Group Bhd,POLYDM,2022-06-30,0,2.33053,2.07194,1.02494,,,-0.35107,1.01910875016548,7.52374808493248
Polydamic Group Bhd,POLYDM,2023-06-30,0,3.76581,3.35497,1.87874,,,-0.25248,0.784727376950041,9.60568098532749
Polydamic Group Bhd,POLYDM,2024-06-30,0,5.31708,4.85109,1.70185,,,-0.10211,0.570975888273431,13.5356585187806
Polydamic Group Bhd,POLYDM,2025-06-30,0,2.76928,2.46438,1.41078,,,-0.17931,0.443746112814395,8.46830903700159
Pos Malaysia Bhd,POS,2022-12-31,0,0.86836,0.86625,0.10921,-9.15,-27.55,0.32622,0.74902971114351,-1.15795528371369
Pos Malaysia Bhd,POS,2023-12-31,0,0.78234,0.77876,0.11633,-6.589,-23.0,0.40233,0.774365237412118,-1.49860188992409
Pos Malaysia Bhd,POS,2024-12-31,0,0.68244,0.67776,0.1163,-6.969,-27.69,0.35919,0.822378851410861,-2.32144923807315
Pos Malaysia Bhd,POS,2025-12-31,0,0.62076,0.61354,0.08325,,,0.49817,0.886976696764027,-3.38892806502889
Pos Malaysia Bhd,POS,2026-12-31,0,0.51763,0.51203,0.04931,,,0.58036,0.930753486338422,-4.82554069594108
Powertechnic Group Bhd,POWER,2021-12-31,0,1.34169,0.99963,0.29859,,,0.33219,,
Powertechnic Group Bhd,POWER,2022-12-31,0,1.26441,0.99423,0.17563,,,0.43943,0.691934180280071,
Powertechnic Group Bhd,POWER,2023-12-31,0,1.3415,1.03073,0.26135,,,0.33138,0.962318224757757,
Powertechnic Group Bhd,POWER,2024-12-31,0,1.72494,1.50837,0.51482,,,0.184,1.0586270096503,
Powertechnic Group Bhd,POWER,2025-12-31,0,3.14685,2.86836,1.33043,,,-0.12356,0.793792501017134,6.87890771392445
PPB Group Bhd,PPB,2022-12-31,0,2.20003,1.52305,0.66292,5.719,12.339,0.00567,0.177995716211031,14.3140011147894
PPB Group Bhd,PPB,2023-12-31,0,2.18071,1.56114,0.71962,8.224,9.12,0.00786,0.218398671439483,13.9059159447126
PPB Group Bhd,PPB,2024-12-31,0,3.63371,2.76881,1.51934,,5.259,-0.02151,0.196112133137974,16.5550325442601
PPB Group Bhd,PPB,2025-12-31,0,3.71064,2.73231,1.52093,4.19,4.54,-0.02849,0.185095375348631,14.993858539104
PPB Group Bhd,PPB,2026-12-31,0,4.29829,3.35751,0.53364,-10.33,-12.4,-0.06265,0.205343996448871,15.5497072627662
Public Packages Holdings Bhd,PPHB,2021-12-31,0,3.81759,3.42595,1.7297,1.74,0.523,-0.24017,0.55983091972954,7.05233317289979
Public Packages Holdings Bhd,PPHB,2022-12-31,0,5.90585,5.40398,1.21662,1.9434,1.0328,-0.28821,0.595086672146017,8.77537947425606
Public Packages Holdings Bhd,PPHB,2023-12-31,0,8.28181,7.78555,1.05183,2.6508,2.4737,-0.36336,0.515451619686872,11.7071744263577
Public Packages Holdings Bhd,PPHB,2024-12-31,0,8.63328,8.22483,0.83037,,,-0.42626,0.460021647501694,11.2096150783222
Public Packages Holdings Bhd,PPHB,2025-12-31,0,9.35889,8.96043,0.72569,,,-0.46815,0.403671039209613,10.0681316660447
Pappajack Bhd,PPJACK,2021-12-31,0,14.68534,14.10681,1.96509,,,-0.08644,0.410991618608432,
Pappajack Bhd,PPJACK,2022-12-31,0,5.22293,5.11717,0.60571,,,0.0519,0.393896332695903,14.5720376660232
Pappajack Bhd,PPJACK,2023-12-31,0,7.89856,7.73138,1.44558,,,-0.03966,0.431970682876397,27.4047544438084
Pappajack Bhd,PPJACK,2024-12-31,0,8.47315,8.32175,0.54233,,,0.07577,0.398805082517588,25.1385618309774
Pappajack Bhd,PPJACK,2025-12-31,0,3.14269,3.10865,0.18366,,,0.27357,0.370861581444969,10.8290681750702
Prestar Resources Bhd,PRESTAR,2021-12-31,0,1.44216,0.65276,0.14014,8.3948,19.5757,0.35085,0.840426610750454,4.13500430745617
Prestar Resources Bhd,PRESTAR,2022-12-31,0,1.60554,0.82661,0.17425,3.0488,3.7753,0.25071,0.851714073221728,3.53199187246064
Prestar Resources Bhd,PRESTAR,2023-12-31,0,2.14267,1.18784,0.20677,4.076,5.577,0.13978,0.853960267900476,4.7396750192072
Prestar Resources Bhd,PRESTAR,2024-12-31,0,2.38954,1.53569,0.29094,5.499,8.998,0.04651,0.830841325386367,4.8754033893156
Prestar Resources Bhd,PRESTAR,2025-12-31,0,2.38245,1.53868,0.19821,,,-0.01666,0.820113599619301,4.72046144688327
PRG Holdings Bhd,PRG,2021-12-31,0,2.20688,0.9335,0.33615,,1.419,0.08818,0.499363778487457,3.25705044645689
PRG Holdings Bhd,PRG,2022-12-31,0,2.134,1.4402,0.42503,,,0.00408,0.722488673378652,3.90060257253179
PRG Holdings Bhd,PRG,2023-12-31,0,2.35575,1.81624,0.61325,,,-0.15438,0.759690427185282,3.87824940970329
PRG Holdings Bhd,PRG,2024-12-31,0,1.6049,1.27702,0.60061,,3.356,-0.11783,0.708987396249616,0.231205417005251
PRG Holdings Bhd,PRG,2025-12-31,0,1.16654,1.024,0.54258,,,-0.31382,0.73978053024758,-0.061330663224493
PRIVASIA Technology Bhd,PRIVA,2021-12-31,0,1.68087,1.65274,0.60798,,,0.03007,0.46019574311461,3.38449168491301
PRIVASIA Technology Bhd,PRIVA,2022-12-31,0,1.44169,1.434,0.26655,,,0.11816,0.469919148992827,2.7865248088795
PRIVASIA Technology Bhd,PRIVA,2023-12-31,0,1.2861,1.2861,0.11496,,,0.10602,1.12031086124692,2.6127309020737
PRIVASIA Technology Bhd,PRIVA,2024-12-31,0,1.2405,,0.26467,,,0.14099,0.492286076244739,2.20493027187329
PRIVASIA Technology Bhd,PRIVA,2025-12-31,0,1.15914,,0.06897,,,0.24771,0.937583963695292,1.27576083949304
Perak Corporation Bhd,PRKCORP,2021-12-31,1,0.63879,0.27952,0.15616,0.515,0.636,0.33144,0.384175799387183,-1.40918651001913
Perak Corporation Bhd,PRKCORP,2022-12-31,1,0.73677,0.32717,0.21695,1.887,0.6122,0.20621,0.276987768934264,-0.88312570126894
Perak Corporation Bhd,PRKCORP,2023-12-31,1,0.85768,0.41344,0.19131,1.2862,1.2293,0.20833,0.301170837695893,-0.763868862838634
Perak Corporation Bhd,PRKCORP,2024-12-31,1,0.81312,0.32051,0.15444,3.6527,4.6833,0.26798,0.272109902099213,-0.920771619551736
Perak Corporation Bhd,PRKCORP,2025-12-31,1,0.7766,0.29613,0.11932,,,0.37717,0.258048384948463,-0.795860974852422
Protasco Bhd,PRTASCO,2022-12-31,0,1.16711,1.09282,0.31043,,,0.08069,1.24860214064482,1.51140997276642
Protasco Bhd,PRTASCO,2023-12-31,0,1.08087,0.99869,0.3224,,,0.0134,1.01511225235664,0.641673182397572
Protasco Bhd,PRTASCO,2024-12-31,0,1.06325,0.97053,0.28348,,,0.07898,1.29210634787371,1.06345054606595
Protasco Bhd,PRTASCO,2025-12-31,0,1.14613,1.03965,0.44778,,,-0.1039,1.40100997916438,1.83127688741674
Protasco Bhd,PRTASCO,2026-12-31,0,1.28716,1.18282,0.64207,,,-0.34245,1.38130068404489,2.7249557652828
PSP Energy Bhd,PSP,2022-06-30,0,1.1412,1.09388,0.53827,,,0.12754,,
PSP Energy Bhd,PSP,2023-06-30,0,1.25628,1.17463,0.53093,,,0.04145,2.6703787450537,
PSP Energy Bhd,PSP,2024-06-30,0,1.4529,1.38602,0.84171,,,-0.0326,3.44035609272707,
PSP Energy Bhd,PSP,2025-06-30,0,1.33718,1.29236,0.76329,,,-0.04,4.15487122520299,
Pintaras Jaya Bhd,PTARAS,2022-06-30,0,1.98163,1.86391,0.3743,,18.42,-0.25926,0.689163122973211,5.97934396383406
Pintaras Jaya Bhd,PTARAS,2023-06-30,0,2.19269,2.05416,0.275,7.12,10.669,-0.21335,0.765521507982899,6.1937038654821
Pintaras Jaya Bhd,PTARAS,2024-06-30,0,2.69484,2.4801,0.11575,-0.371,-0.529,-0.24839,0.583119105806586,5.75758737126556
Pintaras Jaya Bhd,PTARAS,2025-06-30,0,2.58168,2.45293,0.09429,-0.902,-1.256,-0.28428,0.553555621829453,5.44950551390152
Pintaras Jaya Bhd,PTARAS,2026-06-30,0,2.49742,2.29638,0.21815,,7.2,-0.25129,0.666437686363966,5.60629847004962
Perak Transit Bhd,PTRANS,2022-12-31,0,1.70697,1.69467,0.96701,6.74,10.949,0.26894,0.175600665327611,2.87961239760736
Perak Transit Bhd,PTRANS,2023-12-31,0,1.03544,1.02322,0.41384,6.519,11.05,0.31197,0.18580918202372,3.77485224469275
Perak Transit Bhd,PTRANS,2024-12-31,0,1.42765,1.41552,0.75231,5.769,10.56,0.38,0.1534920119489,2.84710818378739
Perak Transit Bhd,PTRANS,2025-12-31,0,2.6518,2.64362,2.1167,4.86,10.13,0.32451,0.127859716414371,2.85079364044179
Perak Transit Bhd,PTRANS,2026-12-31,0,1.3193,1.31799,1.18584,3.859,9.699,0.21361,0.096245719771125,1.7505947501263
PT Resources Holdings Bhd,PTRB,2022-04-30,0,2.05815,1.82314,0.92047,,,0.04207,2.72155061662383,
PT Resources Holdings Bhd,PTRB,2023-04-30,0,2.58803,2.49347,0.74165,,,0.04579,2.57388232267497,8.78882066774272
PT Resources Holdings Bhd,PTRB,2024-04-30,0,2.06688,1.93275,0.3891,,,0.18239,1.84335718429961,7.07774804766998
PT Resources Holdings Bhd,PTRB,2025-04-30,0,1.90828,1.85216,0.4792,,,0.2182,1.53999220734074,5.15853117638869
PT Resources Holdings Bhd,PTRB,2026-04-30,0,1.71763,1.35902,0.16915,,,0.37222,1.49651129201205,4.12374328957092
PTT Synergy Group Bhd,PTT,2021-06-30,0,1.57251,0.96523,0.05394,,,0.15393,0.707070352136863,
PTT Synergy Group Bhd,PTT,2022-06-30,0,1.81945,1.46606,0.06493,,,0.11517,1.02180338703425,3.78455506317887
PTT Synergy Group Bhd,PTT,2023-06-30,0,2.60553,1.25769,0.03548,-3.2561,-15.4,0.345,0.569361915077777,3.76689591895519
PTT Synergy Group Bhd,PTT,2024-06-30,0,1.64277,1.23582,0.05475,0.285,-0.391,0.52026,0.358132227562451,2.32361496373233
PTT Synergy Group Bhd,PTT,2025-06-30,0,1.29185,0.96747,0.02774,-0.5324,-1.7201,0.60264,0.198238867485915,1.41338740307113
Puncak Niaga Holdings Bhd,PUNCAK,2021-12-31,0,1.25486,1.23224,0.5455,,,0.34836,0.114016271108489,1.13472391837352
Puncak Niaga Holdings Bhd,PUNCAK,2022-12-31,0,1.07096,1.04574,0.45759,5.227,12.892,0.36969,0.073096320402538,0.919823422469615
Puncak Niaga Holdings Bhd,PUNCAK,2023-12-31,0,1.66039,1.64262,0.30348,1.951,3.493,0.36735,0.081875068044667,1.7200809833251
Puncak Niaga Holdings Bhd,PUNCAK,2024-12-31,0,1.18629,1.17543,0.30354,,,0.35533,0.057979341062342,0.856674007784964
Puncak Niaga Holdings Bhd,PUNCAK,2025-12-31,0,1.29169,1.27467,0.18379,,,0.3647,0.070661450582854,1.10836733865196
PWF Corporation Bhd,PWF,2021-12-31,0,0.82035,0.36033,0.08221,,,0.2707,0.739556609803108,1.4862969238831
PWF Corporation Bhd,PWF,2022-12-31,0,1.00626,0.47584,0.13972,,,0.20911,0.918942565303687,2.13945495130936
PWF Corporation Bhd,PWF,2023-12-31,0,1.23891,0.66245,0.29794,,,0.11331,1.02046515755669,4.08570966348667
PWF Corporation Bhd,PWF,2024-12-31,0,1.48696,0.721,0.41391,,,0.0704,0.909349727693419,4.08796851639571
PWF Corporation Bhd,PWF,2025-12-31,0,1.40598,0.7579,0.51985,,,0.03021,0.857791521670577,3.88202199797806
Power Root Bhd,PWROOT,2023-03-31,0,2.66908,1.89516,0.88676,7.129,9.849,-0.25363,0.946553445791735,8.62191633987764
Power Root Bhd,PWROOT,2024-03-31,0,2.31216,1.43431,0.5806,14.4,21.32,-0.1412,1.10550120681062,10.6514070266635
Power Root Bhd,PWROOT,2025-03-31,0,2.70526,1.90978,0.90423,8.808,13.08,-0.1333,0.888603347857996,8.57403595257068
Power Root Bhd,PWROOT,2026-03-31,0,2.78201,1.73842,0.81604,6.299,9.98,0.01545,0.805956596783633,5.97091356450177
Power Root Bhd,PWROOT,2027-03-31,0,2.54436,1.37074,0.5862,,,0.07683,0.665016998151971,4.91499041389436
Powerwell Holdings Bhd,PWRWELL,2023-03-31,0,2.21112,1.95416,0.44368,,,-0.20105,,
Powerwell Holdings Bhd,PWRWELL,2024-03-31,0,1.71694,1.51541,0.68249,,,-0.21174,1.13917149767068,4.91336125790967
Powerwell Holdings Bhd,PWRWELL,2025-03-31,0,1.82537,1.58623,1.17413,,,-0.76189,0.967794383897347,7.54152062880111
Powerwell Holdings Bhd,PWRWELL,2026-03-31,0,1.97924,1.62554,0.8684,,,-0.43953,0.791184301390553,7.88365657716549
Powerwell Holdings Bhd,PWRWELL,2027-03-31,0,2.33162,1.6647,0.7968,,,-0.36761,0.844627596917119,10.1570573484063
QES Group Bhd,QES,2022-12-31,0,2.52383,2.24037,0.34867,,,-0.43803,1.05742119473667,11.0742388576958
QES Group Bhd,QES,2023-12-31,0,2.79877,2.40234,0.48453,,17.932,-0.3564,1.09933226895508,11.6313071359594
QES Group Bhd,QES,2024-12-31,0,2.76752,2.30111,1.07024,27.6,11.089,-0.30467,0.913914980149124,9.5418441502628
QES Group Bhd,QES,2025-12-31,0,2.52402,2.16912,0.91087,,10.0,-0.1852,0.913979898185615,8.58007749416704
QES Group Bhd,QES,2026-12-31,0,2.81234,2.41217,1.16349,4.2,8.599,-0.19746,0.835395681200936,7.22608352595904
QL Resources Bhd,QL,2023-03-31,0,1.40168,0.79365,0.29739,4.43,9.08,0.24793,1.06938602949812,8.26810152870641
QL Resources Bhd,QL,2024-03-31,0,1.31988,0.64425,0.18521,6.75,13.519,0.25712,1.21900568962349,8.90280886291971
QL Resources Bhd,QL,2025-03-31,0,1.30895,0.68377,0.20871,8.134,15.638,0.19955,1.23621895791477,9.55270056511861
QL Resources Bhd,QL,2026-03-31,0,1.50239,0.85356,0.35215,8.01,14.93,0.1176,1.23865116389835,10.9301148720416
QL Resources Bhd,QL,2027-03-31,0,1.6192,0.91205,0.40172,7.5,13.83,0.08966,1.17136643845957,9.50341513930134
Quality Concrete Holdings Bhd,QUALITY,2022-01-31,0,1.02891,0.82264,0.17814,5.949,7.745,0.37141,0.805316715781442,1.12233560206441
Quality Concrete Holdings Bhd,QUALITY,2023-01-31,0,0.96942,0.79095,0.15945,0.78,0.337,0.36202,0.774928541958601,0.605614004780696
Quality Concrete Holdings Bhd,QUALITY,2024-01-31,0,0.91316,0.76421,0.11796,,-2.502,0.39429,0.654238611229857,-0.06446769842258
Quality Concrete Holdings Bhd,QUALITY,2025-01-31,0,0.91132,0.76545,0.0499,,-1.382,0.45521,0.587068237989029,-0.154995093983645
Quality Concrete Holdings Bhd,QUALITY,2026-01-31,0,0.87872,0.72784,0.08842,,,0.42159,0.714621190522636,-0.502252233313145
Radium Development Bhd,RADIUM,2022-12-31,0,2.03697,1.43619,0.32286,,,-0.08058,0.641887683234701,
Radium Development Bhd,RADIUM,2023-12-31,0,3.38623,1.88543,0.54891,,,-0.0112,0.466444774594213,
Radium Development Bhd,RADIUM,2024-12-31,0,7.6115,4.91282,1.9168,,,-0.37283,0.167738948651436,17.3170183937318
Radium Development Bhd,RADIUM,2025-12-31,0,6.70999,3.82909,1.84716,,,-0.16329,0.162569607453589,15.1630244325793
Radium Development Bhd,RADIUM,2026-12-31,0,3.83644,2.06452,0.53184,,,0.28394,0.162361587529003,6.27197628101744
Ralco Corporation Bhd,RALCO,2021-12-31,0,1.7355,0.97166,0.22025,,,0.04056,0.642035321910762,1.61868449940777
Ralco Corporation Bhd,RALCO,2022-12-31,0,1.62876,0.98864,0.13981,,,0.04796,0.727188128320239,1.11059593021793
Ralco Corporation Bhd,RALCO,2023-12-31,0,1.91831,1.0967,0.10424,-11.428,-32.928,0.03575,0.744084043084137,0.850956816366114
Ralco Corporation Bhd,RALCO,2024-12-31,0,2.04954,1.07096,0.12446,,3.764,0.08967,0.635125799773796,0.709541793198506
Ralco Corporation Bhd,RALCO,2025-12-31,0,1.68457,0.96497,0.20027,,12.9897,0.03358,0.412514914876585,-0.320736328279388
Ramssol Group Bhd,RAMSSOL,2022-12-31,0,6.29364,6.29364,1.23035,,,-0.10409,1.52040757251201,28.7580895102116
Ramssol Group Bhd,RAMSSOL,2023-12-31,0,5.98564,,,8.098,9.027,-0.01408,0.490451411817533,13.4466167350238
Ramssol Group Bhd,RAMSSOL,2024-12-31,0,3.26558,,,7.586,8.925,0.05998,0.368055345210907,10.0991175834069
Ramssol Group Bhd,RAMSSOL,2025-12-31,0,3.34551,,,10.519,13.519,-0.00415,0.492535089782796,10.71873007495
Ramssol Group Bhd,RAMSSOL,2026-12-31,0,4.04713,,1.24565,10.839,14.71,-0.09341,0.434596086662737,13.8566577480442
Ranhill Utilities Bhd,RANHILL,2022-06-30,0,1.20564,1.06901,0.2317,,,0.48778,0.542434168507856,0.126870668538979
Ranhill Utilities Bhd,RANHILL,2023-06-30,0,1.2865,1.14214,0.31075,,,0.3951,0.527698467974556,0.58960819619846
Ranhill Utilities Bhd,RANHILL,2024-06-30,0,1.54205,1.35019,0.18466,,,0.3318,0.732724025194021,1.05842339448497
Ranhill Utilities Bhd,RANHILL,2026-06-30,0,,,,2.292,9.41,,,
Rce Capital Bhd,RCECAP,2023-03-31,0,1.64551,,0.23555,5.11,16.179,0.37596,0.114822959586381,3.18135370929058
Rce Capital Bhd,RCECAP,2024-03-31,0,1.41519,,0.09641,4.889,16.544,0.41919,0.11411331375195,2.74814173431706
Rce Capital Bhd,RCECAP,2025-03-31,0,1.07435,,0.08951,4.669,16.968,0.43442,0.114989155334078,2.46298605129343
Rce Capital Bhd,RCECAP,2026-03-31,0,1.15763,,0.1473,4.16,14.92,0.44577,0.110893655882881,2.59017518347456
Rce Capital Bhd,RCECAP,2027-03-31,0,1.13591,,0.08515,4.23,14.8,0.4386,0.107925352936182,2.37794822429983
Reach Ten Holdings Bhd,REACHTEN,2022-12-31,0,1.23566,1.18225,0.32902,,,-0.58025,,
Reach Ten Holdings Bhd,REACHTEN,2023-12-31,0,2.04482,2.03652,0.05751,,,-0.50867,2.14734128654837,
Reach Ten Holdings Bhd,REACHTEN,2024-12-31,0,1.65678,1.61113,0.32249,,,-1.10087,1.56973675686066,
Reach Ten Holdings Bhd,REACHTEN,2025-12-31,0,3.02047,2.97152,0.78996,,,-0.6715,1.22009903598683,
Reach Ten Holdings Bhd,REACHTEN,2026-12-31,0,5.77769,5.68926,0.31366,,22.5,-0.73876,0.555069112121621,20.5401859909554
REDtone Digital Bhd,REDTONE,2022-06-30,0,2.63408,2.62746,0.17185,,,-0.43604,0.663871917905839,8.74505537597003
REDtone Digital Bhd,REDTONE,2023-06-30,0,3.28621,3.27963,0.68305,,,-0.54029,0.553648467099075,9.9252290787221
REDtone Digital Bhd,REDTONE,2024-06-30,0,2.41592,2.41218,0.62381,,,-0.70185,0.592902155704005,8.18906144265906
REDtone Digital Bhd,REDTONE,2025-06-30,0,2.54549,2.54087,0.29989,,,-0.20407,0.766247086038289,9.98001312668394
REDtone Digital Bhd,REDTONE,2026-06-30,0,2.39559,2.38924,0.42257,6.173,9.449,-0.14267,0.750640499924919,7.89826200027542
Rekatech Capital Bhd,REKATECH,2021-06-30,0,8.9282,,0.72364,,,-0.00995,,
Rekatech Capital Bhd,REKATECH,2022-06-30,0,30.84705,,1.97545,,,-0.01223,0.228228529254009,73.42175408596
Rekatech Capital Bhd,REKATECH,2023-06-30,0,3.26178,,0.6186,,,-0.00815,0.074439603198905,42.4857132429667
Rekatech Capital Bhd,REKATECH,2024-06-30,0,3.31332,,1.58628,,,-0.01851,0.088135227018604,45.0898911428799
Rekatech Capital Bhd,REKATECH,2025-06-30,0,2.08379,,1.3205,,,-0.02394,0.095813793889499,31.0989228645787
Reneuco Bhd,RENEUCO,2022-06-30,0,2.426,,,0.0175,0.0293,,,
Reneuco Bhd,RENEUCO,2023-06-30,0,2.119,,,0.0141,0.0286,,,
Reneuco Bhd,RENEUCO,2023-09-30,0,1.45,,,-0.2995,-0.9067,,,
Reneuco Bhd,RENEUCO,2024-09-30,1,0.921,,,-0.0176,-0.0531,,,
Reneuco Bhd,RENEUCO,2025-03-31,1,0.638,,,-0.0858,-0.3397,,,
Resintech Bhd,RESINTC,2022-03-31,0,2.55645,1.64037,0.34261,,,0.10767,0.339451048450282,4.4410143629244
Resintech Bhd,RESINTC,2023-03-31,0,2.18289,1.32482,0.08964,,,0.16548,0.35434194903824,3.10282299727951
Resintech Bhd,RESINTC,2024-03-31,0,2.4037,1.34117,0.17878,,,0.12547,0.414471177053429,3.67600935923181
Resintech Bhd,RESINTC,2025-03-31,0,1.95373,1.06613,0.18617,,,0.15006,0.436059343456355,3.17480936983076
Resintech Bhd,RESINTC,2026-03-31,0,1.81801,1.20013,0.26639,,,0.1227,0.49061290175657,3.09518190135086
RNG Tech Bhd,RESTNGO,2022-12-31,0,0.43139,0.41836,0.04538,,,0.70498,,
RNG Tech Bhd,RESTNGO,2023-12-31,0,0.20905,0.207,0.05258,,,0.72345,0.620698835274542,
RNG Tech Bhd,RESTNGO,2024-12-31,0,1.18615,1.15992,0.1888,,,0.44538,0.852696130260097,
RNG Tech Bhd,RESTNGO,2025-12-31,0,1.01822,1.00793,0.17661,,,0.44114,0.789573065352365,
Revenue Group Bhd,REVENUE,2022-06-30,0,4.10613,3.8538,3.07018,7.15,10.39,-0.59825,0.55352074567131,27.9521467278751
Revenue Group Bhd,REVENUE,2023-06-30,0,2.02624,1.84392,1.25031,6.112,8.8,-0.24547,2.22950972806828,6.67828836032851
Revenue Group Bhd,REVENUE,2024-06-30,0,,,,-13.115,-21.624,,,
Revenue Group Bhd,REVENUE,2025-06-30,0,1.52029,1.4206,0.32605,,,-0.0821,,
Revenue Group Bhd,REVENUE,2026-06-30,0,1.80039,1.73296,0.99804,,,-0.92452,1.41830972780477,0.570376007704805
RGB International Bhd,RGB,2022-12-31,0,1.23985,1.21165,0.25272,,,-0.06606,0.546364089185639,2.29643230557309
RGB International Bhd,RGB,2023-12-31,0,1.40648,1.37384,0.37375,,,-0.28911,0.643115410401409,3.21236549799139
RGB International Bhd,RGB,2024-12-31,0,2.02722,1.97807,0.91607,7.992,14.561,-0.60001,1.55162270562985,6.68432869872344
RGB International Bhd,RGB,2025-12-31,0,1.95492,1.86907,0.6825,,,-0.47979,1.36375647534142,5.11589074563345
RGB International Bhd,RGB,2026-12-31,0,1.52886,1.1339,0.29078,,,-0.47253,0.502621610378804,3.33813733957018
Ray Go Solar Holdings Bhd,RGS,2021-10-31,0,4.30576,4.03747,0.27451,,,-0.07755,1.43987456951489,
Ray Go Solar Holdings Bhd,RGS,2022-10-31,0,2.37671,1.6251,0.12391,,,0.31293,0.60953902091806,4.55371977511788
Ray Go Solar Holdings Bhd,RGS,2023-10-31,0,2.07461,1.61352,0.0418,,,0.33687,0.979617013062216,6.76187600578475
Ray Go Solar Holdings Bhd,RGS,2024-10-31,0,1.74275,1.55511,0.21914,,,0.19897,1.30593528710865,5.35778270963053
Ray Go Solar Holdings Bhd,RGS,2025-10-31,0,1.41008,1.27666,0.39646,,,-0.27167,1.07641966139418,2.99457979096879
RGT Bhd,RGTBHD,2021-06-30,0,4.55419,3.4349,2.88053,9.9066,17.3079,-0.21784,0.857232569597672,8.93760299498487
RGT Bhd,RGTBHD,2022-06-30,0,2.06912,1.555,0.80841,-3.4882,-8.0512,0.13469,0.582181313252531,5.59825810845675
RGT Bhd,RGTBHD,2023-06-30,0,2.3826,1.84655,0.13318,-2.8265,-6.6975,0.11075,0.43942145791208,4.79729272278307
RGT Bhd,RGTBHD,2024-06-30,0,2.04347,1.521,0.53401,,,0.18847,0.450890236573665,5.14005572500176
RGT Bhd,RGTBHD,2025-06-30,0,2.00086,1.62974,0.40541,,,0.24008,0.580712272758532,2.57534627009725
Radiant Globaltech Bhd,RGTECH,2021-12-31,0,2.51078,2.28059,0.39741,,,-0.46356,1.24184684973991,11.6059106485719
Radiant Globaltech Bhd,RGTECH,2022-12-31,0,2.15279,1.79494,0.59078,,,-0.5103,1.1654532628584,8.25717856502983
Radiant Globaltech Bhd,RGTECH,2023-12-31,0,2.21282,2.00532,0.52186,,,-0.39314,1.13606292754235,8.56206751212395
Radiant Globaltech Bhd,RGTECH,2024-12-31,0,1.93965,1.79609,0.36451,,,-0.06645,1.16086707909394,7.40915793713392
Radiant Globaltech Bhd,RGTECH,2025-12-31,0,1.65751,1.51615,0.56212,,,-0.14032,1.12911846208778,4.99435788913056
RHB Bank Bhd,RHBBANK,2022-12-31,0,,,,0.93,9.519,0.15842,0.028449374370304,
RHB Bank Bhd,RHBBANK,2023-12-31,0,,,,0.9,9.55,0.28028,0.026907423017178,
RHB Bank Bhd,RHBBANK,2024-12-31,0,,,,0.878,9.419,0.29774,0.024196038314118,
RHB Bank Bhd,RHBBANK,2025-12-31,0,,,,0.92,9.849,0.33127,0.025020496480231,
RHB Bank Bhd,RHBBANK,2026-12-31,0,,,,0.95,10.5,0.31954,0.02457974253283,
Rhone Ma Holdings Bhd,RHONEMA,2022-12-31,0,3.27625,2.10811,0.56344,,,0.0734,0.887539382160433,
Rhone Ma Holdings Bhd,RHONEMA,2023-12-31,0,3.49723,1.69219,0.47718,1.002,6.135,0.05509,0.954392976465072,
Rhone Ma Holdings Bhd,RHONEMA,2024-12-31,0,3.95415,2.21904,0.71691,5.373,7.689,0.03753,0.901880236881906,
Rhone Ma Holdings Bhd,RHONEMA,2025-12-31,0,5.39906,2.78356,1.09652,5.718,7.48,-0.01496,0.92756573897199,
Rhone Ma Holdings Bhd,RHONEMA,2026-12-31,0,3.04062,1.70676,0.8745,,,-0.1214,0.924841470071628,6.3580408611294
Rhong Khen International Bhd,RKI,2022-06-30,0,2.16521,1.25927,0.59917,,,-0.14584,1.07685785827688,5.47950823430725
Rhong Khen International Bhd,RKI,2023-06-30,0,2.35361,1.37202,0.51991,,,-0.15412,0.821308383204272,5.33966533296845
Rhong Khen International Bhd,RKI,2024-06-30,0,4.56347,3.05472,1.94215,2.565,3.368,-0.30504,0.73759679621288,7.06369915840129
Rhong Khen International Bhd,RKI,2025-06-30,0,5.04852,3.60265,2.26138,1.531,1.77,-0.36966,0.641627612335019,7.42829072920134
Rhong Khen International Bhd,RKI,2026-06-30,0,5.135,3.60025,0.81392,,,-0.35425,0.655432058143863,7.81369729328769
Reservoir Link Energy Bhd,RL,2022-06-30,0,3.88093,3.31274,1.00408,,,-0.16184,1.1979729710797,12.3489368287753
Reservoir Link Energy Bhd,RL,2025-06-30,0,1.32362,1.2346,0.13607,-0.429,-1.026,0.33175,,
Reservoir Link Energy Bhd,RL,2026-06-30,0,1.31953,1.17398,0.21591,,,0.26023,0.556715717823641,2.3023291211147
Rohas Tecnic Bhd,ROHAS,2022-12-31,0,2.23042,1.61234,0.44897,-2.91,-5.009,0.00481,0.399471073440909,3.23391215676582
Rohas Tecnic Bhd,ROHAS,2023-12-31,0,1.51657,1.05237,0.14552,3.109,5.719,0.11679,0.742737010035339,2.37981732933248
Rohas Tecnic Bhd,ROHAS,2024-12-31,0,1.69908,1.28777,0.30034,,,0.08085,0.545443109232205,2.43507833060132
Rohas Tecnic Bhd,ROHAS,2025-12-31,0,1.8134,1.39502,0.28426,,,0.12053,0.496270498687348,2.39214022098191
Rohas Tecnic Bhd,ROHAS,2026-12-31,0,2.48482,2.08741,0.53708,,,0.02448,0.46470480088535,3.27153905155872
RedPlanet Bhd,RPLANET,2021-06-30,0,3.05565,,1.19213,,,-0.62038,1.17015443434971,17.0174083143765
RedPlanet Bhd,RPLANET,2022-06-30,0,3.93512,,1.43375,,,-0.54789,1.26802248955485,17.6604068630377
RedPlanet Bhd,RPLANET,2023-06-30,0,3.77652,,2.47199,,,-0.79884,1.05018571909859,13.9520500094443
RedPlanet Bhd,RPLANET,2024-06-30,0,1.99514,,0.66901,,,-0.14412,0.954223256054139,6.51054546249813
RedPlanet Bhd,RPLANET,2025-06-30,0,1.54525,,0.4192,,,-0.22511,0.719017475408218,5.04325685260897
Rimbunan Sawit Bhd,RSAWIT,2021-12-31,0,0.23845,0.15167,0.00442,,,0.49534,0.601968846703616,-1.32327336145179
Rimbunan Sawit Bhd,RSAWIT,2022-12-31,0,0.23891,0.12045,0.01746,,,0.48222,0.77782333180353,-1.58662119849224
Rimbunan Sawit Bhd,RSAWIT,2023-12-31,0,0.15604,0.08321,0.00873,,,0.47998,0.595776019988951,-1.26819821422641
Rimbunan Sawit Bhd,RSAWIT,2024-12-31,0,0.38956,0.27354,0.02653,10.7807,20.9877,0.33395,0.677627770600843,1.12987851468962
Rimbunan Sawit Bhd,RSAWIT,2025-12-31,0,0.44164,0.30847,0.15701,,,0.34897,0.865053325479167,0.557875362739074
RT Pastry Holdings Bhd,RT,2022-12-31,0,1.45153,1.26814,,,,0.08778,,
RT Pastry Holdings Bhd,RT,2023-12-31,0,2.17161,1.89526,,,,0.33675,1.20915663172955,
RT Pastry Holdings Bhd,RT,2024-12-31,0,2.19573,1.91499,,,,0.25421,1.1278059004613,
RT Pastry Holdings Bhd,RT,2025-12-31,0,3.0054,2.73875,,,,-0.10708,1.14318207665188,
RTS Technology Holdings Bhd,RTSTECH,2021-12-31,0,4.48737,,1.84394,,,-0.18776,1.03871916423332,
RTS Technology Holdings Bhd,RTSTECH,2022-12-31,0,3.00385,,0.53617,,,-0.07136,0.680344569750158,6.85886915852661
RTS Technology Holdings Bhd,RTSTECH,2023-12-31,0,3.43948,,0.66875,,,-0.03778,0.574004303827919,7.98710463876613
RTS Technology Holdings Bhd,RTSTECH,2024-12-31,0,4.45887,,0.47495,,,-0.05937,0.546625170288065,9.76941590725809
RTS Technology Holdings Bhd,RTSTECH,2025-12-31,0,5.97952,,0.61497,,,-0.08057,0.535073832028615,12.1982454264571
Riverview Rubber Estates Bhd,RVIEW,2021-12-31,0,5.75905,5.35781,1.04638,,,-0.21919,0.148084339400446,6.95300300263866
Riverview Rubber Estates Bhd,RVIEW,2022-12-31,0,4.81925,4.62112,0.30851,,,-0.18457,0.12886617869051,7.75296171721412
Riverview Rubber Estates Bhd,RVIEW,2023-12-31,0,8.0378,7.67477,0.69567,,,-0.12189,0.08433218353538,8.32061105252858
Riverview Rubber Estates Bhd,RVIEW,2024-12-31,0,6.38213,5.96233,0.68767,,,-0.09376,0.082344572123623,7.2069717100631
Riverview Rubber Estates Bhd,RVIEW,2025-12-31,0,5.31674,5.0006,0.44792,,,-0.07095,0.074906411656562,6.54950893568768
S & F Capital Bhd,S&FCAP,2021-06-30,0,3.56355,1.88646,0.90452,10.989,12.705,-0.16053,0.384406399927469,9.05456687804926
S & F Capital Bhd,S&FCAP,2022-06-30,0,3.07453,1.70082,0.76174,11.1641,12.4986,-0.16228,0.41528750929293,4.52947849481714
S & F Capital Bhd,S&FCAP,2023-06-30,0,1.28057,0.94344,0.48829,7.407,8.272,-0.31961,1.16154526224366,1.97155737980881
S & F Capital Bhd,S&FCAP,2024-06-30,0,1.19004,0.90254,0.29644,,,-0.25011,0.918755473006288,1.51699479830411
S & F Capital Bhd,S&FCAP,2025-06-30,0,1.45273,1.04761,0.10273,,,0.09514,0.373634478810536,1.53156180071021
Southern Acids (M) Bhd,SAB,2023-03-31,0,5.1397,4.13404,1.64975,,,-0.34987,1.32217627308401,10.052415951163
Southern Acids (M) Bhd,SAB,2024-03-31,0,7.77112,6.5699,2.71773,,,-0.43131,1.13317738353605,10.9938377949172
Southern Acids (M) Bhd,SAB,2025-03-31,0,5.96842,5.2015,2.03221,,,-0.41196,0.911754988999248,8.7287531426975
Southern Acids (M) Bhd,SAB,2026-03-31,0,6.56343,5.6334,2.10312,,,-0.40698,1.07608463979539,9.29180574304221
Southern Acids (M) Bhd,SAB,2027-03-31,0,6.48945,5.7006,4.5896,,,-0.47489,0.903920349577292,8.9325910663939
Safetyware Group Bhd,SAFETY,2021-12-31,0,2.00049,1.09526,0.26042,,,0.42599,0.962807948976238,
Safetyware Group Bhd,SAFETY,2022-12-31,0,1.64659,0.81453,0.1549,,,0.50227,0.835039679091709,
Safetyware Group Bhd,SAFETY,2023-12-31,0,1.34191,0.69495,0.15696,,,0.59044,0.821798745400478,
Safetyware Group Bhd,SAFETY,2024-12-31,0,1.37239,0.71634,0.12812,,,0.57012,0.948266426228065,
Safetyware Group Bhd,SAFETY,2025-12-31,0,1.21389,0.5995,0.09776,,,0.58483,0.945559469105294,
Signature Alliance Group Bhd,SAG,2021-12-31,0,1.33838,1.33829,0.02744,,,0.58121,,
Signature Alliance Group Bhd,SAG,2022-12-31,0,1.31777,1.31777,0.03895,,,0.47704,1.61495822914866,
Signature Alliance Group Bhd,SAG,2023-12-31,0,1.42489,1.42315,0.11377,,,0.29084,1.52610003883804,
Signature Alliance Group Bhd,SAG,2024-12-31,0,1.28596,1.28576,0.1908,,,0.05168,1.9063719245268,
Signature Alliance Group Bhd,SAG,2025-12-31,0,2.13443,2.13405,0.46455,,,-0.39687,1.36185753853575,9.05587339910102
Salcon Bhd,SALCON,2022-12-31,0,2.68512,2.58784,0.60941,,,-0.19671,0.456561541430112,4.01580318998413
Salcon Bhd,SALCON,2023-12-31,0,3.20168,2.21855,0.19185,,,-0.25011,0.32515827069945,3.94767534358725
Salcon Bhd,SALCON,2024-12-31,0,2.71804,1.92628,0.14208,,,-0.22393,0.264343918944334,3.72047420901586
Salcon Bhd,SALCON,2025-12-31,0,2.24529,1.64145,0.32583,,,-0.1539,0.481226921237663,3.48950862755763
Salcon Bhd,SALCON,2026-12-31,0,2.29603,2.20415,0.31237,,,-0.14846,0.562768232275993,2.9399410998352
Saliran Group Bhd,SALIRAN,2021-12-31,0,1.29393,1.09578,0.07163,,,0.67577,,
Saliran Group Bhd,SALIRAN,2022-12-31,0,1.2555,1.03617,0.03843,,,0.6867,1.56425883111461,
Saliran Group Bhd,SALIRAN,2023-12-31,0,1.25876,1.11151,0.21542,,,0.49933,1.90387980766688,
Saliran Group Bhd,SALIRAN,2024-12-31,0,1.32485,1.22846,0.35421,,,0.35032,2.08172772266742,
Saliran Group Bhd,SALIRAN,2025-12-31,0,1.46944,1.32768,0.58264,,,0.16198,2.28397926222326,3.37121446550637
Salutica Bhd,SALUTE,2022-06-30,0,2.23561,1.07566,0.02707,,,-0.04164,1.1596436761884,5.93449508792246
Salutica Bhd,SALUTE,2023-06-30,0,2.75738,1.60618,0.16725,,,-0.28452,0.739362754799129,5.96602371428503
Salutica Bhd,SALUTE,2024-06-30,0,3.64235,2.48363,0.25103,,,-0.37878,0.376387163009936,12.8036445723116
Salutica Bhd,SALUTE,2025-06-30,0,3.15856,2.35093,0.32107,,,-0.44287,0.180681593391305,15.6493322330904
Salutica Bhd,SALUTE,2026-06-30,0,1.9413,1.62651,0.33838,,,-0.26756,0.242922102160615,1.84579741409888
SAM Engineering & Equipment (M) Bhd,SAM,2023-03-31,0,1.80433,1.08259,0.0669,,,0.2223,1.07098346787759,9.03318702511615
SAM Engineering & Equipment (M) Bhd,SAM,2024-03-31,0,1.53564,0.82773,0.03097,6.309,11.769,0.3689,1.02697102953747,6.30857225734134
SAM Engineering & Equipment (M) Bhd,SAM,2025-03-31,0,2.09028,1.39301,0.06324,5.909,9.659,0.16065,0.812234616144017,8.9777559856969
SAM Engineering & Equipment (M) Bhd,SAM,2026-03-31,0,2.63398,1.66612,0.0617,4.509,6.429,0.1399,0.724023963153021,8.38602923997946
SAM Engineering & Equipment (M) Bhd,SAM,2027-03-31,0,2.2994,1.47744,0.04974,2.29,3.25,0.15892,0.737192701200169,7.49274941093229
Samaiden Group Bhd,SAMAIDEN,2022-06-30,0,2.66939,2.65798,0.28026,,,-0.72533,0.965533695040376,14.7367390210328
Samaiden Group Bhd,SAMAIDEN,2023-06-30,0,2.06862,2.05989,0.27582,9.6,17.71,-0.63907,1.21657971371236,7.50358024696331
Samaiden Group Bhd,SAMAIDEN,2024-06-30,0,2.03723,2.03172,0.44521,5.544,10.968,-0.91727,0.939450875811322,8.51008813946862
Samaiden Group Bhd,SAMAIDEN,2025-06-30,0,2.88172,2.87561,0.45517,8.031,13.817,-0.83425,1.13100369470275,13.4660888444557
Samaiden Group Bhd,SAMAIDEN,2026-06-30,0,1.38616,1.38544,0.09132,6.91,17.74,-0.3354,0.908406966917124,3.97262046775167
Samchem Holdings Bhd,SAMCHEM,2021-12-31,0,1.58397,1.06223,0.23095,,,0.28465,2.47376428732965,5.44513013334391
Samchem Holdings Bhd,SAMCHEM,2022-12-31,0,1.98776,1.34631,0.36667,,,0.14725,2.23338075573969,5.81779169251373
Samchem Holdings Bhd,SAMCHEM,2023-12-31,0,2.34473,1.72718,0.35272,,,0.17246,2.17698009603644,6.18066663177268
Samchem Holdings Bhd,SAMCHEM,2024-12-31,0,1.91429,1.32342,0.26877,,,0.25154,2.12763841182646,4.65786388341427
Samchem Holdings Bhd,SAMCHEM,2025-12-31,0,2.14528,1.46922,0.4041,,,0.16774,1.95906257804275,4.91178931004107
Sancy Bhd,SANCY,2022-03-31,0,1.48972,,0.22991,,,-7e-05,,
Sancy Bhd,SANCY,2023-03-31,0,4.26893,,1.90103,,,-0.10379,0.241741649878629,156.618438519742
Sancy Bhd,SANCY,2024-03-31,0,10.82168,,0.31688,,,0.00335,0.217487367380708,238.417031887796
Sancy Bhd,SANCY,2025-03-31,0,10.18283,,0.06085,,,0.00147,0.131134769411362,196.849594687733
Sancy Bhd,SANCY,2026-03-31,0,1.85469,,0.02276,,,0.02278,0.185255947049759,69.8913080244822
Sanichi Technology Bhd,SANICHI,2022-03-31,0,5.07345,3.45539,2.3648,,,-0.28595,0.06396854119027,3.19420282351187
Sanichi Technology Bhd,SANICHI,2025-03-31,0,13.7009,7.01898,0.44861,,,-0.16654,,
Sanichi Technology Bhd,SANICHI,2026-03-31,0,18.123,11.373,7.77708,,,-0.20605,0.063560620915909,2.89613852698241
Sapura Industrial Bhd,SAPIND,2022-01-31,0,2.1899,1.38854,0.28774,,,0.10289,0.864615155425147,2.9140120014268
Sapura Industrial Bhd,SAPIND,2023-01-31,0,1.71933,1.20007,0.22439,,,0.03099,1.31676220203854,2.99133851437851
Sapura Industrial Bhd,SAPIND,2024-01-31,0,1.97838,1.46212,0.15607,,,0.0405,1.36270072173475,3.22910678231457
Sapura Industrial Bhd,SAPIND,2025-01-31,0,2.42088,1.68612,0.3051,,,0.06972,1.31748203475407,3.74429653023418
Sapura Industrial Bhd,SAPIND,2026-01-31,0,2.33443,1.85659,0.35097,11.143,26.574,0.01127,1.21441533510127,3.81753708484981
Sapura Resources Bhd,SAPRES,2023-01-31,0,0.64561,,0.34153,,,0.72032,0.074915230906119,-0.443336878662073
Sapura Resources Bhd,SAPRES,2024-01-31,0,0.42323,0.42254,0.26112,,,0.666,0.068536158106346,-0.14592331435831
Sapura Resources Bhd,SAPRES,2025-01-31,0,0.3389,0.33844,0.19951,,,0.66066,0.072872510829546,-0.9684348710214
Sapura Resources Bhd,SAPRES,2026-01-31,0,1.70907,1.70712,1.13535,,,0.53628,0.090790453251587,1.08859307380685
Sapura Resources Bhd,SAPRES,2027-01-31,0,0.93509,0.93509,0.69852,,,0.54268,0.062075724555998,0.877283515494119
Sasbadi Holdings Bhd,SASBADI,2022-08-31,0,3.41329,1.58253,0.29327,,,0.01722,0.381831556939551,4.47938968455414
Sasbadi Holdings Bhd,SASBADI,2023-08-31,0,5.01249,2.48846,0.48147,,,-0.01586,0.520520726461599,6.76745289515133
Sasbadi Holdings Bhd,SASBADI,2024-08-31,0,,,,,,,,
Sasbadi Holdings Bhd,SASBADI,2025-08-31,0,4.05694,2.07795,0.3622,,,-0.01055,,
Sasbadi Holdings Bhd,SASBADI,2026-08-31,0,3.2017,1.73751,0.63439,,,-0.02488,0.571964635150354,5.30495267417484
Sungei Bagan Rubber Company Malaya Bhd,SBAGAN,2021-06-30,0,50.50133,50.29885,37.17019,,,-0.19862,0.031123860286217,17.8048010076032
Sungei Bagan Rubber Company Malaya Bhd,SBAGAN,2022-06-30,0,34.80635,34.60643,34.13493,13.63,13.961,-0.24123,0.056631071498471,18.4624422488066
Sungei Bagan Rubber Company Malaya Bhd,SBAGAN,2023-06-30,0,43.26494,43.08463,37.2644,2.3622,2.4037,-0.25199,0.04954657932714,19.047791850367
Sungei Bagan Rubber Company Malaya Bhd,SBAGAN,2024-06-30,0,40.94377,40.7313,38.63389,6.1188,6.2113,-0.23084,0.056737907210862,29.8315637761436
Sungei Bagan Rubber Company Malaya Bhd,SBAGAN,2025-06-30,0,37.92538,37.76068,36.87018,6.9012,7.0576,-0.16125,0.047041395965903,36.594238528968
Sbc Corporation Bhd,SBCCORP,2023-03-31,0,1.88875,0.30862,0.02279,,,0.17858,0.184548216667753,3.13531879561407
Sbc Corporation Bhd,SBCCORP,2024-03-31,0,2.08762,0.71761,0.03925,,,0.17261,0.123958180676003,3.18243139972155
Sbc Corporation Bhd,SBCCORP,2025-03-31,0,2.38819,0.99932,0.08284,,,0.19914,0.091612666765677,3.23745308748845
Sbc Corporation Bhd,SBCCORP,2026-03-31,0,2.52054,0.95443,0.31666,,,0.13786,0.112887101762009,3.62940508161881
Sbc Corporation Bhd,SBCCORP,2027-03-31,0,2.48834,0.92021,0.21498,,,0.14722,0.025805919979674,3.19833387232479
SBH Marine Holdings Bhd,SBH,2021-12-31,0,3.33886,2.70227,0.96758,,,-0.18164,1.88954018854711,
SBH Marine Holdings Bhd,SBH,2022-12-31,0,3.8095,2.89339,0.7619,,,-0.15081,1.91443752596277,
SBH Marine Holdings Bhd,SBH,2023-12-31,0,3.20115,1.96533,0.3543,,,-0.08895,1.7563774064305,
SBH Marine Holdings Bhd,SBH,2024-12-31,0,3.40772,2.47142,1.58418,,,-0.40645,1.36530803178155,10.6527898921803
SBH Marine Holdings Bhd,SBH,2025-12-31,0,3.84177,2.58591,1.5282,,,-0.17302,1.12918214536803,7.31276706240528
SBS Nexus Bhd,SBS,2022-12-31,0,1.26639,,0.35168,,,0.57432,,
SBS Nexus Bhd,SBS,2023-12-31,0,1.83415,,0.9873,,,0.14828,1.26676436967634,
SBS Nexus Bhd,SBS,2024-12-31,0,1.9185,,0.69657,,,0.01568,1.60936100463954,
SBS Nexus Bhd,SBS,2025-12-31,0,2.53774,,0.65658,,,-0.00803,1.86710224848578,
SIK Cheong Bhd,SCB,2022-03-31,0,11.80512,10.7442,4.47181,,,-0.3833,2.99865375659682,
SIK Cheong Bhd,SCB,2023-03-31,0,4.75973,4.52405,2.66943,,,-0.63658,3.37465224814633,
SIK Cheong Bhd,SCB,2024-03-31,0,3.2951,3.06347,1.3059,,,-0.2537,2.82364727347159,
SIK Cheong Bhd,SCB,2025-03-31,0,11.32818,10.75374,7.52735,,,-0.44687,2.28804433808714,19.5446374904956
SIK Cheong Bhd,SCB,2026-03-31,0,12.07116,11.46595,7.91767,,,-0.41303,1.90923600706829,16.2573146161043
SCC Holdings Bhd,SCC,2021-12-31,0,7.32351,5.90561,1.05421,,,-0.47037,0.916510677312144,14.5055391991676
SCC Holdings Bhd,SCC,2022-12-31,0,6.94922,4.30324,1.10446,,,-0.26933,1.18160222577574,13.9796993640229
SCC Holdings Bhd,SCC,2023-12-31,0,7.98873,5.158,1.07505,,,-0.27701,1.01684423218222,13.7707315066032
SCC Holdings Bhd,SCC,2024-12-31,0,8.37793,5.7261,0.85742,,,-0.3244,1.05588066975576,12.33938387171
SCC Holdings Bhd,SCC,2025-12-31,0,10.36316,6.97669,1.39677,,,-0.36697,1.03217477475839,12.763521623768
Southern Cable Group Bhd,SCGBHD,2022-12-31,0,1.90979,1.08619,0.12279,,,0.29655,1.37636549520425,4.55205364523326
Southern Cable Group Bhd,SCGBHD,2023-12-31,0,1.77733,0.94663,0.08126,,,0.38653,1.62013980453312,3.98613641663405
Southern Cable Group Bhd,SCGBHD,2024-12-31,0,1.85253,1.32498,0.3515,,,0.19524,1.79077986232941,4.8153354393134
Southern Cable Group Bhd,SCGBHD,2025-12-31,0,1.92162,1.31597,0.27264,10.91,20.179,0.2154,2.03049127236609,7.9145636939605
Southern Cable Group Bhd,SCGBHD,2026-12-31,0,2.59734,2.02965,0.31971,14.029,22.8,-0.01941,1.87797626510051,12.2141033151357
Scgm Bhd,SCGM,2021-12-31,0,1.77564,1.00138,0.15136,-1.7,-3.2,0.2035,0.913777302964342,3.97241647211697
Scgm Bhd,SCGM,2022-12-31,0,13.31745,13.317,12.03084,5.69,10.57,-0.97673,0.0,29.1610625353105
Scgm Bhd,SCGM,2023-12-31,0,,,,11.1,18.67,,,
Scgm Bhd,SCGM,2024-12-31,0,107.13917,,107.08813,9.91,15.539,-1.0088,,
Scgm Bhd,SCGM,2025-12-31,0,159.34152,,159.26169,,,-1.00572,0.0,146.976870502111
Scicom (MSC) Bhd,SCICOM,2022-06-30,0,3.85608,,0.19556,17.96,24.41,0.08536,1.50366876587675,12.6364370177987
Scicom (MSC) Bhd,SCICOM,2023-06-30,0,3.95908,,0.94135,,28.289,-0.01645,1.60145711589524,13.8381363695686
Scicom (MSC) Bhd,SCICOM,2024-06-30,0,4.56792,,0.88774,19.78,27.911,-0.04097,1.50063487801335,16.2899349951334
Scicom (MSC) Bhd,SCICOM,2025-06-30,0,4.74099,,0.95993,,20.79,-0.15246,1.41168490051786,15.1528841315418
Scicom (MSC) Bhd,SCICOM,2026-06-30,0,4.81724,,1.19004,,,-0.27443,1.32275809291056,18.3586986344499
Scientex Bhd,SCIENTX,2022-07-31,0,1.23458,0.7264,0.14724,9.429,16.76,0.20934,0.753786596411563,6.04076993575806
Scientex Bhd,SCIENTX,2023-07-31,0,1.06186,0.59654,0.08905,7.75,13.65,0.21988,0.753768066766606,4.78986573766059
Scientex Bhd,SCIENTX,2024-07-31,0,1.22947,0.72993,0.09511,7.981,13.478,0.15223,0.742619563069172,5.76102924964378
Scientex Bhd,SCIENTX,2025-07-31,0,1.2513,0.80308,0.13165,9.353,15.211,0.13906,0.767760337131194,6.15017618047733
Scientex Bhd,SCIENTX,2026-07-31,0,1.03467,0.64338,0.18093,7.459,13.439,0.29264,0.63528657868548,3.54839936489144
Scanwolf Corporation Bhd,SCNWOLF,2021-06-30,0,1.15237,0.24419,0.00259,,,0.44243,0.435033640161193,1.08751950914111
Scanwolf Corporation Bhd,SCNWOLF,2022-06-30,0,1.99247,0.32137,0.00707,,,0.22596,0.359030903498268,3.78399700011875
Scanwolf Corporation Bhd,SCNWOLF,2023-06-30,0,1.25411,0.20561,0.00478,,,0.28168,0.337909739974768,1.24363697390481
Scanwolf Corporation Bhd,SCNWOLF,2024-06-30,0,1.1253,0.19401,0.01,,,0.34311,0.32026463598914,1.48798410964879
Scanwolf Corporation Bhd,SCNWOLF,2025-06-30,0,1.00905,0.60677,0.07497,,,0.34385,0.709311266237413,-0.04868477016178
Supercomnet Technologies Bhd,SCOMNET,2022-12-31,0,9.57415,8.1511,1.29548,8.519,9.189,-0.47558,0.475712305890413,63.0300464755246
Supercomnet Technologies Bhd,SCOMNET,2023-12-31,0,10.00412,8.34461,0.69864,9.669,10.33,-0.49494,0.455589936590906,48.9013362927365
Supercomnet Technologies Bhd,SCOMNET,2024-12-31,0,12.33065,10.39537,8.06661,,,-0.53494,0.370036520841898,43.6117600093559
Supercomnet Technologies Bhd,SCOMNET,2025-12-31,0,14.40769,12.23662,10.16638,7.549,8.0,-0.54452,0.359092183886887,54.3283094502458
Supercomnet Technologies Bhd,SCOMNET,2026-12-31,0,18.13491,15.73738,13.53139,5.849,6.15,-0.54308,0.318873484664732,39.5961993864604
Scope Industries Bhd,SCOPE,2021-06-30,0,2.15015,2.08392,0.16008,3.02,3.32,0.00254,0.61154228449116,6.19743250838443
Scope Industries Bhd,SCOPE,2022-06-30,0,6.48383,6.32647,3.21728,0.5286,0.2991,-0.23235,0.869039268279179,7.32304601001912
Scope Industries Bhd,SCOPE,2023-06-30,0,15.42016,15.07059,5.8365,0.8615,0.3782,-0.14475,0.750000564793181,8.60877340003144
Scope Industries Bhd,SCOPE,2024-06-30,0,9.81987,9.42051,7.18513,,,-0.19386,0.587225785212231,7.64887567698607
Scope Industries Bhd,SCOPE,2025-06-30,0,4.26523,4.21611,2.97329,,,-0.22405,0.154133887481593,3.45473616615062
Solar District Cooling Group Bhd,SDCG,2022-12-31,0,6.49384,5.79765,0.9073,,,-0.04848,0.966093036626057,
Solar District Cooling Group Bhd,SDCG,2023-12-31,0,4.95783,4.1154,0.60804,,,-0.05648,0.980766678396221,
Solar District Cooling Group Bhd,SDCG,2024-12-31,0,4.73773,3.94005,1.51117,,,-0.28715,1.24791995995842,
Solar District Cooling Group Bhd,SDCG,2025-12-31,0,19.87192,18.85447,15.49661,,,-0.75743,0.562084213916588,81.5667638535746
Solar District Cooling Group Bhd,SDCG,2026-12-31,0,15.30761,14.75825,8.75543,,,-0.63513,0.420823429368226,65.8940854785101
SD Guthrie Bhd,SDG,2022-12-31,0,1.23607,0.70511,,7.7,15.65,0.23994,0.631915721129751,4.75090931687042
SD Guthrie Bhd,SDG,2023-12-31,0,1.24926,0.68827,0.1204,8.089,15.849,0.22281,0.684080051492502,5.19968408425886
SD Guthrie Bhd,SDG,2024-12-31,0,1.2961,0.70343,0.17334,5.902,10.906,0.18031,0.584691228211563,5.0244865167892
SD Guthrie Bhd,SDG,2025-12-31,0,1.4471,0.74711,0.14151,6.769,11.949,0.17687,0.620364995424383,5.89444483391088
SD Guthrie Bhd,SDG,2026-12-31,0,2.04155,1.10732,0.19534,7.849,13.63,0.17668,0.655111306948428,6.94181261424208
Selangor Dredging Bhd,SDRED,2023-03-31,0,1.42735,0.4334,0.29225,,,0.2467,0.071802884948409,2.4702304905401
Selangor Dredging Bhd,SDRED,2024-03-31,0,1.34213,0.57747,0.21009,,,0.28033,0.100601999360935,2.35705980618662
Selangor Dredging Bhd,SDRED,2025-03-31,0,1.16333,0.63865,0.08,,,0.28198,0.160187610918617,2.19267712656853
Selangor Dredging Bhd,SDRED,2026-03-31,0,1.48453,0.67211,0.12729,,,0.28202,0.255017022434069,2.77037119955318
Selangor Dredging Bhd,SDRED,2027-03-31,0,1.48811,0.56182,0.3023,,,0.21659,0.121736218192474,2.63362478310952
SDS Group Bhd,SDS,2023-03-31,0,1.14332,0.96217,0.5487,,,0.07744,1.40571906603476,
SDS Group Bhd,SDS,2024-03-31,0,1.33344,1.15593,0.66559,,,-0.0917,1.86033715565495,
SDS Group Bhd,SDS,2025-03-31,0,1.29905,1.10375,0.68096,,,-0.06989,1.82419629940275,
SDS Group Bhd,SDS,2026-03-31,0,1.63857,1.42386,0.94333,,,-0.15019,1.63855147552018,
SDS Group Bhd,SDS,2027-03-31,0,1.53989,1.35898,0.61811,,,-0.02057,1.40505618212985,
Seacera Group Bhd,SEACERA,2021-06-30,1,1.0056,1.00084,0.12059,-8.262,-16.6509,0.09137,0.005186756223098,1.73389377538945
Seacera Group Bhd,SEACERA,2022-06-30,1,1.04159,1.03432,0.03483,-2.898,-9.57,-0.00252,0.082233954496643,1.91117805834969
Seacera Group Bhd,SEACERA,2023-06-30,1,1.16569,1.11345,0.05234,,6.09,-0.00104,0.060988529068864,2.1157311755893
Seacera Group Bhd,SEACERA,2024-06-30,0,1.29415,1.26444,0.09143,,11.35,-0.00504,0.062021973628074,2.29447061032283
Seacera Group Bhd,SEACERA,2025-06-30,0,1.34765,1.33358,0.03154,,4.46,0.00124,0.038364680388929,1.47719977935961
SEAL Incorporated Bhd,SEAL,2022-06-30,0,3.36344,2.95683,0.04944,,,0.11984,0.04242724385259,3.99654621566055
SEAL Incorporated Bhd,SEAL,2023-06-30,0,4.22147,3.42606,0.11832,,,0.09895,0.021766029543291,4.1722170273192
SEAL Incorporated Bhd,SEAL,2024-06-30,0,2.64945,2.27802,0.1883,,,0.05384,0.110403175140276,4.01440271561004
SEAL Incorporated Bhd,SEAL,2025-06-30,0,3.03403,2.01228,0.42731,,,0.10633,0.031705349813374,4.62528967420043
SEAL Incorporated Bhd,SEAL,2026-06-30,0,2.92252,1.63399,0.21068,,,0.14611,0.075067449907053,4.43965696283494
Sealink International Bhd,SEALINK,2022-12-31,0,0.22862,0.16773,0.02792,,,0.23614,0.095286453230269,-2.82806065078416
Sealink International Bhd,SEALINK,2023-12-31,0,0.39514,0.32668,0.08278,,,0.1878,0.189276916980027,-2.69678482684498
Sealink International Bhd,SEALINK,2024-12-31,0,0.61586,0.55217,0.23055,,,0.07151,0.323198394136264,-1.62566008027238
Sealink International Bhd,SEALINK,2025-12-31,0,1.13563,1.07734,0.74862,,,-0.13353,0.368412340424548,0.609982488669888
Sealink International Bhd,SEALINK,2026-12-31,0,1.88201,1.82159,0.43146,,,-0.07218,0.560908184199285,1.58658069324462
Seremban Engineering Bhd,SEB,2021-06-30,0,1.06055,1.01409,,,,0.52077,0.946800259239745,0.962097471597493
Seremban Engineering Bhd,SEB,2022-06-30,0,1.04363,1.02083,,,,0.33548,1.71978594525613,1.22377984449726
Seremban Engineering Bhd,SEB,2023-06-30,0,1.03483,1.02486,0.01463,,,0.52877,1.87253929232591,0.772108604286491
Seremban Engineering Bhd,SEB,2024-06-30,0,1.02928,1.02092,0.00161,,,0.50549,1.56869349667793,0.665999419018077
Seremban Engineering Bhd,SEB,2025-06-30,0,1.11869,1.11206,0.00043,,,0.4609,0.723254181139938,1.00316839243715
SEDANIA Innovator Bhd,SEDANIA,2021-06-30,0,4.56562,3.55595,0.92628,,,-0.15119,1.05737150626772,20.2997534100739
SEDANIA Innovator Bhd,SEDANIA,2022-06-30,0,4.88691,3.71416,1.43545,,,-0.0214,0.699769797567898,8.16783660697737
SEDANIA Innovator Bhd,SEDANIA,2025-06-30,0,1.70428,1.39857,0.34465,,,0.13877,,
See Hup Consolidated Bhd,SEEHUP,2022-03-31,0,2.39828,2.33929,1.23036,,,0.01728,0.766765877241363,4.77083409417814
See Hup Consolidated Bhd,SEEHUP,2023-03-31,0,1.80316,1.72399,0.77345,,,0.07607,0.844860266025624,2.57471665954815
See Hup Consolidated Bhd,SEEHUP,2024-03-31,0,2.00155,1.99841,0.77765,5.836,8.777,0.06933,0.91039376617127,2.97443247161434
See Hup Consolidated Bhd,SEEHUP,2025-03-31,0,1.95461,1.95067,0.63713,3.801,4.417,0.10331,0.931864781636425,2.33322489569587
See Hup Consolidated Bhd,SEEHUP,2026-03-31,0,1.78452,1.78086,0.54242,,2.119,0.12218,0.910303312787725,2.10181057947008
SEG International Bhd,SEG,2021-12-31,0,1.10098,1.10033,0.5195,8.944,12.673,0.1216,0.597824284346296,4.5886215249308
SEG International Bhd,SEG,2022-12-31,0,0.89184,0.89109,0.54661,,,0.17947,0.545312732986936,3.68798592684544
SEG International Bhd,SEG,2023-12-31,0,0.77277,0.77224,0.35483,,,0.42182,0.473648379172732,2.4548058891625
SEG International Bhd,SEG,2024-12-31,0,0.7187,0.71832,0.35722,,,0.49398,0.445908117137001,1.66727540635918
SEG International Bhd,SEG,2025-12-31,0,0.62496,0.62416,0.29486,,,0.52753,0.450711262893541,1.47780542662813
7-Eleven Malaysia Holdings Bhd,SEM,2022-12-31,0,0.88607,0.43391,0.1869,2.069,56.59,0.74145,1.30640424152268,-0.688083325707973
7-Eleven Malaysia Holdings Bhd,SEM,2023-12-31,0,0.96473,0.55171,0.27224,2.794,61.025,0.63092,1.00595469685419,-0.190331426425361
7-Eleven Malaysia Holdings Bhd,SEM,2024-12-31,0,1.16035,0.8437,0.71079,10.71,112.269,0.33695,1.06884935438251,0.480772274079745
7-Eleven Malaysia Holdings Bhd,SEM,2025-12-31,0,0.88399,0.48618,0.20642,1.7,11.85,0.64482,1.1731988905422,-0.165998947255295
7-Eleven Malaysia Holdings Bhd,SEM,2026-12-31,0,0.61479,0.24521,0.07714,1.3,9.339,0.73897,1.26395509890154,-1.24945856330912
Semico Capital Bhd,SEMICO,2022-06-30,0,1.07004,0.31348,0.11488,,,-0.11221,,
Semico Capital Bhd,SEMICO,2023-06-30,0,1.58083,0.96792,0.41945,,,-0.08041,2.21134666422742,
Semico Capital Bhd,SEMICO,2024-06-30,0,2.00717,1.54,0.5223,,,-0.06447,1.94312138775084,
Semico Capital Bhd,SEMICO,2025-06-30,0,4.02974,3.10679,1.25562,,,-0.09711,1.73537623621104,
Eversendai Corporation Bhd,SENDAI,2021-12-31,0,1.08928,0.97739,0.06393,2.392,5.501,0.60746,0.419783006807545,0.079235094277803
Eversendai Corporation Bhd,SENDAI,2022-12-31,0,0.91255,0.7863,0.05443,-9.003,-25.555,0.73514,0.346755615290435,-1.79328597487326
Eversendai Corporation Bhd,SENDAI,2023-12-31,0,0.97569,0.88611,0.06437,2.827,9.714,0.70372,0.562213117457445,-0.338834883785021
Eversendai Corporation Bhd,SENDAI,2024-12-31,0,0.9721,0.80566,0.08929,2.204,7.62,0.55879,0.500893733510281,-0.278669617511489
Eversendai Corporation Bhd,SENDAI,2025-12-31,0,1.27411,1.07059,0.15841,0.41,1.449,0.3773,0.844939112154655,1.22773961849713
Seng Fong Holdings Bhd,SENFONG,2022-06-30,0,1.54451,0.51366,0.13064,,,0.38475,4.27575017115758,
Seng Fong Holdings Bhd,SENFONG,2023-06-30,0,1.52651,0.59416,0.06358,16.656,38.274,0.40352,4.0397703602293,
Seng Fong Holdings Bhd,SENFONG,2024-06-30,0,1.94418,1.32887,0.75616,,,0.08487,3.21902130934099,6.3371800507701
Seng Fong Holdings Bhd,SENFONG,2025-06-30,0,2.16652,0.81399,0.2959,,,0.2273,3.20492428060706,9.62428930702022
Seng Fong Holdings Bhd,SENFONG,2026-06-30,0,2.26275,1.36989,0.88995,9.189,15.486,-0.01182,3.88587613187381,8.63669956943899
Senheng New Retail Bhd,SENHENG,2022-12-31,0,1.5577,0.64156,0.18667,,20.6,0.13051,2.12399610178054,
Senheng New Retail Bhd,SENHENG,2023-12-31,0,2.70116,1.44958,0.77827,7.65,15.869,-0.08696,2.01143603230785,6.71794988471566
Senheng New Retail Bhd,SENHENG,2024-12-31,0,2.02872,0.96453,0.34268,,,0.08134,1.49252703782099,3.96634756951466
Senheng New Retail Bhd,SENHENG,2025-12-31,0,2.24372,1.05618,0.35413,,,0.08466,1.37730539958248,4.07861091948113
Senheng New Retail Bhd,SENHENG,2026-12-31,0,2.40333,0.96837,0.45689,,,0.04645,1.34903283659017,3.86036800224241
Sentral REIT,SENTRAL,2022-12-31,0,0.61245,,0.57777,3.187,5.319,0.33535,0.07241459810999,1.44433368831121
Sentral REIT,SENTRAL,2023-12-31,0,3.32104,,3.08076,2.419,4.009,0.34585,0.068105655366453,1.75662419709457
Sentral REIT,SENTRAL,2024-12-31,0,1.73424,,1.60412,3.053,5.675,0.42789,0.068072009453063,1.22561458057708
Sentral REIT,SENTRAL,2025-12-31,0,0.25678,,0.2326,3.013,5.754,0.42384,0.074475341364755,0.550323253807256
Sentral REIT,SENTRAL,2026-12-31,0,0.53025,,0.20843,2.209,4.259,0.43628,0.072009809100205,0.62313238515263
Sern Kou Resources Bhd,SERNKOU,2021-06-30,0,2.15321,1.81921,0.50759,17.454,24.68,0.12697,1.25994491884658,
Sern Kou Resources Bhd,SERNKOU,2022-06-30,0,2.31199,1.94219,0.68089,8.1832,9.52,0.06234,1.10148717105903,8.74189445561061
Sern Kou Resources Bhd,SERNKOU,2023-06-30,0,2.80737,2.44607,0.99208,6.8677,8.0989,-0.0046,1.13988958103841,9.69293774070774
Sern Kou Resources Bhd,SERNKOU,2024-06-30,0,2.09858,1.91711,0.52912,,,0.14203,1.37330263196463,9.49181965567718
Sern Kou Resources Bhd,SERNKOU,2025-06-30,0,1.88273,1.71477,0.40831,,,0.1876,1.306011661539,8.39141382254766
Sersol Bhd,SERSOL,2021-06-30,0,7.26658,5.17859,2.98211,,,-0.35475,0.668266551261496,
Sersol Bhd,SERSOL,2022-06-30,0,6.90101,5.49466,1.06729,,,-0.0584,0.675720524158128,
Sersol Bhd,SERSOL,2023-06-30,0,,,,1.5937,1.3515,,,
Sersol Bhd,SERSOL,2024-06-30,0,,,,-4.3796,-11.0507,,,
Sersol Bhd,SERSOL,2025-06-30,0,1.29937,0.73598,0.1606,0.269,-2.323,-0.01878,,
Swift Energy Technology Bhd,SET,2022-09-30,0,2.10863,1.65921,0.3236,,,0.11998,,
Swift Energy Technology Bhd,SET,2023-09-30,0,1.831,1.41524,0.22992,,,0.18629,0.934805607766198,
Swift Energy Technology Bhd,SET,2024-09-30,0,1.77465,1.4031,0.33934,,,0.12855,0.942915135530219,
Swift Energy Technology Bhd,SET,2025-09-30,0,2.98751,2.48619,0.66358,,,0.15681,1.03604494251517,
Swift Energy Technology Bhd,SET,2026-09-30,0,5.65984,5.14601,0.88716,,,-0.03669,0.648692649158205,12.5563018755497
SFP Tech Holdings Bhd,SFPTECH,2022-12-31,0,2.08297,1.91846,1.1094,,,0.12174,0.449540990253499,
SFP Tech Holdings Bhd,SFPTECH,2023-12-31,0,3.8545,3.62782,2.48034,13.3,19.199,-0.08415,0.460896557334777,25.829034748251
SFP Tech Holdings Bhd,SFPTECH,2024-12-31,0,2.86429,2.37853,1.0246,14.726,21.495,-0.01371,0.453599177740651,29.9284703543468
SFP Tech Holdings Bhd,SFPTECH,2025-12-31,0,2.16411,1.77971,0.12389,12.63,19.6,0.24154,0.536654078812838,18.2134448649008
SFP Tech Holdings Bhd,SFPTECH,2026-12-31,0,2.09444,1.29978,0.13882,,,0.17995,0.301354603183961,6.37615581188692
Saudigold Group Berhad,SG,2021-07-31,0,7.20509,6.44832,3.41652,,,-0.63946,0.745027964457439,65.2981773010131
Saudigold Group Berhad,SG,2022-07-31,0,8.79614,7.19369,0.83971,,,-0.26123,0.666073634369208,39.8688931621661
Saudigold Group Berhad,SG,2023-07-31,0,3.73731,2.72824,0.24333,,,-0.17582,0.625054601981988,18.9316634659233
Saudigold Group Berhad,SG,2024-07-31,0,4.9838,3.27685,0.39245,,,-0.20749,0.536456285406595,3.27584395429764
Saudigold Group Berhad,SG,2025-07-31,0,3.87802,2.16627,0.49064,,,-0.12143,0.607034018514361,0.39529533845552
Supergenics Bhd,SGBHD,2021-12-31,0,1.41989,1.3325,0.37156,,,0.34474,0.686589162306766,3.30028395867721
Supergenics Bhd,SGBHD,2022-12-31,0,1.43098,1.32226,0.04273,,,0.47244,0.707582804059213,4.21503626203318
Supergenics Bhd,SGBHD,2023-12-31,0,1.8552,1.8552,0.39407,,,0.16994,0.586932649942042,4.81602163003947
Supergenics Bhd,SGBHD,2024-12-31,0,0.50631,,0.08093,,,0.57961,0.333046942831723,0.65295512698458
Supergenics Bhd,SGBHD,2025-12-31,0,0.30129,0.25375,0.0625,,,0.91515,0.482109197366859,-6.19808881776034
Shangri-La Hotels (Malaysia) Bhd,SHANG,2021-12-31,0,0.39183,0.38044,0.0835,,,0.08779,0.100653981121807,4.45462857090678
Shangri-La Hotels (Malaysia) Bhd,SHANG,2022-12-31,0,0.46907,0.45872,0.09011,,,0.07126,0.294390150057715,4.15732534579575
Shangri-La Hotels (Malaysia) Bhd,SHANG,2023-12-31,0,0.69191,0.68172,0.06341,,,0.02064,0.398738623289956,3.09397026830285
Shangri-La Hotels (Malaysia) Bhd,SHANG,2024-12-31,0,0.75014,0.7399,0.06976,,,-0.0011,0.412524395483296,2.75495688848016
Shangri-La Hotels (Malaysia) Bhd,SHANG,2025-12-31,0,0.86944,0.8589,0.10113,,,-0.05064,0.416261773775183,2.73856443489408
Sin Heng Chan (Malaya) Bhd,SHCHAN,2021-12-31,0,2.57768,2.48276,1.60244,22.657,198.397,0.26878,0.155189658819498,2.92925045755296
Sin Heng Chan (Malaya) Bhd,SHCHAN,2022-12-31,0,2.7469,2.55064,1.44199,9.0221,14.3661,0.26457,0.124916684362585,1.59950743737503
Sin Heng Chan (Malaya) Bhd,SHCHAN,2023-12-31,0,1.75747,1.62265,0.77275,-15.394,-24.482,0.2859,0.097143011084772,1.29984655201463
Sin Heng Chan (Malaya) Bhd,SHCHAN,2024-12-31,0,1.34932,1.2235,0.46327,2.417,2.986,0.30414,0.113365976285512,1.12588049524701
Sin Heng Chan (Malaya) Bhd,SHCHAN,2025-12-31,0,1.02611,0.92875,0.42327,,,0.32564,0.106181792361128,0.94776313655425
SHH Resources Holdings Bhd,SHH,2021-06-30,0,2.89448,0.97052,0.72773,,,-0.05361,1.16309211511388,5.89274858223976
SHH Resources Holdings Bhd,SHH,2022-06-30,0,3.07949,1.60526,0.89595,,,-0.0894,0.920266527576875,5.90616818140961
SHH Resources Holdings Bhd,SHH,2023-06-30,0,3.50467,2.57141,2.01904,,,-0.25273,0.82001534636997,8.09906443202599
SHH Resources Holdings Bhd,SHH,2024-06-30,0,3.60001,2.13188,1.84254,,,-0.25944,0.806424304156922,11.9374559590452
SHH Resources Holdings Bhd,SHH,2025-06-30,0,3.79629,2.23121,1.79478,,,-0.21599,0.770384301881391,12.1358612872283
SHL Consolidated Bhd,SHL,2023-03-31,0,15.02251,8.92284,3.31316,,,-0.34325,0.197402379696793,12.46475461385
SHL Consolidated Bhd,SHL,2024-03-31,0,14.02507,8.52499,6.65051,,,-0.36717,0.207997407485885,11.9021447416267
SHL Consolidated Bhd,SHL,2025-03-31,0,17.76962,11.54689,0.41621,,,-0.33249,0.22995594199856,13.6879923029494
SHL Consolidated Bhd,SHL,2026-03-31,0,16.62725,10.60084,1.78811,,,-0.40531,0.119583375786505,13.9475679032511
SHL Consolidated Bhd,SHL,2027-03-31,0,18.9322,11.67032,10.54386,,,-0.43368,0.095223516629444,14.3911252826985
Signature International Bhd,SIGN,2022-06-30,0,2.32271,2.17425,0.57349,3.049,4.769,-0.19105,0.469238497414828,6.22776525902693
Signature International Bhd,SIGN,2023-06-30,0,,,,7.362,11.929,,,
Signature International Bhd,SIGN,2024-06-30,0,1.44645,1.35229,0.25481,,,0.16363,,
Signature International Bhd,SIGN,2025-06-30,0,1.44128,1.36485,0.31821,,,0.09592,0.798851285844627,4.36863784236112
Signature International Bhd,SIGN,2026-06-30,0,1.74107,1.64086,0.29966,,,0.01517,0.77671487520532,4.82016807383938
Sime Darby Bhd,SIME,2022-06-30,0,1.63355,0.78144,0.11512,5.114,8.952,0.06205,1.5890243902439,3.80481938886622
Sime Darby Bhd,SIME,2023-06-30,0,1.51982,0.69282,0.08442,3.759,6.917,0.15025,1.44771442196335,3.37745882156176
Sime Darby Bhd,SIME,2024-06-30,0,1.4817,0.69686,0.05797,4.339,8.854,0.20551,1.43566873299737,2.89756564343147
Sime Darby Bhd,SIME,2025-06-30,0,1.35571,0.60556,0.05604,7.43,18.22,0.30499,1.51092705543427,2.45181864416961
Sime Darby Bhd,SIME,2026-06-30,0,1.55626,0.77703,0.10434,4.15,10.689,0.20482,1.41237778449753,2.68199933349991
Sime Darby Property Bhd,SIMEPROP,2022-12-31,0,1.8898,1.11512,0.24906,1.12,1.839,0.24384,0.145773961073204,2.28403637420767
Sime Darby Property Bhd,SIMEPROP,2023-12-31,0,1.82162,1.21441,0.23824,2.319,3.79,0.19517,0.177572914933064,2.25338186552157
Sime Darby Property Bhd,SIMEPROP,2024-12-31,0,1.94391,1.06734,0.1186,2.85,4.54,0.20138,0.220377486101722,2.59135001832305
Sime Darby Property Bhd,SIMEPROP,2025-12-31,0,1.42242,0.79303,0.08539,4.089,6.54,0.21244,0.261966288315994,3.58258022368682
Sime Darby Property Bhd,SIMEPROP,2026-12-31,0,1.07699,0.68636,0.08485,3.629,6.129,0.27261,0.238118874566313,2.36308041306507
Sinaran Advance Group Bhd,SINARAN,2021-12-31,0,1.02027,1.00447,0.25032,,,0.2229,1.02633976433637,1.38943431175786
Sinaran Advance Group Bhd,SINARAN,2022-12-31,0,1.17165,1.16158,0.38569,,,0.03135,0.485255937485345,2.04916326006012
Sinaran Advance Group Bhd,SINARAN,2023-12-31,0,1.04261,1.04085,0.21066,,,-0.00418,0.498954657370499,1.76413584422132
Sinaran Advance Group Bhd,SINARAN,2024-12-31,0,30.11684,30.11684,2.85739,,,-0.85516,0.256018234417463,129.527177229199
Sinaran Advance Group Bhd,SINARAN,2025-12-31,0,4.96654,,0.70857,,,-0.87236,0.5744772813226,17.4168784990216
Sin-Kung Logistics Bhd,SINKUNG,2021-12-31,0,2.20953,1.90743,0.92859,,,0.41108,0.584830827097016,
Sin-Kung Logistics Bhd,SINKUNG,2022-12-31,0,2.5823,2.31387,1.36636,,,0.34069,0.557222574569088,
Sin-Kung Logistics Bhd,SINKUNG,2023-12-31,0,2.05806,1.82334,0.81619,,,0.47014,0.41766233772077,
Sin-Kung Logistics Bhd,SINKUNG,2024-12-31,0,2.21969,2.049,1.28415,,,0.37599,0.336719116230452,3.95946660280427
Sin-Kung Logistics Bhd,SINKUNG,2025-12-31,0,1.01059,0.92476,0.55095,,,0.59331,0.283505553829494,1.39573667035042
Seni Jaya Corporation Bhd,SJC,2022-06-30,0,2.95117,,1.03815,,,-0.14404,0.149244798525017,13.2040239656083
Seni Jaya Corporation Bhd,SJC,2023-06-30,0,1.71651,1.71651,0.20342,,,-0.05993,0.587971595604147,7.60879459942151
Seni Jaya Corporation Bhd,SJC,2026-06-30,0,2.0825,2.03289,0.44482,8.85,14.92,-0.01503,,
SKB Shutters Corporation Bhd,SKBSHUT,2021-06-30,0,1.93615,0.87795,0.50355,,,0.24474,0.396452835785749,3.14806309873307
SKB Shutters Corporation Bhd,SKBSHUT,2022-06-30,0,2.13838,0.82188,0.41779,,,0.22246,0.431157709492401,3.77020404367245
SKB Shutters Corporation Bhd,SKBSHUT,2023-06-30,0,2.04755,0.94341,0.52423,,,0.2873,0.551534085300232,3.51076176045795
SKB Shutters Corporation Bhd,SKBSHUT,2024-06-30,0,2.11468,1.19132,0.78202,,,0.18134,0.48675301734567,4.32653871840478
SKB Shutters Corporation Bhd,SKBSHUT,2025-06-30,0,2.16426,1.38617,1.00991,,,0.0358,0.492134725697045,4.90216069619392
SKP Resources Bhd,SKPRES,2023-03-31,0,2.13408,1.5229,0.12302,14.46,22.44,-0.07916,2.0178276670442,10.3603847113564
SKP Resources Bhd,SKPRES,2024-03-31,0,2.17419,1.53203,0.11914,11.089,17.17,-0.05239,1.97591540852907,9.54063764706313
SKP Resources Bhd,SKPRES,2025-03-31,0,2.13534,1.67624,0.1009,7.275,10.976,-0.14112,1.40650743571345,7.59022900339066
SKP Resources Bhd,SKPRES,2026-03-31,0,2.13849,1.68101,0.10851,11.8,12.9,-0.1455,1.58660480057107,7.48890226391919
SKP Resources Bhd,SKPRES,2027-03-31,0,2.55226,2.04521,0.31555,,,-0.30797,1.32246984769915,6.38997739579022
Skyechip Bhd,SKYECHIP,2026-03-31,0,21.31429,,10.57669,,,-0.35973,,
Skyechip Bhd,SKYECHIP,2027-03-31,0,5.52116,,2.98385,,,-0.44812,0.853357709229727,
Skygate Solutions Bhd,SKYGATE,2021-12-31,0,4.89393,2.1299,0.54378,,,-0.0799,0.287212997255142,6.13719907621087
Skygate Solutions Bhd,SKYGATE,2022-12-31,0,10.01655,4.33814,2.25792,,,-0.11892,0.157200187944236,8.08386135547126
Skygate Solutions Bhd,SKYGATE,2023-12-31,0,6.94372,3.37094,2.53021,,,-0.06145,0.126480452216254,9.39013832375957
Skygate Solutions Bhd,SKYGATE,2024-12-31,0,4.40177,2.13843,1.50516,,,0.17494,0.179240902951438,4.76441143726239
Skygate Solutions Bhd,SKYGATE,2025-12-31,0,2.25521,1.45137,0.46125,,,0.28228,0.184166759364604,2.85837112440803
SkyWorld Development Bhd,SKYWLD,2023-03-31,0,1.32771,0.87334,0.02874,,,0.45587,0.618195839264994,
SkyWorld Development Bhd,SKYWLD,2024-03-31,0,1.76923,1.28019,0.06313,,,0.35797,0.627388163387191,
SkyWorld Development Bhd,SKYWLD,2025-03-31,0,2.14106,1.69615,0.25454,7.439,14.694,0.18171,0.478416116095035,4.71201653910402
SkyWorld Development Bhd,SKYWLD,2026-03-31,0,2.00705,1.42245,0.46887,3.1,6.29,0.05561,0.288373059679275,4.07691124344709
SkyWorld Development Bhd,SKYWLD,2027-03-31,0,1.36383,0.89518,0.45444,,3.379,0.15361,0.238456368148036,2.30986313033531
SL Innovation Capital Bhd,SLIC,2021-12-31,0,3.04826,,1.48536,,,-0.24161,1.19399590628958,15.1304541242434
SL Innovation Capital Bhd,SLIC,2022-12-31,0,2.9027,,1.54221,,,-0.347,1.56821009092069,13.8046081265317
SL Innovation Capital Bhd,SLIC,2023-12-31,0,2.09614,,1.2141,,,-0.48283,1.94620860432182,13.4136677092053
SL Innovation Capital Bhd,SLIC,2024-12-31,0,1.53889,,0.40836,,,-0.33575,1.76134609408436,8.10134931392594
SL Innovation Capital Bhd,SLIC,2025-12-31,0,1.85285,,0.7801,,,-0.38155,1.40878662319554,10.9422863915758
SLP Resources Bhd,SLP,2022-12-31,0,6.63059,5.00811,2.86527,,,-0.41634,0.780295335343951,15.3799954495297
SLP Resources Bhd,SLP,2023-12-31,0,6.04995,4.34659,2.19817,9.23,10.88,-0.43177,0.833153765665873,14.7443016755242
SLP Resources Bhd,SLP,2024-12-31,0,7.89621,5.70673,3.13615,4.719,5.519,-0.44137,0.722836508072927,15.8475674183556
SLP Resources Bhd,SLP,2025-12-31,0,8.81272,6.63413,4.01244,6.48,7.41,-0.46061,0.745132152090557,16.9161750471059
SLP Resources Bhd,SLP,2026-12-31,0,9.97459,7.41252,5.17995,,,-0.46423,0.741118822300563,17.5320467151427
Solarvest Holdings Bhd,SLVEST,2023-03-31,0,4.22609,4.01791,0.49302,2.83,4.54,-0.163,0.73303280114763,12.3956090148266
Solarvest Holdings Bhd,SLVEST,2024-03-31,0,1.81901,1.69175,0.25092,5.41,10.77,0.17834,1.00444276025044,5.00077018946426
Solarvest Holdings Bhd,SLVEST,2025-03-31,0,2.82874,2.69953,0.39233,6.504,15.226,0.1848,0.999360602240305,7.53509495101571
Solarvest Holdings Bhd,SLVEST,2026-03-31,0,1.45207,1.4146,0.18282,6.71,17.67,0.2878,0.693492024736429,4.48577193749825
Solarvest Holdings Bhd,SLVEST,2027-03-31,0,2.67833,2.60353,0.49268,6.08,13.519,-0.04264,0.575558054124566,6.67161181407037
Smart Asia Chemical Bhd,SMART,2021-12-31,0,2.6022,1.2685,0.22284,,,0.05791,1.00832411591821,
Smart Asia Chemical Bhd,SMART,2022-12-31,0,2.05617,1.18107,0.18634,,,0.14123,0.894704148360646,
Smart Asia Chemical Bhd,SMART,2023-12-31,0,2.11678,1.26776,0.19913,,,0.32259,0.772111395065966,
Smart Asia Chemical Bhd,SMART,2024-12-31,0,2.53113,1.68195,0.49063,,,0.03931,0.634938338221512,5.00461621852869
Smart Asia Chemical Bhd,SMART,2025-12-31,0,2.19323,1.30185,0.31849,,,0.09908,0.54745152971514,3.27629854465451
Securemetric Bhd,SMETRIC,2021-12-31,0,3.47931,3.34406,1.81199,,,-0.46893,0.506166274686316,8.90512055644597
Securemetric Bhd,SMETRIC,2022-12-31,0,2.3125,2.19412,1.02211,,,-0.52664,0.531386418451576,6.52544914651697
Securemetric Bhd,SMETRIC,2023-12-31,0,2.64974,2.52744,1.13179,,,-0.49485,0.715167143495307,8.51504360503271
Securemetric Bhd,SMETRIC,2024-12-31,0,2.55997,2.49028,0.80378,,,-0.46657,1.02446606077607,9.97995708828277
Securemetric Bhd,SMETRIC,2025-12-31,0,2.43905,2.37155,0.81999,,,-0.5763,0.770525628654535,7.58026584289191
Smile-link Healthcare Global Bhd,SMILE,2021-06-30,0,1.72463,1.2001,0.22016,,,0.16724,0.6704844445966,4.48200342351263
Smile-link Healthcare Global Bhd,SMILE,2022-06-30,0,1.34513,0.98212,0.14194,,,0.259,0.688476064044263,3.4514180206461
Smile-link Healthcare Global Bhd,SMILE,2025-06-30,0,1.46467,1.1796,0.09253,,,0.22721,,
SMIS Corporation Bhd,SMISCOR,2021-12-31,0,1.67105,1.13128,0.35342,3.31,4.189,-0.00126,0.99911279038459,2.26310882117656
SMIS Corporation Bhd,SMISCOR,2022-12-31,0,2.867,2.04755,0.89748,0.7034,0.8123,-0.22438,1.33056131264515,5.98402754242442
SMIS Corporation Bhd,SMISCOR,2023-12-31,0,3.02457,2.22469,1.32116,1.856,2.2911,-0.30594,1.26786111022947,4.91549327795517
SMIS Corporation Bhd,SMISCOR,2024-12-31,0,3.18258,2.48492,1.56327,0.7706,0.8022,-0.34241,1.16346007956333,5.2172698663734
SMIS Corporation Bhd,SMISCOR,2025-12-31,0,3.12353,2.58382,1.40432,,,-0.39972,0.980148029549732,4.86154067665994
SMRT Holdings Bhd,SMRT,2022-06-30,0,1.4143,1.38805,0.32261,,,0.34275,0.325113836159219,1.18759553328246
SMRT Holdings Bhd,SMRT,2023-06-30,0,1.65742,1.61787,0.23255,,,0.33003,0.675104865723261,1.88874128743804
SMRT Holdings Bhd,SMRT,2025-06-30,0,9.10433,8.73377,1.57116,36.24,48.17,-0.14765,,
SMRT Holdings Bhd,SMRT,2026-06-30,0,11.20242,10.92327,1.56502,28.62,34.46,-0.21598,0.691561260707739,32.3845288669784
SNS Network Technology Bhd,SNS,2022-01-31,0,1.39605,0.76134,0.1663,,,0.21109,4.30789145432312,
SNS Network Technology Bhd,SNS,2023-01-31,0,2.04256,1.37023,0.22183,,,-0.14835,4.07799776375502,6.90952907590444
SNS Network Technology Bhd,SNS,2024-01-31,0,1.67931,1.31785,0.13132,,,-0.1986,2.73502159950074,4.79097948860047
SNS Network Technology Bhd,SNS,2025-01-31,0,1.72708,1.23131,0.16329,,,0.01547,1.85656607580336,6.62953825539938
SNS Network Technology Bhd,SNS,2026-01-31,0,1.83613,1.19843,,,,0.11545,5.45921905523069,6.37210820941795
Sentoria Group Bhd,SNTORIA,2023-03-31,0,0.842,,,-0.0573,-0.4292,,,
Sentoria Group Bhd,SNTORIA,2023-09-30,0,0.264,,,-0.051,-0.3399,,,
Sentoria Group Bhd,SNTORIA,2024-09-30,0,0.224,,,-0.1149,-2.6492,,,
Sentoria Group Bhd,SNTORIA,2024-12-31,1,0.172,,,-0.1021,-3.1757,,,
Sentoria Group Bhd,SNTORIA,2025-12-31,1,0.165,,,-0.0675,0.864,,,
Solid Automotive Bhd,SOLID,2022-04-30,0,2.70866,1.66513,0.43374,,,0.00913,1.1068661971942,5.05440276167994
Solid Automotive Bhd,SOLID,2023-04-30,0,2.51008,1.35022,0.26304,,,0.06238,1.19272025843523,5.08995075821135
Solid Automotive Bhd,SOLID,2024-04-30,0,3.43455,2.27299,0.38153,,,-0.20826,1.08170279348499,6.991442728579
Solid Automotive Bhd,SOLID,2025-04-30,0,2.77339,1.5976,0.31992,,,-0.02588,1.1090141752192,5.10468573724531
Solid Automotive Bhd,SOLID,2026-04-30,0,2.59569,1.61642,0.32874,,,-0.03216,1.05882980043926,4.56793641000292
Solution Group Bhd,SOLUTN,2021-12-31,0,3.32331,2.5599,0.26709,,,-0.36304,2.43444242235945,12.3291210691751
Solution Group Bhd,SOLUTN,2022-12-31,0,6.5409,6.08489,1.71057,,,-0.09111,0.260149750712242,10.8076499523352
Solution Group Bhd,SOLUTN,2023-12-31,0,3.70498,3.55122,1.00915,10.216,11.1793,-0.14547,1.19598544596801,7.46733904679258
Solution Group Bhd,SOLUTN,2024-12-31,0,2.42346,2.3792,0.21438,,,-0.02886,0.98351421311773,3.7660733336733
Solution Group Bhd,SOLUTN,2025-12-31,0,1.80449,1.7713,0.19614,,,-0.03895,0.269080599318719,1.52388059392891
Sarawak Oil Palms Bhd,SOP,2022-12-31,0,2.34059,1.7051,0.34272,11.46,19.739,-0.0029,0.994067598219124,5.13872704920536
Sarawak Oil Palms Bhd,SOP,2023-12-31,0,3.65401,2.82915,0.55586,10.06,15.72,-0.14573,1.11158634623092,6.29143515093078
Sarawak Oil Palms Bhd,SOP,2024-12-31,0,2.78745,2.16892,0.42483,5.95,8.789,-0.17715,1.01386741770756,5.76120917374232
Sarawak Oil Palms Bhd,SOP,2025-12-31,0,4.20843,3.10659,0.58021,8.57,12.15,-0.23697,1.02035925156723,7.43364109329241
Sarawak Oil Palms Bhd,SOP,2026-12-31,0,3.69207,2.88152,0.48598,8.169,11.21,-0.2427,1.03926410225213,7.58101184157298
Sorento Capital Bhd,SORENTO,2023-06-30,0,1.75054,1.12065,0.25929,,,-0.18203,,
Sorento Capital Bhd,SORENTO,2024-06-30,0,1.89264,1.24322,0.25695,,,0.03421,1.50322574560232,
Sorento Capital Bhd,SORENTO,2025-06-30,0,2.89777,1.82009,0.53717,,,-0.00508,1.5465344866152,
Sorento Capital Bhd,SORENTO,2026-06-30,0,2.63697,1.78709,0.3537,,,0.37548,1.37822359052958,
Sorento Capital Bhd,SORENTO,2027-06-30,0,10.48587,8.23714,3.03383,,,-0.0787,1.06023661806872,13.4749436487663
Spring Art Holdings Bhd,SPRING,2021-12-31,0,5.10552,3.39919,1.97857,,,-0.17858,0.569613895787603,8.53198177788305
Spring Art Holdings Bhd,SPRING,2022-12-31,0,5.23852,3.51956,2.26326,,,0.02458,0.444027795335679,4.00168759264088
Spring Art Holdings Bhd,SPRING,2023-12-31,0,3.97492,3.12168,1.50038,,,-0.02168,0.513924205677621,4.56363838891897
Spring Art Holdings Bhd,SPRING,2024-12-31,0,6.1649,4.31541,3.10692,,,-0.06435,0.428779996063699,4.8536668604955
Spring Art Holdings Bhd,SPRING,2025-12-31,0,5.94599,4.33151,2.56327,,,-0.01081,0.406292654823705,3.26894002194829
Spritzer Bhd,SPRITZER,2022-12-31,0,3.16916,2.69269,0.16308,,5.299,-0.21626,0.616151200190601,9.68025153229063
Spritzer Bhd,SPRITZER,2023-12-31,0,2.11774,1.59812,0.09487,,7.731,-0.05175,0.747777420159272,9.00655996104967
Spritzer Bhd,SPRITZER,2024-12-31,0,2.02873,1.61219,0.14045,7.679,9.699,0.01081,0.761406944409961,8.42929009616683
Spritzer Bhd,SPRITZER,2025-12-31,0,1.74549,1.40833,0.06151,,12.82,0.01025,0.793120122518366,10.1287091833217
Spritzer Bhd,SPRITZER,2026-12-31,0,1.93196,1.60401,0.19535,,14.64,-0.10682,0.803588446796615,13.9603397923145
S P Setia Bhd,SPSETIA,2022-12-31,0,1.97721,1.26024,0.25241,0.54,1.179,0.33832,0.122311869965746,2.1910867800657
S P Setia Bhd,SPSETIA,2023-12-31,0,1.48269,0.89618,0.26522,0.91,1.96,0.32895,0.146128584711826,1.7236667570313
S P Setia Bhd,SPSETIA,2024-12-31,0,1.68536,0.9308,0.35275,1.02,2.093,0.29988,0.148793380486393,2.05053521551771
S P Setia Bhd,SPSETIA,2025-12-31,0,1.79901,1.01334,0.49463,2.03,3.96,0.22568,0.187018209513807,2.64631207496773
S P Setia Bhd,SPSETIA,2026-12-31,0,1.57575,0.84312,0.36478,1.859,3.469,0.22492,0.154253370445486,2.21746008101492
Sports Toto Bhd,SPTOTO,2022-06-30,0,1.00242,0.72552,0.1717,6.35,23.461,0.50984,1.67086867976702,2.92008309452155
Sports Toto Bhd,SPTOTO,2023-06-30,0,1.4359,1.05728,0.52476,5.31,18.9,0.38053,1.70551801085606,3.50047557600857
Sports Toto Bhd,SPTOTO,2024-06-30,0,1.23707,0.81744,0.40627,6.209,22.6,0.3834,1.69506663650577,2.65771213169194
Sports Toto Bhd,SPTOTO,2025-06-30,0,1.16754,0.84599,0.44856,5.625,19.765,0.3185,1.60984001790144,2.72587453932186
Sports Toto Bhd,SPTOTO,2026-06-30,0,1.17346,0.82861,0.45318,6.009,20.35,0.32468,1.61806323650798,2.71349663370947
Silver Ridge Holdings Bhd,SRIDGE,2021-06-30,0,1.29489,1.23234,0.45558,,,-0.31775,0.492600890057489,2.73767231818069
Silver Ridge Holdings Bhd,SRIDGE,2022-06-30,0,2.75995,2.5024,0.31395,,,-0.02381,0.556548979952539,4.14692193277405
Silver Ridge Holdings Bhd,SRIDGE,2023-06-30,0,1.82454,1.76823,0.0405,,,0.0521,0.601686733580316,10.2518451236867
Silver Ridge Holdings Bhd,SRIDGE,2024-06-30,0,1.99587,1.94796,0.10049,,,0.09498,0.978089795077945,6.49975232187589
Silver Ridge Holdings Bhd,SRIDGE,2025-06-30,0,2.28861,2.28001,0.02493,,,0.0034,0.659079977348541,4.61636184692028
SRKK AI Berhad,SRKKAI,2022-12-31,0,1.08983,1.06871,0.34208,,,-0.815,,
SRKK AI Berhad,SRKKAI,2023-12-31,0,1.07868,1.02319,0.1533,,,-0.24744,2.89647620374397,
SRKK AI Berhad,SRKKAI,2024-12-31,0,1.10472,1.09245,0.24085,,,-0.24403,3.33403562004998,
SRKK AI Berhad,SRKKAI,2025-12-31,0,1.32392,1.29702,0.20479,,,-0.16173,3.12269185392898,
Southern Score Builders Bhd,SSB8,2022-06-30,1,0.00121,,0.00121,,,,0.0,-11671.9338448314
Southern Score Builders Bhd,SSB8,2023-06-30,0,0.00101,,0.00101,,,,,-13697.791919434
Southern Score Builders Bhd,SSB8,2024-06-30,0,3.90201,,1.49364,,,-0.43012,0.991726631827696,17.2020300612843
Southern Score Builders Bhd,SSB8,2025-06-30,0,2.84494,,0.27778,,,-0.2623,0.783569926581196,24.4363534842059
Southern Score Builders Bhd,SSB8,2026-06-30,0,2.33968,,0.18616,,,-0.1342,0.809081463035383,14.6136907082327
SSF Home Group Bhd,SSF,2022-04-30,0,2.4578,0.90818,0.405,,,-0.0412,1.09749945462478,
SSF Home Group Bhd,SSF,2023-04-30,0,3.80152,1.72132,0.50501,,,-0.08642,1.16792904359468,
SSF Home Group Bhd,SSF,2024-04-30,0,6.98654,3.76896,0.55861,,,-0.3208,0.931949892703425,14.2319351282223
SSF Home Group Bhd,SSF,2025-04-30,0,7.56858,4.00814,0.71883,,,0.05726,0.666404252343421,7.0940055197573
SSF Home Group Bhd,SSF,2026-04-30,0,5.85122,3.26757,0.48261,,,0.07522,0.619466580331538,6.88024873803534
Star Media Group Bhd,STAR,2022-12-31,0,3.93605,3.87815,0.17269,-15.63,-12.77,-0.4937,0.221380092438402,2.98165514872396
Star Media Group Bhd,STAR,2023-12-31,0,3.93682,3.77016,0.11734,0.9,1.07,-0.52611,0.286049280675891,4.26548317996101
Star Media Group Bhd,STAR,2024-12-31,0,4.05928,3.73529,0.16693,0.967,1.148,-0.52847,0.284093719109967,5.20199751753981
Star Media Group Bhd,STAR,2025-12-31,0,8.32424,7.54419,0.27856,8.639,9.793,-0.48851,0.319786456049863,8.51482015172762
Star Media Group Bhd,STAR,2026-12-31,0,9.16566,8.2858,0.25181,,,-0.51205,0.276023038368785,7.85659827938999
Straits Energy Resources Bhd,STRAITS,2021-06-30,0,0.88043,0.7379,0.17525,,,0.27166,3.46241463611012,0.237928242338894
Straits Energy Resources Bhd,STRAITS,2022-06-30,0,0.78499,0.62178,0.20131,,,0.255,6.69006158420538,-0.174132915897763
Straits Energy Resources Bhd,STRAITS,2023-06-30,0,0.81082,0.62968,0.06786,,,0.31705,5.35005935600592,-0.167622659195488
Straits Energy Resources Bhd,STRAITS,2025-06-30,0,,,,3.214,7.248,,,
Subur Tiasa Holdings Bhd,SUBUR,2021-12-31,0,,,,12.9483,16.9447,,,
Subur Tiasa Holdings Bhd,SUBUR,2022-12-31,0,0.31758,0.17434,0.01507,10.5092,14.4882,0.48249,,
Subur Tiasa Holdings Bhd,SUBUR,2023-12-31,0,0.2687,0.14415,0.00766,3.4178,4.513,0.48572,0.306578350314203,-0.549137022574042
Subur Tiasa Holdings Bhd,SUBUR,2024-12-31,0,0.25823,0.13935,0.00567,,,0.4801,0.288139188622661,-0.390930410800377
Subur Tiasa Holdings Bhd,SUBUR,2025-12-31,0,0.25597,0.14231,0.003,,5.066,0.44141,0.239974209152192,-0.280054162955134
Success Transformer Corporation Bhd,SUCCESS,2022-06-30,0,7.69753,5.40083,0.66113,,6.399,-0.31367,0.615253222664305,12.2312725129152
Success Transformer Corporation Bhd,SUCCESS,2023-06-30,0,8.30593,5.20906,0.75164,4.981,6.0,-0.18403,0.560961164413662,10.3572628926164
Success Transformer Corporation Bhd,SUCCESS,2024-06-30,0,8.28332,5.58806,1.06436,,,-0.23484,0.539940555060384,9.42234821231036
Success Transformer Corporation Bhd,SUCCESS,2025-06-30,0,9.26155,6.23105,0.81739,,,-0.27489,0.51271991382064,11.9516779401839
Success Transformer Corporation Bhd,SUCCESS,2026-06-30,0,8.06471,5.8371,0.79824,,,-0.31365,0.48983685046227,9.83996148605001
Sum Technology Bhd,SUM,2022-12-31,0,1.34371,1.31439,0.15833,,,-0.33569,,
Sum Technology Bhd,SUM,2023-12-31,0,1.64345,1.61075,0.41849,,,0.06105,1.97803707241872,
Sum Technology Bhd,SUM,2024-12-31,0,2.53634,2.47917,0.37856,,,0.10439,1.16976781648657,
Sum Technology Bhd,SUM,2025-12-31,0,2.15247,2.11655,0.20924,,,0.3006,1.33042383824747,
Sumisaujana Group Bhd,SUMI,2022-12-31,0,2.5828,1.57777,0.26521,,,0.15037,,
Sumisaujana Group Bhd,SUMI,2023-12-31,0,1.87696,1.32401,0.42789,,,-0.00604,1.3704486007769,
Sumisaujana Group Bhd,SUMI,2024-12-31,0,1.64117,1.21189,0.1195,,,0.00342,1.37868151867755,
Sumisaujana Group Bhd,SUMI,2025-12-31,0,0.98329,0.73085,0.23369,,,-0.15189,1.07128507788242,
Sumisaujana Group Bhd,SUMI,2026-12-31,0,2.96885,2.5675,0.46699,,,-0.30777,0.964170033467435,6.44773462833946
Sunway Construction Group Bhd,SUNCON,2022-12-31,0,1.02297,0.97643,0.04634,5.87,16.579,0.15657,0.917255968923246,3.16364416659948
Sunway Construction Group Bhd,SUNCON,2023-12-31,0,1.48402,1.4356,0.34243,6.589,18.82,-0.06579,1.05126476033367,4.2977018693553
Sunway Construction Group Bhd,SUNCON,2024-12-31,0,1.31578,1.2885,0.22488,5.459,18.64,0.19083,1.00443761589683,3.37447039566567
Sunway Construction Group Bhd,SUNCON,2025-12-31,0,1.082,1.06572,0.34751,5.599,22.01,-0.169,1.05455149243999,3.73070535149248
Sunway Construction Group Bhd,SUNCON,2026-12-31,0,1.07055,1.0529,0.54101,9.019,36.82,-1.42216,1.33130845904947,3.60603010114287
ES Sunlogy Bhd,SUNLOGY,2022-07-31,0,0.97988,0.83449,0.06383,,,0.34699,,
ES Sunlogy Bhd,SUNLOGY,2023-07-31,0,0.69509,0.64056,0.03624,,,0.38526,0.839359016687937,
ES Sunlogy Bhd,SUNLOGY,2024-07-31,0,1.13073,1.069,0.20646,,,0.52391,1.09474445578163,
ES Sunlogy Bhd,SUNLOGY,2025-07-31,0,1.22888,1.16383,0.16778,,,0.4478,1.00902463191528,
ES Sunlogy Bhd,SUNLOGY,2026-07-31,0,1.59443,1.56421,0.17404,,,0.28049,1.33495870217882,4.0748984140678
Sunway Healthcare Holdings Bhd,SUNMED,2023-12-31,0,0.91652,0.8031,0.06065,,,-0.0139,,
Sunway Healthcare Holdings Bhd,SUNMED,2024-12-31,0,1.14573,1.06778,0.05438,,,0.17913,0.424018065602188,
Sunway Healthcare Holdings Bhd,SUNMED,2025-12-31,0,1.32653,1.2425,0.82441,,,0.07939,0.430061160478554,
Sunway Healthcare Holdings Bhd,SUNMED,2026-12-31,0,1.13025,1.02762,0.58014,,,0.25951,0.462294130333183,
Sunmow Holding Bhd,SUNMOW,2021-12-31,0,1.37571,1.36966,0.00589,,,0.02383,0.670696591762861,5.6199275359361
Sunmow Holding Bhd,SUNMOW,2022-12-31,0,1.33392,1.1393,0.1814,,,-0.16292,0.839671632264875,5.48884796284416
Sunmow Holding Bhd,SUNMOW,2023-12-31,0,1.21659,0.83501,0.22385,,,-0.32799,0.909857950123585,4.49269929512594
Sunmow Holding Bhd,SUNMOW,2024-12-31,0,1.30483,1.0924,0.2295,,,-0.25284,1.00245033330419,6.31228460127281
Sunmow Holding Bhd,SUNMOW,2025-12-31,0,1.19747,0.8203,0.04556,,,-0.0094,0.748482484944499,3.45510833057942
Sunway Real Estate Investment Trust,SUNREIT,2022-12-31,0,,,,3.034,5.425,,,
Sunway Real Estate Investment Trust,SUNREIT,2023-12-31,0,0.15667,,0.01549,3.536,7.669,0.36251,,
Sunway Real Estate Investment Trust,SUNREIT,2024-12-31,0,0.28761,,0.01065,3.367,6.156,0.35094,0.075526511880491,1.37777822464768
Sunway Real Estate Investment Trust,SUNREIT,2025-12-31,0,0.15902,,0.01913,3.38,6.52,0.40406,0.075427720124189,1.21503959313952
Sunway Real Estate Investment Trust,SUNREIT,2026-12-31,0,0.13156,,0.01282,4.53,9.06,0.38097,0.083326838443271,1.08221675558793
Sunsuria Bhd,SUNSURIA,2022-09-30,0,2.90065,1.6326,0.34722,,,0.16838,0.151004880099502,3.52444763690638
Sunsuria Bhd,SUNSURIA,2023-09-30,0,2.44565,1.42486,0.51362,,,0.10999,0.196055511413767,3.29763632188312
Sunsuria Bhd,SUNSURIA,2024-09-30,0,2.21767,1.37566,0.27788,0.64,,0.17459,0.232530385308938,3.28071125159588
Sunsuria Bhd,SUNSURIA,2025-09-30,0,1.75118,1.07525,0.3028,,,0.22804,0.280308190544826,2.74246317203085
Sunsuria Bhd,SUNSURIA,2026-09-30,0,1.72045,0.95289,0.20571,,,0.24436,0.246573715320003,2.46001165017155
Sunview Group Bhd,SUNVIEW,2023-03-31,0,1.08865,1.05908,0.44543,,,0.51639,0.758551871433073,
Sunview Group Bhd,SUNVIEW,2024-03-31,0,1.67297,1.62222,0.33283,,16.435,0.30448,0.792534781133356,
Sunview Group Bhd,SUNVIEW,2025-03-31,0,1.52779,1.49471,0.3864,,,0.0135,1.56563272143782,4.91017250897614
Sunview Group Bhd,SUNVIEW,2026-03-31,0,1.49575,1.47732,0.24797,,4.03,0.30859,1.40266851441859,3.89841407603793
Sunway Bhd,SUNWAY,2022-12-31,0,1.19135,0.83056,0.41857,1.27,2.73,0.27003,0.160991727347911,1.8856447660245
Sunway Bhd,SUNWAY,2023-12-31,0,1.0394,0.63075,0.24399,2.649,5.509,0.29406,0.203135206654564,1.63663989966829
Sunway Bhd,SUNWAY,2024-12-31,0,1.07608,0.70438,0.23393,2.7,5.589,0.26825,0.224582708226638,1.89351734199831
Sunway Bhd,SUNWAY,2025-12-31,0,1.28739,0.87599,0.41481,3.839,8.0,0.22804,0.262307498635811,3.46775145267183
Sunway Bhd,SUNWAY,2026-12-31,0,1.07166,0.79419,0.42474,3.64,8.23,0.25151,0.278937588984615,2.82480438147503
Sunzen Group Bhd,SUNZEN,2021-06-30,0,5.21681,4.26029,3.23192,,,-0.31769,0.665502824142796,10.949934174086
Sunzen Group Bhd,SUNZEN,2022-06-30,0,3.52734,2.64728,0.95067,,,-0.05261,0.648018215073061,9.19294667844551
Sunzen Group Bhd,SUNZEN,2025-06-30,0,6.06275,5.17618,1.77094,,,0.00527,,
Superlon Holdings Bhd,SUPERLN,2023-04-30,0,4.84007,2.87885,0.66517,,,-0.06944,0.541474445900978,8.00115081871124
Superlon Holdings Bhd,SUPERLN,2024-04-30,0,7.22787,5.47316,0.79833,,,-0.11733,0.593485378835204,6.59273323793848
Superlon Holdings Bhd,SUPERLN,2025-04-30,0,5.47492,4.09176,0.57995,,,-0.13775,0.599430590935008,8.44837780926373
Superlon Holdings Bhd,SUPERLN,2026-04-30,0,6.73911,4.99995,0.62788,,,-0.17688,0.652476747641102,8.13357073586795
Superlon Holdings Bhd,SUPERLN,2027-04-30,0,5.72395,4.52783,0.79989,,,-0.24237,0.611564702086682,7.69988324051047
Supermax Corporation Bhd,SUPERMX,2022-06-30,0,2.38625,2.16745,1.59343,73.689,118.359,-0.68198,1.34951965494233,14.9366749406586
Supermax Corporation Bhd,SUPERMX,2023-06-30,0,4.94938,4.61706,3.76174,11.24,15.271,-0.53179,0.402546999204734,9.98052005359956
Supermax Corporation Bhd,SUPERMX,2024-06-30,0,5.53932,5.22339,4.31248,-2.7,-3.18,-0.42567,0.146586881524722,9.60459864678629
Supermax Corporation Bhd,SUPERMX,2025-06-30,0,6.07136,5.49937,4.19165,-3.5,-3.86,-0.26161,0.128117184670665,11.7281443079926
Supermax Corporation Bhd,SUPERMX,2026-06-30,0,4.38467,3.74239,2.94432,-3.469,-3.748,-0.16867,0.168561693560657,10.6675593823538
Supreme Consolidated Resources Bhd,SUPREME,2021-09-30,0,1.61777,0.92144,0.24766,,,0.24815,1.5147945067073,4.01201720823904
Supreme Consolidated Resources Bhd,SUPREME,2022-09-30,0,1.66883,1.07913,0.328,,,0.22599,1.54214592315156,4.21114540148452
Supreme Consolidated Resources Bhd,SUPREME,2023-09-30,0,2.25709,1.44385,0.42964,,,0.1052,1.51254335314266,5.85988159113021
Supreme Consolidated Resources Bhd,SUPREME,2024-09-30,0,2.09328,1.30835,0.39076,,,0.10124,1.72893643606112,5.5524355222143
Supreme Consolidated Resources Bhd,SUPREME,2025-09-30,0,2.78862,1.88294,0.39419,,,-0.03899,1.57272071139669,6.85676640380304
Suria Capital Holdings Bhd,SURIA,2022-12-31,0,4.88461,4.72286,1.21384,,,-0.12972,0.181085362039569,4.78954776571167
Suria Capital Holdings Bhd,SURIA,2023-12-31,0,3.83527,3.45833,1.45826,4.0,5.15,-0.14309,0.210503008729553,4.18180548844602
Suria Capital Holdings Bhd,SURIA,2024-12-31,0,4.72327,4.30849,1.81055,,0.04,-0.16511,0.193558077123257,5.27084651007122
Suria Capital Holdings Bhd,SURIA,2025-12-31,0,3.77467,3.12183,0.86503,,,-0.20822,0.189558281805256,5.88922125349602
Suria Capital Holdings Bhd,SURIA,2026-12-31,0,3.58199,3.31103,0.66811,,,-0.16284,0.195326705489474,5.48972832124475
Swift Haulage Bhd,SWIFT,2022-12-31,0,1.07515,1.02487,0.19755,,,0.46141,0.440560349104306,2.21125031761929
Swift Haulage Bhd,SWIFT,2023-12-31,0,0.98045,0.95047,0.14126,3.342,7.79,0.45146,0.427129300283905,1.44075617187843
Swift Haulage Bhd,SWIFT,2024-12-31,0,0.96124,0.91639,0.3689,3.919,9.439,0.43289,0.409911302607327,1.44680412477118
Swift Haulage Bhd,SWIFT,2025-12-31,0,1.00457,0.98123,0.1354,2.339,5.629,0.49388,0.415882321373923,1.41442111620061
Swift Haulage Bhd,SWIFT,2026-12-31,0,1.03229,1.00938,0.14059,1.507,3.602,0.49236,0.443957475859162,1.32742160649313
Sarawak Plantation Bhd,SWKPLNT,2022-12-31,0,1.55424,1.09002,0.63152,,19.199,-0.1447,0.853379700742379,5.20330932718011
Sarawak Plantation Bhd,SWKPLNT,2023-12-31,0,2.18195,1.54608,1.06798,10.789,18.27,-0.20482,0.738471929916927,5.74169169342581
Sarawak Plantation Bhd,SWKPLNT,2024-12-31,0,3.29388,2.34242,1.43919,7.249,9.16,-0.19922,0.599028205816455,6.18142891355925
Sarawak Plantation Bhd,SWKPLNT,2025-12-31,0,4.26156,2.94174,1.44157,9.269,12.05,-0.17683,0.555648438283378,6.44175887297494
Sarawak Plantation Bhd,SWKPLNT,2026-12-31,0,4.91271,3.47153,1.48952,9.949,13.279,-0.17272,0.532452919725033,6.98503116534569
SWS Capital Bhd,SWSCAP,2021-12-31,0,1.35708,0.58447,0.17176,,,0.26741,0.812836932750542,2.15353810259235
SWS Capital Bhd,SWSCAP,2022-12-31,0,1.90093,0.93639,0.40691,,,0.12073,0.797650487458992,3.30413182847827
SWS Capital Bhd,SWSCAP,2023-12-31,0,2.03202,1.11258,0.46977,-6.3107,-14.6309,0.08761,0.595763593305578,3.11298782028249
SWS Capital Bhd,SWSCAP,2024-12-31,0,2.38387,1.52997,0.52437,-0.7034,-3.6056,0.06308,0.582294019015886,2.60662238845877
SWS Capital Bhd,SWSCAP,2025-12-31,0,2.74642,2.03891,1.20158,,,-0.07163,0.321468880178942,2.48134422468998
Sycal Ventures Bhd,SYCAL,2021-06-30,0,,,,-1.73,-10.135,,,
Sycal Ventures Bhd,SYCAL,2022-06-30,0,2.53107,1.33975,0.03112,-2.7444,-10.1478,0.11177,,
Sycal Ventures Bhd,SYCAL,2023-06-30,0,2.43715,1.32794,0.01479,-5.7831,-11.8718,0.10588,0.155332248933249,4.80482190268707
Sycal Ventures Bhd,SYCAL,2024-06-30,0,2.47978,1.56247,0.01288,-9.114,-13.357,0.07826,0.161000874025106,5.1138884601817
Sycal Ventures Bhd,SYCAL,2025-06-30,0,2.42578,1.21481,0.02922,,,0.05028,0.08339116837942,4.85843747704666
Shin Yang Group Bhd,SYGROUP,2022-06-30,0,1.59858,1.49447,0.86372,,,-0.06012,0.621962056357459,2.5207603596345
Shin Yang Group Bhd,SYGROUP,2023-06-30,0,2.44971,2.31845,1.54446,,,-0.19014,0.61419950487749,4.62685711725176
Shin Yang Group Bhd,SYGROUP,2024-06-30,0,3.09846,2.92812,1.85168,,,-0.2598,0.602940791944739,5.82993347954943
Shin Yang Group Bhd,SYGROUP,2025-06-30,0,2.46576,2.24608,1.35175,,,-0.23005,1.04291955568788,4.98485147194436
Symphony Life Bhd,SYMLIFE,2022-03-31,0,2.86141,0.8806,0.09274,5.189,7.793,0.26862,0.176336326522896,4.87488515005231
Symphony Life Bhd,SYMLIFE,2023-03-31,0,4.08069,1.74393,0.15881,,,0.05978,0.208700005925431,5.3487865461532
Symphony Life Bhd,SYMLIFE,2024-03-31,0,2.53163,1.39982,0.36761,,,0.0604,0.101437481981821,3.26436289815774
Symphony Life Bhd,SYMLIFE,2025-03-31,0,2.00918,1.06155,0.37849,1.61,2.8996,0.03836,0.058730625474289,3.18089564821447
Symphony Life Bhd,SYMLIFE,2026-03-31,0,,,,5.816,10.663,,,
Synergy House Bhd,SYNERGY,2022-12-31,0,1.7134,1.4791,0.40085,,,0.41769,1.85766989899804,
Synergy House Bhd,SYNERGY,2023-12-31,0,1.7481,1.13134,0.33771,,,0.33114,1.60034465130852,
Synergy House Bhd,SYNERGY,2024-12-31,0,1.82184,1.28436,0.14867,,36.894,0.10759,1.537913990994,7.38014938634697
Synergy House Bhd,SYNERGY,2025-12-31,0,1.67603,1.12114,0.22119,,24.39,0.05837,1.56474714200399,9.26911604304607
Synergy House Bhd,SYNERGY,2026-12-31,0,2.33117,1.47696,0.4165,,,0.07221,1.22223873141908,6.56098226638479
Systech Bhd,SYSTECH,2022-03-31,0,3.65182,3.64774,1.76845,,,0.01919,0.333921090986923,7.05669485852357
Systech Bhd,SYSTECH,2023-03-31,0,2.46667,2.46585,0.35488,-19.041,-23.109,-0.13264,0.49181205783703,12.7295935976526
Systech Bhd,SYSTECH,2024-03-31,0,0.80449,0.80401,0.32035,-78.192,-105.081,-0.19672,0.68366930547621,3.3882165362906
Systech Bhd,SYSTECH,2025-03-31,0,1.88617,1.51658,0.23316,,,0.07114,0.93831022702958,3.76337329297192
Systech Bhd,SYSTECH,2026-03-31,0,1.14694,1.1078,0.25844,,,-0.82527,1.51419648119669,0.356419770299884
T7 Global Bhd,T7GLOBAL,2022-12-31,0,1.36316,1.1044,0.17649,,,0.49101,0.466025887919907,1.58401973996668
T7 Global Bhd,T7GLOBAL,2023-12-31,0,0.7752,0.44093,0.04614,,8.599,0.65353,0.389836149878683,0.32832479417623
T7 Global Bhd,T7GLOBAL,2024-12-31,0,0.74565,0.38935,0.21853,2.68,10.69,0.62733,0.471545211853584,0.247996525597325
T7 Global Bhd,T7GLOBAL,2025-12-31,0,0.78991,0.31498,0.11389,,10.919,0.70309,0.364998733583469,0.329566349272103
T7 Global Bhd,T7GLOBAL,2026-12-31,0,0.74038,0.29072,0.12694,,10.38,0.69582,0.319309160180974,-0.058828285987007
Ta Ann Holdings Bhd,TAANN,2022-12-31,0,1.46762,0.97924,0.85074,11.89,20.589,-0.03137,0.716373741358987,4.72364487619132
Ta Ann Holdings Bhd,TAANN,2023-12-31,0,1.81635,1.23784,1.10639,11.359,18.73,-0.10325,0.79086388911096,5.72805825902728
Ta Ann Holdings Bhd,TAANN,2024-12-31,0,1.97445,1.39425,1.1878,5.669,8.763,-0.14032,0.609000808589829,5.60029066780028
Ta Ann Holdings Bhd,TAANN,2025-12-31,0,2.46391,1.55358,1.16994,6.799,10.05,-0.13536,0.610737865739777,6.52703945307263
Ta Ann Holdings Bhd,TAANN,2026-12-31,0,2.51803,1.67686,1.32021,7.944,11.624,-0.16985,0.70194737658692,6.55079312756837
Syarikat Takaful Malaysia Keluarga Bhd,TAKAFUL,2022-12-31,0,,,,3.36,24.8,-0.4593,0.216672927387232,
Syarikat Takaful Malaysia Keluarga Bhd,TAKAFUL,2023-12-31,0,,,,2.419,16.789,-1.43146,0.221749448816791,
Syarikat Takaful Malaysia Keluarga Bhd,TAKAFUL,2024-12-31,0,,,,2.504,22.461,-0.4959,0.240350011084261,
Syarikat Takaful Malaysia Keluarga Bhd,TAKAFUL,2025-12-31,0,,,,2.43,21.03,-0.33205,0.244356771978793,
Syarikat Takaful Malaysia Keluarga Bhd,TAKAFUL,2026-12-31,0,,,,2.22,18.42,-0.23593,0.239192442199049,
Talam Transform Bhd,TALAMT,2022-03-31,0,0.75452,0.4293,0.0189,2.6127,9.1335,0.19587,0.094388918722782,-2.9143267266059
Talam Transform Bhd,TALAMT,2023-03-31,0,1.01382,0.33017,0.0549,-20.7534,-112.5388,0.08315,0.090758063729439,-2.7072038192208
Talam Transform Bhd,TALAMT,2024-03-31,0,0.30853,0.10359,0.02133,1.5583,2.7121,0.15148,0.09616045218912,-5.80364449848472
Talam Transform Bhd,TALAMT,2025-03-31,0,1.00488,0.38082,0.05395,,,0.14542,0.070360626386684,-3.04634430169899
Talam Transform Bhd,TALAMT,2026-03-31,0,1.2044,0.62625,0.05774,,,0.09209,0.033565093093647,0.159703079471131
Taliworks Corporation Bhd,TALIWRK,2022-12-31,0,4.50682,4.4859,0.26255,3.91,8.419,-0.02454,0.150606028780581,4.7698100837945
Taliworks Corporation Bhd,TALIWRK,2023-12-31,0,2.30098,2.13687,0.11415,2.899,6.519,0.13833,0.177863871295808,3.87263565288492
Taliworks Corporation Bhd,TALIWRK,2024-12-31,0,1.6869,1.43161,0.14322,2.33,5.66,0.15703,0.20803978864227,3.4694963241389
Taliworks Corporation Bhd,TALIWRK,2025-12-31,0,1.52268,1.15464,0.16907,,,0.13452,0.262547319361962,3.70958397920864
Taliworks Corporation Bhd,TALIWRK,2026-12-31,0,,,0.25923,,,,0.270803094962873,3.13657689775677
Tambun Indah Land Bhd,TAMBUN,2022-12-31,0,7.18005,5.15226,1.75974,7.519,9.07,-0.04129,0.312173410522224,7.19962561638478
Tambun Indah Land Bhd,TAMBUN,2023-12-31,0,6.13576,4.56251,1.14004,7.059,8.443,-0.09978,0.262572177870525,7.22059478834709
Tambun Indah Land Bhd,TAMBUN,2024-12-31,0,6.42323,4.40828,1.66069,4.632,5.475,-0.09125,0.231184830916072,7.73695558068997
Tambun Indah Land Bhd,TAMBUN,2025-12-31,0,6.70018,4.23785,0.71347,5.61,6.49,-0.10636,0.248970306721168,8.76330430705242
Tambun Indah Land Bhd,TAMBUN,2026-12-31,0,6.68187,4.60723,0.78741,4.679,5.29,-0.16013,0.159741357499824,8.57138283149088
Tanco Holdings Bhd,TANCO,2022-06-30,0,0.97358,0.18633,,,,0.1831,0.016177110650266,2.58383453576237
Tanco Holdings Bhd,TANCO,2023-06-30,0,0.87724,0.22345,,,,0.17723,0.050967674219608,4.74653509819725
Tanco Holdings Bhd,TANCO,2024-06-30,0,1.12316,0.76434,0.01942,,,0.06096,0.266004560483088,7.81792821224682
Tanco Holdings Bhd,TANCO,2025-06-30,0,1.09627,0.74415,0.03339,,,0.0735,0.378336954305978,13.7985729143052
Tanco Holdings Bhd,TANCO,2026-06-30,0,1.39481,0.83932,0.08303,,,0.09064,0.253216680316922,35.5880209143616
TAS Offshore Bhd,TAS,2022-05-31,0,3.18228,0.84556,,,,-0.0165,0.112542519833437,4.01970503756353
TAS Offshore Bhd,TAS,2023-05-31,0,3.95019,2.19641,,,,-0.23679,0.474093821828806,3.64728839471908
TAS Offshore Bhd,TAS,2024-05-31,0,1.90794,0.83953,,,,-0.14255,0.270341747800222,3.15416180325569
TAS Offshore Bhd,TAS,2025-05-31,0,1.55713,0.50172,,,,0.03499,0.416857614793146,3.43919365227026
TAS Offshore Bhd,TAS,2026-05-31,0,1.70882,0.48966,0.19594,,,-0.04179,0.724330064039882,3.83851078749238
TASCO Bhd,TASCO,2023-03-31,0,1.21088,,0.14555,,13.23,0.19745,1.26936907681863,3.33268246091917
TASCO Bhd,TASCO,2024-03-31,0,1.27684,,0.369,,16.32,0.04413,1.10500033838554,3.2319755041344
TASCO Bhd,TASCO,2025-03-31,0,1.13999,1.13974,0.23798,3.85,10.08,0.20479,0.66861426203665,2.4492525381114
TASCO Bhd,TASCO,2026-03-31,0,1.08994,1.08943,0.18974,1.47,4.139,0.15528,0.58175293581421,1.92711264219461
TASCO Bhd,TASCO,2027-03-31,0,1.00946,1.00914,0.13724,1.97,,0.23493,0.490345236052378,1.49317738923728
Tashin Holdings Bhd,TASHIN,2021-12-31,0,2.43279,1.1905,0.54435,,,-0.0567,1.19794612653885,6.81127186077353
Tashin Holdings Bhd,TASHIN,2022-12-31,0,2.75381,1.5418,0.56356,,,0.05317,1.11830126355916,4.941957424648
Tashin Holdings Bhd,TASHIN,2023-12-31,0,4.00013,1.96934,0.48681,,,0.05501,1.01403231616153,5.74449547683749
Tashin Holdings Bhd,TASHIN,2024-12-31,0,2.46996,1.01231,0.19328,,,0.15379,1.03613263299047,4.23127294179804
Tashin Holdings Bhd,TASHIN,2025-12-31,0,3.13833,1.44483,0.10844,,,0.03825,0.93037902762702,4.58888857376481
Ta Win Holdings Bhd,TAWIN,2021-06-30,0,2.7771,2.3503,1.68569,8.6067,14.8175,-0.29018,1.5985169043631,6.47456323171501
Ta Win Holdings Bhd,TAWIN,2022-06-30,0,2.50208,1.82281,0.99689,6.3884,11.7647,-0.05361,1.25639591327262,4.56433326613638
Ta Win Holdings Bhd,TAWIN,2023-06-30,0,1.79564,1.18312,0.18918,11.3644,24.6624,0.18914,1.45746636827261,1.03497114663362
Ta Win Holdings Bhd,TAWIN,2024-06-30,0,1.48707,1.01428,0.22945,,,0.28039,1.69701279198976,0.96740489677906
Ta Win Holdings Bhd,TAWIN,2025-06-30,0,1.50852,1.18983,0.2764,,,0.3077,1.81426387000676,-1.55854347337991
Tan Chong Motor Holdings Bhd,TCHONG,2022-12-31,0,1.02118,0.59119,0.17088,-1.189,-2.189,0.20474,0.491896849090755,1.58194940182746
Tan Chong Motor Holdings Bhd,TCHONG,2023-12-31,0,1.2788,0.76119,0.13684,-1.011,-1.789,0.19111,0.608361112254413,2.00157876155387
Tan Chong Motor Holdings Bhd,TCHONG,2024-12-31,0,1.29504,0.73545,0.11291,-2.52,-4.549,0.25164,0.498927819515546,1.72554240009443
Tan Chong Motor Holdings Bhd,TCHONG,2025-12-31,0,1.08164,0.61697,0.11548,-4.2,-8.16,0.28713,0.408086586687649,0.965203327105917
Tan Chong Motor Holdings Bhd,TCHONG,2026-12-31,0,1.02111,0.59369,0.13187,-3.94,-7.62,0.26465,0.425648298380311,0.903273890779694
Tcs Group Holdings Bhd,TCS,2021-12-31,0,1.80058,,0.07249,,,-0.05574,1.12794730394867,4.63096976878314
Tcs Group Holdings Bhd,TCS,2022-12-31,0,1.42969,,0.06364,,,0.21261,1.2826262098027,2.58706110136317
Tcs Group Holdings Bhd,TCS,2023-12-31,0,1.15011,,0.02242,,,0.43165,1.58484435837673,0.08945653794207
Tcs Group Holdings Bhd,TCS,2024-12-31,0,1.31346,,0.08192,,,0.20722,1.60708148420823,1.83714284408279
Tcs Group Holdings Bhd,TCS,2025-12-31,0,1.29158,,0.05011,,,0.23067,1.35097935900822,1.70783792631071
TechnoDex Bhd,TDEX,2021-06-30,0,3.16904,2.82075,0.10708,,,-0.16995,1.12962096073257,8.05550122667099
TechnoDex Bhd,TDEX,2022-06-30,0,3.45954,3.05878,1.01182,,,-0.17301,0.79778415497709,7.54572006814953
TechnoDex Bhd,TDEX,2023-06-30,0,3.44876,2.6534,0.58259,,,-0.25967,1.6869386433684,6.15280550451738
TechnoDex Bhd,TDEX,2024-06-30,0,2.50054,1.49516,0.18195,29.5131,33.6345,0.0187,1.62523666115459,7.92170461521215
TechnoDex Bhd,TDEX,2025-06-30,0,2.01,1.33916,0.25198,,,-0.12876,2.61666124506429,5.51212377060523
TDM Bhd,TDM,2021-12-31,0,1.37743,1.26827,0.46614,,,0.28418,0.282501440581633,1.88504181178269
TDM Bhd,TDM,2022-12-31,0,0.98812,0.87147,0.20432,2.777,4.163,0.36784,0.360295333657833,1.19978835010945
TDM Bhd,TDM,2023-12-31,0,1.0586,0.97887,0.44417,3.178,5.317,0.29607,0.350907249018839,1.18265660648216
TDM Bhd,TDM,2024-12-31,0,0.98848,0.9077,0.31164,,,0.3442,0.376360868542569,1.18618941767387
TDM Bhd,TDM,2025-12-31,0,1.09595,0.97436,0.20459,,,0.40256,0.45058949524259,1.2364534804944
Teamstar Bhd,TEAMSTR,2022-12-31,0,2.1997,1.33906,0.97391,,,-0.19839,,
Teamstar Bhd,TEAMSTR,2023-12-31,0,2.08411,1.28183,0.94359,,,-0.13079,1.39258116344903,
Teamstar Bhd,TEAMSTR,2024-12-31,0,1.78046,0.83246,0.45558,,,0.0667,1.50286502362995,
Teamstar Bhd,TEAMSTR,2025-12-31,0,2.5673,1.25123,0.75817,,,-0.00731,1.49610453852224,
Teck Guan Perdana Bhd,TECGUAN,2022-01-31,0,1.45098,1.03792,0.34642,,,0.26246,2.81777568798187,3.51470567079913
Teck Guan Perdana Bhd,TECGUAN,2023-01-31,0,2.20668,1.48669,1.1979,,,-0.20941,2.48899467214874,5.99031647835118
Teck Guan Perdana Bhd,TECGUAN,2024-01-31,0,2.7895,1.85676,1.717,,,-0.26896,1.74130988660118,5.69304898196415
Teck Guan Perdana Bhd,TECGUAN,2025-01-31,0,2.80349,1.34422,1.16574,,,-0.19934,2.04875763961291,6.49035569085972
Teck Guan Perdana Bhd,TECGUAN,2026-01-31,0,2.66664,1.31838,1.1842,,,-0.30957,2.57122766264744,6.68705295267195
Techbase Industries Bhd,TECHBASE,2022-07-31,0,5.00236,4.25075,1.01645,,,-0.13328,0.548208490245542,5.59226295869055
Techbase Industries Bhd,TECHBASE,2023-07-31,0,3.94417,3.36375,0.89752,,,-0.08861,0.58256947154262,5.16547782131755
Techbase Industries Bhd,TECHBASE,2024-07-31,0,4.79204,4.19009,1.22116,,,-0.1923,0.533433539161521,5.93826414282922
Techbase Industries Bhd,TECHBASE,2025-07-31,0,5.63731,5.00513,1.73344,,,-0.29037,0.440503532984346,4.40357926143814
Techbase Industries Bhd,TECHBASE,2026-07-31,0,5.39913,4.95282,1.1824,,,-0.31196,0.510798300539397,5.13724071377287
Techbond Group Bhd,TECHBND,2022-06-30,0,8.93462,6.10624,3.57148,,,-0.25416,0.581374956723194,25.3754574743896
Techbond Group Bhd,TECHBND,2023-06-30,0,6.57606,3.92144,2.35996,,,-0.24504,0.500299739050709,15.1070866948613
Techbond Group Bhd,TECHBND,2024-06-30,0,6.6288,4.15128,2.03127,5.549,6.67,-0.03606,0.548241001202691,7.4235579584751
Techbond Group Bhd,TECHBND,2025-06-30,0,5.01949,3.18005,1.53257,7.27,9.07,-0.13975,0.669971489254154,11.5337987878935
Techbond Group Bhd,TECHBND,2026-06-30,0,10.2878,8.06996,6.41883,,,-0.39601,0.564741615562811,12.7707646559474
Techna-X Bhd,TECHNAX,2021-12-31,0,0.39802,0.39515,0.03652,,,,0.205105136520557,-16.3242450282322
Techna-X Bhd,TECHNAX,2022-12-31,0,0.3713,0.36044,0.03843,,0.074,0.1766,0.270359551871331,-20.2464008964577
Techna-X Bhd,TECHNAX,2023-12-31,0,,,,-2.431,-2.756,,,
Techna-X Bhd,TECHNAX,2024-12-31,0,,,,0.77,0.896,,,
Techna-X Bhd,TECHNAX,2025-12-31,0,,,,-1.154,-1.356,,,
TechStore Bhd,TECHSTORE,2021-12-31,0,2.18119,2.12647,0.74159,,,-0.38485,,
TechStore Bhd,TECHSTORE,2022-12-31,0,2.16303,2.07102,0.36431,,,-0.08954,1.02290096190014,
TechStore Bhd,TECHSTORE,2023-12-31,0,2.14855,2.08546,0.66039,,,-0.22313,1.10210961378546,
TechStore Bhd,TECHSTORE,2024-12-31,0,1.79448,1.72601,0.27366,,,0.31862,0.795158767588362,
TechStore Bhd,TECHSTORE,2025-12-31,0,3.39332,3.34353,1.07598,,,-0.21046,0.683434003057526,8.44438752609313
Tek Seng Holdings Bhd,TEKSENG,2022-12-31,0,4.16368,2.98886,1.78204,,,-0.08783,0.584603749702438,6.43698666556563
Tek Seng Holdings Bhd,TEKSENG,2023-12-31,0,4.6327,3.23604,2.16069,,,-0.11983,0.581028352356667,5.7685315057277
Tek Seng Holdings Bhd,TEKSENG,2024-12-31,0,1.90127,1.25217,0.65986,,,-0.041,0.474331799669793,4.46326117426711
Tek Seng Holdings Bhd,TEKSENG,2025-12-31,0,3.00935,1.83718,0.95386,,,-0.03819,0.469648864186014,4.53057024832451
Tek Seng Holdings Bhd,TEKSENG,2026-12-31,0,2.76176,2.06972,0.86302,,,-0.03059,0.447819900698569,4.51072968010231
Teladan Group Bhd,TELADAN,2022-12-31,0,7.40932,3.13628,0.30488,,,0.18261,0.305798722156355,6.39316796899768
Teladan Group Bhd,TELADAN,2023-12-31,0,4.59268,2.19498,1.04838,,,0.20127,0.314210425964419,6.19963600163297
Teladan Group Bhd,TELADAN,2024-12-31,0,4.9418,1.69879,0.49911,,,0.28449,0.305758775462174,5.92492882561883
Teladan Group Bhd,TELADAN,2025-12-31,0,3.66203,1.10362,0.18596,,,0.30608,0.33493595434093,5.95498122256588
Teladan Group Bhd,TELADAN,2026-12-31,0,3.94738,0.88645,0.19197,,,0.27859,0.300921620505092,6.98543746541084
Tenaga Nasional Bhd,TENAGA,2022-12-31,0,0.99286,0.92022,0.14128,2.009,6.759,0.51127,0.264370433632692,1.65132075856169
Tenaga Nasional Bhd,TENAGA,2023-12-31,0,1.19839,1.11086,0.06208,1.78,6.19,0.52909,0.261851746705278,1.7869888729976
Tenaga Nasional Bhd,TENAGA,2024-12-31,0,1.23782,1.15383,0.10807,1.35,4.679,0.46319,0.258443177288399,1.74774227382595
Tenaga Nasional Bhd,TENAGA,2025-12-31,0,0.98365,0.91975,0.08253,2.29,7.81,0.47425,0.280097451644435,1.56509107576249
Tenaga Nasional Bhd,TENAGA,2026-12-31,0,0.7794,0.70938,0.12725,2.359,8.39,0.5325,0.339689854086011,1.34066945853851
Teo Seng Capital Bhd,TEOSENG,2022-12-31,0,1.08759,0.5374,0.21812,,0.97,0.31917,0.873859431011229,2.38367846552904
Teo Seng Capital Bhd,TEOSENG,2023-12-31,0,1.16403,0.54397,0.19863,3.48,6.7,0.27286,1.0494118739964,3.04553557560347
Teo Seng Capital Bhd,TEOSENG,2024-12-31,0,2.15513,1.15043,0.68171,23.519,38.39,0.03117,1.14873866206226,7.44506338684739
Teo Seng Capital Bhd,TEOSENG,2025-12-31,0,2.48363,1.20174,0.78474,,,-0.03844,0.972055170691505,8.74886212495615
Teo Seng Capital Bhd,TEOSENG,2026-12-31,0,2.66456,1.4155,1.07616,,,-0.05662,0.807562615285704,7.71771914987625
Texchem Resources Bhd,TEXCHEM,2022-12-31,0,1.20706,0.87474,0.31833,,,0.26363,1.52738886520255,1.92432043850596
Texchem Resources Bhd,TEXCHEM,2023-12-31,0,1.12334,0.77846,0.29361,,9.477,0.40415,1.5513181997042,1.52675322882762
Texchem Resources Bhd,TEXCHEM,2024-12-31,0,1.07976,0.77904,0.27882,,-5.87,0.46695,1.33759711134761,0.676658120646192
Texchem Resources Bhd,TEXCHEM,2025-12-31,0,1.024,0.73401,0.26306,,2.661,0.49882,1.48096307335652,0.647296846326163
Texchem Resources Bhd,TEXCHEM,2026-12-31,0,1.0607,0.76499,0.28837,,1.901,0.48664,1.44835441535927,0.854961256943196
Tex Cycle Technology (M) Bhd,TEXCYCL,2021-12-31,0,3.99225,3.96498,0.86649,,,-0.09419,0.22703354374294,14.3620855536183
Tex Cycle Technology (M) Bhd,TEXCYCL,2022-12-31,0,5.81088,5.77378,1.27896,,,0.03817,0.216113870511945,7.03191155271758
Tex Cycle Technology (M) Bhd,TEXCYCL,2023-12-31,0,5.65507,5.61988,,,,0.08259,0.206472797615627,9.0193765369799
Tex Cycle Technology (M) Bhd,TEXCYCL,2024-12-31,0,2.6876,2.66344,,12.4465,13.129,0.04587,0.174736829417674,10.4886905998819
Tex Cycle Technology (M) Bhd,TEXCYCL,2025-12-31,0,2.46116,2.14384,0.18539,11.5,12.116,0.12094,0.216500178390924,6.68706110100705
TFP Solutions Bhd,TFP,2023-06-30,0,2.34626,2.31505,1.14307,,,-0.83962,,
TFP Solutions Bhd,TFP,2024-06-30,0,3.01313,2.77903,0.38155,,,-0.05386,0.225597094138343,9.61042569940556
TFP Solutions Bhd,TFP,2025-06-30,0,1.37237,1.26383,0.04389,,,0.1212,0.331660528346257,2.06683300301935
Teo Guan Lee Corporation Bhd,TGL,2021-06-30,0,4.44614,3.3155,0.06598,,,-0.2049,0.851309495216082,8.45786870981905
Teo Guan Lee Corporation Bhd,TGL,2022-06-30,0,4.43457,3.92787,0.15484,6.6,22.84,-0.39064,0.974025511846496,9.14715138854024
Teo Guan Lee Corporation Bhd,TGL,2023-06-30,0,5.66092,3.77067,0.14572,6.57,18.6,-0.2469,0.895030879047334,10.004599205944
Teo Guan Lee Corporation Bhd,TGL,2024-06-30,0,6.39916,3.47169,0.11857,3.3206,4.0101,-0.17254,0.942216862467701,10.9449995376877
Teo Guan Lee Corporation Bhd,TGL,2025-06-30,0,7.69736,4.70134,0.12547,13.3051,35.1392,-0.32132,0.902841659122439,10.9875170803109
Thong Guan Industries Bhd,TGUAN,2022-12-31,0,2.29384,1.57133,0.48296,8.41,13.47,-0.10957,1.09045934239129,6.95268418598857
Thong Guan Industries Bhd,TGUAN,2023-12-31,0,2.31377,1.54151,0.70498,8.029,12.919,-0.04406,1.0994709305184,6.60100516493437
Thong Guan Industries Bhd,TGUAN,2024-12-31,0,2.49908,1.57551,0.8011,5.269,8.13,-0.07885,0.917479901624177,6.06449544030784
Thong Guan Industries Bhd,TGUAN,2025-12-31,0,2.27072,1.37575,0.49061,4.939,7.509,-0.08484,0.889003278963746,5.51499022870904
Thong Guan Industries Bhd,TGUAN,2026-12-31,0,2.2093,1.34468,0.50802,,,-0.13785,0.819973352750392,5.26185203658939
Theta Edge Bhd,THETA,2021-12-31,0,2.9765,2.9748,1.85329,,,-0.37477,1.6557408120014,
Theta Edge Bhd,THETA,2022-12-31,0,2.31365,2.31274,1.17832,,,-0.33334,0.791972075322701,3.70501192020346
Theta Edge Bhd,THETA,2023-12-31,0,1.64152,1.64053,0.91125,,,-0.37089,0.995214288177085,2.54800163901832
Theta Edge Bhd,THETA,2024-12-31,0,2.7525,2.75071,1.26099,,,0.0076,0.470599671061585,4.03051410389084
Theta Edge Bhd,THETA,2025-12-31,0,1.29836,1.29797,0.17434,,,0.04068,0.805190704949969,0.094367296978117
THMY Holdings Bhd,THMY,2023-03-31,0,1.65821,1.58142,0.7428,,,-0.84412,,
THMY Holdings Bhd,THMY,2024-03-31,0,1.60744,1.54251,0.66737,,,-0.49871,1.44893228121796,
THMY Holdings Bhd,THMY,2025-03-31,0,1.27292,1.06784,0.58654,,,-0.45429,1.03553131165752,
THMY Holdings Bhd,THMY,2026-03-31,0,1.17388,0.82901,0.10116,,,0.31639,1.10175834192914,
THMY Holdings Bhd,THMY,2027-03-31,0,3.1454,2.4828,0.98519,,,-0.06487,0.725250367975988,22.7875002923819
TH Plantations Bhd,THPLANT,2022-12-31,0,1.6585,1.58407,0.00543,2.54,11.419,0.48116,0.275206106323308,1.75849435250413
TH Plantations Bhd,THPLANT,2023-12-31,0,3.86186,3.66192,0.10999,2.482,10.199,0.35244,0.317936443239902,2.59232207173839
TH Plantations Bhd,THPLANT,2024-12-31,0,4.20999,4.06938,0.21343,1.772,6.593,0.34376,0.283422009453971,2.5112871522646
TH Plantations Bhd,THPLANT,2025-12-31,0,3.90629,3.76672,0.15953,2.83,10.189,0.30369,0.330026421455109,2.88442841833518
TH Plantations Bhd,THPLANT,2026-12-31,0,3.19401,3.0727,0.05831,2.719,9.32,0.26116,0.354218341480312,2.91277406585417
Thriven Global Bhd,THRIVEN,2021-12-31,0,1.55783,0.64828,0.05762,-6.0879,-8.1734,0.37798,0.231794246169376,3.12338468300364
Thriven Global Bhd,THRIVEN,2022-12-31,0,1.03847,0.29625,0.07923,1.4794,2.1799,0.29942,0.229455928803111,1.39385803867457
Thriven Global Bhd,THRIVEN,2023-12-31,0,1.10199,0.46928,0.1151,0.571,-0.024,0.38533,0.305537706936515,0.402852859151684
Thriven Global Bhd,THRIVEN,2024-12-31,0,0.73485,0.25334,0.0843,,,0.4236,0.142988661481607,-0.333498746209167
Thriven Global Bhd,THRIVEN,2025-12-31,0,0.85495,0.3213,0.12156,,,0.46188,0.108915101112179,-0.403052020490866
Tien Wah Press Holdings Bhd,TIENWAH,2021-12-31,0,1.72628,1.16476,0.22489,,,0.04754,0.529536981056026,3.21556300791697
Tien Wah Press Holdings Bhd,TIENWAH,2022-12-31,0,2.45242,1.54133,0.40092,,,-0.02487,0.542150802636974,3.20547001391712
Tien Wah Press Holdings Bhd,TIENWAH,2023-12-31,0,2.13986,1.35195,0.27351,,,0.00031,0.597014529906038,3.0066955901488
Tien Wah Press Holdings Bhd,TIENWAH,2024-12-31,0,1.81203,1.08634,0.10253,,-1.864,0.02254,0.573981192197738,2.66450937005089
Tien Wah Press Holdings Bhd,TIENWAH,2025-12-31,0,1.60428,1.12482,0.115,,,0.03274,0.583122291841351,2.4041086251747
TIME dotCom Bhd,TIMECOM,2022-12-31,0,3.35598,,0.47245,9.8,12.71,-0.15916,0.320492271054244,10.1846018535737
TIME dotCom Bhd,TIMECOM,2023-12-31,0,3.21693,,0.86176,10.83,14.41,-0.11699,0.3501098820705,10.6331136975318
TIME dotCom Bhd,TIMECOM,2024-12-31,0,3.81284,,0.55732,54.06,70.95,-0.33995,0.334786822368124,11.8703658008703
TIME dotCom Bhd,TIMECOM,2025-12-31,0,3.44672,,0.82196,7.4,9.519,-0.2908,0.326518323388552,11.07367953474
TIME dotCom Bhd,TIMECOM,2026-12-31,0,1.50276,,0.38307,9.099,12.039,-0.12457,0.381015166266167,11.8718954543702
Timberwell Bhd,TIMWELL,2021-12-31,0,1.77403,1.45783,0.73029,1.3751,-4.9609,-0.09267,0.456413210445469,2.65672055405586
Timberwell Bhd,TIMWELL,2022-12-31,0,1.78083,1.38235,0.25351,-4.9786,-13.6941,-0.04083,0.354635487222653,2.24979264623587
Timberwell Bhd,TIMWELL,2023-12-31,0,1.95025,1.68889,0.27971,-34.0513,-64.2078,-0.01715,0.239343846982076,2.17166668547253
Timberwell Bhd,TIMWELL,2024-12-31,0,2.25261,1.90137,0.18038,,,-0.01355,0.302470102877435,2.4771388852538
Timberwell Bhd,TIMWELL,2025-12-31,0,3.10331,3.10331,0.23722,,,-0.00706,0.195332297882776,5.62557933776269
Titijaya Land Bhd,TITIJYA,2022-06-30,0,1.51178,0.80157,0.11164,,,0.20278,0.105111704238181,2.12378741965343
Titijaya Land Bhd,TITIJYA,2023-06-30,0,1.30175,0.70147,0.17122,,,0.13778,0.109828931293506,1.59591920121185
Titijaya Land Bhd,TITIJYA,2024-06-30,0,0.95174,0.63373,0.21794,,,0.01737,0.149910861850047,0.920674288746105
Titijaya Land Bhd,TITIJYA,2025-06-30,0,1.15122,0.55535,0.22079,,,0.08634,0.106956463358224,1.40046703553877
Titijaya Land Bhd,TITIJYA,2026-06-30,0,1.09282,0.47241,0.19604,,,0.08558,0.081873958952357,1.17973657076493
Tuju Setia Bhd,TJSETIA,2022-12-31,0,1.55641,,0.39685,,,-0.17351,0.991437261788428,3.29253344920295
Tuju Setia Bhd,TJSETIA,2023-12-31,0,1.10476,,0.22839,,,0.13106,1.143815020526,-0.282267307019478
Tuju Setia Bhd,TJSETIA,2024-12-31,0,1.0123,,0.13584,,,0.39898,1.44517342916507,-0.125593901789213
Tuju Setia Bhd,TJSETIA,2025-12-31,0,1.03747,,0.12316,,,0.38652,1.23999142626658,0.353833175981734
Tuju Setia Bhd,TJSETIA,2026-12-31,0,1.04393,,0.10742,,,0.46776,1.03674123935854,0.400160377585756
Telekom Malaysia Bhd,TM,2022-12-31,0,1.1361,1.10354,0.50312,3.799,12.24,0.31965,0.489454378725355,2.61621374770688
Telekom Malaysia Bhd,TM,2023-12-31,0,1.17263,1.11667,0.47265,4.975,14.811,0.29033,0.527304927505961,2.81398166389135
Telekom Malaysia Bhd,TM,2024-12-31,0,1.10909,1.07426,0.50308,8.119,21.879,0.22515,0.52166035984578,3.42973912188033
Telekom Malaysia Bhd,TM,2025-12-31,0,1.10377,1.07168,0.49261,9.15,20.94,0.13062,0.546664675242238,4.26876086187952
Telekom Malaysia Bhd,TM,2026-12-31,0,1.08266,1.02671,0.45766,8.23,16.559,0.0676,0.570471653007926,5.24110413231601
TMC Life Sciences Bhd,TMCLIFE,2021-06-30,0,2.46097,2.32451,1.85431,,,0.03598,,
TMC Life Sciences Bhd,TMCLIFE,2022-06-30,0,2.26563,2.14515,1.56327,,,0.06678,0.222311695453387,4.3568925280481
TMC Life Sciences Bhd,TMCLIFE,2023-06-30,0,2.55453,2.41887,1.18268,,,0.05243,0.269689064769694,5.11310173707415
TMC Life Sciences Bhd,TMCLIFE,2024-06-30,0,2.66215,2.5443,1.91211,,,0.01524,0.292765996286527,5.79710394670218
TMC Life Sciences Bhd,TMCLIFE,2025-06-30,0,1.83553,1.69132,0.99322,,,0.07086,0.297632167958059,4.06236484595954
TMK Chemical Bhd,TMK,2022-12-31,0,1.50009,1.1425,0.34445,,,0.03463,,
TMK Chemical Bhd,TMK,2023-12-31,0,1.42005,0.99202,0.32502,,,0.12124,1.64581463410307,
TMK Chemical Bhd,TMK,2024-12-31,0,1.36401,0.96975,0.33297,,,0.15032,1.24316393376308,
TMK Chemical Bhd,TMK,2025-12-31,0,2.73383,2.39161,1.64113,,,-0.06628,1.0709784027004,6.16455187074306
TMK Chemical Bhd,TMK,2026-12-31,0,2.01993,1.72238,1.07426,,,-0.11286,0.798545757340319,5.10664659238489
Tiong Nam Logistics Holdings Bhd,TNLOGIS,2023-03-31,0,0.96259,0.67859,0.02314,0.96,2.589,0.55813,0.326400376260036,1.13254620346062
Tiong Nam Logistics Holdings Bhd,TNLOGIS,2024-03-31,0,0.71936,0.48172,0.01461,1.24,3.483,0.5987,0.308430134088047,0.685940664397753
Tiong Nam Logistics Holdings Bhd,TNLOGIS,2025-03-31,0,0.58997,0.40821,0.01428,,,0.62885,0.27137955995356,0.554405637612376
Tiong Nam Logistics Holdings Bhd,TNLOGIS,2026-03-31,0,0.52439,0.36349,0.01091,,,0.63292,0.269880869918292,0.320310774318517
Tiong Nam Logistics Holdings Bhd,TNLOGIS,2027-03-31,0,0.5076,0.35884,0.01857,,,0.63797,0.275869556448325,0.266042600923538
Tomei Consolidated Bhd,TOMEI,2022-12-31,0,2.25849,0.36134,0.14072,,,0.366,1.49315263011626,5.94068277776882
Tomei Consolidated Bhd,TOMEI,2023-12-31,0,2.76433,0.41343,0.1838,,,0.34139,1.66470668134876,6.87540577095145
Tomei Consolidated Bhd,TOMEI,2024-12-31,0,3.01599,0.48719,0.20343,,13.038,0.33907,1.30675944234044,6.70934349140694
Tomei Consolidated Bhd,TOMEI,2025-12-31,0,3.10879,0.43553,0.14659,,,0.37295,1.32849593686583,6.93116214162152
Tomei Consolidated Bhd,TOMEI,2026-12-31,0,2.80828,0.37272,0.12889,,,0.37353,1.37846578925942,6.99808434861484
Tomypak Holdings Bhd,TOMYPAK,2022-12-31,0,,,,-57.684,-98.975,,,
Tomypak Holdings Bhd,TOMYPAK,2024-12-31,0,3.18312,2.71546,1.29216,,,-0.12063,,
Tomypak Holdings Bhd,TOMYPAK,2025-12-31,0,1.72026,1.14026,0.29306,,,0.33558,0.540564915445163,2.14019131019133
Tomypak Holdings Bhd,TOMYPAK,2026-12-31,0,1.269,0.66446,0.16379,,,0.27541,0.671868583162218,1.1690767702513
Tong Herr Resources Bhd,TONGHER,2021-12-31,0,2.53871,0.8625,0.19667,,,0.1082,1.01671483684197,6.98783868924175
Tong Herr Resources Bhd,TONGHER,2022-12-31,0,7.11655,2.1572,0.47466,,,-0.11865,1.29566040233448,13.1935025041163
Tong Herr Resources Bhd,TONGHER,2023-12-31,0,10.30491,3.60969,0.70713,,13.3,-0.17129,0.875849347579501,13.4405194712693
Tong Herr Resources Bhd,TONGHER,2024-12-31,0,6.25106,2.48255,0.61098,,13.778,-0.13874,0.795202514380597,9.04179373084753
Tong Herr Resources Bhd,TONGHER,2025-12-31,0,8.71127,3.56851,2.63548,,,-0.21026,0.837718649582532,9.99612682043677
Top Glove Corporation Bhd,TOPGLOV,2022-08-31,0,1.9767,1.45602,0.32018,84.959,142.83,-0.26303,1.76991558160722,23.8225795119808
Top Glove Corporation Bhd,TOPGLOV,2023-08-31,0,2.11856,1.54127,0.32512,2.64,4.12,-0.07404,0.622638950018476,8.38456242651997
Top Glove Corporation Bhd,TOPGLOV,2024-08-31,0,1.82713,1.50079,0.30283,-12.195,-18.017,-0.05633,0.297427771789689,7.97119738747558
Top Glove Corporation Bhd,TOPGLOV,2025-08-31,0,1.9282,1.53201,0.29779,-0.884,-1.325,-0.0926,0.358697352425661,9.65476837304994
Top Glove Corporation Bhd,TOPGLOV,2026-08-31,0,2.70197,2.06121,0.54983,1.653,2.327,0.05135,0.527879375878183,6.54107099804111
Topmix Bhd,TOPMIX,2022-12-31,0,2.53698,1.56876,0.11583,,,0.52674,0.878272675578492,
Topmix Bhd,TOPMIX,2023-12-31,0,3.28802,2.03139,0.58403,,,0.34469,1.17065426581393,
Topmix Bhd,TOPMIX,2024-12-31,0,3.32075,2.01564,0.64889,,,0.27527,1.11180577701754,
Topmix Bhd,TOPMIX,2025-12-31,0,5.46779,3.81246,0.8319,,20.829,-0.02277,1.03724375548673,11.3999453524921
Topmix Bhd,TOPMIX,2026-12-31,0,5.10176,3.54854,1.3935,,,-0.11817,0.91942382361,11.5446892334702
TOPVISION Eye Specialist Bhd,TOPVISN,2021-12-31,0,2.64271,2.4805,0.88711,,,0.00906,0.784638169508105,13.0063308095533
TOPVISION Eye Specialist Bhd,TOPVISN,2022-12-31,0,2.94898,2.59489,1.23038,,,0.1401,0.850474679707248,12.8991118503857
TOPVISION Eye Specialist Bhd,TOPVISN,2023-12-31,0,2.90028,2.51036,1.24296,,,0.14573,0.877487410489949,13.1766955200269
TOPVISION Eye Specialist Bhd,TOPVISN,2024-12-31,0,4.62079,4.31179,1.54151,,,0.01511,0.684456942478913,6.13751167527493
TOPVISION Eye Specialist Bhd,TOPVISN,2025-12-31,0,3.41178,3.08927,1.5795,,,0.13643,0.593907758270577,4.09387850142395
Toyo Ventures Holdings Bhd,TOYOVEN,2022-03-31,0,6.13918,5.38139,0.65743,3.8592,4.6143,-0.06435,,
Toyo Ventures Holdings Bhd,TOYOVEN,2023-03-31,0,10.99451,10.12254,4.05671,4.7396,5.402,-0.51842,0.151460410208375,2.90376792530818
Toyo Ventures Holdings Bhd,TOYOVEN,2024-03-31,0,,,,6.608,8.798,,,
Toyo Ventures Holdings Bhd,TOYOVEN,2025-03-31,0,,,,0.788,-1.751,,,
Toyo Ventures Holdings Bhd,TOYOVEN,2026-03-31,0,9.44099,8.84318,2.84014,,6.333,-1.12067,,
TPC Plus Bhd,TPC,2021-12-31,0,0.79204,0.51795,0.06674,2.114,1.7,0.4256,1.42302991534765,-1.86900089755113
TPC Plus Bhd,TPC,2022-12-31,0,0.85656,0.54429,0.08533,3.0367,3.4406,0.29778,1.95118495675658,-0.270723050879793
TPC Plus Bhd,TPC,2023-12-31,0,1.19439,0.96235,0.27553,-11.9898,-26.4759,0.15062,1.68783327732595,2.67593356978012
TPC Plus Bhd,TPC,2024-12-31,0,1.29039,1.08865,0.30121,-6.623,-19.144,0.07358,1.44075716366509,2.46669226009788
TPC Plus Bhd,TPC,2025-12-31,0,1.18995,1.04793,0.28575,,,0.09392,1.39892648436145,1.88774633560721
TP TEC Holding Bhd,TPTEC,2022-12-31,0,2.48401,2.02924,0.14992,,,0.50726,,
TP TEC Holding Bhd,TPTEC,2023-12-31,0,2.4364,2.14477,0.10939,,,0.59764,0.753239941752016,
TP TEC Holding Bhd,TPTEC,2024-12-31,0,1.90597,1.756,0.14072,,,0.53144,0.936159610853186,3.85228360170723
TP TEC Holding Bhd,TPTEC,2025-12-31,0,1.65347,1.57352,0.12369,,,0.52017,0.964174386796264,4.71509237321853
TRC Synergy Bhd,TRC,2022-12-31,0,1.55115,1.31973,0.14401,,,-0.24418,0.651823678506076,2.6731456698667
TRC Synergy Bhd,TRC,2023-12-31,0,1.77347,1.66434,0.11287,2.0,4.871,-0.17801,0.592594404354362,3.33726272378731
TRC Synergy Bhd,TRC,2024-12-31,0,2.26941,2.16572,,2.403,4.87,-0.47622,0.643563777745356,3.99534357885168
TRC Synergy Bhd,TRC,2025-12-31,0,1.64667,1.57695,,1.32,2.35,-0.37326,0.516650753508722,3.2779832532639
TRC Synergy Bhd,TRC,2026-12-31,0,2.51163,2.24985,0.9809,1.72,2.83,-0.45291,0.453612311851424,4.45712105910625
Tri-Mode System (M) Bhd,TRIMODE,2022-12-31,0,1.39675,1.38883,0.11577,,,0.26155,1.00688426597066,3.69650874412972
Tri-Mode System (M) Bhd,TRIMODE,2023-12-31,0,2.01169,2.00085,0.41835,,,0.17779,0.853358200180008,3.51965945956845
Tri-Mode System (M) Bhd,TRIMODE,2024-12-31,0,1.78743,1.77772,0.15102,,,0.28701,0.439288145628175,2.36117381552581
Tri-Mode System (M) Bhd,TRIMODE,2025-12-31,0,2.01919,2.01302,0.15015,,,0.35273,0.507366522638681,2.63057035688898
Tri-Mode System (M) Bhd,TRIMODE,2026-12-31,0,3.25097,3.24433,0.1763,,,0.39465,0.441514512031317,2.83945899214224
Trive Property Group Bhd,TRIVE,2022-01-31,0,4.59199,3.24513,0.94251,,,-0.26074,0.078645293240259,6.33319962900531
Trive Property Group Bhd,TRIVE,2023-01-31,0,6.96595,6.96595,0.20868,,,-0.13164,0.070998293426122,10.0319587050833
Trive Property Group Bhd,TRIVE,2024-01-31,0,4.29865,4.29865,0.24745,39.3773,47.8004,-0.14996,0.078919461811252,6.71648111698812
Trive Property Group Bhd,TRIVE,2025-01-31,0,,,,,,,,
Trive Property Group Bhd,TRIVE,2026-01-31,0,,,,,24.83,,,
Tropicana Corporation Bhd,TROP,2021-12-31,0,1.38869,1.03788,0.39579,,,0.32663,0.072705966833367,1.04604841276221
Tropicana Corporation Bhd,TROP,2022-12-31,0,1.01161,0.58368,0.22586,5.283,12.136,0.3157,0.07670825046834,0.570264827678698
Tropicana Corporation Bhd,TROP,2023-12-31,0,0.91268,0.72668,0.15544,,7.419,0.28152,0.123102645298142,0.699809981421403
Tropicana Corporation Bhd,TROP,2024-12-31,0,1.29938,0.70216,0.22956,,,0.18937,0.125316965819307,1.46373952394554
Tropicana Corporation Bhd,TROP,2025-12-31,0,1.41185,0.80221,0.21989,,,0.24552,0.141576046625923,1.60418695785648
TSA Group Bhd,TSA,2021-12-31,0,1.6789,1.08704,0.45812,,,0.04252,1.28734043435454,
TSA Group Bhd,TSA,2022-12-31,0,2.42606,1.3809,0.39747,,,0.15531,1.42333656694269,
TSA Group Bhd,TSA,2023-12-31,0,2.4752,1.59081,0.27945,,,0.2127,1.43265493338387,
TSA Group Bhd,TSA,2024-12-31,0,2.67209,1.73737,0.60303,,,0.01126,1.15613242441356,6.88258711062644
TSA Group Bhd,TSA,2025-12-31,0,3.12718,1.99434,0.3986,,,-0.03381,0.97081365412754,7.48347535304088
Tsh Resources Bhd,TSH,2022-12-31,0,0.89071,0.68766,0.34533,5.23,10.919,0.27874,0.366960898408642,2.6305944658279
Tsh Resources Bhd,TSH,2023-12-31,0,1.41594,1.15308,0.60449,14.64,25.525,0.06648,0.416765140537079,4.57055245258724
Tsh Resources Bhd,TSH,2024-12-31,0,2.02782,1.68675,0.75271,3.272,4.812,0.01829,0.367491687197423,5.51164381536844
Tsh Resources Bhd,TSH,2025-12-31,0,1.44255,1.05541,0.61193,5.81,8.009,-0.00227,0.364683254670215,6.3573963047394
Tsh Resources Bhd,TSH,2026-12-31,0,1.6498,1.34581,1.14631,6.75,9.339,-0.04215,0.391390426359622,6.74502321442126
TSiC Bhd,TSIC,2023-06-30,0,1.61898,1.38536,0.49575,,,0.23977,,
TSiC Bhd,TSIC,2024-06-30,0,2.70735,2.2179,0.48036,,,0.08924,1.46570238686777,
TSiC Bhd,TSIC,2025-06-30,0,3.51238,3.03487,1.44633,,,-0.2651,1.46728072668104,17.8507868331772
TSR Capital Bhd,TSRCAP,2021-06-30,0,1.10664,0.96956,0.04058,2.4989,2.9746,0.17908,0.237521023016528,0.498471665934324
TSR Capital Bhd,TSRCAP,2022-06-30,0,1.08509,0.90477,0.02791,0.7429,0.6642,0.13354,0.18433961070457,0.877382206252302
TSR Capital Bhd,TSRCAP,2023-06-30,0,1.54742,0.95137,0.03928,4.6846,4.9116,0.22178,0.226574896053337,1.96649455764471
TSR Capital Bhd,TSRCAP,2024-06-30,0,1.64613,0.85578,0.0604,3.181,3.82,0.15211,0.313133323348564,2.61724764081258
TSR Capital Bhd,TSRCAP,2025-06-30,0,1.44301,0.7972,0.054,,,0.23197,0.474824342484162,2.12966767919892
TT Vision Holdings Bhd,TTVHB,2022-12-31,0,2.98073,2.3883,0.35966,,,-0.14085,0.63408451947927,7.16105180362048
TT Vision Holdings Bhd,TTVHB,2023-12-31,0,3.50073,2.66313,0.44296,11.56,17.55,-0.00505,0.600434772673045,9.71192993620227
TT Vision Holdings Bhd,TTVHB,2024-12-31,0,3.75912,2.71938,1.10884,,,-0.31985,0.498634917423983,16.4934007805357
TT Vision Holdings Bhd,TTVHB,2025-12-31,0,7.21345,5.84305,2.4561,,,-0.24388,0.397295520916554,19.4484518787185
TT Vision Holdings Bhd,TTVHB,2026-12-31,0,2.90057,2.43018,0.91677,,,-0.01658,0.233101965429848,4.04636806803444
Tune Protect Group Bhd,TUNEPRO,2022-12-31,0,,,,-0.862,-2.641,-0.01217,0.146808798144689,
Tune Protect Group Bhd,TUNEPRO,2023-12-31,0,,,,,-6.349,-0.06531,0.175637582402948,
Tune Protect Group Bhd,TUNEPRO,2024-12-31,0,,,,0.1,0.18,-0.06602,0.197551490840437,
Tune Protect Group Bhd,TUNEPRO,2025-12-31,0,,,,0.04,0.474,-0.04552,0.312037215236655,
Tune Protect Group Bhd,TUNEPRO,2026-12-31,0,,,,,,-0.03104,0.218409410867172,
Turbo-Mech Bhd,TURBO,2022-12-31,0,7.29954,6.11345,4.43715,,,-0.41097,0.337519675286089,11.1515955299235
Turbo-Mech Bhd,TURBO,2023-12-31,0,9.68749,8.90778,6.65956,,,-0.46402,0.379255418609952,12.3003262797621
Turbo-Mech Bhd,TURBO,2024-12-31,0,11.73493,10.87543,8.2809,,,-0.47718,0.314828369332699,12.462097946463
Turbo-Mech Bhd,TURBO,2025-12-31,0,10.97375,10.23419,7.69219,,,-0.44124,0.308846145575968,11.5447328483752
Turbo-Mech Bhd,TURBO,2026-12-31,0,8.69611,8.20384,5.93694,,,-0.4594,0.306034039206333,8.84117324769193
TWL Holdings Bhd,TWL,2022-06-30,0,21.29503,18.80545,5.38617,,,-0.15784,,
TWL Holdings Bhd,TWL,2023-06-30,0,26.11402,19.96143,8.26835,,,-0.14409,0.058393057736771,7.49568004601344
TWL Holdings Bhd,TWL,2024-06-30,0,6.86539,4.66281,3.30498,,,-0.15644,0.101004046237802,6.35250592393336
TWL Holdings Bhd,TWL,2025-06-30,0,3.71211,2.5759,0.86153,,,0.0122,0.163412704405058,4.23726253279843
Tower Real Estate Investment Trust,TWRREIT,2021-06-30,0,0.1726,,0.13088,,6.124,0.33677,0.044986132524615,1.26004672236209
Tower Real Estate Investment Trust,TWRREIT,2022-06-30,0,0.11845,,0.08682,,4.071,0.33829,0.039424280728735,1.10161830794153
Tower Real Estate Investment Trust,TWRREIT,2023-06-30,0,0.14998,,0.06466,,,0.34954,0.041424536372592,0.997686635606946
Tower Real Estate Investment Trust,TWRREIT,2024-06-30,0,3.12238,,2.73103,,,0.25607,0.045005261712475,1.53932408807734
Tower Real Estate Investment Trust,TWRREIT,2025-06-30,0,2.37546,,2.08489,,,0.25647,0.04637288749641,1.45280914011585
TXCD Bhd,TXCD,2021-06-30,0,2.51373,1.99767,0.16697,4.3801,12.5964,0.13147,0.457100414209542,5.13785141764295
TXCD Bhd,TXCD,2022-06-30,0,,,,3.715,10.13,,,
TXCD Bhd,TXCD,2025-06-30,1,1.20171,1.18527,0.30284,,1.909,-1.54929,,
Uchi Technologies Bhd,UCHITEC,2022-12-31,0,2.80299,2.47455,0.03156,34.92,49.289,-0.94827,0.643457778828415,25.1343041219828
Uchi Technologies Bhd,UCHITEC,2023-12-31,0,2.95832,2.57243,0.03227,42.789,60.939,-0.97793,0.734430314722702,24.392314678966
Uchi Technologies Bhd,UCHITEC,2024-12-31,0,5.17283,4.38152,0.08295,48.799,64.29,-0.76508,0.875193373583548,53.6778980816612
Uchi Technologies Bhd,UCHITEC,2025-12-31,0,6.25165,5.65426,0.15681,48.52,57.149,-0.76687,0.947555319669752,71.3920357836849
Uchi Technologies Bhd,UCHITEC,2026-12-31,0,6.15446,5.67699,0.15863,42.409,49.1,-0.75331,0.846598552678955,63.1519486925916
UCrest Bhd,UCREST,2022-05-31,0,1.89109,,1.58903,,,-0.60883,0.243247155269653,3.79068553911104
UCrest Bhd,UCREST,2023-05-31,0,2.19522,2.19522,1.20451,,,-0.51433,0.325630300188674,6.53744023208313
UCrest Bhd,UCREST,2024-05-31,0,3.11977,3.11977,1.82358,,,-0.44017,0.313872024462286,10.5960120258072
UCrest Bhd,UCREST,2025-05-31,0,4.41016,4.40375,2.63463,,,-0.39537,0.34722419646809,14.4592595841222
UCrest Bhd,UCREST,2026-05-31,0,5.75346,5.74592,1.63247,,,-0.21165,0.283006353560566,10.9610343813365
UEM Sunrise Bhd,UEMS,2022-12-31,0,1.40817,0.83223,0.34781,-1.62,-3.149,0.30481,0.08962593757356,1.1137597766369
UEM Sunrise Bhd,UEMS,2023-12-31,0,1.12339,0.71205,0.31169,0.62,1.199,0.29139,0.113313089020375,0.979619130740693
UEM Sunrise Bhd,UEMS,2024-12-31,0,1.56652,1.1225,0.27656,0.582,1.113,0.27857,0.10289603236769,1.95115520491611
UEM Sunrise Bhd,UEMS,2025-12-31,0,1.87731,1.31633,0.49357,0.81,1.52,0.25234,0.104137233673456,2.4751896958669
UEM Sunrise Bhd,UEMS,2026-12-31,0,1.44363,1.07173,0.41727,0.56,1.03,0.22902,0.133275630458974,1.65530866623021
United U-LI Corporation Bhd,ULICORP,2022-12-31,0,4.36348,2.93593,0.94955,,,-0.10458,0.555264759930026,10.5381263038877
United U-LI Corporation Bhd,ULICORP,2023-12-31,0,7.16994,5.09307,1.96033,,,-0.19779,0.650562839985568,12.8572136055903
United U-LI Corporation Bhd,ULICORP,2024-12-31,0,6.10599,4.66248,2.22891,9.96,11.387,-0.28509,0.625003144622731,13.1554480013619
United U-LI Corporation Bhd,ULICORP,2025-12-31,0,6.29454,4.72558,2.23964,,,-0.27537,0.577859998938421,14.0864561304013
United U-LI Corporation Bhd,ULICORP,2026-12-31,0,5.44145,4.19745,2.04663,,,-0.29341,0.585252049677034,12.2367531739126
UMedic Group Bhd,UMC,2022-07-31,0,1.23137,0.69717,0.14581,,,0.56024,0.854988159943526,
UMedic Group Bhd,UMC,2023-07-31,0,5.77716,4.49269,0.56477,,18.784,-0.28183,0.854061535063917,16.6617180523678
UMedic Group Bhd,UMC,2024-07-31,0,11.68335,8.34709,1.62801,14.507,17.836,-0.20491,0.639073098036981,45.5312797766744
UMedic Group Bhd,UMC,2025-07-31,0,8.20433,5.78607,0.70237,,13.316,-0.1659,0.699616657009171,39.4493357233564
UMedic Group Bhd,UMC,2026-07-31,0,9.12994,5.85339,2.00888,,10.694,-0.19775,0.558428879668565,22.5136592208232
United Malacca Bhd,UMCCA,2023-04-30,0,1.85824,1.39544,0.05282,5.929,7.82,-0.00506,0.310492189100472,6.17297661945282
United Malacca Bhd,UMCCA,2024-04-30,0,1.54114,1.27405,0.05365,,4.26,-0.00652,0.328741354861603,5.88574775471265
United Malacca Bhd,UMCCA,2025-04-30,0,2.11632,1.65891,0.15226,,,-0.01197,0.322781412919223,6.04370693123523
United Malacca Bhd,UMCCA,2026-04-30,0,2.92688,2.40433,0.28112,,6.351,-0.09507,0.384260698723104,7.05827759426796
United Malacca Bhd,UMCCA,2027-04-30,0,5.11941,4.37719,1.0305,,,-0.18284,0.442374569580508,9.26315714006195
UMS Holdings Bhd,UMS,2021-09-30,0,17.55471,11.30534,7.14599,,,-0.22168,0.376560726369317,20.8866059687595
UMS Holdings Bhd,UMS,2022-09-30,0,16.38722,10.65048,6.06067,6.6,7.5,-0.20118,0.429632144165998,16.9185104639929
UMS Holdings Bhd,UMS,2023-09-30,0,19.35487,11.73227,4.54031,5.3547,5.9641,-0.23651,0.406551554279473,17.6205768190659
UMS Holdings Bhd,UMS,2024-09-30,0,20.31824,13.94531,4.75343,4.84,5.7015,-0.2978,0.440991700727395,21.7643324772776
UMS Holdings Bhd,UMS,2025-09-30,0,14.34927,9.5728,3.75911,8.6436,10.1139,-0.2846,0.397299242029074,15.7188309683622
UMS-Neiken Group Bhd,UMSNGB,2021-12-31,0,8.11337,5.27929,0.51639,,,-0.19922,0.633277633500713,13.7545415286662
UMS-Neiken Group Bhd,UMSNGB,2022-12-31,0,15.26123,11.43117,1.16652,,,-0.3608,0.531434859819396,16.2643060775512
UMS-Neiken Group Bhd,UMSNGB,2023-12-31,0,14.7019,11.37565,1.16279,,,-0.38642,0.504643796226531,14.9068160159933
UMS-Neiken Group Bhd,UMSNGB,2024-12-31,0,14.75722,10.24777,1.10928,,,-0.31588,0.536782224705672,16.9417880017972
UMS-Neiken Group Bhd,UMSNGB,2025-12-31,0,11.36896,8.24316,0.75711,,,-0.29434,0.530086163925087,14.8102627557115
Unimech Group Bhd,UNIMECH,2022-12-31,0,2.62872,1.22834,0.41743,,,0.10112,0.603970182742637,6.17428499955558
Unimech Group Bhd,UNIMECH,2023-12-31,0,2.81851,1.22997,0.41594,,,0.0876,0.669287152055955,6.78906977173661
Unimech Group Bhd,UNIMECH,2024-12-31,0,3.1363,1.39612,0.47718,,,0.06231,0.629869643787401,7.00948610450171
Unimech Group Bhd,UNIMECH,2025-12-31,0,3.06249,1.35703,0.44414,,,0.09818,0.585161958747666,6.32991788081195
Unimech Group Bhd,UNIMECH,2026-12-31,0,3.34855,1.65643,0.58328,,,0.06356,0.600337340503646,6.71612310617278
Unique Fire Holdings Bhd,UNIQUE,2023-03-31,0,4.1626,2.44118,0.28815,,,0.15188,0.964231537400331,
Unique Fire Holdings Bhd,UNIQUE,2024-03-31,0,6.3531,4.1197,0.92085,,,-0.09339,0.944199077999795,8.84829001104666
Unique Fire Holdings Bhd,UNIQUE,2025-03-31,0,6.29977,4.68968,1.33409,,,-0.13073,1.02601583996017,10.6750059101256
Unique Fire Holdings Bhd,UNIQUE,2026-03-31,0,6.84136,4.71954,1.81776,,,-0.13635,1.03832727858572,14.0666463543263
Unique Fire Holdings Bhd,UNIQUE,2027-03-31,0,5.32177,3.72365,1.11924,,,-0.00052,1.00987388417854,9.39698908756408
Unisem M Bhd,UNISEM,2022-12-31,0,2.43377,1.87208,0.50991,7.83,10.039,-0.20606,0.620801593508526,14.4136833079514
Unisem M Bhd,UNISEM,2023-12-31,0,2.32029,1.72535,0.43553,13.279,16.82,-0.13819,0.614239447616848,11.0003082171358
Unisem M Bhd,UNISEM,2024-12-31,0,2.58129,1.93876,0.36345,,3.342,-0.09644,0.479369065993717,11.995294843725
Unisem M Bhd,UNISEM,2025-12-31,0,1.6327,1.08868,0.43328,2.06,2.62,-0.03805,0.537786627835874,9.99760960054346
Unisem M Bhd,UNISEM,2026-12-31,0,0.89949,0.55666,0.23746,3.68,5.08,0.06623,0.623670851812522,6.27445456707999
Unitrade Industries Bhd,UNITRAD,2022-03-31,0,1.2815,0.98926,0.16288,,,0.57088,1.52540495229718,
Unitrade Industries Bhd,UNITRAD,2023-03-31,0,1.53407,1.1003,0.18632,,,0.43922,1.55120006717863,3.69922108134047
Unitrade Industries Bhd,UNITRAD,2024-03-31,0,1.32261,0.89223,0.11591,,,0.51233,1.57730495344536,2.86714879470296
Unitrade Industries Bhd,UNITRAD,2025-03-31,0,1.36772,0.86865,0.08681,,,0.53022,1.64761819600778,2.60679923687486
Unitrade Industries Bhd,UNITRAD,2026-03-31,0,1.24485,0.8748,0.17967,,,0.47785,1.62947421859676,2.45222328638694
Uni Wall APS Holdings Bhd,UNIWALL,2021-06-30,0,1.52232,1.52232,0.0826,,,0.23493,0.526643039665051,15.8478726701703
Uni Wall APS Holdings Bhd,UNIWALL,2024-06-30,0,0.90803,0.73981,0.02905,,,0.28186,,
Uni Wall APS Holdings Bhd,UNIWALL,2025-06-30,0,0.95788,0.86239,0.00225,,,0.23457,0.494369357789818,14.6312597952535
Uoa Development Bhd,UOADEV,2022-12-31,0,6.64394,4.29748,1.01495,3.54,4.03,-0.30881,0.087028427255779,11.684788690082
Uoa Development Bhd,UOADEV,2023-12-31,0,8.04683,5.13386,1.26094,3.419,3.87,-0.36539,0.070225114582479,12.7575197433126
Uoa Development Bhd,UOADEV,2024-12-31,0,7.97111,4.77437,0.44722,4.46,5.012,-0.33015,0.0637260154064,13.8794457422009
Uoa Development Bhd,UOADEV,2025-12-31,0,7.4391,4.53062,0.47673,4.61,5.19,-0.30823,0.087523620196779,13.2722497216355
Uoa Development Bhd,UOADEV,2026-12-31,0,7.22564,4.51642,0.3525,7.129,8.05,-0.2847,0.10313585076913,13.7433925573362
UOA Real Estate Investment Trust,UOAREIT,2022-12-31,0,0.02289,,0.00802,3.53,6.259,0.40332,0.066553610411053,-0.729266338586342
UOA Real Estate Investment Trust,UOAREIT,2023-12-31,0,0.017,,0.00387,3.53,6.139,0.40183,0.066079482052138,-0.727544524884354
UOA Real Estate Investment Trust,UOAREIT,2024-12-31,0,0.02512,,0.00358,3.069,5.348,0.40542,0.065096007861496,-0.823429733643431
UOA Real Estate Investment Trust,UOAREIT,2025-12-31,0,0.02452,,0.00377,2.029,3.589,0.41932,0.062828907495374,-1.22333320064369
UOA Real Estate Investment Trust,UOAREIT,2026-12-31,0,0.02644,,0.00786,,,0.42034,0.068720982479286,-1.43950268940491
UPA Corporation Bhd,UPA,2021-12-31,0,8.63813,5.42079,2.87533,11.643,15.313,-0.20546,0.520262954369683,12.3428753851461
UPA Corporation Bhd,UPA,2022-12-31,0,7.12503,4.30618,2.209,9.7912,13.233,-0.16375,0.523553154005942,10.6433632411389
UPA Corporation Bhd,UPA,2023-12-31,0,6.91303,4.7751,2.97067,9.9326,13.0254,-0.22775,0.47982894574693,10.7162760819387
UPA Corporation Bhd,UPA,2024-12-31,0,7.42545,5.32859,2.95431,,,-0.2031,0.414968576185007,10.9783977312759
UPA Corporation Bhd,UPA,2025-12-31,0,6.58736,4.42775,2.28558,,,-0.15247,0.428370445676057,9.77184883934427
UCI Resources Bhd,UTAMA,2021-12-31,0,3.24822,2.53527,0.43614,,,-0.16299,0.937542142337874,15.9100800327886
UCI Resources Bhd,UTAMA,2022-12-31,0,3.46513,2.81788,0.47901,,,-0.12267,1.06076719541136,11.8134182788235
UCI Resources Bhd,UTAMA,2023-12-31,0,2.62139,2.03235,0.25873,,,0.07091,0.907534469702963,9.85108874157429
UCI Resources Bhd,UTAMA,2024-12-31,0,2.63877,2.10271,0.28189,,,0.03095,0.837889987292255,11.3800502029129
UCI Resources Bhd,UTAMA,2025-12-31,0,2.72561,2.0342,0.33844,,,-0.01276,0.712659568692187,12.3563411241055
United Plantations Bhd,UTDPLT,2022-12-31,0,3.88443,3.24773,0.38567,,,-0.17793,0.663669818160693,17.8690549947422
United Plantations Bhd,UTDPLT,2023-12-31,0,5.96034,4.69219,0.63077,,,-0.26305,0.777141458578752,21.4912346641865
United Plantations Bhd,UTDPLT,2024-12-31,0,6.3489,4.75673,0.73736,21.505,24.66,-0.21558,0.61200974415886,25.2069646303373
United Plantations Bhd,UTDPLT,2025-12-31,0,5.10202,3.78939,0.73851,21.979,25.312,-0.16723,0.675537422183917,37.5440162181799
United Plantations Bhd,UTDPLT,2026-12-31,0,5.0386,3.47594,0.36006,,,-0.14326,0.766242493618204,51.5823600965863
UUE Holdings Bhd,UUE,2023-02-28,0,1.87606,1.79511,0.37033,,,0.24765,1.15938483529498,
UUE Holdings Bhd,UUE,2024-02-28,0,2.53085,2.4345,0.60566,,,0.14317,1.2367714906275,
UUE Holdings Bhd,UUE,2025-02-28,0,2.04497,1.96839,0.39166,,,0.14325,1.2253884942916,
UUE Holdings Bhd,UUE,2026-02-28,0,2.53946,2.39794,0.43458,12.5,19.8,0.08905,1.13682101238018,11.9942881913984
UUE Holdings Bhd,UUE,2027-02-28,0,2.17297,2.12285,0.2029,,7.799,0.20396,1.01991036032477,8.4724737089679
UWC Bhd,UWC,2022-07-31,0,5.77123,4.44661,1.77816,28.609,34.67,-0.27249,0.890738929502265,134.569272230333
UWC Bhd,UWC,2023-07-31,0,6.43931,5.04891,0.85652,26.179,25.76,-0.13343,0.846187390048187,86.2105065586934
UWC Bhd,UWC,2024-07-31,0,10.34261,8.06835,3.43603,11.939,13.478,-0.30042,0.58986334812553,100.160699075285
UWC Bhd,UWC,2025-07-31,0,6.88437,5.44889,1.74766,3.118,3.563,-0.21607,0.505567518108329,58.1120538425332
UWC Bhd,UWC,2026-07-31,0,2.96232,2.17716,0.22364,7.21,8.894,0.01828,0.668166909391614,24.053694982236
Uzma Bhd,UZMA,2022-06-30,0,1.18817,1.097,0.2155,1.649,4.79,0.37774,0.304679065385207,1.06743437935392
Uzma Bhd,UZMA,2023-06-30,0,1.15285,1.04852,0.12643,1.04,2.44,0.35944,0.302803537642029,1.0263373746477
Uzma Bhd,UZMA,2024-06-30,0,0.97064,0.87696,0.08754,2.991,8.18,0.30184,0.372011160923732,0.943221829132716
Uzma Bhd,UZMA,2025-06-30,0,1.03437,0.88597,0.15566,3.541,9.065,0.39287,0.427678708817043,1.4777006283921
Uzma Bhd,UZMA,2026-06-30,0,1.01364,0.88757,0.09488,3.2,8.529,0.50513,0.430250258381295,1.02775772389494
Vantris Energy Bhd,VANTNRG,2023-01-31,1,0.21404,0.18697,0.02791,-16.95,-71.67,0.95162,0.211712909885896,-8.77115760180099
Vantris Energy Bhd,VANTNRG,2024-01-31,1,0.18221,0.15727,0.04506,-4.11,42.38,1.28483,0.316365400065028,-10.7328923279681
Vantris Energy Bhd,VANTNRG,2025-01-31,1,0.19774,0.1739,0.07039,,,1.43324,0.323491492690026,-11.0038111522193
Vantris Energy Bhd,VANTNRG,2026-01-31,1,0.37111,0.34755,0.11451,,,1.21561,0.331183003620062,-9.07289343690983
Vantris Energy Bhd,VANTNRG,2027-01-31,0,1.23526,1.11747,0.52504,,,0.44967,0.294866899152015,-0.208526533279842
Vanzo Holdings Bhd,VANZO,2021-09-30,0,2.30926,1.32833,0.65681,,,0.09996,,
Vanzo Holdings Bhd,VANZO,2022-09-30,0,3.16921,2.2886,0.48129,,,0.33896,2.95129103706029,
Vanzo Holdings Bhd,VANZO,2023-09-30,0,1.74336,1.11712,0.15486,,,0.50464,2.09269437707466,
Vanzo Holdings Bhd,VANZO,2024-09-30,0,1.86396,1.25749,0.15569,,,0.35449,1.94866151509463,
Vanzo Holdings Bhd,VANZO,2025-09-30,0,5.26575,3.33407,0.94111,,,-0.0736,2.01127430131146,17.1929123193353
Varia Bhd,VARIA,2021-06-30,0,1.26935,1.25447,0.05534,,,0.30821,0.474716868712409,2.57818740263738
Varia Bhd,VARIA,2022-06-30,0,1.29367,1.08607,,,,0.13509,0.30942483872881,2.14437904300931
Varia Bhd,VARIA,2023-06-30,0,1.43437,1.37158,0.04153,,,0.20652,0.418826988734809,2.29553551702132
Varia Bhd,VARIA,2025-06-30,0,1.07479,1.04241,0.07231,,,0.1989,,
Velesto Energy Bhd,VELESTO,2022-12-31,0,1.59167,1.19808,0.12177,-2.81,-4.009,0.09609,0.116871979782713,1.24382323038817
Velesto Energy Bhd,VELESTO,2023-12-31,0,1.35122,0.97885,0.24133,-3.29,-4.419,0.15726,0.190588328711244,1.4504673380591
Velesto Energy Bhd,VELESTO,2024-12-31,0,1.75879,1.29404,0.07072,3.209,4.179,0.08231,0.391744595415174,4.03219045080509
Velesto Energy Bhd,VELESTO,2025-12-31,0,1.39246,1.14063,0.1156,6.73,8.23,-0.02374,0.440343786343125,3.98644973147296
Velesto Energy Bhd,VELESTO,2026-12-31,0,1.5227,1.29367,0.30268,6.849,8.15,-0.05449,0.302474428958716,8.53143024345964
Velocity Capital Partner Bhd,VELOCITY,2021-06-30,0,22.15932,20.71594,,,,-0.31669,0.076107151349574,13.3815392347438
Velocity Capital Partner Bhd,VELOCITY,2022-06-30,0,31.08676,30.1845,,,,-0.27718,0.100638696048221,14.9280154528929
Velocity Capital Partner Bhd,VELOCITY,2023-06-30,0,14.671,14.17448,,,,-0.11822,0.09015268532152,5.23114536664092
Velocity Capital Partner Bhd,VELOCITY,2024-06-30,0,14.33734,14.05296,,,,-0.07448,0.136142968914288,7.02714000169858
Velocity Capital Partner Bhd,VELOCITY,2025-06-30,0,17.56767,17.24849,2.72016,,,-0.10398,0.091609702667404,9.69153668167189
Verdant Solar Holdings Bhd,VERDANT,2022-06-30,0,1.54901,0.89301,0.48016,,,0.17189,,
Verdant Solar Holdings Bhd,VERDANT,2023-06-30,0,2.00253,1.03708,0.49093,,,0.01617,3.16211770909494,
Verdant Solar Holdings Bhd,VERDANT,2024-06-30,0,1.44742,1.09331,0.9138,,,-1.43863,2.70709741407101,
Verdant Solar Holdings Bhd,VERDANT,2025-06-30,0,1.82264,1.37293,1.11619,,,-0.66151,2.6898539417196,
Versatile Creative Bhd,VERSATL,2022-03-31,0,2.21176,1.5297,1.00052,,,-0.1575,0.575117069493337,5.47473118606048
Versatile Creative Bhd,VERSATL,2023-03-31,0,1.25931,0.76169,0.36267,,,-0.12881,1.14616000027202,2.24411168568593
Versatile Creative Bhd,VERSATL,2024-03-31,0,1.2079,0.74673,0.47819,,,-0.15214,1.6742257578559,2.36001408316868
Versatile Creative Bhd,VERSATL,2025-03-31,0,1.63658,0.97427,0.61226,2.601,1.79,-0.10588,2.04878671072849,4.31834878753858
Versatile Creative Bhd,VERSATL,2026-03-31,0,1.61717,0.97885,0.63345,,,0.02698,2.05178589638668,3.65193132721587
VisDynamics Holdings Bhd,VIS,2021-10-31,0,4.27078,2.7687,1.25285,,,-0.45866,0.761794504356937,27.9902156236517
VisDynamics Holdings Bhd,VIS,2022-10-31,0,4.48523,3.11135,2.10028,,,-0.46414,0.678941791940602,14.4304611875073
VisDynamics Holdings Bhd,VIS,2023-10-31,0,9.89583,6.74453,4.05331,,,-0.4933,0.34201125603816,24.7667445616038
VisDynamics Holdings Bhd,VIS,2024-10-31,0,7.83136,4.71695,3.17098,,,-0.4158,0.11726656543939,18.6217354802364
VisDynamics Holdings Bhd,VIS,2025-10-31,0,6.33671,3.59718,2.24926,,,-0.33271,0.332232410395404,14.054687656288
ViTrox Corporation Bhd,VITROX,2022-12-31,0,3.38032,2.43303,1.18303,19.879,26.5,-0.29582,0.796856272165847,48.8785564060573
ViTrox Corporation Bhd,VITROX,2023-12-31,0,4.19182,3.18184,1.62637,19.261,25.325,-0.31466,0.719593248235304,35.9919991044585
ViTrox Corporation Bhd,VITROX,2024-12-31,0,5.1941,3.90741,0.9183,11.13,14.0,-0.32043,0.498940583735541,41.5582477550195
ViTrox Corporation Bhd,VITROX,2025-12-31,0,5.56087,4.19973,0.82905,7.61,9.13,-0.27335,0.46503331493613,48.8022619086794
ViTrox Corporation Bhd,VITROX,2026-12-31,0,3.40035,2.49868,0.4694,9.679,12.369,-0.25934,0.612555832924062,25.5149353313023
Vizione Holdings Bhd,VIZIONE,2022-05-31,0,2.48212,2.41062,0.05169,,,0.02329,,
Vizione Holdings Bhd,VIZIONE,2024-05-31,0,,,,,,,,
Vizione Holdings Bhd,VIZIONE,2025-05-31,0,2.28141,2.24679,0.09234,,,0.00194,,
Vestland Bhd,VLB,2022-12-31,0,1.28218,,0.03813,,,0.3261,1.18038537506029,
Vestland Bhd,VLB,2023-12-31,0,1.34768,,0.15736,,,0.21155,1.53661159001474,
Vestland Bhd,VLB,2024-12-31,0,1.28405,,0.1303,,,0.39354,0.985041570030662,3.48062837290827
Vestland Bhd,VLB,2025-12-31,0,1.20877,,0.07809,,22.292,0.51767,1.04655139245304,3.22791207470832
Vestland Bhd,VLB,2026-12-31,0,1.17974,,0.02264,,,0.59452,0.965346564875245,2.5070943737471
Volcano Bhd,VOLCANO,2021-06-30,0,8.59382,4.71816,1.95614,,,-0.15621,0.904357673682273,17.6068875155317
Volcano Bhd,VOLCANO,2024-06-30,0,6.24114,4.38935,2.4181,,,-0.21382,,
Volcano Bhd,VOLCANO,2025-06-30,0,3.66104,2.4066,1.00209,,,0.11161,0.604241761139827,5.88336751727862
VS Industry Bhd,VS,2022-07-31,0,1.86023,1.32982,,7.642,13.109,0.01087,1.26003113651425,7.77416277739401
VS Industry Bhd,VS,2023-07-31,0,1.80945,1.13108,0.20104,4.48,8.02,0.12285,1.07064070616361,5.81302208017023
VS Industry Bhd,VS,2024-07-31,0,2.50297,1.86892,0.61506,4.692,8.699,0.05992,1.16282514766269,6.21334993927075
VS Industry Bhd,VS,2025-07-31,0,2.50159,1.97304,0.64862,6.1,11.083,0.04781,1.04628085942743,7.13258710370341
VS Industry Bhd,VS,2026-07-31,0,2.13495,1.74483,0.73505,0.941,1.651,-0.00722,0.970828993286939,5.7034130821308
VSTECS Bhd,VSTECS,2022-12-31,0,2.06757,1.35051,0.2321,,,-0.18067,4.20942119652995,6.76038377212492
VSTECS Bhd,VSTECS,2023-12-31,0,2.196,1.35917,0.154,,,-0.07232,3.95163528641581,6.97943927109688
VSTECS Bhd,VSTECS,2024-12-31,0,2.10342,1.54895,0.41654,,14.939,-0.22517,3.54980420129292,6.70046004998103
VSTECS Bhd,VSTECS,2025-12-31,0,2.18891,1.52548,0.28485,8.38,14.72,-0.20119,3.41286607070923,9.57225180503658
VSTECS Bhd,VSTECS,2026-12-31,0,1.99034,1.46719,0.17275,10.07,18.26,-0.10963,3.66906531882516,8.29377748704112
VETECE Holdings Bhd,VTC,2021-08-31,0,8.0,,4.11709,,,-0.49803,,
VETECE Holdings Bhd,VTC,2022-08-31,0,1.38076,,0.76495,,,-1.03732,0.689185390936296,
VETECE Holdings Bhd,VTC,2023-08-31,0,4.32192,,0.99851,,,-0.06061,0.835307286776919,
VETECE Holdings Bhd,VTC,2024-08-31,0,28.71367,,24.11458,,,-0.64729,0.554616863808953,36.3256431307593
VETECE Holdings Bhd,VTC,2025-08-31,0,30.19276,,22.92953,,,-0.67677,1.01734664040455,71.8429396827891
Waja Konsortium Bhd,WAJA,2021-06-30,0,2.32106,2.15159,0.49029,,,-0.36582,1.36892755480572,4.15524712805771
Waja Konsortium Bhd,WAJA,2022-06-30,0,,,,,,,,
Waja Konsortium Bhd,WAJA,2023-06-30,0,,,,-9.6234,-19.2752,,,
Waja Konsortium Bhd,WAJA,2024-06-30,1,4.66805,,1.23346,-16.62,-39.338,-0.29283,,
Waja Konsortium Bhd,WAJA,2025-06-30,1,4.74089,,0.52489,,,-0.11978,0.420518569855055,6.38374581510651
Wang-Zheng Bhd,WANGZNG,2021-12-31,0,3.05883,2.46651,1.6353,,,-0.28826,0.82656655906721,7.05503995923145
Wang-Zheng Bhd,WANGZNG,2022-12-31,0,3.36715,2.50545,0.79373,-0.3449,-2.5403,-0.21577,0.97985632116201,7.34172964546861
Wang-Zheng Bhd,WANGZNG,2023-12-31,0,2.57365,1.87396,0.62905,9.3016,16.0432,-0.12177,0.980907064776335,6.01679105734756
Wang-Zheng Bhd,WANGZNG,2024-12-31,0,2.44267,1.64717,0.38962,7.442,12.28,-0.09836,1.02263252825732,5.43715953170713
Wang-Zheng Bhd,WANGZNG,2025-12-31,0,2.97865,2.0117,0.54684,5.943,8.356,-0.11672,1.07745903609822,5.46507066311826
Warisan TC Holdings Bhd,WARISAN,2021-12-31,0,0.96218,0.59457,0.13087,6.3274,8.867,0.25293,0.536887516380732,0.452143700126108
Warisan TC Holdings Bhd,WARISAN,2022-12-31,0,0.93681,0.58739,0.11932,8.9158,12.8486,0.31112,0.729341788255512,0.35695342401448
Warisan TC Holdings Bhd,WARISAN,2023-12-31,0,0.9041,0.55518,0.1137,7.719,10.46,0.33256,0.659660787534627,0.26087477734562
Warisan TC Holdings Bhd,WARISAN,2024-12-31,0,0.92095,0.43255,0.06591,,,0.4286,0.631465757357945,0.211590384425919
Warisan TC Holdings Bhd,WARISAN,2025-12-31,0,0.83198,0.53293,0.06433,,,0.50759,0.702526861748565,-0.929471363986544
Wasco Bhd,WASCO,2022-12-31,0,0.78472,0.64007,0.11058,-4.78,-16.64,0.4619,0.635353390099667,-0.288501755217686
Wasco Bhd,WASCO,2023-12-31,0,0.89421,0.76133,0.16414,-0.255,-1.078,0.40901,0.956980042633902,0.366866782755798
Wasco Bhd,WASCO,2024-12-31,0,0.9501,0.84099,0.17986,3.83,16.87,0.29681,0.920721542022226,1.00100068182783
Wasco Bhd,WASCO,2025-12-31,0,1.0861,0.89906,0.15162,5.22,19.78,0.23754,1.09128280272522,1.71133174299069
Wasco Bhd,WASCO,2026-12-31,0,1.45203,1.25635,0.20853,5.91,17.089,0.11497,0.963043692806749,2.8894561093626
Watta Holding Bhd,WATTA,2021-12-31,0,10.92106,10.5909,1.72377,,,-0.29295,0.177583743084704,6.23529234718586
Watta Holding Bhd,WATTA,2022-12-31,0,7.76412,7.38683,1.52602,,,-0.28564,0.167416818894399,5.96872077901298
Watta Holding Bhd,WATTA,2023-12-31,0,8.93538,8.76323,6.5791,,,-0.25791,0.131678547789135,6.21097817406245
Watta Holding Bhd,WATTA,2024-12-31,0,8.01974,7.91929,,,,-0.22659,0.101963747085607,4.72920909749657
Watta Holding Bhd,WATTA,2025-12-31,0,,,,,,,0.067431878628704,4.19102330249224
WAVEFRONT Bhd,WAVEFRNT,2023-03-31,0,1.76628,1.22818,0.34304,,-1.307,0.05565,1.36673790673941,1.3996514500968
WAVEFRONT Bhd,WAVEFRNT,2024-03-31,0,2.86999,2.46598,1.29161,-9.039,-16.71,-0.17025,0.814646654464828,-0.72049456210003
WAVEFRONT Bhd,WAVEFRNT,2025-03-31,0,3.38459,3.0818,1.51231,,,-0.25221,0.595024055941414,-0.550635015674263
WAVEFRONT Bhd,WAVEFRNT,2026-03-31,0,2.62966,2.33841,1.23155,,,-0.24029,0.461634314138232,-0.792875894522367
WAVEFRONT Bhd,WAVEFRNT,2027-03-31,0,3.2916,2.87719,2.00902,,,-0.39655,0.608389899807694,5.2017776148509
WCE Holdings Bhd,WCEHB,2022-03-31,0,1.22182,,0.0333,-41.3404,-82.8247,0.70129,0.096627977169208,-0.059976762198294
WCE Holdings Bhd,WCEHB,2023-03-31,0,2.35954,,0.02261,-19.8656,-56.7481,0.65264,0.074049385154996,0.454487914017509
WCE Holdings Bhd,WCEHB,2024-03-31,0,1.1323,,0.11974,,,0.74028,0.083441624790614,0.248749485983133
WCE Holdings Bhd,WCEHB,2025-03-31,0,0.65111,,0.08925,,,0.79813,0.0817023673963,-0.071621903069664
WCE Holdings Bhd,WCEHB,2026-03-31,0,0.71978,,0.39192,,,0.79764,0.101583473671442,-0.050862336776641
WCT Holdings Bhd,WCT,2022-12-31,0,1.15936,0.88414,0.04345,1.149,2.91,0.41437,0.201991274292784,0.412429898009544
WCT Holdings Bhd,WCT,2023-12-31,0,1.27504,1.01141,0.03396,1.54,4.15,0.40795,0.254630667414921,0.792321374386472
WCT Holdings Bhd,WCT,2024-12-31,0,1.25851,1.06201,0.04322,-2.999,-8.422,0.42236,0.203560456936836,0.523909165693096
WCT Holdings Bhd,WCT,2025-12-31,0,0.99184,0.84479,0.03271,3.14,8.975,0.43193,0.206358531027816,0.477491611087254
WCT Holdings Bhd,WCT,2026-12-31,0,1.37277,1.18651,0.18009,0.57,1.439,0.33216,0.238005781516482,1.21577182319689
Wegmans Holdings Bhd,WEGMANS,2022-12-31,0,1.59664,0.60327,0.20251,,,0.31924,0.542802767153116,3.22968868783178
Wegmans Holdings Bhd,WEGMANS,2023-12-31,0,2.27445,1.11208,0.46371,,,0.21044,0.752602286439409,4.77021758222421
Wegmans Holdings Bhd,WEGMANS,2024-12-31,0,2.60721,1.2273,0.71268,,,0.12587,0.615201192395315,4.80850042089701
Wegmans Holdings Bhd,WEGMANS,2025-12-31,0,2.49646,1.30649,0.76808,,,0.08145,0.546227070843923,4.4663899395285
Wegmans Holdings Bhd,WEGMANS,2026-12-31,0,2.47872,1.44895,0.78059,,,0.00463,0.585651051258624,3.9916441251373
Wellcall Holdings Bhd,WELLCAL,2022-09-30,0,4.03752,3.19315,1.92582,23.69,27.539,-0.48445,1.05972054070381,24.8689866189618
Wellcall Holdings Bhd,WELLCAL,2023-09-30,0,3.56523,2.60369,1.67508,22.481,26.398,-0.5039,1.12067701205678,22.5954121706895
Wellcall Holdings Bhd,WELLCAL,2024-09-30,0,3.97184,3.15221,1.84035,,42.515,-0.53142,1.29748161976076,29.2618490995705
Wellcall Holdings Bhd,WELLCAL,2025-09-30,0,4.09016,3.16673,1.90558,27.352,33.141,-0.48377,1.19567516437686,31.6115367238521
Wellcall Holdings Bhd,WELLCAL,2026-09-30,0,3.28969,2.30699,1.17587,26.753,31.699,-0.29262,1.03382973491609,27.5646336434132
Well Chip Group Bhd,WELLCHIP,2022-12-31,0,1.80114,1.61757,0.07939,,,0.31497,0.319711923179515,
Well Chip Group Bhd,WELLCHIP,2023-12-31,0,1.65999,1.51887,0.03468,,,0.45355,0.411361244762867,
Well Chip Group Bhd,WELLCHIP,2024-12-31,0,1.70479,1.5872,0.04567,,,0.47636,0.437825265425185,
Well Chip Group Bhd,WELLCHIP,2025-12-31,0,2.68858,2.57614,0.07599,,,0.16972,0.376048160259696,7.82323647233441
Well Chip Group Bhd,WELLCHIP,2026-12-31,0,1.97534,1.91285,0.03469,,,0.41121,0.328243166521093,6.60506104373698
Wellspire Holdings Bhd,WELLS,2022-12-31,0,1.86358,1.48265,0.35839,,,0.24542,4.02711209472405,
Wellspire Holdings Bhd,WELLS,2023-12-31,0,3.85743,3.07727,1.04487,,,-0.12899,3.35607137452288,
Wellspire Holdings Bhd,WELLS,2024-12-31,0,10.41266,9.49438,6.26175,,,-0.58911,2.23112443721646,54.3745996406744
Wellspire Holdings Bhd,WELLS,2025-12-31,0,4.9587,4.15235,2.20216,,,-0.46796,1.6930841580467,25.9281643131391
Wellspire Holdings Bhd,WELLS,2026-12-31,0,8.7517,7.78777,3.10681,,,-0.4905,1.60946359516165,31.3373625891893
Wentel Engineering Holdings Bhd,WENTEL,2022-12-31,0,3.87964,2.98772,0.91204,,,-0.08171,1.06669181813541,
Wentel Engineering Holdings Bhd,WENTEL,2023-12-31,0,4.91309,3.97891,2.12256,,,-0.31193,1.17511411303555,
Wentel Engineering Holdings Bhd,WENTEL,2024-12-31,0,5.20086,4.09881,1.32319,,,-0.2563,0.877138436395743,
Wentel Engineering Holdings Bhd,WENTEL,2025-12-31,0,6.11298,5.17098,1.35591,,,-0.43522,0.677806877822472,17.5919687794545
Wentel Engineering Holdings Bhd,WENTEL,2026-12-31,0,5.34196,4.21553,2.00034,,,-0.2067,0.639347694105946,18.9311007812255
West River Bhd,WESTRVR,2021-12-31,0,1.64058,1.63745,0.23167,,,0.3085,0.928109559934427,
West River Bhd,WESTRVR,2022-12-31,0,1.71889,1.71526,0.21696,,,0.29898,1.38226092170026,
West River Bhd,WESTRVR,2023-12-31,0,1.72525,1.72032,0.24032,,,0.05082,1.97707181914869,
West River Bhd,WESTRVR,2024-12-31,0,1.97695,1.97643,0.20118,,,0.09192,1.69905547307574,
West River Bhd,WESTRVR,2025-12-31,0,2.64621,2.6439,0.1426,,,-0.31051,1.23374991734077,6.70210546330514
Whitman Holdings Bhd,WHITMAN,2023-12-31,0,1.67004,,0.51663,,,-0.33398,,
Whitman Holdings Bhd,WHITMAN,2024-12-31,0,1.49545,,0.51605,,,-0.41592,2.37361455857497,
Whitman Holdings Bhd,WHITMAN,2025-12-31,0,2.41464,,1.35697,,,-0.70528,2.07344050985931,
Widad Group Bhd,WIDAD,2021-12-31,0,1.15368,,0.4348,,,0.31509,0.137558796075486,2.64572684996862
Widad Group Bhd,WIDAD,2022-12-31,0,2.66975,,1.11146,,,0.26473,0.179057266551494,4.92714052299139
Widad Group Bhd,WIDAD,2023-12-31,0,3.09248,,0.86809,,,0.33442,0.229008540920913,5.11307528649709
Widad Group Bhd,WIDAD,2024-12-31,0,2.71274,,0.60954,,,0.34084,0.1274357080696,2.81586309221179
Widad Group Bhd,WIDAD,2025-12-31,0,2.23961,,0.71121,,,0.40922,0.145781512587809,-0.06483682499385
Willowglen MSC Bhd,WILLOW,2021-12-31,0,6.08941,6.0074,2.72168,,,-0.40978,0.806187687217776,14.2526119345987
Willowglen MSC Bhd,WILLOW,2022-12-31,0,5.73252,5.61382,1.64933,,,-0.24801,0.859350415447552,12.6820113454002
Willowglen MSC Bhd,WILLOW,2023-12-31,0,4.39751,4.27424,1.17422,,,-0.19642,0.840411390752945,10.2835546394688
Willowglen MSC Bhd,WILLOW,2024-12-31,0,4.48968,4.31238,1.10503,,,-0.21819,0.843261112681422,10.2860729925929
Willowglen MSC Bhd,WILLOW,2025-12-31,0,4.73168,4.55751,1.0339,,,-0.19183,0.86899415845199,9.93738786319152
Winstar Capital Bhd,WINSTAR,2021-12-31,0,1.38227,0.72494,0.06705,,,0.39567,,
Winstar Capital Bhd,WINSTAR,2022-12-31,0,1.48102,0.63648,0.06469,,,0.33647,0.890176277652354,
Winstar Capital Bhd,WINSTAR,2023-12-31,0,1.44804,0.71776,0.06704,,,0.37857,0.987912911323,
Winstar Capital Bhd,WINSTAR,2024-12-31,0,1.41747,0.82555,0.05442,,,0.41057,0.919004889719231,2.93639287409983
Winstar Capital Bhd,WINSTAR,2025-12-31,0,1.48826,0.84394,0.06092,,,0.44735,0.833581745373017,3.12796575457202
Wong Engineering Corporation Bhd,WONG,2021-10-31,0,3.89926,2.94934,1.20099,-6.4844,-7.786,-0.0822,0.800348164895538,11.377002500271
Wong Engineering Corporation Bhd,WONG,2022-10-31,0,3.51775,2.2107,0.91763,,,0.04634,0.671457991899984,6.51681754181862
Wong Engineering Corporation Bhd,WONG,2023-10-31,0,4.25142,3.04289,1.84259,2.335,2.575,0.1407,0.436936612979357,4.17551964609962
Wong Engineering Corporation Bhd,WONG,2024-10-31,0,2.15011,1.59277,0.95675,,,0.19339,0.309555617667138,2.44060171178454
Wong Engineering Corporation Bhd,WONG,2025-10-31,0,1.35552,0.95948,0.22071,,,0.27084,0.40417627962227,1.54454144349682
Woodlandor Holdings Bhd,WOODLAN,2021-06-30,0,1.26731,0.91695,0.06031,1.6531,1.2764,0.03726,,
Woodlandor Holdings Bhd,WOODLAN,2022-06-30,0,2.02932,1.5739,0.69288,1.3458,0.9037,-0.16523,0.163921904954193,4.96762095508832
Woodlandor Holdings Bhd,WOODLAN,2023-06-30,0,1.67699,1.21629,0.0689,-1.971,-5.2392,-0.08216,0.227136870330997,3.56758588085045
Woodlandor Holdings Bhd,WOODLAN,2024-06-30,0,1.40799,1.04334,0.03998,,,-0.05002,0.316798687952571,2.87424399811358
Woodlandor Holdings Bhd,WOODLAN,2025-06-30,0,1.84717,1.36706,0.06578,,,-0.04003,0.346603054417612,3.97639197358634
Westports Holdings Bhd,WPRTS,2022-12-31,0,1.3284,1.32131,0.79291,15.14,27.14,0.11832,0.37876441844617,9.31143147525547
Westports Holdings Bhd,WPRTS,2023-12-31,0,1.35302,1.34437,0.8017,13.08,21.859,0.11316,0.38684007247273,9.65325045263336
Westports Holdings Bhd,WPRTS,2024-12-31,0,1.43534,1.42666,0.84626,14.68,22.94,0.07662,0.405222256023415,10.3712064544576
Westports Holdings Bhd,WPRTS,2025-12-31,0,1.44751,1.43875,0.93746,13.692,24.476,0.07688,0.357414446350249,6.90971620721351
Westports Holdings Bhd,WPRTS,2026-12-31,0,1.08364,1.07543,0.64663,11.98,25.0,0.04112,0.374928342800842,6.65351191524678
WTEC Group Bhd,WTEC,2021-12-31,0,2.2629,2.03535,0.81037,,,-0.1085,,
WTEC Group Bhd,WTEC,2022-12-31,0,2.58923,2.35158,1.05996,,,-0.17599,1.33769540200621,
WTEC Group Bhd,WTEC,2023-12-31,0,2.47827,2.14203,0.50314,,,-0.14087,1.22112036881408,
WTEC Group Bhd,WTEC,2024-12-31,0,2.5437,2.05387,0.68229,,,-0.11137,1.21034815685088,
WTEC Group Bhd,WTEC,2025-12-31,0,6.40848,5.77556,1.33365,,,-0.49123,0.87799956547499,13.6865472565474
White Horse Bhd,WTHORSE,2021-12-31,0,2.90238,1.88749,0.8561,2.196,3.573,-0.15884,0.497315586515736,5.43343765334121
White Horse Bhd,WTHORSE,2022-12-31,0,2.86545,1.47643,0.31859,0.468,0.714,-0.05827,0.544219880015447,5.13744511949496
White Horse Bhd,WTHORSE,2023-12-31,0,3.18463,1.89334,0.41199,-2.554,-3.796,-0.10872,0.557671262858394,5.15046779039786
White Horse Bhd,WTHORSE,2024-12-31,0,3.33424,1.9744,0.33106,-6.48,-9.619,-0.10209,0.597132692144012,5.47010379507495
White Horse Bhd,WTHORSE,2025-12-31,0,3.95525,2.41557,0.44498,,,-0.16434,0.547282871711678,5.97266037787262
W T K Holdings Bhd,WTK,2021-12-31,0,2.59454,2.27286,0.26651,3.253,4.408,-0.10976,0.342943193538565,3.78230390727434
W T K Holdings Bhd,WTK,2022-12-31,0,2.46844,2.01734,,,-0.126,-0.09521,0.417000625898076,3.9031768916787
W T K Holdings Bhd,WTK,2023-12-31,0,1.90609,1.52729,,,-14.823,0.08142,0.459550325182134,2.54446194680421
W T K Holdings Bhd,WTK,2024-12-31,0,1.90182,1.56212,,,7.129,0.17208,0.491807190465804,2.13120170926789
W T K Holdings Bhd,WTK,2025-12-31,0,2.50046,2.19291,,,-10.66,0.13071,0.411986612410696,3.27192501416057
XiDeLang Holdings Ltd,XDL,2021-12-31,0,13.89073,13.74706,11.74572,22.803,31.157,-0.57672,,
XiDeLang Holdings Ltd,XDL,2022-12-31,0,4.98583,4.95634,4.1425,,,-0.6074,0.290398956893343,5.8206874999585
XiDeLang Holdings Ltd,XDL,2023-12-31,0,7.31041,7.24834,6.20307,,10.989,-0.5811,0.307292062066564,6.89383443474411
XiDeLang Holdings Ltd,XDL,2024-12-31,0,,,,,,,,
XiDeLang Holdings Ltd,XDL,2025-12-31,0,11.63034,11.55867,4.9042,,,-0.24326,,
Xin Synergy Group Bhd,XIN,2022-03-31,0,5.09517,3.39494,0.59987,,,-0.0279,0.170907908105458,16.2142444167299
Xin Synergy Group Bhd,XIN,2023-03-31,0,3.08913,1.80912,0.14043,3.3597,3.6361,0.00711,0.123855135181325,3.37369992519895
Xin Synergy Group Bhd,XIN,2024-03-31,0,4.97195,2.94823,1.26006,2.6557,2.698,-0.07126,0.314618706367613,3.28547802710382
Xin Synergy Group Bhd,XIN,2025-03-31,0,7.21701,5.66373,2.53738,,,-0.14317,0.104829443751601,7.09870395553295
Xin Synergy Group Bhd,XIN,2026-03-31,0,6.86093,4.03814,1.17776,,,-0.03772,0.061306917795347,6.37328114185394
Xin Hwa Holdings Bhd,XINHWA,2022-03-31,0,1.6875,1.67936,0.6839,,,0.30311,0.281493868293365,1.73991209244291
Xin Hwa Holdings Bhd,XINHWA,2023-03-31,0,1.03469,0.89776,0.16257,,,0.39528,0.310735208789254,0.798181822969449
Xin Hwa Holdings Bhd,XINHWA,2024-03-31,0,0.60339,0.5534,0.08598,9.0,14.4,0.4335,0.294706504886843,0.243362428685134
Xin Hwa Holdings Bhd,XINHWA,2025-03-31,0,0.42694,0.40091,0.05569,,,0.41999,0.334203397981967,-0.10784875772871
Xin Hwa Holdings Bhd,XINHWA,2026-03-31,0,0.48642,0.46184,0.05899,,,0.3923,0.401941830308225,0.15958819782006
XL Holdings Bhd,XL,2022-04-30,0,3.46027,3.15842,1.22445,12.3849,14.5913,-0.11705,1.09492185090512,6.35945752805451
XL Holdings Bhd,XL,2023-04-30,0,,,,9.7527,11.4222,,,
XL Holdings Bhd,XL,2024-04-30,0,13.18017,8.30577,1.79624,4.7583,4.9954,-0.04443,,
XL Holdings Bhd,XL,2025-04-30,0,20.0536,11.80583,5.68739,1.866,1.212,-0.13738,0.541420733338729,36.932000519954
XL Holdings Bhd,XL,2026-04-30,0,10.1206,6.28386,0.98558,,,-0.00493,0.544759475631411,15.8192018575385
XOX Bhd,XOX,2021-09-30,0,2.15584,2.07386,1.51957,,,-0.47366,0.871008353331525,1.49875235786736
XOX Bhd,XOX,2022-09-30,0,1.53546,1.43626,0.78971,,,-0.29608,0.766464652529819,-1.70229503204979
XOX Bhd,XOX,2023-09-30,0,1.06995,0.95297,0.33748,,,0.27152,0.773565876771892,-3.14466261402913
XOX Bhd,XOX,2024-09-30,0,0.7844,0.71565,0.21092,,,0.03209,0.729180526202244,-0.537480165739999
XOX Bhd,XOX,2025-09-30,0,0.89902,0.83025,0.35063,,,-0.14995,0.828358709627362,1.44610961732425
Express Powerr Solutions (M) Bhd,XPB,2021-12-31,0,3.37309,,0.05249,,,0.00089,,
Express Powerr Solutions (M) Bhd,XPB,2022-12-31,0,1.99769,,0.53542,,,-0.08797,1.18577991725123,
Express Powerr Solutions (M) Bhd,XPB,2023-12-31,0,2.01856,,0.68663,,,-0.05538,1.19383144315775,
Express Powerr Solutions (M) Bhd,XPB,2024-12-31,0,1.67293,,0.75757,,,-0.10865,1.42946195599915,
Express Powerr Solutions (M) Bhd,XPB,2025-12-31,0,7.5274,7.45414,2.70407,,,-0.22297,0.672903269963234,11.2975849668533
Y&G Corporation Bhd,Y&G,2021-12-31,0,3.9966,2.57047,0.87018,-3.4306,-15.9227,0.01905,0.194130024903315,6.6345076437138
Y&G Corporation Bhd,Y&G,2022-12-31,0,4.35319,3.64125,2.21252,-2.7154,-16.1401,-0.12707,0.167113624326181,5.32380098974513
Y&G Corporation Bhd,Y&G,2023-12-31,0,5.9948,5.42938,2.76926,-1.54,-9.768,-0.03825,0.098675545614576,5.44374468266382
Y&G Corporation Bhd,Y&G,2024-12-31,0,4.86507,3.75882,1.4719,-4.391,-17.089,0.00707,0.049179023718215,4.4795426879544
Y&G Corporation Bhd,Y&G,2025-12-31,0,2.96132,2.32733,0.51313,,,0.04151,0.140682792871603,3.5155953950012
YB Ventures Bhd,YB,2021-06-30,0,,,,4.746,5.372,,,
YB Ventures Bhd,YB,2023-06-30,0,4.4333,2.74607,0.50997,,,-0.10657,,
YB Ventures Bhd,YB,2024-06-30,0,2.4239,1.27152,0.2867,,,0.02223,0.184899761026048,2.68509868305851
YB Ventures Bhd,YB,2025-06-30,0,1.83625,0.79864,0.12407,,,0.07677,0.213581455312796,1.17373951920604
YBS International Bhd,YBS,2023-03-31,0,2.17685,1.50492,0.40086,,,0.29489,0.662995152135062,5.00446701572782
YBS International Bhd,YBS,2024-03-31,0,1.6276,1.09867,0.29384,,,0.32466,0.606558337643988,3.88772141860611
YBS International Bhd,YBS,2025-03-31,0,1.39786,0.97977,0.38319,,,0.31126,0.611533129692905,3.5544802832355
YBS International Bhd,YBS,2026-03-31,0,1.83098,1.39137,0.61127,,,0.17519,0.612309758644066,3.13087357129669
YBS International Bhd,YBS,2027-03-31,0,1.81506,1.61419,0.11869,,,0.48166,0.468265858260035,2.73740974237206
Yenher Holdings Bhd,YENHER,2022-12-31,0,7.20159,5.69942,1.06193,,,-0.32813,1.39932029681514,14.6246219503692
Yenher Holdings Bhd,YENHER,2023-12-31,0,7.5164,6.0134,1.41585,,,-0.28234,1.52507446352179,14.6541394862336
Yenher Holdings Bhd,YENHER,2024-12-31,0,6.71956,5.18813,1.52352,,,-0.33418,1.24714241088783,12.855969589248
Yenher Holdings Bhd,YENHER,2025-12-31,0,6.17398,4.67458,1.6259,7.698,8.5,-0.24056,0.973141492743988,13.1747756687593
Yenher Holdings Bhd,YENHER,2026-12-31,0,4.07174,3.03397,0.50801,6.919,7.889,-0.11949,0.971494204297784,9.81085299530115
Yew Lee Pacific Group Bhd,YEWLEE,2022-12-31,0,7.48998,6.08676,1.78371,,,-0.2119,0.864843894169838,
Yew Lee Pacific Group Bhd,YEWLEE,2023-12-31,0,15.49777,14.07737,1.94921,,,-0.64116,0.431604182057033,30.3643630076878
Yew Lee Pacific Group Bhd,YEWLEE,2024-12-31,0,15.19533,14.0868,2.16521,,,-0.56931,0.265264612986242,52.5676384101962
Yew Lee Pacific Group Bhd,YEWLEE,2025-12-31,0,12.76298,11.71526,1.42801,,,-0.53668,0.271950216679918,56.8239975588488
Yew Lee Pacific Group Bhd,YEWLEE,2026-12-31,0,19.07738,17.84409,4.3378,,,-0.5729,0.231089871591792,58.9709862049775
Yinson Holdings Berhad,YINSON,2023-01-31,0,2.21565,2.21503,1.60074,2.96,18.899,0.43695,0.266287697021151,2.29914745856383
Yinson Holdings Berhad,YINSON,2024-01-31,0,0.97911,0.97214,0.38524,3.399,17.92,0.49675,0.366991643454039,1.52686037033327
Yinson Holdings Berhad,YINSON,2025-01-31,0,1.04525,1.02842,0.56372,4.012,14.645,0.54455,0.485745865571104,1.45580705865061
Yinson Holdings Berhad,YINSON,2026-01-31,0,1.58315,1.56371,0.84125,2.77,14.171,0.55803,0.279185022026432,1.77337110194732
Yinson Holdings Berhad,YINSON,2027-01-31,0,1.98535,1.97023,0.9952,2.48,11.029,0.46638,0.195561215208295,2.34851401193212
YLI Holdings Bhd,YLI,2022-03-31,0,1.38932,0.56905,0.12568,13.13,14.35,0.24513,0.436121824295682,1.44611002293918
YLI Holdings Bhd,YLI,2023-03-31,0,1.45115,0.52274,0.20334,8.2066,8.9221,0.18488,0.399202082627836,2.06305958328711
YLI Holdings Bhd,YLI,2024-03-31,0,3.38175,1.33075,0.84426,6.701,7.3226,-0.10929,0.324122647067074,6.19569415818782
YLI Holdings Bhd,YLI,2025-03-31,0,2.31301,1.09848,0.42275,6.978,7.606,0.05177,0.223791412644257,0.80024303495876
YLI Holdings Bhd,YLI,2026-03-31,0,2.56073,1.84826,0.8293,5.235,5.683,-0.01801,0.337267687960977,0.040898617137711
Ynh Property Bhd,YNHPROP,2021-06-30,0,0.77455,0.14552,0.03575,,,0.37944,0.093514555422167,1.28457325228314
Ynh Property Bhd,YNHPROP,2022-06-30,0,,,,,,,,
Ynh Property Bhd,YNHPROP,2023-06-30,0,,,,1.06,2.017,,,
Ynh Property Bhd,YNHPROP,2024-06-30,0,1.08879,0.24589,0.0473,,,0.40432,,
Ynh Property Bhd,YNHPROP,2025-06-30,0,1.13403,0.44919,0.03561,,,0.33306,0.17273865362736,0.560828667183881
Yoong Onn Corporation Bhd,YOCB,2022-06-30,0,8.63915,5.66187,1.01156,,,-0.39001,0.766530562041905,12.8349912591418
Yoong Onn Corporation Bhd,YOCB,2023-06-30,0,8.56251,6.17547,2.07787,,,-0.4241,0.771586197559696,13.3026490303178
Yoong Onn Corporation Bhd,YOCB,2024-06-30,0,10.70415,6.96425,2.35987,,,-0.40177,0.811981000901699,15.3414243647107
Yoong Onn Corporation Bhd,YOCB,2025-06-30,0,5.42653,3.62312,2.07709,,,-0.29923,0.735547929411446,11.6976740044332
Yoong Onn Corporation Bhd,YOCB,2026-06-30,0,6.61855,4.67913,1.79603,4.161,5.014,-0.30315,0.737437612266842,10.4461512221514
Yong Tai Bhd,YONGTAI,2022-06-30,0,1.33293,0.46858,0.00843,,,0.2501,0.109459257334074,1.102086433637
Yong Tai Bhd,YONGTAI,2023-06-30,0,1.07055,0.36339,0.00565,,,0.40457,0.076761882558433,-3.85052319554774
Yong Tai Bhd,YONGTAI,2024-06-30,0,1.04691,0.33341,0.01617,,,0.40914,0.154054106760652,-1.63330437785585
Yong Tai Bhd,YONGTAI,2025-06-30,0,1.21185,0.58618,0.02465,,,0.38548,0.048959474223672,-0.918968568715989
Yong Tai Bhd,YONGTAI,2026-06-30,0,1.04953,0.51752,0.01844,,,0.43173,0.057908317686606,-2.10900841860986
Y.s.p. Southeast Asia Holding Bhd,YSPSAH,2021-12-31,0,5.0323,3.24411,1.984,,,-0.18119,0.628804399355267,8.23515260873491
Y.s.p. Southeast Asia Holding Bhd,YSPSAH,2022-12-31,0,5.08298,3.29892,1.97039,5.732,7.229,-0.23702,0.725210350229335,9.74341203150668
Y.s.p. Southeast Asia Holding Bhd,YSPSAH,2023-12-31,0,5.16423,3.2454,1.15236,7.758,10.037,-0.16992,0.713712008122358,8.65857895110479
Y.s.p. Southeast Asia Holding Bhd,YSPSAH,2024-12-31,0,5.69592,3.68379,0.93496,,7.089,-0.18246,0.70255163733,8.74737342628431
Y.s.p. Southeast Asia Holding Bhd,YSPSAH,2025-12-31,0,5.26639,3.56306,2.08893,,,-0.20426,0.682586168055868,8.3543146693624
YTL Corporation Bhd,YTL,2022-06-30,0,1.45449,1.36371,0.14294,-0.955,-2.927,0.48343,0.240247320477928,1.2830955718041
YTL Corporation Bhd,YTL,2023-06-30,0,1.5535,1.4334,0.24494,2.899,1.05,0.50066,0.330157440196382,1.42614692586466
YTL Corporation Bhd,YTL,2024-06-30,0,1.59238,1.48298,0.21249,1.335,7.535,0.46225,0.383516409468972,1.69394625707498
YTL Corporation Bhd,YTL,2025-06-30,0,1.62714,1.50036,0.09045,2.517,13.94,0.44092,0.355935193507311,2.27183455363592
YTL Corporation Bhd,YTL,2026-06-30,0,1.67361,1.56605,0.14091,5.9,11.029,0.42183,0.328001982694979,2.05960977308493
YTL Power International Bhd,YTLPOWR,2022-06-30,0,1.88988,1.84198,0.16058,,,0.46826,0.217406743325713,1.42676612235337
YTL Power International Bhd,YTLPOWR,2023-06-30,0,1.93577,1.8563,0.38154,3.209,12.284,0.48317,0.344386000766964,1.58755483659362
YTL Power International Bhd,YTLPOWR,2024-06-30,0,1.66766,1.60196,0.24631,3.669,13.009,0.44837,0.3963598236922,1.78580612453396
YTL Power International Bhd,YTLPOWR,2025-06-30,0,1.71234,1.60768,0.08071,5.502,18.789,0.43729,0.351031668099924,2.58166294238719
YTL Power International Bhd,YTLPOWR,2026-06-30,0,1.76696,1.68617,0.1268,3.399,11.609,0.4202,0.305582004083674,2.35564394930378
YTL Hospitality REIT,YTLREIT,2022-06-30,0,0.96313,0.96095,0.57109,0.925,1.673,0.41304,0.068219971752387,1.05177162390172
YTL Hospitality REIT,YTLREIT,2023-06-30,0,0.20141,0.20067,0.10175,1.149,2.049,0.40634,0.074453117230762,0.349764859889386
YTL Hospitality REIT,YTLREIT,2024-06-30,0,0.68414,0.68196,0.33324,3.1,5.469,0.37852,0.097079344112704,1.00631358325543
YTL Hospitality REIT,YTLREIT,2025-06-30,0,0.202,0.20149,0.09094,3.69,6.62,0.39365,0.10495948648711,0.006098724919187
YTL Hospitality REIT,YTLREIT,2026-06-30,0,0.26996,0.26941,0.10494,2.969,5.469,0.39032,0.100684627334909,0.189537919373098
YX Precious Metals Bhd,YXPM,2022-12-31,0,3.81923,1.39136,0.43786,,,0.11732,3.4408033346947,
YX Precious Metals Bhd,YXPM,2023-12-31,0,14.80851,5.52597,3.73506,,,-0.1945,3.18821169737651,18.7712327549519
YX Precious Metals Bhd,YXPM,2024-12-31,0,32.02181,9.43243,5.63237,,,-0.16062,2.21441598677619,34.477049248579
YX Precious Metals Bhd,YXPM,2025-12-31,0,7.97679,1.74236,0.63152,,,0.01,1.98253888094769,12.5266336991524
YX Precious Metals Bhd,YXPM,2026-12-31,0,3.90436,0.70056,0.21839,,,0.13729,1.71374554621034,8.47887321235159
Zantat Holdings Bhd,ZANTAT,2021-12-31,0,1.36625,1.09152,0.06897,,,0.2374,1.22338339281417,
Zantat Holdings Bhd,ZANTAT,2022-12-31,0,1.33207,1.04872,0.14937,,,0.20055,1.14690019432451,
Zantat Holdings Bhd,ZANTAT,2023-12-31,0,1.76527,1.42162,0.21654,,,0.02482,1.25893677944222,
Zantat Holdings Bhd,ZANTAT,2024-12-31,0,1.87805,1.51874,0.15941,,,-0.05577,1.02001764484285,5.04476849299435
Zantat Holdings Bhd,ZANTAT,2025-12-31,0,1.92911,1.44905,0.26748,,,0.03413,0.909716492547484,3.13349318748364
Zecon Bhd,ZECON,2021-12-31,0,,,,4.759,6.619,,,
Zecon Bhd,ZECON,2022-12-31,0,0.18555,0.17859,0.02533,3.682,2.505,0.61654,,
Zecon Bhd,ZECON,2023-12-31,0,0.20512,0.19999,0.0319,,0.574,0.60102,0.053206301617419,-2.92108090329972
Zecon Bhd,ZECON,2024-12-31,0,0.68658,0.66364,0.10041,,3.156,0.60416,0.040269937912377,0.248045288329285
Zecon Bhd,ZECON,2025-12-31,0,0.82376,0.65334,0.16978,,,0.57544,0.060535124108164,0.494153616526192
Zelan Bhd,ZELAN,2021-12-31,0,0.31921,,0.01787,,,0.84791,0.053651120477802,
Zelan Bhd,ZELAN,2022-12-31,0,0.27728,,0.01575,,,0.82777,0.061151240522231,
Zelan Bhd,ZELAN,2023-12-31,1,1.63595,,0.043,,,0.70996,0.039228033471451,
Zelan Bhd,ZELAN,2024-12-31,1,0.32605,,0.02032,,-56.595,1.31761,0.065809588456711,
Zelan Bhd,ZELAN,2025-12-31,1,0.25603,,0.01231,,-41.875,1.68581,0.0680755946302,
Zetrix AI Bhd,ZETRIX,2022-12-31,0,2.69718,2.62107,0.30368,19.149,23.44,0.04498,0.437456273431305,28.03119317128
Zetrix AI Bhd,ZETRIX,2023-12-31,0,2.50201,2.42601,0.16579,18.019,23.289,0.17275,0.294400016639232,13.980293997747
Zetrix AI Bhd,ZETRIX,2024-12-31,0,4.00752,3.91753,0.21056,16.91,23.85,0.25854,0.268959462123456,10.6896579268114
Zetrix AI Bhd,ZETRIX,2025-12-31,0,5.75627,5.74591,1.46036,18.66,27.539,0.22181,0.272465802112233,10.0932016590749
Zetrix AI Bhd,ZETRIX,2026-12-31,0,3.0429,3.03829,0.8846,18.0,26.789,0.21501,0.272433045619669,7.80247075371245
Zhulian Corporation Bhd,ZHULIAN,2022-11-30,0,7.80761,6.6974,2.51298,,,-0.43246,0.246350621861774,25.6728234413264
Zhulian Corporation Bhd,ZHULIAN,2023-11-30,0,6.53652,5.63679,2.01514,,,-0.39682,0.240621526532213,23.5103620712127
Zhulian Corporation Bhd,ZHULIAN,2024-11-30,0,5.71872,4.78752,2.45045,,,-0.33519,0.251424577185491,25.0362135025919
Zhulian Corporation Bhd,ZHULIAN,2025-11-30,0,6.59923,5.64241,3.27749,,,-0.37525,0.261255356797114,17.0900793574058
Zhulian Corporation Bhd,ZHULIAN,2026-11-30,0,7.9183,6.31729,3.52805,,,-0.31458,0.271952722630629,21.281266181925
Berjaya Property Bhd,,2021-06-30,0,1.09423,0.88528,0.09065,3.082,1.831,0.34447,0.403495749658216,0.432456184233343
OGX Group Bhd,,2022-05-31,0,1.45987,1.03946,0.03474,,,0.49504,,
Berjaya Property Bhd,,2022-06-30,0,1.24886,1.00218,0.13106,15.582,22.566,0.35054,0.46453262468534,0.597933863620549
MM Computer Systems Bhd,,2022-12-31,0,1.68937,1.53739,0.36908,,,-0.45938,,
Stratus Global Holdings Bhd,,2023-03-31,0,5.01072,3.87759,0.25318,,,-0.26851,,
OGX Group Bhd,,2023-05-31,0,1.26794,0.85516,0.06816,,,0.43838,1.35134740131986,
Berjaya Property Bhd,,2023-06-30,0,1.06226,0.78858,0.14827,1.363,0.049,0.36069,0.526735535381657,0.487206231612496
MM Computer Systems Bhd,,2023-12-31,0,2.04151,1.94063,0.40864,,,0.08834,2.26737434860541,
Stratus Global Holdings Bhd,,2024-03-31,0,3.75696,3.07697,0.16182,,,-0.32106,0.961698985197134,
OGX Group Bhd,,2024-05-31,0,1.31536,0.99466,0.21175,,,0.28074,1.60335779790928,
Berjaya Property Bhd,,2024-06-30,0,1.13672,0.88295,0.14315,,1.468,0.37557,0.523153254779277,0.621733604240281
MM Computer Systems Bhd,,2024-12-31,0,1.40075,1.35315,0.22251,,,-0.05154,1.66082621647024,
Stratus Global Holdings Bhd,,2025-03-31,0,9.66586,8.45654,2.35365,,,-0.31246,1.11029623020974,
OGX Group Bhd,,2025-05-31,0,1.39082,1.1416,0.29899,,,0.13125,1.59409767586946,
Berjaya Property Bhd,,2025-06-30,0,1.01181,0.75741,0.11096,,1.711,0.41489,0.507612992301695,0.290547853841252
MM Computer Systems Bhd,,2025-12-31,0,1.8845,1.83441,0.15402,,,0.09716,1.58518765111566,
Stratus Global Holdings Bhd,,2026-03-31,0,6.69473,6.02408,3.55601,,,-0.53065,0.831268481374149,
