company_name,period_end,risk_score,split,pn17_gn3_label
Onetech Solutions Holdings Bhd,2021-12-31,-3.0497825,fit,0
Onetech Solutions Holdings Bhd,2022-12-31,-2.3257017,fit,0
Onetech Solutions Holdings Bhd,2023-12-31,-3.3998005,fit,0
Onetech Solutions Holdings Bhd,2024-12-31,-1.822403,val,0
Onetech Solutions Holdings Bhd,2025-12-31,-0.7372472,test,0
Three-A Resources Bhd,2021-12-31,-2.924707,fit,0
Three-A Resources Bhd,2022-12-31,-1.922713,fit,0
Three-A Resources Bhd,2023-12-31,-3.165908,fit,0
Three-A Resources Bhd,2024-12-31,-3.1658432,val,0
Three-A Resources Bhd,2025-12-31,-2.880351,test,0
3REN Bhd,2021-12-31,-3.1406293,fit,0
3REN Bhd,2022-12-31,4.2458496,fit,0
3REN Bhd,2023-12-31,-2.7815108,fit,0
3REN Bhd,2024-12-31,-2.5940115,val,0
3REN Bhd,2025-12-31,-2.5436983,test,0
5E Resources Holdings Bhd,2022-12-31,-0.56021607,fit,0
5E Resources Holdings Bhd,2023-12-31,-1.1785198,fit,0
5E Resources Holdings Bhd,2024-12-31,-1.0427504,val,0
5E Resources Holdings Bhd,2025-12-31,-2.5729272,test,0
99 Speed Mart Retail Holdings Bhd,2022-12-31,-1.7500328,fit,0
99 Speed Mart Retail Holdings Bhd,2023-12-31,-3.1755557,fit,0
99 Speed Mart Retail Holdings Bhd,2024-12-31,-2.0243347,val,0
99 Speed Mart Retail Holdings Bhd,2025-12-31,-3.3753076,test,0
99 Speed Mart Retail Holdings Bhd,2026-12-31,-3.5085893,test,0
A1 A.K. Koh Group Bhd,2022-06-30,-1.7369617,fit,0
A1 A.K. Koh Group Bhd,2023-06-30,-2.9708033,fit,0
A1 A.K. Koh Group Bhd,2024-06-30,-3.0607352,val,0
A1 A.K. Koh Group Bhd,2025-06-30,-4.1261406,test,0
AirAsia Group Bhd,2024-12-31,-2.7107105,val,0
AirAsia Group Bhd,2025-12-31,5.1528873,test,0
AirAsia Group Bhd,2026-12-31,-2.477059,test,0
Associated Air-Pak Industries Bhd,2023-12-31,-1.3861194,fit,0
Associated Air-Pak Industries Bhd,2024-12-31,-1.4641994,val,0
Associated Air-Pak Industries Bhd,2025-12-31,-3.6913803,test,0
Astral Asia Bhd,2021-12-31,-0.8424852,fit,0
Astral Asia Bhd,2022-12-31,1.1485409,fit,0
Astral Asia Bhd,2023-12-31,-2.273292,fit,0
Astral Asia Bhd,2024-12-31,-2.2342753,val,0
Astral Asia Bhd,2025-12-31,-1.0932633,test,0
Able Global Bhd,2022-12-31,-2.7094738,fit,0
Able Global Bhd,2023-12-31,-3.1564176,fit,0
Able Global Bhd,2024-12-31,-2.8144436,val,0
Able Global Bhd,2025-12-31,-3.0945768,test,0
Able Global Bhd,2026-12-31,-3.138297,test,0
AbleGroup Bhd,2021-12-31,-2.390527,fit,0
AbleGroup Bhd,2022-12-31,-2.6524026,fit,0
AbleGroup Bhd,2023-12-31,-2.1494176,fit,0
AbleGroup Bhd,2024-12-31,-2.3016415,val,0
AbleGroup Bhd,2025-12-31,-2.7284122,test,0
Alliance Bank Malaysia Bhd,2023-03-31,-3.2562852,fit,0
Alliance Bank Malaysia Bhd,2024-03-31,-1.6973166,val,0
Alliance Bank Malaysia Bhd,2025-03-31,-3.7132444,test,0
Alliance Bank Malaysia Bhd,2026-03-31,-3.3144333,test,0
Alliance Bank Malaysia Bhd,2027-03-31,-3.7707038,test,0
ACME Holdings Bhd,2022-03-31,-1.5414596,fit,0
ACME Holdings Bhd,2023-03-31,-1.4378465,fit,0
ACME Holdings Bhd,2024-03-31,-1.8312992,val,0
ACME Holdings Bhd,2025-03-31,-1.4142303,test,0
ACME Holdings Bhd,2026-03-31,-2.8310084,test,0
ACO Group Bhd,2023-02-28,-1.5905001,fit,0
ACO Group Bhd,2024-02-28,-1.009318,val,0
ACO Group Bhd,2025-02-28,-0.8985605,test,0
ACO Group Bhd,2026-02-28,-1.2890606,test,0
ACO Group Bhd,2027-02-28,-3.0504527,test,0
AutoCount Dotcom Bhd,2021-12-31,3.5948257,fit,0
AutoCount Dotcom Bhd,2022-12-31,-1.9406428,fit,0
AutoCount Dotcom Bhd,2023-12-31,-3.1390884,fit,0
AutoCount Dotcom Bhd,2024-12-31,-2.7419336,val,0
AutoCount Dotcom Bhd,2025-12-31,-3.9389548,test,0
Adnex Group Bhd,2022-12-31,1.0491651,fit,0
Adnex Group Bhd,2023-12-31,-3.4545388,fit,0
Adnex Group Bhd,2024-12-31,-3.100203,val,0
Adnex Group Bhd,2025-12-31,-3.3215988,test,0
Advancecon Holdings Bhd,2022-12-31,-1.7771058,fit,0
Advancecon Holdings Bhd,2023-12-31,-1.6705618,fit,0
Advancecon Holdings Bhd,2024-12-31,-1.8091972,val,0
Advancecon Holdings Bhd,2025-12-31,-2.9104357,test,0
Advancecon Holdings Bhd,2026-12-31,-2.226939,test,0
Adventa Bhd,2021-12-31,-2.6936886,fit,0
Adventa Bhd,2022-12-31,-2.6531734,fit,0
Adventa Bhd,2023-12-31,-2.8271985,fit,0
Adventa Bhd,2024-12-31,-3.066491,val,0
Adventa Bhd,2025-12-31,-3.0745459,test,0
AE Multi Holdings Bhd,2022-03-31,3.7819054,fit,0
AE Multi Holdings Bhd,2023-03-31,-6.4750743,fit,0
AE Multi Holdings Bhd,2024-03-31,0.8998997,val,0
AE Multi Holdings Bhd,2025-03-31,3.9235759,test,0
AE Multi Holdings Bhd,2026-03-31,1.6623162,test,0
Aemulus Holdings Bhd,2022-09-30,-2.1016955,fit,0
Aemulus Holdings Bhd,2023-09-30,-2.8569524,fit,0
Aemulus Holdings Bhd,2024-09-30,-2.7886755,val,0
Aemulus Holdings Bhd,2025-09-30,-2.4554641,test,0
Aemulus Holdings Bhd,2026-09-30,-4.2901692,test,0
AEON CO (M) Bhd,2022-12-31,-0.92701185,fit,0
AEON CO (M) Bhd,2023-12-31,-2.6495864,fit,0
AEON CO (M) Bhd,2024-12-31,-1.2707653,val,0
AEON CO (M) Bhd,2025-12-31,-1.1746705,test,0
AEON CO (M) Bhd,2026-12-31,-1.6277223,test,0
AEON Credit Service (M) Bhd,2023-02-28,-0.4859846,fit,0
AEON Credit Service (M) Bhd,2024-02-28,-0.37286893,val,0
AEON Credit Service (M) Bhd,2025-02-28,0.32632145,test,0
AEON Credit Service (M) Bhd,2026-02-28,0.53098917,test,0
AEON Credit Service (M) Bhd,2027-02-28,1.4139999,test,0
Affin Bank Bhd,2022-12-31,-2.4818747,fit,0
Affin Bank Bhd,2023-12-31,-3.871954,fit,0
Affin Bank Bhd,2024-12-31,-0.41981158,val,0
Affin Bank Bhd,2025-12-31,0.00838089,test,0
Affin Bank Bhd,2026-12-31,1.5093387,test,0
ABM Fujiya Bhd,2021-12-31,-0.76343405,fit,0
ABM Fujiya Bhd,2022-12-31,-1.0352888,fit,0
ABM Fujiya Bhd,2023-12-31,-0.9552909,fit,0
ABM Fujiya Bhd,2024-12-31,-1.4860395,val,0
ABM Fujiya Bhd,2025-12-31,-0.04429087,test,0
Agmo Holdings Bhd,2023-03-31,0.13520494,fit,0
Agmo Holdings Bhd,2024-03-31,-4.01213,val,0
Agmo Holdings Bhd,2025-03-31,-4.2324405,test,0
Agmo Holdings Bhd,2026-03-31,-2.5285494,test,0
Agmo Holdings Bhd,2027-03-31,-2.378971,test,0
Agricore CS Holdings Bhd,2021-12-31,-3.04616,fit,0
Agricore CS Holdings Bhd,2022-12-31,-2.9032671,fit,0
Agricore CS Holdings Bhd,2023-12-31,-3.37847,fit,0
Agricore CS Holdings Bhd,2024-12-31,-3.006028,val,0
Agricore CS Holdings Bhd,2025-12-31,-3.1263776,test,0
AGX Group Bhd,2022-12-31,-2.9731295,fit,0
AGX Group Bhd,2023-12-31,-3.3258743,fit,0
AGX Group Bhd,2024-12-31,-2.816736,val,0
AGX Group Bhd,2025-12-31,-3.2259974,test,0
AGX Group Bhd,2026-12-31,-2.8032682,test,0
Aimax Bhd,2021-09-30,-2.5335653,fit,0
Aimax Bhd,2022-09-30,-2.8312154,fit,0
Aimax Bhd,2023-09-30,-2.64029,fit,0
Aimax Bhd,2024-09-30,-2.654485,val,0
Aimax Bhd,2025-09-30,-2.5703697,test,0
AIMFLEX Bhd,2021-12-31,-2.9177442,fit,0
AIMFLEX Bhd,2022-12-31,-1.9580293,fit,0
AIMFLEX Bhd,2023-12-31,-2.7252815,fit,0
AIMFLEX Bhd,2024-12-31,-3.310138,val,0
AIMFLEX Bhd,2025-12-31,-3.3852768,test,0
Ajinomoto (Malaysia) Bhd,2023-03-31,-1.4528892,fit,0
Ajinomoto (Malaysia) Bhd,2024-03-31,-2.8307328,val,0
Ajinomoto (Malaysia) Bhd,2025-03-31,-3.4132762,test,0
Ajinomoto (Malaysia) Bhd,2026-03-31,-2.6221745,test,0
Ajinomoto (Malaysia) Bhd,2027-03-31,-2.5103264,test,0
Ajiya Bhd,2021-12-31,-2.4123883,fit,0
Ajiya Bhd,2022-12-31,-1.7764405,fit,0
Ajiya Bhd,2023-12-31,-3.1484413,fit,0
Ajiya Bhd,2024-12-31,-2.6046016,val,0
Ajiya Bhd,2025-12-31,-2.1417694,test,0
Alam Maritim Resources Bhd,2021-06-30,3.5067196,fit,0
Alam Maritim Resources Bhd,2022-06-30,4.4617047,fit,0
Alam Maritim Resources Bhd,2023-06-30,10.656013,fit,1
Alam Maritim Resources Bhd,2024-06-30,9.745898,val,1
Alam Maritim Resources Bhd,2025-06-30,-3.988636,test,1
Al-Aqar Healthcare REIT,2022-12-31,-2.9369023,fit,0
Al-Aqar Healthcare REIT,2023-12-31,-3.4625778,fit,0
Al-Aqar Healthcare REIT,2024-12-31,-2.2754471,val,0
Al-Aqar Healthcare REIT,2025-12-31,-3.2223504,test,0
Al-Aqar Healthcare REIT,2026-12-31,-1.4896773,test,0
Alcom Group Bhd,2021-12-31,-3.6415522,fit,0
Alcom Group Bhd,2022-12-31,-3.4886842,fit,0
Alcom Group Bhd,2023-12-31,-2.3831751,fit,0
Alcom Group Bhd,2024-12-31,-2.0242882,val,0
Alcom Group Bhd,2025-12-31,-3.569545,test,0
Allianz Malaysia Bhd,2022-12-31,-2.077005,fit,0
Allianz Malaysia Bhd,2023-12-31,-0.20422652,fit,0
Allianz Malaysia Bhd,2024-12-31,-3.9524832,val,0
Allianz Malaysia Bhd,2025-12-31,-2.1441061,test,0
Allianz Malaysia Bhd,2026-12-31,-3.3985336,test,0
Alpha IVF Group Bhd,2023-05-31,-0.8959483,fit,0
Alpha IVF Group Bhd,2024-05-31,-3.638027,val,0
Alpha IVF Group Bhd,2025-05-31,-4.33091,test,0
Alpha IVF Group Bhd,2026-05-31,-3.2067244,test,0
Alpha IVF Group Bhd,2027-05-31,-3.8840334,test,0
Aldrich Resources Bhd,2023-06-30,0.86886966,fit,0
Aldrich Resources Bhd,2024-06-30,-3.2935188,val,0
Aldrich Resources Bhd,2025-06-30,-3.0403085,test,0
Aldrich Resources Bhd,2026-06-30,-1.2237517,test,0
Al-Salam Real Estate Investment Trust,2022-12-31,0.62636983,fit,0
Al-Salam Real Estate Investment Trust,2023-12-31,-1.1284205,fit,0
Al-Salam Real Estate Investment Trust,2024-12-31,5.9352703,val,0
Al-Salam Real Estate Investment Trust,2025-12-31,10.577472,test,0
Al-Salam Real Estate Investment Trust,2026-12-31,1.7473464,test,0
Ammb Holdings Bhd,2023-03-31,-2.965025,fit,0
Ammb Holdings Bhd,2024-03-31,-2.561185,val,0
Ammb Holdings Bhd,2025-03-31,0.4872372,test,0
Ammb Holdings Bhd,2026-03-31,-1.2569089,test,0
Ammb Holdings Bhd,2027-03-31,-1.065549,test,0
Ambest Group Bhd,2022-12-31,-1.9004215,fit,0
Ambest Group Bhd,2023-12-31,-3.4858,fit,0
Ambest Group Bhd,2024-12-31,-3.327669,val,0
Ambest Group Bhd,2025-12-31,-3.2672572,test,0
AME Elite Consortium Bhd,2023-03-31,-1.5269477,fit,0
AME Elite Consortium Bhd,2024-03-31,-2.911874,val,0
AME Elite Consortium Bhd,2025-03-31,-3.1039453,test,0
AME Elite Consortium Bhd,2026-03-31,-2.9595735,test,0
AME Elite Consortium Bhd,2027-03-31,-3.030849,test,0
AME Real Estate Investment Trust,2023-03-31,0.87519157,fit,0
AME Real Estate Investment Trust,2024-03-31,-3.6104112,val,0
AME Real Estate Investment Trust,2025-03-31,1.7620094,test,0
AME Real Estate Investment Trust,2026-03-31,3.1790087,test,0
AME Real Estate Investment Trust,2027-03-31,-1.1200308,test,0
AmFIRST Real Estate Investment Trust,2023-03-31,3.0784302,fit,0
AmFIRST Real Estate Investment Trust,2024-03-31,2.7186446,val,0
AmFIRST Real Estate Investment Trust,2025-03-31,4.213767,test,0
AmFIRST Real Estate Investment Trust,2026-03-31,3.402878,test,0
AmFIRST Real Estate Investment Trust,2027-03-31,4.3691216,test,0
Amlex Holdings Bhd,2022-03-31,-3.0711567,fit,0
Amlex Holdings Bhd,2023-03-31,-3.3339798,fit,0
Amlex Holdings Bhd,2024-03-31,-2.9505339,val,0
Amlex Holdings Bhd,2025-03-31,-2.7543564,test,0
Amlex Holdings Bhd,2026-03-31,-3.4260418,test,0
AMS Advanced Material Bhd,2022-09-30,-1.1603022,fit,0
AMS Advanced Material Bhd,2023-09-30,-3.5059772,fit,0
AMS Advanced Material Bhd,2024-09-30,-3.0573819,val,0
AMS Advanced Material Bhd,2025-09-30,-3.3381715,test,0
Amtel Holdings Bhd,2021-11-30,-0.44879505,fit,0
Amtel Holdings Bhd,2022-11-30,-3.094544,fit,0
Amtel Holdings Bhd,2023-11-30,-1.2886229,fit,0
Amtel Holdings Bhd,2024-11-30,-2.8650286,val,0
Amtel Holdings Bhd,2025-11-30,-2.9684057,test,0
Amway (Malaysia) Holdings Bhd,2022-12-31,-2.7361956,fit,0
Amway (Malaysia) Holdings Bhd,2023-12-31,-6.6868467,fit,0
Amway (Malaysia) Holdings Bhd,2024-12-31,-2.8572705,val,0
Amway (Malaysia) Holdings Bhd,2025-12-31,-3.906716,test,0
Amway (Malaysia) Holdings Bhd,2026-12-31,-3.2556858,test,0
Analabs Resources Bhd,2022-04-30,1.1443604,fit,0
Analabs Resources Bhd,2023-04-30,-0.5827631,fit,0
Analabs Resources Bhd,2024-04-30,2.212752,val,0
Analabs Resources Bhd,2025-04-30,-1.6233437,test,0
Analabs Resources Bhd,2026-04-30,2.062325,test,0
Ancom Logistics Bhd,2022-05-31,-0.6756147,fit,0
Ancom Logistics Bhd,2023-05-31,-0.93176913,fit,0
Ancom Logistics Bhd,2024-05-31,-3.5449326,val,0
Ancom Logistics Bhd,2025-05-31,-4.4527497,test,0
Ancom Logistics Bhd,2026-05-31,-1.0228659,test,0
Ancom Nylex Bhd,2023-05-31,-3.305642,fit,0
Ancom Nylex Bhd,2024-05-31,-2.226524,val,0
Ancom Nylex Bhd,2025-05-31,-2.592593,test,0
Ancom Nylex Bhd,2026-05-31,-3.0255296,test,0
Ancom Nylex Bhd,2027-05-31,-2.8426025,test,0
Aneka Jaringan Holdings Bhd,2021-08-31,-0.8422446,fit,0
Aneka Jaringan Holdings Bhd,2022-08-31,-3.3645644,fit,0
Aneka Jaringan Holdings Bhd,2023-08-31,-2.016253,fit,0
Aneka Jaringan Holdings Bhd,2024-08-31,-2.500138,val,0
Aneka Jaringan Holdings Bhd,2025-08-31,-2.2853417,test,0
Ann Joo Resources Bhd,2022-12-31,-0.7124424,fit,0
Ann Joo Resources Bhd,2023-12-31,-4.7457438,fit,0
Ann Joo Resources Bhd,2024-12-31,-3.596476,val,0
Ann Joo Resources Bhd,2025-12-31,4.2657943,test,0
Ann Joo Resources Bhd,2026-12-31,3.5903168,test,0
Alpha Ocean Resources Bhd,2021-06-30,-2.561602,fit,0
Alpha Ocean Resources Bhd,2022-06-30,-2.7594068,fit,0
Alpha Ocean Resources Bhd,2023-06-30,-1.1121601,fit,0
Alpha Ocean Resources Bhd,2024-06-30,-5.413893,val,0
Alpha Ocean Resources Bhd,2025-06-30,-1.9614129,test,0
APB Resources Bhd,2022-09-30,-2.507187,fit,0
APB Resources Bhd,2025-09-30,-0.30146885,test,0
APB Resources Bhd,2026-09-30,-1.3529093,test,0
APM Automotive Holdings Bhd,2021-12-31,-0.048767686,fit,0
APM Automotive Holdings Bhd,2022-12-31,-1.9503766,fit,0
APM Automotive Holdings Bhd,2023-12-31,-1.9352859,fit,0
APM Automotive Holdings Bhd,2024-12-31,-2.3373766,val,0
APM Automotive Holdings Bhd,2025-12-31,-2.778324,test,0
Apollo Food Holdings Bhd,2023-04-30,-3.6550813,fit,0
Apollo Food Holdings Bhd,2024-04-30,-2.6405525,val,0
Apollo Food Holdings Bhd,2025-04-30,-3.647702,test,0
Apollo Food Holdings Bhd,2026-04-30,-2.1310332,test,0
Apollo Food Holdings Bhd,2027-04-30,-2.0132265,test,0
AppAsia Bhd,2021-12-31,-3.1374972,fit,0
AppAsia Bhd,2022-12-31,-4.873491,fit,0
AppAsia Bhd,2023-12-31,-4.3633676,fit,0
AppAsia Bhd,2024-12-31,-2.2050304,val,0
AppAsia Bhd,2025-12-31,-3.6017463,test,0
Aquawalk Group Bhd,2022-12-31,-2.1127174,fit,0
Aquawalk Group Bhd,2023-12-31,-3.4786918,fit,0
Aquawalk Group Bhd,2024-12-31,-4.241764,val,0
Aquawalk Group Bhd,2025-12-31,-4.5535154,test,0
Aquawalk Group Bhd,2026-12-31,-3.883394,test,0
A-rank Bhd,2021-07-31,-2.9763763,fit,0
A-rank Bhd,2022-07-31,-2.5385885,fit,0
A-rank Bhd,2023-07-31,-2.3708215,fit,0
A-rank Bhd,2024-07-31,-2.574212,val,0
A-rank Bhd,2025-07-31,-2.9092343,test,0
ARB Bhd,2024-12-31,3.7940395,val,0
ARB Bhd,2025-12-31,-1.3096855,test,0
ARK Resources Holdings Bhd,2022-03-31,-2.3356218,fit,0
ARK Resources Holdings Bhd,2023-03-31,-4.420891,fit,0
ARK Resources Holdings Bhd,2024-03-31,-5.4712744,val,0
ARK Resources Holdings Bhd,2025-03-31,-8.269525,test,0
ARK Resources Holdings Bhd,2026-03-31,-5.2937346,test,0
Arka Bhd,2021-12-31,-0.6268365,fit,0
Arka Bhd,2022-12-31,-2.928806,fit,0
Arka Bhd,2023-12-31,-2.1583188,fit,0
Arka Bhd,2024-12-31,0.59474576,val,0
Arka Bhd,2025-12-31,-1.3874736,test,0
Bumi Armada Bhd,2022-12-31,0.14085421,fit,0
Bumi Armada Bhd,2023-12-31,1.0905315,fit,0
Bumi Armada Bhd,2024-12-31,-2.29027,val,0
Bumi Armada Bhd,2025-12-31,8.139168,test,0
Bumi Armada Bhd,2026-12-31,0.75674915,test,0
AmanahRaya Real Estate Investment Trust,2022-12-31,-0.14104599,fit,0
AmanahRaya Real Estate Investment Trust,2023-12-31,4.4204617,fit,0
AmanahRaya Real Estate Investment Trust,2024-12-31,-2.2121942,val,0
AmanahRaya Real Estate Investment Trust,2025-12-31,-0.77165043,test,0
AmanahRaya Real Estate Investment Trust,2026-12-31,-2.1995142,test,0
Artroniq Bhd,2021-12-31,-4.1478953,fit,0
Artroniq Bhd,2025-12-31,-3.609286,test,0
Advance Synergy Bhd,2021-12-31,-2.610502,fit,0
Advance Synergy Bhd,2022-12-31,-2.7182891,fit,0
Advance Synergy Bhd,2023-12-31,-3.7946937,fit,0
Advance Synergy Bhd,2024-12-31,-2.9097972,val,0
Advance Synergy Bhd,2025-12-31,-3.2767336,test,0
Asia Brands Bhd,2022-03-31,-0.05667179,fit,0
Asia Brands Bhd,2023-03-31,-2.4992995,fit,0
Asia Brands Bhd,2024-03-31,-2.8883355,val,0
Asia Brands Bhd,2025-03-31,-3.237503,test,0
Asia Brands Bhd,2026-03-31,-3.150681,test,0
Asia File Corporation Bhd,2023-03-31,-3.0332532,fit,0
Asia File Corporation Bhd,2024-03-31,-4.104473,val,0
Asia File Corporation Bhd,2025-03-31,-3.3131626,test,0
Asia File Corporation Bhd,2026-03-31,-2.9851077,test,0
Asia File Corporation Bhd,2027-03-31,-2.9786525,test,0
Asian Pac Holdings Bhd,2022-03-31,-1.3283522,fit,0
Asian Pac Holdings Bhd,2023-03-31,-2.470226,fit,0
Asian Pac Holdings Bhd,2024-03-31,-2.1038675,val,0
Asian Pac Holdings Bhd,2025-03-31,0.11829379,test,0
Asian Pac Holdings Bhd,2026-03-31,0.97847664,test,0
Asia Poly Holdings Bhd,2021-12-31,-2.2838018,fit,0
Asia Poly Holdings Bhd,2022-12-31,-3.508598,fit,0
Asia Poly Holdings Bhd,2023-12-31,-2.8265991,fit,0
Asia Poly Holdings Bhd,2024-12-31,-3.3790696,val,0
Asia Poly Holdings Bhd,2025-12-31,-2.1202807,test,0
ASM Automation Group Bhd,2022-03-31,-0.4050324,fit,0
ASM Automation Group Bhd,2023-03-31,-0.7556244,fit,0
ASM Automation Group Bhd,2024-03-31,-2.4977133,val,0
ASM Automation Group Bhd,2025-03-31,-2.72057,test,0
ASM Automation Group Bhd,2026-03-31,-3.9860651,test,0
ASTEEL Group Bhd,2021-12-31,-3.8395886,fit,0
ASTEEL Group Bhd,2022-12-31,-3.7336287,fit,0
ASTEEL Group Bhd,2023-12-31,-2.7626019,fit,0
ASTEEL Group Bhd,2024-12-31,-3.1432154,val,0
ASTEEL Group Bhd,2025-12-31,-3.122554,test,0
Astino Bhd,2021-07-31,-3.0772798,fit,0
Astino Bhd,2022-07-31,-2.3400347,fit,0
Astino Bhd,2023-07-31,-3.090948,fit,0
Astino Bhd,2024-07-31,-1.7799221,val,0
Astino Bhd,2025-07-31,-3.1889346,test,0
Astramina Group Berhad,2022-02-28,-1.8847994,fit,0
Astramina Group Berhad,2023-02-28,-3.4052012,fit,0
Astramina Group Berhad,2024-02-28,-3.6483088,val,0
Astramina Group Berhad,2025-02-28,-2.2651558,test,0
Astramina Group Berhad,2026-02-28,-3.383987,test,0
Astro Malaysia Holdings Bhd,2023-01-31,2.55534,fit,0
Astro Malaysia Holdings Bhd,2024-01-31,-0.8697555,val,0
Astro Malaysia Holdings Bhd,2025-01-31,-2.662779,test,0
Astro Malaysia Holdings Bhd,2026-01-31,-1.2929413,test,0
Astro Malaysia Holdings Bhd,2027-01-31,-1.2831898,test,0
Aurelius Technologies Bhd,2022-12-31,-3.0758445,fit,0
Aurelius Technologies Bhd,2023-12-31,-2.5407743,fit,0
Aurelius Technologies Bhd,2024-12-31,-1.9791914,val,0
Aurelius Technologies Bhd,2025-12-31,-3.0084176,test,0
Aurelius Technologies Bhd,2026-12-31,-3.2879314,test,0
Atlan Holdings Bhd,2023-02-28,-3.2065248,fit,0
Atlan Holdings Bhd,2024-02-28,-2.9382117,val,0
Atlan Holdings Bhd,2025-02-28,-2.5433733,test,0
Atlan Holdings Bhd,2026-02-28,-2.6769474,test,0
Atlan Holdings Bhd,2027-02-28,-1.9402649,test,0
Atrium Real Estate Investment Trust,2021-12-31,2.2723007,fit,0
Atrium Real Estate Investment Trust,2022-12-31,4.019374,fit,0
Atrium Real Estate Investment Trust,2023-12-31,-1.7626395,fit,0
Atrium Real Estate Investment Trust,2024-12-31,2.1415937,val,0
Atrium Real Estate Investment Trust,2025-12-31,1.8652111,test,0
AuMas Resources Bhd,2023-03-31,-2.6122758,fit,0
AuMas Resources Bhd,2024-03-31,-2.339009,val,0
AuMas Resources Bhd,2026-03-31,-3.4067147,test,0
AuMas Resources Bhd,2027-03-31,-3.0236807,test,0
Auro Holdings Bhd,2022-02-28,0.06633994,fit,0
Auro Holdings Bhd,2023-02-28,-2.617964,fit,0
Auro Holdings Bhd,2024-02-28,-2.350818,val,0
Auro Holdings Bhd,2025-02-28,-2.8161714,test,0
Auro Holdings Bhd,2026-02-28,-0.8926872,test,0
Aurora Italia International Bhd,2022-03-31,-2.9798532,fit,0
Aurora Italia International Bhd,2023-03-31,-3.2028623,fit,0
Aurora Italia International Bhd,2024-03-31,-3.4092216,val,0
Aurora Italia International Bhd,2025-03-31,-3.2648277,test,0
Aurora Italia International Bhd,2026-03-31,-3.9378057,test,0
Autoris Group Holdings Bhd,2022-12-31,-1.8811258,fit,0
Autoris Group Holdings Bhd,2023-12-31,-2.367183,fit,0
Autoris Group Holdings Bhd,2024-12-31,-2.6983929,val,0
Autoris Group Holdings Bhd,2025-12-31,-1.822133,test,0
Avaland Bhd,2022-12-31,-0.7733749,fit,0
Avaland Bhd,2023-12-31,-1.8324746,fit,0
Avaland Bhd,2024-12-31,-3.6257832,val,0
Avaland Bhd,2025-12-31,-2.909892,test,0
Avaland Bhd,2026-12-31,-4.271976,test,0
Avangaad Bhd,2022-12-31,0.4442812,fit,0
Avangaad Bhd,2023-12-31,-3.2335396,fit,0
Avangaad Bhd,2024-12-31,0.62424684,val,0
Avangaad Bhd,2025-12-31,-2.2242978,test,0
Avangaad Bhd,2026-12-31,-3.4668124,test,0
Avillion Bhd,2022-03-31,-0.6366986,fit,0
Avillion Bhd,2023-03-31,-1.9188542,fit,0
Avillion Bhd,2024-03-31,-1.167142,val,0
Avillion Bhd,2025-03-31,0.58286023,test,0
Avillion Bhd,2026-03-31,0.23867291,test,0
AwanBiru Technology Bhd,2022-06-30,2.8384073,fit,0
AwanBiru Technology Bhd,2023-06-30,-1.7368867,fit,0
AwanBiru Technology Bhd,2024-06-30,-0.2178597,val,0
AwanBiru Technology Bhd,2025-06-30,-1.5632467,test,0
AWC Bhd,2022-06-30,-3.2697546,fit,0
AWC Bhd,2023-06-30,-2.6800873,fit,0
AWC Bhd,2024-06-30,-2.0240211,val,0
AWC Bhd,2025-06-30,-4.2190385,test,0
AWC Bhd,2026-06-30,-2.7604468,test,0
Axiata Group Bhd,2022-12-31,1.8117282,fit,0
Axiata Group Bhd,2023-12-31,3.5646193,fit,0
Axiata Group Bhd,2024-12-31,7.2408295,val,0
Axiata Group Bhd,2025-12-31,8.22787,test,0
Axiata Group Bhd,2026-12-31,1.3637081,test,0
Axis Real Estate Investment Trust,2022-12-31,3.1315942,fit,0
Axis Real Estate Investment Trust,2023-12-31,0.46852335,fit,0
Axis Real Estate Investment Trust,2024-12-31,3.429735,val,0
Axis Real Estate Investment Trust,2025-12-31,3.6273847,test,0
Axis Real Estate Investment Trust,2026-12-31,3.438801,test,0
Axteria Group Bhd,2021-12-31,-2.9692373,fit,0
Axteria Group Bhd,2022-12-31,-2.1846788,fit,0
Axteria Group Bhd,2023-12-31,-2.9428034,fit,0
Axteria Group Bhd,2024-12-31,-3.0669937,val,0
Axteria Group Bhd,2025-12-31,-2.7637868,test,0
AYER Holdings Bhd,2021-12-31,-2.5413177,fit,0
AYER Holdings Bhd,2022-12-31,-2.421689,fit,0
AYER Holdings Bhd,2023-12-31,-2.7801964,fit,0
AYER Holdings Bhd,2024-12-31,-2.323064,val,0
AYER Holdings Bhd,2025-12-31,-2.9869852,test,0
AYS Ventures Bhd,2022-03-31,-3.4502797,fit,0
AYS Ventures Bhd,2023-03-31,-3.4485407,fit,0
AYS Ventures Bhd,2024-03-31,-3.4220424,val,0
AYS Ventures Bhd,2025-03-31,-3.4395356,test,0
AYS Ventures Bhd,2026-03-31,-3.513277,test,0
Azam Jaya Bhd,2021-12-31,-1.824977,fit,0
Azam Jaya Bhd,2022-12-31,-2.3712301,fit,0
Azam Jaya Bhd,2023-12-31,-3.1705647,fit,0
Azam Jaya Bhd,2024-12-31,-3.0244794,val,0
Azam Jaya Bhd,2025-12-31,-4.4327307,test,0
Baba Eco Group Bhd,2021-10-31,-2.843861,fit,0
Baba Eco Group Bhd,2022-10-31,-2.1088057,fit,0
Baba Eco Group Bhd,2023-10-31,-2.724357,fit,0
Baba Eco Group Bhd,2024-10-31,-3.0424771,val,0
Baba Eco Group Bhd,2025-10-31,-2.8648543,test,0
British American Tobacco (Malaysia) Bhd,2022-12-31,0.8437345,fit,0
British American Tobacco (Malaysia) Bhd,2023-12-31,-0.70485675,fit,0
British American Tobacco (Malaysia) Bhd,2024-12-31,1.8964032,val,0
British American Tobacco (Malaysia) Bhd,2025-12-31,-0.07378533,test,0
British American Tobacco (Malaysia) Bhd,2026-12-31,-1.2728654,test,0
Bermaz Auto Bhd,2023-04-30,-4.0724297,fit,0
Bermaz Auto Bhd,2024-04-30,-5.5634747,val,0
Bermaz Auto Bhd,2025-04-30,-3.3655033,test,0
Bermaz Auto Bhd,2026-04-30,-2.1629672,test,0
Bermaz Auto Bhd,2027-04-30,-4.0071154,test,0
BCB Bhd,2021-06-30,-0.09489385,fit,0
BCB Bhd,2022-06-30,-0.06588871,fit,0
BCB Bhd,2023-06-30,-0.01306735,fit,0
BCB Bhd,2024-06-30,-0.4057505,val,0
BCB Bhd,2025-06-30,0.42354742,test,0
Bina Darulaman Bhd,2021-12-31,-0.41806188,fit,0
Bina Darulaman Bhd,2022-12-31,-2.456263,fit,0
Bina Darulaman Bhd,2023-12-31,-1.7861521,fit,0
Bina Darulaman Bhd,2024-12-31,4.143838,val,0
Bina Darulaman Bhd,2025-12-31,-0.020263597,test,0
BEDI Bhd,2022-03-31,-2.3880186,fit,0
BEDI Bhd,2023-03-31,-4.211565,fit,0
BEDI Bhd,2024-03-31,-2.9649403,val,0
BEDI Bhd,2026-03-31,-0.75232124,test,0
Benalec Holdings Bhd,2022-06-30,-1.4209827,fit,0
Benalec Holdings Bhd,2023-06-30,-2.3780265,fit,0
Benalec Holdings Bhd,2024-06-30,-2.1814525,val,0
Benalec Holdings Bhd,2025-06-30,-2.8064206,test,0
Benalec Holdings Bhd,2026-06-30,-2.1242948,test,0
Bentley Music Group Bhd,2024-06-30,-2.6159334,val,0
Bentley Music Group Bhd,2025-06-30,-3.091606,test,0
Bertam Alliance Bhd,2021-12-31,10.596605,fit,1
Bertam Alliance Bhd,2022-12-31,9.96572,fit,1
Bertam Alliance Bhd,2023-12-31,9.780257,fit,1
Bertam Alliance Bhd,2024-12-31,8.082582,val,1
Bertam Alliance Bhd,2025-12-31,1.9854742,test,0
Beshom Holdings Bhd,2023-04-30,-2.168268,fit,0
Beshom Holdings Bhd,2024-04-30,-2.6626718,val,0
Beshom Holdings Bhd,2025-04-30,-2.3880274,test,0
Beshom Holdings Bhd,2026-04-30,-2.7819562,test,0
Beshom Holdings Bhd,2027-04-30,-2.5634391,test,0
Betamek Bhd,2022-03-31,-2.1247137,fit,0
Betamek Bhd,2023-03-31,-3.5417309,fit,0
Betamek Bhd,2024-03-31,-2.4797714,val,0
Betamek Bhd,2025-03-31,-2.8061647,test,0
Betamek Bhd,2026-03-31,-1.5587207,test,0
Boustead Heavy Industries Corporation Bhd,2021-12-31,-0.5441636,fit,0
Boustead Heavy Industries Corporation Bhd,2022-12-31,0.62286615,fit,0
Boustead Heavy Industries Corporation Bhd,2023-12-31,-4.300706,fit,0
Boustead Heavy Industries Corporation Bhd,2024-12-31,-3.647316,val,0
Boustead Heavy Industries Corporation Bhd,2025-12-31,2.6157117,test,0
BIG Industries Bhd,2021-06-30,-1.2096044,fit,0
BIG Industries Bhd,2022-06-30,-2.4006572,fit,0
BIG Industries Bhd,2023-06-30,-2.2810967,fit,0
BIG Industries Bhd,2024-06-30,-2.4524362,val,0
BIG Industries Bhd,2025-06-30,-2.7771544,test,0
Bank Islam Malaysia Bhd,2022-12-31,0.92037797,fit,0
Bank Islam Malaysia Bhd,2023-12-31,1.0410919,fit,0
Bank Islam Malaysia Bhd,2024-12-31,-0.20848283,val,0
Bank Islam Malaysia Bhd,2025-12-31,1.2110765,test,0
Bank Islam Malaysia Bhd,2026-12-31,1.2924777,test,0
BIMOffice Group Bhd,2024-09-30,-0.043847576,val,0
BIMOffice Group Bhd,2025-09-30,-3.2471986,test,0
Binasat Communications Bhd,2022-06-30,0.70837426,fit,0
Binasat Communications Bhd,2023-06-30,-1.0519032,fit,0
Binasat Communications Bhd,2025-06-30,-1.8217069,test,0
Binasat Communications Bhd,2026-06-30,-2.57497,test,0
Bintai Kinden Corporation Bhd,2022-03-31,5.629117,fit,0
Bintai Kinden Corporation Bhd,2023-03-31,10.646413,fit,1
Bintai Kinden Corporation Bhd,2024-03-31,9.596894,val,1
Bintai Kinden Corporation Bhd,2025-03-31,-2.5231528,test,1
Bintai Kinden Corporation Bhd,2026-03-31,-3.9383345,test,0
Bioalpha Holdings Bhd,2022-12-31,-2.9734719,fit,0
Bioalpha Holdings Bhd,2023-12-31,-2.3514361,fit,0
Bioalpha Holdings Bhd,2024-12-31,-3.4168293,val,0
Bioalpha Holdings Bhd,2025-12-31,-2.6890087,test,0
Bioalpha Holdings Bhd,2026-12-31,-3.371231,test,0
Bintulu Port Holdings Bhd,2022-12-31,2.4803762,fit,0
Bintulu Port Holdings Bhd,2023-12-31,-3.4593782,fit,0
Bintulu Port Holdings Bhd,2024-12-31,-3.2269661,val,0
Bintulu Port Holdings Bhd,2025-12-31,1.9346739,test,0
Bintulu Port Holdings Bhd,2026-12-31,1.1032085,test,0
Berjaya Assets Bhd,2021-06-30,4.9328585,fit,0
Berjaya Assets Bhd,2022-06-30,6.134916,fit,0
Berjaya Assets Bhd,2023-06-30,-2.3762462,fit,0
Berjaya Assets Bhd,2024-06-30,-0.3775354,val,0
Berjaya Assets Bhd,2025-06-30,-0.00050762296,test,0
Berjaya Corporation Bhd,2021-06-30,0.82682157,fit,0
Berjaya Corporation Bhd,2022-06-30,0.40809783,fit,0
Berjaya Corporation Bhd,2023-06-30,-1.4666369,fit,0
Berjaya Corporation Bhd,2024-06-30,-0.9653989,val,0
Berjaya Corporation Bhd,2025-06-30,-0.3258863,test,0
Berjaya Food Bhd,2022-06-30,-1.0465798,fit,0
Berjaya Food Bhd,2023-06-30,-3.20719,fit,0
Berjaya Food Bhd,2024-06-30,-0.3694625,val,0
Berjaya Food Bhd,2025-06-30,-4.9530616,test,0
Berjaya Food Bhd,2026-06-30,0.5690787,test,0
Batu Kawan Bhd,2022-09-30,-0.6742602,fit,0
Batu Kawan Bhd,2023-09-30,-3.4183226,fit,0
Batu Kawan Bhd,2024-09-30,-4.2175584,val,0
Batu Kawan Bhd,2025-09-30,-3.7723637,test,0
Batu Kawan Bhd,2026-09-30,-2.551091,test,0
BLD Plantation Bhd,2022-03-31,-3.8386679,fit,0
BLD Plantation Bhd,2023-03-31,-3.5542324,fit,0
BLD Plantation Bhd,2024-03-31,-3.3658354,val,0
BLD Plantation Bhd,2025-03-31,-3.1565273,test,0
BLD Plantation Bhd,2026-03-31,-2.8583813,test,0
BM Greentech Bhd,2023-03-31,-2.9528208,fit,0
BM Greentech Bhd,2024-03-31,-0.2925166,val,0
BM Greentech Bhd,2025-03-31,-1.9203297,test,0
BM Greentech Bhd,2026-03-31,-2.97202,test,0
BM Greentech Bhd,2027-03-31,-2.8504426,test,0
BMS Holdings Bhd,2022-06-30,-2.7241154,fit,0
BMS Holdings Bhd,2023-06-30,-3.46827,fit,0
BMS Holdings Bhd,2024-06-30,-2.9082887,val,0
BMS Holdings Bhd,2025-06-30,-3.5026863,test,0
Binastra Corporation Bhd,2023-01-31,9.324315,fit,0
Binastra Corporation Bhd,2024-01-31,-4.161076,val,0
Binastra Corporation Bhd,2025-01-31,-3.1657188,test,0
Binastra Corporation Bhd,2026-01-31,-4.400165,test,0
Binastra Corporation Bhd,2027-01-31,-1.6964192,test,0
Bonia Corporation Bhd,2022-06-30,-3.2352417,fit,0
Bonia Corporation Bhd,2023-06-30,-2.2387717,fit,0
Bonia Corporation Bhd,2024-06-30,-3.6897995,val,0
Bonia Corporation Bhd,2025-06-30,-2.9855402,test,0
Bonia Corporation Bhd,2026-06-30,-3.6771166,test,0
Borneo Oil Bhd,2021-06-30,-3.4162567,fit,0
Borneo Oil Bhd,2022-06-30,-2.762106,fit,0
Borneo Oil Bhd,2023-06-30,-2.7684355,fit,0
Borneo Oil Bhd,2024-06-30,-2.4195685,val,0
Borneo Oil Bhd,2025-06-30,-3.4953918,test,0
Box-Pak (Malaysia) Bhd,2021-12-31,-2.7756507,fit,0
Box-Pak (Malaysia) Bhd,2022-12-31,-3.8027666,fit,0
Box-Pak (Malaysia) Bhd,2023-12-31,-3.8036854,fit,0
Box-Pak (Malaysia) Bhd,2024-12-31,-2.6781855,val,0
Box-Pak (Malaysia) Bhd,2025-12-31,-2.8499656,test,0
BP Plastics Holding Bhd,2022-12-31,-3.099663,fit,0
BP Plastics Holding Bhd,2023-12-31,-2.343218,fit,0
BP Plastics Holding Bhd,2024-12-31,-2.396959,val,0
BP Plastics Holding Bhd,2025-12-31,-2.9370584,test,0
BP Plastics Holding Bhd,2026-12-31,-2.8204186,test,0
Bina Puri Holdings Bhd,2022-12-31,-1.7003653,fit,0
Bina Puri Holdings Bhd,2023-12-31,-0.19016656,fit,0
Bina Puri Holdings Bhd,2024-12-31,0.42616126,val,0
Bina Puri Holdings Bhd,2025-12-31,1.827444,test,0
Bina Puri Holdings Bhd,2026-12-31,-1.1196969,test,0
Bright Packaging Industry Bhd,2022-08-31,-2.5059133,fit,0
Bright Packaging Industry Bhd,2023-08-31,-4.4388404,fit,0
Bright Packaging Industry Bhd,2024-08-31,-3.0650337,val,0
Bright Packaging Industry Bhd,2025-08-31,-3.3209116,test,0
Bright Packaging Industry Bhd,2026-08-31,-2.854354,test,0
BSL Corporation Bhd,2021-06-30,-2.1777227,fit,0
BSL Corporation Bhd,2023-06-30,-2.1843784,fit,0
BSL Corporation Bhd,2025-06-30,-0.11106285,test,0
Brite-Tech Bhd,2021-12-31,-1.6976783,fit,0
Brite-Tech Bhd,2022-12-31,-2.8838298,fit,0
Brite-Tech Bhd,2023-12-31,-3.0424988,fit,0
Brite-Tech Bhd,2024-12-31,-3.1595151,val,0
Brite-Tech Bhd,2025-12-31,2.4528246,test,0
Bursa Malaysia Bhd,2022-12-31,0.46697918,fit,0
Bursa Malaysia Bhd,2023-12-31,3.0386393,fit,0
Bursa Malaysia Bhd,2024-12-31,2.2052474,val,0
Bursa Malaysia Bhd,2025-12-31,-1.2582465,test,0
Bursa Malaysia Bhd,2026-12-31,4.3034043,test,0
Bus Cap Bhd,2022-12-31,-2.0325286,fit,0
Bus Cap Bhd,2023-12-31,-3.2416403,fit,0
Bus Cap Bhd,2024-12-31,-3.2627006,val,0
Bus Cap Bhd,2025-12-31,-3.3472407,test,0
BV Land Holdings Bhd,2022-04-30,-2.4183486,fit,0
BV Land Holdings Bhd,2025-04-30,-3.5619166,test,0
BV Land Holdings Bhd,2026-04-30,-1.8845924,test,0
BWYS Group Bhd,2021-12-31,-3.3901687,fit,0
BWYS Group Bhd,2022-12-31,-3.8421006,fit,0
BWYS Group Bhd,2023-12-31,-1.8746798,fit,0
BWYS Group Bhd,2024-12-31,-3.4941697,val,0
BWYS Group Bhd,2025-12-31,-3.943728,test,0
CAB Cakaran Corporation Bhd,2022-09-30,-3.6013913,fit,0
CAB Cakaran Corporation Bhd,2023-09-30,-3.2251263,fit,0
CAB Cakaran Corporation Bhd,2024-09-30,-2.6917126,val,0
CAB Cakaran Corporation Bhd,2025-09-30,-3.017913,test,0
CAB Cakaran Corporation Bhd,2026-09-30,-2.850148,test,0
Cabnet Holdings Bhd,2024-02-28,0.2992734,val,0
Cabnet Holdings Bhd,2025-02-28,-2.3877485,test,0
Cabnet Holdings Bhd,2026-02-28,-2.4881663,test,0
Camaroe Bhd,2021-12-31,-1.171155,fit,0
Camaroe Bhd,2022-12-31,-2.3983114,fit,0
Camaroe Bhd,2023-12-31,-2.41975,fit,0
Camaroe Bhd,2024-12-31,-2.9776056,val,0
Camaroe Bhd,2025-12-31,-3.8988104,test,0
CAM Resources Bhd,2021-12-31,-3.0339725,fit,0
CAM Resources Bhd,2022-12-31,-2.998553,fit,0
CAM Resources Bhd,2023-12-31,-2.7968993,fit,0
CAM Resources Bhd,2024-12-31,-1.7144958,val,0
CAM Resources Bhd,2025-12-31,-3.2407584,test,0
Can-One Bhd,2021-12-31,-2.323416,fit,0
Can-One Bhd,2022-12-31,-2.7517207,fit,0
Can-One Bhd,2023-12-31,-4.429247,fit,0
Can-One Bhd,2024-12-31,-2.832097,val,0
Can-One Bhd,2025-12-31,12.104739,test,0
Capital A Berhad,2022-12-31,10.24834,fit,1
Capital A Berhad,2023-12-31,10.626677,fit,1
Capital A Berhad,2024-12-31,10.7487,val,1
Capital A Berhad,2025-12-31,-2.1824725,test,1
Capital A Berhad,2026-12-31,-1.3964968,test,0
Careplus Group Bhd,2021-06-30,-2.9616027,fit,0
Careplus Group Bhd,2024-06-30,-4.2476134,val,0
Careplus Group Bhd,2025-06-30,-2.6944559,test,0
Carimin Petroleum Bhd,2021-06-30,0.5545912,fit,0
Carimin Petroleum Bhd,2022-06-30,-2.6998415,fit,0
Carimin Petroleum Bhd,2023-06-30,0.2489188,fit,0
Carimin Petroleum Bhd,2024-06-30,-0.44011188,val,0
Carimin Petroleum Bhd,2025-06-30,-3.0324128,test,0
Carlo Rino Group Bhd,2021-06-30,-2.9159408,fit,0
Carlo Rino Group Bhd,2022-06-30,-2.2530007,fit,0
Carlo Rino Group Bhd,2023-06-30,-2.6971495,fit,0
Carlo Rino Group Bhd,2024-06-30,-3.4362862,val,0
Carlo Rino Group Bhd,2025-06-30,-2.5706172,test,0
Carlsberg Brewery Malaysia Bhd,2022-12-31,-3.7059705,fit,0
Carlsberg Brewery Malaysia Bhd,2023-12-31,-3.5900538,fit,0
Carlsberg Brewery Malaysia Bhd,2024-12-31,-1.6204178,val,0
Carlsberg Brewery Malaysia Bhd,2025-12-31,-3.3007557,test,0
Carlsberg Brewery Malaysia Bhd,2026-12-31,-3.112416,test,0
Catcha Digital Bhd,2021-12-31,0.4336659,fit,0
Catcha Digital Bhd,2022-12-31,3.1300912,fit,0
Catcha Digital Bhd,2023-12-31,-3.7567036,fit,0
Catcha Digital Bhd,2024-12-31,-3.739767,val,0
Catcha Digital Bhd,2025-12-31,-1.2088083,test,0
CBH Engineering Holding Bhd,2022-12-31,0.37771896,fit,0
CBH Engineering Holding Bhd,2023-12-31,-3.7735689,fit,0
CBH Engineering Holding Bhd,2024-12-31,-2.9064171,val,0
CBH Engineering Holding Bhd,2025-12-31,3.2153687,test,0
CBH Engineering Holding Bhd,2026-12-31,-2.538718,test,0
CB Industrial Product Holding Bhd,2022-12-31,-2.752809,fit,0
CB Industrial Product Holding Bhd,2023-12-31,-2.0737815,fit,0
CB Industrial Product Holding Bhd,2024-12-31,-2.9994454,val,0
CB Industrial Product Holding Bhd,2025-12-31,-3.0711508,test,0
CB Industrial Product Holding Bhd,2026-12-31,-1.9118646,test,0
CC International Bhd,2021-12-31,-0.8323395,fit,0
CC International Bhd,2022-12-31,-2.7991467,fit,0
CC International Bhd,2023-12-31,-2.7432537,fit,0
CC International Bhd,2024-12-31,-2.2974293,val,0
CC International Bhd,2025-12-31,-2.5878534,test,0
CCK Consolidated Holdings Bhd,2022-12-31,-3.4025111,fit,0
CCK Consolidated Holdings Bhd,2023-12-31,-1.53042,fit,0
CCK Consolidated Holdings Bhd,2024-12-31,-2.7854118,val,0
CCK Consolidated Holdings Bhd,2025-12-31,-4.0025496,test,0
CCK Consolidated Holdings Bhd,2026-12-31,-2.6107304,test,0
CelcomDigi Bhd,2022-12-31,7.289947,fit,0
CelcomDigi Bhd,2023-12-31,-5.700252,fit,0
CelcomDigi Bhd,2024-12-31,-1.7739329,val,0
CelcomDigi Bhd,2025-12-31,-0.6516827,test,0
CelcomDigi Bhd,2026-12-31,-0.47511253,test,0
CEKD Bhd,2021-08-31,-3.5010169,fit,0
CEKD Bhd,2022-08-31,-3.2373362,fit,0
CEKD Bhd,2023-08-31,-4.6222787,fit,0
CEKD Bhd,2024-08-31,-3.6709502,val,0
CEKD Bhd,2025-08-31,-2.819696,test,0
Cengild Medical Bhd,2022-06-30,-3.4168901,fit,0
Cengild Medical Bhd,2023-06-30,-4.558493,fit,0
Cengild Medical Bhd,2024-06-30,-2.884583,val,0
Cengild Medical Bhd,2025-06-30,-3.9047456,test,0
Cengild Medical Bhd,2026-06-30,-1.9049429,test,0
Censof Holdings Bhd,2022-03-31,-2.8286383,fit,0
Censof Holdings Bhd,2023-03-31,-2.7548597,fit,0
Censof Holdings Bhd,2024-03-31,-3.0919862,val,0
Censof Holdings Bhd,2025-03-31,-3.2406666,test,0
Censof Holdings Bhd,2026-03-31,-2.9371383,test,0
Cepatwawasan Group Bhd,2021-12-31,-2.518682,fit,0
Cepatwawasan Group Bhd,2022-12-31,-3.50521,fit,0
Cepatwawasan Group Bhd,2023-12-31,-3.9690866,fit,0
Cepatwawasan Group Bhd,2024-12-31,-3.484292,val,0
Cepatwawasan Group Bhd,2025-12-31,-2.3102703,test,0
Concrete Engineering Products Bhd,2021-08-31,4.300332,fit,0
Concrete Engineering Products Bhd,2022-08-31,-1.7129257,fit,0
Concrete Engineering Products Bhd,2023-08-31,-2.665509,fit,0
Concrete Engineering Products Bhd,2024-08-31,-3.2836356,val,0
Concrete Engineering Products Bhd,2025-08-31,-0.66833425,test,0
CE Technology Bhd,2021-07-31,-2.62082,fit,0
CE Technology Bhd,2022-07-31,-2.563605,fit,0
CE Technology Bhd,2023-07-31,-2.8260117,fit,0
CE Technology Bhd,2024-07-31,-2.8789124,val,0
CE Technology Bhd,2025-07-31,-2.6006477,test,0
Computer Forms Malaysia Bhd,2022-02-28,-2.2419345,fit,0
Computer Forms Malaysia Bhd,2023-02-28,5.3917665,fit,0
Computer Forms Malaysia Bhd,2024-02-28,-2.2204068,val,0
Computer Forms Malaysia Bhd,2025-02-28,2.6027217,test,0
Computer Forms Malaysia Bhd,2026-02-28,0.71726,test,0
Critical Holdings Bhd,2022-06-30,-2.402065,fit,0
Critical Holdings Bhd,2023-06-30,0.32860747,fit,0
Critical Holdings Bhd,2024-06-30,-3.402895,val,0
Critical Holdings Bhd,2025-06-30,-4.5143504,test,0
Critical Holdings Bhd,2026-06-30,-3.501994,test,0
Cheeding Holdings Bhd,2023-03-31,-0.60050344,fit,0
Cheeding Holdings Bhd,2024-03-31,-2.0527406,val,0
Cheeding Holdings Bhd,2025-03-31,-3.1285913,test,0
Cheeding Holdings Bhd,2026-03-31,-3.9298637,test,0
Cheeding Holdings Bhd,2027-03-31,-0.7509366,test,0
Cheetah Holdings Bhd,2021-06-30,-2.7636375,fit,0
Cheetah Holdings Bhd,2022-06-30,-2.7895095,fit,0
Cheetah Holdings Bhd,2023-06-30,-1.9613364,fit,0
Cheetah Holdings Bhd,2024-06-30,-2.6057427,val,0
Cheetah Holdings Bhd,2025-06-30,-2.6171172,test,0
Chin Hin Group Property Bhd,2022-12-31,-2.0956173,fit,0
Chin Hin Group Property Bhd,2023-12-31,-1.8666022,fit,0
Chin Hin Group Property Bhd,2024-12-31,-2.8548448,val,0
Chin Hin Group Property Bhd,2025-12-31,-2.932486,test,0
Chin Hin Group Bhd,2022-12-31,-2.090568,fit,0
Chin Hin Group Bhd,2023-12-31,-2.6026824,fit,0
Chin Hin Group Bhd,2024-12-31,-2.9011974,val,0
Chin Hin Group Bhd,2025-12-31,-2.6235623,test,0
Chin Hin Group Bhd,2026-12-31,-3.0042248,test,0
Chin Teck Plantations Bhd,2022-08-31,-2.8775892,fit,0
Chin Teck Plantations Bhd,2023-08-31,-2.1160371,fit,0
Chin Teck Plantations Bhd,2024-08-31,-3.4223027,val,0
Chin Teck Plantations Bhd,2025-08-31,-2.8037019,test,0
Chin Teck Plantations Bhd,2026-08-31,-2.2085872,test,0
Chin Well Holdings Bhd,2022-06-30,-2.9880707,fit,0
Chin Well Holdings Bhd,2023-06-30,-1.9170605,fit,0
Chin Well Holdings Bhd,2024-06-30,-3.0738583,val,0
Chin Well Holdings Bhd,2025-06-30,-2.7442195,test,0
Chin Well Holdings Bhd,2026-06-30,-2.6959763,test,0
Choo Bee Metal Industries Bhd,2022-12-31,-2.8994422,fit,0
Choo Bee Metal Industries Bhd,2023-12-31,-2.4071193,fit,0
Choo Bee Metal Industries Bhd,2024-12-31,-2.8807006,val,0
Choo Bee Metal Industries Bhd,2025-12-31,-1.3671415,test,0
Choo Bee Metal Industries Bhd,2026-12-31,-3.7401927,test,0
Chuan Huat Resources Bhd,2021-06-30,-1.6861646,fit,0
Chuan Huat Resources Bhd,2022-06-30,-3.3888748,fit,0
Chuan Huat Resources Bhd,2023-06-30,-3.404292,fit,0
Chuan Huat Resources Bhd,2024-06-30,-3.474148,val,0
Chuan Huat Resources Bhd,2025-06-30,-3.7851803,test,0
CI Holdings Bhd,2022-06-30,-3.1020737,fit,0
CI Holdings Bhd,2023-06-30,-2.0724337,fit,0
CI Holdings Bhd,2024-06-30,-2.8339632,val,0
CI Holdings Bhd,2025-06-30,-3.6472208,test,0
CI Holdings Bhd,2026-06-30,6.011872,test,0
CIMB Group Holdings Bhd,2022-12-31,-2.0993528,fit,0
CIMB Group Holdings Bhd,2023-12-31,-1.5240039,fit,0
CIMB Group Holdings Bhd,2024-12-31,-2.1640537,val,0
CIMB Group Holdings Bhd,2025-12-31,-1.7873888,test,0
CIMB Group Holdings Bhd,2026-12-31,-1.3041388,test,0
CJ Century Logistics Holdings Bhd,2022-12-31,-3.448414,fit,0
CJ Century Logistics Holdings Bhd,2023-12-31,-2.5434701,fit,0
CJ Century Logistics Holdings Bhd,2024-12-31,-3.1983614,val,0
CJ Century Logistics Holdings Bhd,2025-12-31,-1.8703488,test,0
CJ Century Logistics Holdings Bhd,2026-12-31,-1.6137121,test,0
CUCKOO International (MAL) Bhd,2021-12-31,-1.033837,fit,0
CUCKOO International (MAL) Bhd,2022-12-31,-2.1190083,fit,0
CUCKOO International (MAL) Bhd,2023-12-31,-2.4199889,fit,0
CUCKOO International (MAL) Bhd,2024-12-31,-4.4044967,val,0
CUCKOO International (MAL) Bhd,2025-12-31,-1.1785758,test,0
Chemlite Innovation Bhd,2021-12-31,-2.4091258,fit,0
Chemlite Innovation Bhd,2022-12-31,-3.235091,fit,0
Chemlite Innovation Bhd,2023-12-31,-3.954052,fit,0
Chemlite Innovation Bhd,2024-12-31,-3.928223,val,0
Chemlite Innovation Bhd,2025-12-31,-4.285062,test,0
CapitaLand Malaysia Trust,2022-12-31,7.496855,fit,0
CapitaLand Malaysia Trust,2023-12-31,6.595087,fit,0
CapitaLand Malaysia Trust,2024-12-31,4.150675,val,0
CapitaLand Malaysia Trust,2025-12-31,5.419805,test,0
CapitaLand Malaysia Trust,2026-12-31,4.786146,test,0
Cloudpoint Technology Bhd,2022-12-31,3.1867702,fit,0
Cloudpoint Technology Bhd,2023-12-31,-1.866882,fit,0
Cloudpoint Technology Bhd,2024-12-31,-3.287084,val,0
Cloudpoint Technology Bhd,2025-12-31,-2.6711016,test,0
Cloudpoint Technology Bhd,2026-12-31,-1.5534983,test,0
CME Group Bhd,2021-09-30,1.5111572,fit,0
CME Group Bhd,2022-09-30,-1.2497708,fit,0
CME Group Bhd,2024-09-30,-0.44371247,val,0
CME Group Bhd,2025-09-30,-0.54195964,test,0
Cahya Mata Sarawak Bhd,2022-12-31,1.7522855,fit,0
Cahya Mata Sarawak Bhd,2023-12-31,-2.9519203,fit,0
Cahya Mata Sarawak Bhd,2024-12-31,-2.2967622,val,0
Cahya Mata Sarawak Bhd,2025-12-31,0.77496886,test,0
Cahya Mata Sarawak Bhd,2026-12-31,0.8417994,test,0
Cnergenz Bhd,2022-12-31,1.5832437,fit,0
Cnergenz Bhd,2023-12-31,-3.4314516,fit,0
Cnergenz Bhd,2024-12-31,-4.5301914,val,0
Cnergenz Bhd,2025-12-31,-2.6838708,test,0
Cnergenz Bhd,2026-12-31,-2.2287986,test,0
Citra Nusa Holdings Bhd,2021-12-31,-2.1099334,fit,0
Citra Nusa Holdings Bhd,2022-12-31,-2.138361,fit,0
Citra Nusa Holdings Bhd,2023-12-31,-2.9160674,fit,0
Citra Nusa Holdings Bhd,2024-12-31,-1.3691789,val,0
Citra Nusa Holdings Bhd,2025-12-31,-1.7926139,test,0
China Ouhua Winery Holdings Ltd,2021-12-31,-2.7933285,fit,0
China Ouhua Winery Holdings Ltd,2022-12-31,-1.9045472,fit,0
China Ouhua Winery Holdings Ltd,2023-12-31,-2.0982156,fit,0
China Ouhua Winery Holdings Ltd,2024-12-31,-2.875013,val,0
China Ouhua Winery Holdings Ltd,2025-12-31,-1.2877631,test,0
Coastal Contracts Bhd,2022-12-31,-2.9417179,fit,0
Coastal Contracts Bhd,2023-12-31,-4.4785824,fit,0
Coastal Contracts Bhd,2024-12-31,-1.0647224,val,0
Coastal Contracts Bhd,2025-12-31,-2.9717348,test,0
Coastal Contracts Bhd,2026-12-31,-3.11105,test,0
Colform Group Bhd,2021-12-31,-2.7139368,fit,0
Colform Group Bhd,2022-12-31,-3.1593876,fit,0
Colform Group Bhd,2023-12-31,-2.4986336,fit,0
Colform Group Bhd,2024-12-31,-2.9697351,val,0
Colform Group Bhd,2025-12-31,-3.7200027,test,0
Comfort Gloves Bhd,2021-12-31,-3.087209,fit,0
Comfort Gloves Bhd,2022-12-31,-3.5788376,fit,0
Comfort Gloves Bhd,2023-12-31,-2.8328376,fit,0
Comfort Gloves Bhd,2024-12-31,-2.225792,val,0
Comfort Gloves Bhd,2025-12-31,-1.4553735,test,0
Compugates Holdings Bhd,2021-12-31,-2.018562,fit,0
Compugates Holdings Bhd,2022-12-31,-2.2229984,fit,0
Compugates Holdings Bhd,2023-12-31,-2.6732407,fit,0
Compugates Holdings Bhd,2024-12-31,-0.8857975,val,0
Compugates Holdings Bhd,2025-12-31,-2.6418042,test,0
Coraza Integrated Technology Bhd,2022-12-31,-1.5615865,fit,0
Coraza Integrated Technology Bhd,2023-12-31,-3.2222352,fit,0
Coraza Integrated Technology Bhd,2024-12-31,-1.7207404,val,0
Coraza Integrated Technology Bhd,2025-12-31,-3.0211952,test,0
Coraza Integrated Technology Bhd,2026-12-31,-3.4382956,test,0
Cosmos Technology International Bhd,2022-04-30,-2.9334977,fit,0
Cosmos Technology International Bhd,2023-04-30,-2.5564132,fit,0
Cosmos Technology International Bhd,2024-04-30,-2.192474,val,0
Cosmos Technology International Bhd,2025-04-30,-3.0642245,test,0
Cosmos Technology International Bhd,2026-04-30,-2.8715105,test,0
CPE Technology Bhd,2022-06-30,-0.7847532,fit,0
CPE Technology Bhd,2023-06-30,-3.520743,fit,0
CPE Technology Bhd,2024-06-30,-2.970397,val,0
CPE Technology Bhd,2025-06-30,-3.327517,test,0
CPE Technology Bhd,2026-06-30,-3.7106514,test,0
Crest Builder Holdings Bhd,2022-12-31,-0.3397689,fit,0
Crest Builder Holdings Bhd,2023-12-31,-1.2987969,fit,0
Crest Builder Holdings Bhd,2024-12-31,-1.9252547,val,0
Crest Builder Holdings Bhd,2025-12-31,-1.7804593,test,0
Crest Builder Holdings Bhd,2026-12-31,-2.1194665,test,0
Crescendo Corp Bhd,2023-01-31,0.26584637,fit,0
Crescendo Corp Bhd,2024-01-31,-2.4809008,val,0
Crescendo Corp Bhd,2025-01-31,0.08329314,test,0
Crescendo Corp Bhd,2026-01-31,-2.691995,test,0
Crescendo Corp Bhd,2027-01-31,-2.9548004,test,0
Crest Group Bhd,2021-12-31,2.1077235,fit,0
Crest Group Bhd,2022-12-31,0.20907381,fit,0
Crest Group Bhd,2023-12-31,2.0495694,fit,0
Crest Group Bhd,2024-12-31,-3.4171388,val,0
Crest Group Bhd,2025-12-31,-2.5415337,test,0
Croesus IT Holdings Bhd,2023-12-31,-1.1505598,fit,0
Croesus IT Holdings Bhd,2024-12-31,-0.2983748,val,0
Croesus IT Holdings Bhd,2025-12-31,-2.962328,test,0
Cropmate Bhd,2021-12-31,-2.1887302,fit,0
Cropmate Bhd,2022-12-31,-2.958421,fit,0
Cropmate Bhd,2023-12-31,-3.2475696,fit,0
Cropmate Bhd,2024-12-31,-3.583343,val,0
Cropmate Bhd,2025-12-31,-3.1990116,test,0
CSC Steel Holdings Bhd,2022-12-31,-3.0834737,fit,0
CSC Steel Holdings Bhd,2023-12-31,-4.4559245,fit,0
CSC Steel Holdings Bhd,2024-12-31,-2.9785795,val,0
CSC Steel Holdings Bhd,2025-12-31,-3.2812278,test,0
CSC Steel Holdings Bhd,2026-12-31,-2.6193104,test,0
CTOS Digital Bhd,2022-12-31,-3.7604065,fit,0
CTOS Digital Bhd,2023-12-31,-2.070337,fit,0
CTOS Digital Bhd,2024-12-31,-1.7533995,val,0
CTOS Digital Bhd,2025-12-31,-2.1534004,test,0
CTOS Digital Bhd,2026-12-31,-2.3943336,test,0
Cuscapi Bhd,2021-12-31,0.50187826,fit,0
Cuscapi Bhd,2022-12-31,-0.5680063,fit,0
Cuscapi Bhd,2023-12-31,5.715206,fit,0
Cuscapi Bhd,2024-12-31,0.5131519,val,0
Cuscapi Bhd,2025-12-31,-0.6619948,test,0
Country View Bhd,2021-11-30,-1.6986508,fit,0
Country View Bhd,2022-11-30,1.9378921,fit,0
Country View Bhd,2023-11-30,-3.0297678,fit,0
Country View Bhd,2024-11-30,-3.1327794,val,0
Country View Bhd,2025-11-30,-3.173901,test,0
CWG Holdings Bhd,2022-06-30,-0.8208555,fit,0
CWG Holdings Bhd,2023-06-30,-3.0337207,fit,0
CWG Holdings Bhd,2024-06-30,-3.2768297,val,0
CWG Holdings Bhd,2025-06-30,-3.351662,test,0
CWG Holdings Bhd,2026-06-30,-2.5553775,test,0
Cyberjaya Education Group Bhd,2021-06-30,0.7491255,fit,0
Cyberjaya Education Group Bhd,2024-06-30,-1.9258084,val,0
Cyberjaya Education Group Bhd,2025-06-30,1.4684402,test,0
CYL Corp Bhd,2022-01-31,-2.1460931,fit,0
CYL Corp Bhd,2023-01-31,-2.190941,fit,0
CYL Corp Bhd,2024-01-31,-1.994612,val,0
CYL Corp Bhd,2025-01-31,-2.8628116,test,0
CYL Corp Bhd,2026-01-31,-1.7426759,test,0
Cypark Resources Bhd,2025-04-30,-1.4904585,test,0
Cypark Resources Bhd,2026-04-30,-0.19111831,test,0
Cypark Resources Bhd,2027-04-30,3.9327087,test,0
D & O Green Technologies Bhd,2022-12-31,-2.6036205,fit,0
D & O Green Technologies Bhd,2023-12-31,-1.7860924,fit,0
D & O Green Technologies Bhd,2024-12-31,-2.971156,val,0
D & O Green Technologies Bhd,2025-12-31,-3.216055,test,0
D & O Green Technologies Bhd,2026-12-31,-1.6465025,test,0
Dancomech Holdings Bhd,2022-12-31,-2.9481766,fit,0
Dancomech Holdings Bhd,2023-12-31,-2.9472384,fit,0
Dancomech Holdings Bhd,2024-12-31,-3.4925337,val,0
Dancomech Holdings Bhd,2025-12-31,-2.648231,test,0
Dancomech Holdings Bhd,2026-12-31,-2.827611,test,0
Dataprep Holdings Bhd,2023-03-31,-1.89079,fit,0
Dataprep Holdings Bhd,2024-03-31,-2.312483,val,0
Dataprep Holdings Bhd,2025-03-31,-2.6391904,test,0
Daythree Digital Bhd,2021-12-31,0.9575956,fit,0
Daythree Digital Bhd,2022-12-31,4.8770404,fit,0
Daythree Digital Bhd,2023-12-31,-3.4746325,fit,0
Daythree Digital Bhd,2024-12-31,-2.4474752,val,0
Daythree Digital Bhd,2025-12-31,-2.626122,test,0
Dayang Enterprise Holdings Bhd,2022-12-31,-3.6764226,fit,0
Dayang Enterprise Holdings Bhd,2023-12-31,-3.4855163,fit,0
Dayang Enterprise Holdings Bhd,2024-12-31,-2.3488872,val,0
Dayang Enterprise Holdings Bhd,2025-12-31,-2.3866656,test,0
Dayang Enterprise Holdings Bhd,2026-12-31,-2.9377491,test,0
DC Healthcare Holdings Bhd,2022-12-31,-3.536091,fit,0
DC Healthcare Holdings Bhd,2023-12-31,-3.1887875,fit,0
DC Healthcare Holdings Bhd,2024-12-31,-2.8382053,val,0
DC Healthcare Holdings Bhd,2025-12-31,-1.902433,test,0
DC Healthcare Holdings Bhd,2026-12-31,-4.079775,test,0
Deleum Bhd,2022-12-31,1.0025657,fit,0
Deleum Bhd,2023-12-31,-1.6205015,fit,0
Deleum Bhd,2024-12-31,-2.6674612,val,0
Deleum Bhd,2025-12-31,-3.967408,test,0
Deleum Bhd,2026-12-31,-2.7551448,test,0
Wawasan Dengkil Holdings Bhd,2021-06-30,-1.3334719,fit,0
Wawasan Dengkil Holdings Bhd,2022-06-30,-2.7482255,fit,0
Wawasan Dengkil Holdings Bhd,2023-06-30,-1.7008921,fit,0
Wawasan Dengkil Holdings Bhd,2024-06-30,-2.7201662,val,0
Wawasan Dengkil Holdings Bhd,2025-06-30,-2.6151247,test,0
Destini Bhd,2022-06-30,0.494167,fit,0
Destini Bhd,2023-06-30,-3.4611492,fit,0
Destini Bhd,2026-06-30,-2.8478642,test,0
Divfex Bhd,2021-06-30,0.38595673,fit,0
Divfex Bhd,2022-06-30,-2.2014382,fit,0
Divfex Bhd,2023-06-30,-3.3957334,fit,0
Divfex Bhd,2024-06-30,-5.4921236,val,0
Divfex Bhd,2025-06-30,-2.2067215,test,0
DGB Asia Bhd,2021-12-31,-1.0479159,fit,0
DGB Asia Bhd,2022-12-31,-1.8130893,fit,0
DGB Asia Bhd,2023-12-31,-1.5663979,fit,0
DGB Asia Bhd,2024-12-31,-0.047327906,val,0
DGB Asia Bhd,2025-12-31,3.5484939,test,0
Dialog Group Bhd,2022-06-30,-2.9564593,fit,0
Dialog Group Bhd,2023-06-30,-2.691955,fit,0
Dialog Group Bhd,2024-06-30,-3.6371067,val,0
Dialog Group Bhd,2025-06-30,-2.8830652,test,0
Dialog Group Bhd,2026-06-30,-2.7943387,test,0
Digistar Corporation Bhd,2021-09-30,-1.9828949,fit,0
Digistar Corporation Bhd,2022-09-30,-2.0636542,fit,0
Digistar Corporation Bhd,2023-09-30,-0.11217082,fit,0
Digistar Corporation Bhd,2024-09-30,6.6388297,val,0
Digistar Corporation Bhd,2025-09-30,1.1734873,test,0
DKLS Industries Bhd,2021-12-31,-0.3385203,fit,0
DKLS Industries Bhd,2022-12-31,-2.8422036,fit,0
DKLS Industries Bhd,2023-12-31,-2.4840856,fit,0
DKLS Industries Bhd,2024-12-31,-2.4202285,val,0
DKLS Industries Bhd,2025-12-31,-2.920626,test,0
DKSH Holdings (Malaysia) Bhd,2022-12-31,-2.3261752,fit,0
DKSH Holdings (Malaysia) Bhd,2023-12-31,-2.4770672,fit,0
DKSH Holdings (Malaysia) Bhd,2024-12-31,-2.4188406,val,0
DKSH Holdings (Malaysia) Bhd,2025-12-31,-2.394447,test,0
DKSH Holdings (Malaysia) Bhd,2026-12-31,-2.6067007,test,0
Dutch Lady Milk Industries Bhd,2022-12-31,0.7776687,fit,0
Dutch Lady Milk Industries Bhd,2023-12-31,-3.1030462,fit,0
Dutch Lady Milk Industries Bhd,2024-12-31,-2.8237166,val,0
Dutch Lady Milk Industries Bhd,2025-12-31,-4.641607,test,0
Dutch Lady Milk Industries Bhd,2026-12-31,-3.873132,test,0
Dagang NeXchange Bhd,2023-12-31,-2.2518861,fit,0
Dagang NeXchange Bhd,2025-12-31,-2.8651576,test,0
Dagang NeXchange Bhd,2026-12-31,-3.041615,test,0
D'nonce Technology Bhd,2022-03-31,-2.9648428,fit,0
D'nonce Technology Bhd,2023-03-31,-3.2205327,fit,0
D'nonce Technology Bhd,2024-03-31,-3.3120806,val,0
D'nonce Technology Bhd,2025-03-31,-3.492786,test,0
D'nonce Technology Bhd,2026-03-31,-2.7899904,test,0
Dominant Enterprise Bhd,2022-03-31,-2.2862124,fit,0
Dominant Enterprise Bhd,2023-03-31,-2.8011234,fit,0
Dominant Enterprise Bhd,2024-03-31,-2.3547537,val,0
Dominant Enterprise Bhd,2025-03-31,-3.46964,test,0
Dominant Enterprise Bhd,2026-03-31,-3.2721033,test,0
Duopharma Biotech Bhd,2022-12-31,-2.9565148,fit,0
Duopharma Biotech Bhd,2023-12-31,-2.720336,fit,0
Duopharma Biotech Bhd,2024-12-31,-3.3670936,val,0
Duopharma Biotech Bhd,2025-12-31,-3.7392895,test,0
Duopharma Biotech Bhd,2026-12-31,-2.5243134,test,0
DPI Holdings Bhd,2022-05-31,-2.6763418,fit,0
DPI Holdings Bhd,2023-05-31,-2.9798865,fit,0
DPI Holdings Bhd,2024-05-31,-2.6369028,val,0
DPI Holdings Bhd,2025-05-31,-2.78428,test,0
DPI Holdings Bhd,2026-05-31,-1.8689675,test,0
DPS Resources Bhd,2022-03-31,1.4400713,fit,0
DPS Resources Bhd,2023-03-31,-2.0925858,fit,0
DPS Resources Bhd,2024-03-31,-3.921855,val,0
DPS Resources Bhd,2025-03-31,-2.571098,test,0
DPS Resources Bhd,2026-03-31,-3.2522025,test,0
DRB-HICOM Bhd,2022-12-31,0.40308252,fit,0
DRB-HICOM Bhd,2023-12-31,2.3617058,fit,0
DRB-HICOM Bhd,2024-12-31,5.606523,val,0
DRB-HICOM Bhd,2025-12-31,8.1774645,test,0
DRB-HICOM Bhd,2026-12-31,7.2831345,test,0
DSR Taiko Bhd,2021-06-30,-3.2193704,fit,0
DSR Taiko Bhd,2022-06-30,1.565703,fit,0
DSR Taiko Bhd,2023-06-30,-4.109119,fit,0
DSR Taiko Bhd,2024-06-30,-4.568688,val,0
DSR Taiko Bhd,2025-06-30,-3.5477288,test,0
DS Sigma Holdings Bhd,2021-06-30,-3.3267498,fit,0
DS Sigma Holdings Bhd,2022-06-30,-3.7289886,fit,0
DS Sigma Holdings Bhd,2023-06-30,-3.149314,fit,0
DS Sigma Holdings Bhd,2024-06-30,-3.440487,val,0
DS Sigma Holdings Bhd,2025-06-30,-3.1538157,test,0
Dufu Technology Corp Bhd,2021-12-31,-2.441806,fit,0
Dufu Technology Corp Bhd,2022-12-31,-2.9184425,fit,0
Dufu Technology Corp Bhd,2023-12-31,-2.1745586,fit,0
Dufu Technology Corp Bhd,2024-12-31,-2.666964,val,0
Dufu Technology Corp Bhd,2025-12-31,-2.7528934,test,0
DutaLand Bhd,2021-06-30,-1.1856145,fit,0
DutaLand Bhd,2022-06-30,-1.7170438,fit,0
DutaLand Bhd,2023-06-30,-2.5548015,fit,0
DutaLand Bhd,2024-06-30,-2.1271167,val,0
DutaLand Bhd,2025-06-30,-1.8435051,test,0
DXN Holdings Bhd,2023-02-28,0.27378282,fit,0
DXN Holdings Bhd,2024-02-28,-0.72890747,val,0
DXN Holdings Bhd,2025-02-28,-3.4413078,test,0
DXN Holdings Bhd,2026-02-28,-3.8213382,test,0
DXN Holdings Bhd,2027-02-28,-3.7539947,test,0
DynaFront Holdings Bhd,2021-06-30,-0.33091944,fit,0
DynaFront Holdings Bhd,2022-06-30,-2.4696083,fit,0
DynaFront Holdings Bhd,2023-06-30,-3.6603034,fit,0
DynaFront Holdings Bhd,2024-06-30,-4.695605,val,0
DynaFront Holdings Bhd,2025-06-30,-4.15094,test,0
Total Dynamic Holdings Bhd,2021-12-31,-3.02337,fit,0
Total Dynamic Holdings Bhd,2022-12-31,4.7546864,fit,0
Total Dynamic Holdings Bhd,2023-12-31,1.811576,fit,0
Total Dynamic Holdings Bhd,2024-12-31,-3.9017158,val,0
Total Dynamic Holdings Bhd,2025-12-31,-4.343485,test,0
Eastern & Oriental Bhd,2023-03-31,-0.9385315,fit,0
Eastern & Oriental Bhd,2024-03-31,-3.8178887,val,0
Eastern & Oriental Bhd,2025-03-31,-1.9554113,test,0
Eastern & Oriental Bhd,2026-03-31,-3.624877,test,0
Eastern & Oriental Bhd,2027-03-31,-1.0355445,test,0
ECA Integrated Solution Bhd,2022-10-31,-2.4628117,fit,0
ECA Integrated Solution Bhd,2023-10-31,-3.0618699,fit,0
ECA Integrated Solution Bhd,2024-10-31,-4.484889,val,0
ECA Integrated Solution Bhd,2025-10-31,-2.688017,test,0
ECA Integrated Solution Bhd,2026-10-31,-1.9820474,test,0
EC Excel Holdings Bhd,2021-12-31,-3.2849374,fit,0
EC Excel Holdings Bhd,2022-12-31,-2.199369,fit,0
EC Excel Holdings Bhd,2023-12-31,-2.476215,fit,0
EC Excel Holdings Bhd,2024-12-31,-2.8961961,val,0
EC Excel Holdings Bhd,2025-12-31,-2.058455,test,0
Eckem Holdings Bhd,2022-12-31,0.43349275,fit,0
Eckem Holdings Bhd,2023-12-31,-4.2283587,fit,0
Eckem Holdings Bhd,2024-12-31,-3.7586756,val,0
Eckem Holdings Bhd,2025-12-31,-1.2342365,test,0
ECM Libra Group Bhd,2021-12-31,-4.0729675,fit,0
ECM Libra Group Bhd,2022-12-31,-4.203175,fit,0
ECM Libra Group Bhd,2023-12-31,-1.445767,fit,0
ECM Libra Group Bhd,2024-12-31,-1.7508981,val,0
ECM Libra Group Bhd,2025-12-31,-2.3509185,test,0
EcoFirst Consolidated Bhd,2021-05-31,0.6080601,fit,0
EcoFirst Consolidated Bhd,2022-05-31,9.564133,fit,0
EcoFirst Consolidated Bhd,2023-05-31,-2.5872743,fit,0
EcoFirst Consolidated Bhd,2024-05-31,-1.7938131,val,0
EcoFirst Consolidated Bhd,2025-05-31,-3.5141976,test,0
Ecomate Holdings Bhd,2022-02-28,-2.8074558,fit,0
Ecomate Holdings Bhd,2023-02-28,-2.9952204,fit,0
Ecomate Holdings Bhd,2024-02-28,-2.6154885,val,0
Ecomate Holdings Bhd,2025-02-28,-1.747097,test,0
Ecomate Holdings Bhd,2026-02-28,-1.365742,test,0
Econpile Holdings Bhd,2022-06-30,-1.4488552,fit,0
Econpile Holdings Bhd,2023-06-30,-3.0080287,fit,0
Econpile Holdings Bhd,2024-06-30,1.9049772,val,0
Econpile Holdings Bhd,2025-06-30,3.8856163,test,0
Econpile Holdings Bhd,2026-06-30,-3.1700885,test,0
Eco-Shop Marketing Bhd,2023-05-31,-1.8462787,fit,0
Eco-Shop Marketing Bhd,2024-05-31,-2.901329,val,0
Eco-Shop Marketing Bhd,2025-05-31,-2.8934648,test,0
Eco-Shop Marketing Bhd,2026-05-31,-2.6766841,test,0
Eco-Shop Marketing Bhd,2027-05-31,-2.4137158,test,0
Eco World Development Group Bhd,2022-10-31,1.9735645,fit,0
Eco World Development Group Bhd,2023-10-31,-3.0009868,fit,0
Eco World Development Group Bhd,2024-10-31,-1.2616862,val,0
Eco World Development Group Bhd,2025-10-31,2.3587794,test,0
Eco World Development Group Bhd,2026-10-31,-1.587518,test,0
eDaran Bhd,2021-06-30,4.870195,fit,0
eDaran Bhd,2022-06-30,-4.5139666,fit,0
eDaran Bhd,2023-06-30,-3.194713,fit,0
eDaran Bhd,2024-06-30,-4.2276015,val,0
eDaran Bhd,2025-06-30,-2.9848554,test,0
Edelteq Holdings Bhd,2022-12-31,-1.0845776,fit,0
Edelteq Holdings Bhd,2023-12-31,-1.30932,fit,0
Edelteq Holdings Bhd,2024-12-31,-3.283059,val,0
Edelteq Holdings Bhd,2025-12-31,-2.2451055,test,0
Edelteq Holdings Bhd,2026-12-31,-2.6041384,test,0
Eden Inc Bhd,2021-06-30,-0.117108315,fit,0
Eden Inc Bhd,2022-06-30,0.4283562,fit,0
Eden Inc Bhd,2023-06-30,-3.5346735,fit,0
Eden Inc Bhd,2024-06-30,0.062042356,val,0
Eden Inc Bhd,2025-06-30,-0.34409857,test,0
Eduspec Holdings Bhd,2022-02-28,0.06720142,fit,0
Eduspec Holdings Bhd,2023-02-28,0.65689564,fit,0
Eduspec Holdings Bhd,2024-02-28,-1.5714611,val,0
Eduspec Holdings Bhd,2025-02-28,-3.026506,test,0
Eduspec Holdings Bhd,2026-02-28,-2.385233,test,0
Efficient E-Solutions Bhd,2021-12-31,-3.1207857,fit,0
Efficient E-Solutions Bhd,2022-12-31,-3.1872287,fit,0
Efficient E-Solutions Bhd,2023-12-31,-2.704096,fit,0
Efficient E-Solutions Bhd,2024-12-31,-1.7830374,val,0
Efficient E-Solutions Bhd,2025-12-31,-3.3197274,test,0
Excel Force MSC Bhd,2021-06-30,-2.2290719,fit,0
Excel Force MSC Bhd,2024-06-30,-2.6577408,val,0
Excel Force MSC Bhd,2025-06-30,-2.1012747,test,0
Econframe Bhd,2021-08-31,-2.223559,fit,0
Econframe Bhd,2022-08-31,-3.5733216,fit,0
Econframe Bhd,2023-08-31,-2.2583213,fit,0
Econframe Bhd,2024-08-31,-3.0785828,val,0
Econframe Bhd,2025-08-31,-1.909888,test,0
EG Industries Bhd,2022-06-30,-3.2986696,fit,0
EG Industries Bhd,2023-06-30,-3.988425,fit,0
EG Industries Bhd,2024-06-30,-3.3632822,val,0
EG Industries Bhd,2025-06-30,-3.1569805,test,0
EG Industries Bhd,2026-06-30,-3.698904,test,0
Ecoscience International Bhd,2021-12-31,-3.1087081,fit,0
Ecoscience International Bhd,2022-12-31,-2.70264,fit,0
Ecoscience International Bhd,2023-12-31,-2.7627492,fit,0
Ecoscience International Bhd,2024-12-31,-2.5375676,val,0
Ecoscience International Bhd,2025-12-31,-3.9279096,test,0
Esthetics International Group Bhd,2023-03-31,-0.12915985,fit,0
Esthetics International Group Bhd,2024-03-31,-3.078535,val,0
Esthetics International Group Bhd,2025-03-31,-2.4777513,test,0
Esthetics International Group Bhd,2026-03-31,-1.9489402,test,0
Esthetics International Group Bhd,2027-03-31,-3.3204887,test,0
EI Power Bhd,2023-12-31,-1.9738418,fit,0
EI Power Bhd,2024-12-31,-3.2315943,val,0
EI Power Bhd,2025-12-31,-4.2597027,test,0
EI Power Bhd,2026-12-31,-3.8609006,test,0
EITA Resources Bhd,2022-09-30,-3.0953937,fit,0
EITA Resources Bhd,2023-09-30,-2.4008918,fit,0
EITA Resources Bhd,2024-09-30,-3.661614,val,0
EITA Resources Bhd,2025-09-30,-0.27701548,test,0
EITA Resources Bhd,2026-09-30,-1.7828532,test,0
Ekovest Bhd,2022-06-30,-0.029789925,fit,0
Ekovest Bhd,2023-06-30,-0.26974767,fit,0
Ekovest Bhd,2024-06-30,0.035938084,val,0
Ekovest Bhd,2025-06-30,-0.23550248,test,0
Ekovest Bhd,2026-06-30,0.61314046,test,0
Eksons Corporation Bhd,2023-03-31,-2.5608063,fit,0
Eksons Corporation Bhd,2024-03-31,-2.3386087,val,0
Eksons Corporation Bhd,2025-03-31,-3.3185754,test,0
Eksons Corporation Bhd,2026-03-31,-2.5005538,test,0
Eksons Corporation Bhd,2027-03-31,-1.8307294,test,0
ELK-Desa Resources Bhd,2023-03-31,1.6118615,fit,0
ELK-Desa Resources Bhd,2024-03-31,-2.6556716,val,0
ELK-Desa Resources Bhd,2025-03-31,-1.5306007,test,0
ELK-Desa Resources Bhd,2026-03-31,-1.5581813,test,0
ELK-Desa Resources Bhd,2027-03-31,1.2317874,test,0
Elridge Energy Holdings Bhd,2022-12-31,-1.5338247,fit,0
Elridge Energy Holdings Bhd,2023-12-31,-3.45724,fit,0
Elridge Energy Holdings Bhd,2024-12-31,-2.7160375,val,0
Elridge Energy Holdings Bhd,2025-12-31,-5.3212748,test,0
Elridge Energy Holdings Bhd,2026-12-31,-2.6806548,test,0
Elsa Bhd,2022-12-31,0.6106353,fit,0
Elsa Bhd,2023-12-31,-3.7204561,fit,0
Elsa Bhd,2024-12-31,-2.922567,val,0
Elsa Bhd,2025-12-31,-2.8055725,test,0
Elsoft Research Bhd,2022-12-31,-2.9639297,fit,0
Elsoft Research Bhd,2023-12-31,-3.1023147,fit,0
Elsoft Research Bhd,2024-12-31,-2.9057047,val,0
Elsoft Research Bhd,2025-12-31,-3.737158,test,0
Elsoft Research Bhd,2026-12-31,-4.6411085,test,0
Evergreen Max Cash Capital Bhd,2021-12-31,-1.1577102,fit,0
Evergreen Max Cash Capital Bhd,2022-12-31,-3.4559376,fit,0
Evergreen Max Cash Capital Bhd,2023-12-31,-3.7645605,fit,0
Evergreen Max Cash Capital Bhd,2024-12-31,-0.38264668,val,0
Evergreen Max Cash Capital Bhd,2025-12-31,-0.62813604,test,0
Eonmetall Group Bhd,2021-12-31,-1.5263236,fit,0
Eonmetall Group Bhd,2022-12-31,-1.7279085,fit,0
Eonmetall Group Bhd,2023-12-31,-3.4004748,fit,0
Eonmetall Group Bhd,2024-12-31,0.4600719,val,0
Eonmetall Group Bhd,2025-12-31,-0.97938824,test,0
Emico Holdings Bhd,2022-03-31,-0.33312562,fit,0
Emico Holdings Bhd,2023-03-31,-6.2745,fit,0
Emico Holdings Bhd,2024-03-31,-3.8572793,val,0
Emico Holdings Bhd,2025-03-31,-2.744723,test,0
Emico Holdings Bhd,2026-03-31,-2.7851162,test,0
Empire Premium Food Bhd,2024-03-31,-1.004105,val,0
Empire Premium Food Bhd,2025-03-31,-1.615707,test,0
Empire Premium Food Bhd,2026-03-31,-1.5468931,test,0
Empire Premium Food Bhd,2027-03-31,7.965108,test,0
Encorp Bhd,2021-12-31,-1.2895843,fit,0
Encorp Bhd,2022-12-31,9.328176,fit,0
Encorp Bhd,2023-12-31,-0.9134517,fit,0
Encorp Bhd,2024-12-31,1.04788,val,0
Encorp Bhd,2025-12-31,2.949871,test,0
Enest Group Bhd,2021-12-31,-3.2348795,fit,0
Enest Group Bhd,2022-12-31,-3.231964,fit,0
Enest Group Bhd,2023-12-31,-3.7683494,fit,0
Enest Group Bhd,2024-12-31,-2.743879,val,0
Enest Group Bhd,2025-12-31,-3.8305123,test,0
Eng Kah Corporation Bhd,2021-12-31,-2.9270575,fit,0
Eng Kah Corporation Bhd,2022-12-31,-2.6448627,fit,0
Eng Kah Corporation Bhd,2023-12-31,-2.7195227,fit,0
Eng Kah Corporation Bhd,2024-12-31,-1.9469005,val,0
Eng Kah Corporation Bhd,2025-12-31,-2.1543787,test,0
Engtex Group Bhd,2022-12-31,-2.8995514,fit,0
Engtex Group Bhd,2023-12-31,-2.9159265,fit,0
Engtex Group Bhd,2024-12-31,-3.6888695,val,0
Engtex Group Bhd,2025-12-31,-1.314852,test,0
Engtex Group Bhd,2026-12-31,-3.277748,test,0
Enproserve Group Bhd,2021-12-31,1.0034217,fit,0
Enproserve Group Bhd,2022-12-31,-2.7270896,fit,0
Enproserve Group Bhd,2023-12-31,-2.2629054,fit,0
Enproserve Group Bhd,2024-12-31,-3.8027906,val,0
Enproserve Group Bhd,2025-12-31,-3.056676,test,0
ENRA Group Bhd,2023-03-31,-2.3261106,fit,0
ENRA Group Bhd,2024-03-31,-1.9253823,val,0
ENRA Group Bhd,2025-03-31,-3.9889972,test,0
ENRA Group Bhd,2026-03-31,-2.8607445,test,0
ENRA Group Bhd,2027-03-31,-3.8106365,test,0
EPB Group Bhd,2021-12-31,2.6919334,fit,0
EPB Group Bhd,2022-12-31,-2.3920546,fit,0
EPB Group Bhd,2023-12-31,-3.435588,fit,0
EPB Group Bhd,2024-12-31,-3.4859984,val,0
EPB Group Bhd,2025-12-31,-2.3738928,test,0
Epicon Bhd,2021-12-31,3.391105,fit,0
Epicon Bhd,2022-12-31,-3.8377817,fit,0
Epicon Bhd,2023-12-31,-0.9361253,fit,0
Epicon Bhd,2024-12-31,-2.4680114,val,0
Epicon Bhd,2025-12-31,-2.955452,test,0
EP Manufacturing Bhd,2021-12-31,-0.8400357,fit,0
EP Manufacturing Bhd,2022-12-31,-3.6553972,fit,0
EP Manufacturing Bhd,2023-12-31,-3.4405382,fit,0
EP Manufacturing Bhd,2024-12-31,-2.8110073,val,0
EP Manufacturing Bhd,2025-12-31,-3.9467704,test,0
Eversafe Rubber Bhd,2021-12-31,-3.4647467,fit,0
Eversafe Rubber Bhd,2022-12-31,-3.4415445,fit,0
Eversafe Rubber Bhd,2023-12-31,-3.6526666,fit,0
Eversafe Rubber Bhd,2024-12-31,-3.726122,val,0
Eversafe Rubber Bhd,2025-12-31,-3.513223,test,0
ES Ceramics Technology Bhd,2022-05-31,-1.905826,fit,0
ES Ceramics Technology Bhd,2023-05-31,-3.3446865,fit,0
ES Ceramics Technology Bhd,2024-05-31,2.6201863,val,0
ES Ceramics Technology Bhd,2025-05-31,-2.6639187,test,0
ES Ceramics Technology Bhd,2026-05-31,-1.8049096,test,0
EquitiesTracker Holdings Bhd,2021-12-31,-3.346808,fit,0
EquitiesTracker Holdings Bhd,2022-12-31,-2.9478352,fit,0
EquitiesTracker Holdings Bhd,2023-12-31,-3.1267138,fit,0
EquitiesTracker Holdings Bhd,2024-12-31,-3.8168464,val,0
EquitiesTracker Holdings Bhd,2025-12-31,-1.0353458,test,0
Eupe Corporation Bhd,2022-02-28,-2.7911992,fit,0
Eupe Corporation Bhd,2023-02-28,-2.9970307,fit,0
Eupe Corporation Bhd,2024-02-28,-3.6482775,val,0
Eupe Corporation Bhd,2025-02-28,-1.8436289,test,0
Eupe Corporation Bhd,2026-02-28,-3.2982445,test,0
Euro Holdings Bhd,2021-06-30,-2.1273234,fit,0
Euro Holdings Bhd,2022-06-30,-3.0209932,fit,0
Euro Holdings Bhd,2023-06-30,-2.2702577,fit,0
Euro Holdings Bhd,2024-06-30,-2.1234372,val,0
Euro Holdings Bhd,2025-06-30,-3.3146737,test,0
Eurospan Holdings Bhd,2023-05-31,-1.0095845,fit,0
Eurospan Holdings Bhd,2024-05-31,-3.1206653,val,0
Eurospan Holdings Bhd,2025-05-31,-2.707284,test,0
Eurospan Holdings Bhd,2026-05-31,-1.6609585,test,0
Eurospan Holdings Bhd,2027-05-31,2.5041082,test,0
Evergreen Fibreboard Bhd,2022-12-31,0.46734795,fit,0
Evergreen Fibreboard Bhd,2023-12-31,-2.808865,fit,0
Evergreen Fibreboard Bhd,2024-12-31,-2.3242712,val,0
Evergreen Fibreboard Bhd,2025-12-31,0.8000331,test,0
Evergreen Fibreboard Bhd,2026-12-31,0.035593405,test,0
EWI Capital Bhd,2022-10-31,-3.2985196,fit,0
EWI Capital Bhd,2023-10-31,-3.311635,fit,0
EWI Capital Bhd,2024-10-31,-2.5829027,val,0
EWI Capital Bhd,2025-10-31,-2.2206001,test,0
EWI Capital Bhd,2026-10-31,4.7532744,test,0
Exsim Hospitality Bhd,2022-06-30,4.900249,fit,0
Exsim Hospitality Bhd,2023-06-30,-3.6735442,fit,0
Exsim Hospitality Bhd,2024-06-30,-0.35595185,val,0
Exsim Hospitality Bhd,2025-06-30,-1.9875797,test,0
Exsim Hospitality Bhd,2026-06-30,-3.2109594,test,0
Fraser & Neave Holdings Bhd,2022-09-30,-2.5822275,fit,0
Fraser & Neave Holdings Bhd,2023-09-30,-2.448233,fit,0
Fraser & Neave Holdings Bhd,2024-09-30,-2.2259192,val,0
Fraser & Neave Holdings Bhd,2025-09-30,-2.9984877,test,0
Fraser & Neave Holdings Bhd,2026-09-30,-2.5561414,test,0
FACB Industries Incorporated Bhd,2021-06-30,-2.4889812,fit,0
FACB Industries Incorporated Bhd,2022-06-30,-3.189249,fit,0
FACB Industries Incorporated Bhd,2023-06-30,-2.326713,fit,0
FACB Industries Incorporated Bhd,2024-06-30,-2.302857,val,0
FACB Industries Incorporated Bhd,2025-06-30,-3.2942076,test,0
Farmiera Bhd,2021-12-31,-1.0062056,fit,0
Farmiera Bhd,2022-12-31,-3.863627,fit,0
Farmiera Bhd,2023-12-31,-2.0199795,fit,0
Farmiera Bhd,2024-12-31,-3.0449488,val,0
Farmiera Bhd,2025-12-31,-3.1674654,test,0
Far East Holdings Bhd,2021-12-31,-2.5260465,fit,0
Far East Holdings Bhd,2022-12-31,-2.7897985,fit,0
Far East Holdings Bhd,2023-12-31,-2.386642,fit,0
Far East Holdings Bhd,2024-12-31,-1.6155189,val,0
Far East Holdings Bhd,2025-12-31,-2.1644425,test,0
Farlim Group (Malaysia) Bhd,2021-12-31,-1.6902143,fit,0
Farlim Group (Malaysia) Bhd,2022-12-31,-3.3754318,fit,0
Farlim Group (Malaysia) Bhd,2023-12-31,-3.6250806,fit,0
Farlim Group (Malaysia) Bhd,2024-12-31,-2.5294166,val,0
Farlim Group (Malaysia) Bhd,2025-12-31,-2.7732508,test,0
Fast Energy Holdings Bhd,2021-12-31,-2.433562,fit,0
Fast Energy Holdings Bhd,2022-12-31,-3.2096815,fit,0
Fast Energy Holdings Bhd,2023-12-31,-4.2214518,fit,0
Fast Energy Holdings Bhd,2024-12-31,-3.3267114,val,0
Fast Energy Holdings Bhd,2025-12-31,-0.11033118,test,0
Favelle Favco Bhd,2022-12-31,-0.30004916,fit,0
Favelle Favco Bhd,2023-12-31,-2.5918062,fit,0
Favelle Favco Bhd,2024-12-31,-2.863538,val,0
Favelle Favco Bhd,2025-12-31,-1.6256346,test,0
Favelle Favco Bhd,2026-12-31,-2.1000898,test,0
Fbg Holdings Bhd,2022-06-30,-2.6248648,fit,0
Fbg Holdings Bhd,2023-06-30,-2.6236794,fit,0
Fbg Holdings Bhd,2024-06-30,-0.9013691,val,0
Fbg Holdings Bhd,2025-06-30,-2.6984901,test,0
Fbg Holdings Bhd,2026-06-30,-3.0910275,test,0
FCW Holdings Bhd,2022-03-31,-0.80072474,fit,0
FCW Holdings Bhd,2023-03-31,3.8540726,fit,0
FCW Holdings Bhd,2024-03-31,-2.958521,val,0
FCW Holdings Bhd,2025-03-31,-3.8747227,test,0
FCW Holdings Bhd,2026-03-31,-3.7732873,test,0
Feytech Holdings Bhd,2022-12-31,-2.5080566,fit,0
Feytech Holdings Bhd,2023-12-31,-3.5218847,fit,0
Feytech Holdings Bhd,2024-12-31,-3.4262004,val,0
Feytech Holdings Bhd,2025-12-31,-4.6109133,test,0
Feytech Holdings Bhd,2026-12-31,-2.8979738,test,0
Farm Fresh Bhd,2023-03-31,-2.1939008,fit,0
Farm Fresh Bhd,2024-03-31,-2.8102329,val,0
Farm Fresh Bhd,2025-03-31,-2.7738125,test,0
Farm Fresh Bhd,2026-03-31,-1.9636918,test,0
Farm Fresh Bhd,2027-03-31,-1.842953,test,0
Fiamma Holdings Bhd,2022-12-31,-1.557318,fit,0
Fiamma Holdings Bhd,2023-12-31,-1.8410385,fit,0
Fiamma Holdings Bhd,2024-12-31,0.5877913,val,0
Fiamma Holdings Bhd,2025-12-31,0.94543076,test,0
Fiamma Holdings Bhd,2026-12-31,-2.8306081,test,0
Fibon Bhd,2022-05-31,-3.8372552,fit,0
Fibon Bhd,2023-05-31,-3.5812058,fit,0
Fibon Bhd,2024-05-31,-2.9050355,val,0
Fibon Bhd,2025-05-31,-3.4194672,test,0
Fibon Bhd,2026-05-31,-3.2755527,test,0
Fibromat (M) Bhd,2022-12-31,-2.977826,fit,0
Fibromat (M) Bhd,2023-12-31,-3.6805973,fit,0
Fibromat (M) Bhd,2024-12-31,-2.384558,val,0
Fibromat (M) Bhd,2025-12-31,-2.7037127,test,0
Fibromat (M) Bhd,2026-12-31,-3.0074437,test,0
Federal International Holdings Bhd,2021-06-30,-2.2117107,fit,0
Federal International Holdings Bhd,2022-06-30,-2.54025,fit,0
Federal International Holdings Bhd,2023-06-30,-2.3606472,fit,0
Federal International Holdings Bhd,2024-06-30,-2.1047688,val,0
Federal International Holdings Bhd,2025-06-30,-3.3705337,test,0
Fima Corporation Bhd,2023-03-31,-2.4979424,fit,0
Fima Corporation Bhd,2024-03-31,-2.2502704,val,0
Fima Corporation Bhd,2025-03-31,-2.3334007,test,0
Fima Corporation Bhd,2026-03-31,-2.452637,test,0
Fima Corporation Bhd,2027-03-31,-3.4060295,test,0
Fintec Global Bhd,2022-06-30,1.1774833,fit,0
Fintec Global Bhd,2023-06-30,-1.0863899,fit,0
Fintec Global Bhd,2024-06-30,-3.725432,val,0
Fintec Global Bhd,2025-06-30,-2.2655494,test,0
Focus Lumber Bhd,2022-12-31,-2.9747598,fit,0
Focus Lumber Bhd,2023-12-31,-2.5019307,fit,0
Focus Lumber Bhd,2024-12-31,-4.25206,val,0
Focus Lumber Bhd,2025-12-31,-2.3244896,test,0
Focus Lumber Bhd,2026-12-31,-2.0681295,test,0
Flexidynamic Holdings Bhd,2021-12-31,3.313401,fit,0
Flexidynamic Holdings Bhd,2022-12-31,-3.4471602,fit,0
Flexidynamic Holdings Bhd,2023-12-31,-2.886271,fit,0
Flexidynamic Holdings Bhd,2024-12-31,-3.1208327,val,0
Flexidynamic Holdings Bhd,2025-12-31,-3.417118,test,0
FM Global Logistics Holdings Bhd,2022-06-30,-3.0139067,fit,0
FM Global Logistics Holdings Bhd,2023-06-30,-1.9606994,fit,0
FM Global Logistics Holdings Bhd,2024-06-30,-2.082327,val,0
FM Global Logistics Holdings Bhd,2025-06-30,-2.6782708,test,0
FM Global Logistics Holdings Bhd,2026-06-30,-1.3330429,test,0
Focus Dynamics Group Bhd,2023-03-31,0.8227581,fit,0
Focus Dynamics Group Bhd,2026-03-31,-1.1662855,test,0
Focus Point Holdings Bhd,2022-12-31,-0.87412226,fit,0
Focus Point Holdings Bhd,2023-12-31,-0.99712086,fit,0
Focus Point Holdings Bhd,2024-12-31,-2.0537403,val,0
Focus Point Holdings Bhd,2025-12-31,-1.2037225,test,0
Focus Point Holdings Bhd,2026-12-31,-1.5944564,test,0
Foodie Media Bhd,2023-08-31,2.6217704,fit,0
Foodie Media Bhd,2024-08-31,-0.8940569,val,0
Foodie Media Bhd,2025-08-31,5.7300825,test,0
Foodie Media Bhd,2026-08-31,-4.3624887,test,0
FoundPac Group Bhd,2022-06-30,-3.4997978,fit,0
FoundPac Group Bhd,2023-06-30,-1.7749203,fit,0
FoundPac Group Bhd,2024-06-30,-3.262092,val,0
FoundPac Group Bhd,2025-06-30,-4.8526616,test,0
FoundPac Group Bhd,2026-06-30,-3.4823303,test,0
Farm Price Holdings Bhd,2022-12-31,-3.1520178,fit,0
Farm Price Holdings Bhd,2023-12-31,-3.1437285,fit,0
Farm Price Holdings Bhd,2024-12-31,-3.0610793,val,0
Farm Price Holdings Bhd,2025-12-31,-4.1897006,test,0
Farm Price Holdings Bhd,2026-12-31,-2.4168522,test,0
Formosa Prosonic Industries Bhd,2021-12-31,-3.2578442,fit,0
Formosa Prosonic Industries Bhd,2022-12-31,-3.3620155,fit,0
Formosa Prosonic Industries Bhd,2023-12-31,-2.7185907,fit,0
Formosa Prosonic Industries Bhd,2024-12-31,-3.2443535,val,0
Formosa Prosonic Industries Bhd,2025-12-31,-3.467326,test,0
Frontken Corporation Bhd,2022-12-31,-3.0553932,fit,0
Frontken Corporation Bhd,2023-12-31,-2.8228862,fit,0
Frontken Corporation Bhd,2024-12-31,-2.1175895,val,0
Frontken Corporation Bhd,2025-12-31,-2.0256536,test,0
Frontken Corporation Bhd,2026-12-31,-3.5551333,test,0
Fsbm Holdings Bhd,2021-12-31,9.512859,fit,1
Fsbm Holdings Bhd,2022-12-31,9.834504,fit,1
Fsbm Holdings Bhd,2023-12-31,9.431952,fit,1
Fsbm Holdings Bhd,2024-12-31,-0.80862355,val,0
Fsbm Holdings Bhd,2025-12-31,-2.7973998,test,0
G3 Global Bhd,2021-12-31,-2.4786432,fit,0
G3 Global Bhd,2022-12-31,-1.8482004,fit,0
G3 Global Bhd,2023-12-31,1.0203755,fit,0
G3 Global Bhd,2024-12-31,-3.7027152,val,0
G3 Global Bhd,2025-12-31,-1.0056522,test,0
Gadang Holdings Bhd,2022-05-31,1.7062978,fit,0
Gadang Holdings Bhd,2023-05-31,-2.9205399,fit,0
Gadang Holdings Bhd,2024-05-31,-1.6987915,val,0
Gadang Holdings Bhd,2025-05-31,-2.7720115,test,0
Gadang Holdings Bhd,2026-05-31,-2.672407,test,0
Gamuda Bhd,2022-07-31,1.4529458,fit,0
Gamuda Bhd,2023-07-31,-1.7815998,fit,0
Gamuda Bhd,2024-07-31,-0.79790354,val,0
Gamuda Bhd,2025-07-31,-3.4542053,test,0
Gamuda Bhd,2026-07-31,-1.8914863,test,0
Gas Malaysia Bhd,2022-12-31,-3.7400367,fit,0
Gas Malaysia Bhd,2023-12-31,-5.9544573,fit,0
Gas Malaysia Bhd,2024-12-31,-4.1316285,val,0
Gas Malaysia Bhd,2025-12-31,-3.8907254,test,0
Gas Malaysia Bhd,2026-12-31,-4.3880877,test,0
Greater Bay Holdings Bhd,2021-12-31,-2.604427,fit,0
Greater Bay Holdings Bhd,2022-12-31,-1.2524415,fit,0
Greater Bay Holdings Bhd,2023-12-31,-3.9610386,fit,0
Greater Bay Holdings Bhd,2024-12-31,-1.5818379,val,0
Greater Bay Holdings Bhd,2025-12-31,-2.3747623,test,0
Gabungan AQRS Bhd,2022-06-30,0.846755,fit,0
Gabungan AQRS Bhd,2023-06-30,1.674401,fit,0
Gabungan AQRS Bhd,2026-06-30,-1.9497545,test,0
G Capital Bhd,2021-12-31,-2.4475386,fit,0
G Capital Bhd,2022-12-31,-1.741271,fit,0
G Capital Bhd,2023-12-31,-2.4975371,fit,0
G Capital Bhd,2024-12-31,3.5058403,val,0
G Capital Bhd,2025-12-31,2.8367972,test,0
Guan Chong Bhd,2022-12-31,-2.3202736,fit,0
Guan Chong Bhd,2023-12-31,-2.9988656,fit,0
Guan Chong Bhd,2024-12-31,-3.4344506,val,0
Guan Chong Bhd,2025-12-31,0.40933612,test,0
Guan Chong Bhd,2026-12-31,-3.741086,test,0
Grand Central Enterprises Bhd,2021-12-31,-3.1301427,fit,0
Grand Central Enterprises Bhd,2022-12-31,-3.0333672,fit,0
Grand Central Enterprises Bhd,2023-12-31,-2.1392727,fit,0
Grand Central Enterprises Bhd,2024-12-31,-2.607877,val,0
Grand Central Enterprises Bhd,2025-12-31,-1.8074179,test,0
GDB Holdings Bhd,2022-12-31,-4.779878,fit,0
GDB Holdings Bhd,2023-12-31,-2.7015917,fit,0
GDB Holdings Bhd,2024-12-31,-2.488001,val,0
GDB Holdings Bhd,2025-12-31,-3.6531293,test,0
GDB Holdings Bhd,2026-12-31,-6.7845325,test,0
Gdex Bhd,2022-12-31,1.3877712,fit,0
Gdex Bhd,2023-12-31,-3.0038426,fit,0
Gdex Bhd,2024-12-31,-2.152227,val,0
Gdex Bhd,2025-12-31,-2.6071224,test,0
Gdex Bhd,2026-12-31,-2.8958263,test,0
Golden Destinations Group Bhd,2022-12-31,3.9186788,fit,0
Golden Destinations Group Bhd,2023-12-31,-0.57657784,fit,0
Golden Destinations Group Bhd,2024-12-31,-3.7338748,val,0
Golden Destinations Group Bhd,2025-12-31,-4.3438506,test,0
Wasco Greenergy Bhd,2023-12-31,0.41739002,fit,0
Wasco Greenergy Bhd,2024-12-31,-0.6612792,val,0
Wasco Greenergy Bhd,2025-12-31,-2.6605203,test,0
Wasco Greenergy Bhd,2026-12-31,-2.407432,test,0
Genetec Technology Bhd,2022-06-30,-3.0840359,fit,0
Genetec Technology Bhd,2023-06-30,-5.9754457,fit,0
Genetec Technology Bhd,2024-06-30,-2.9934394,val,0
Genetec Technology Bhd,2025-06-30,-2.5693932,test,0
Genetec Technology Bhd,2026-06-30,-4.265062,test,0
Genting Malaysia Bhd,2022-12-31,2.0673625,fit,0
Genting Malaysia Bhd,2023-12-31,-3.301997,fit,0
Genting Malaysia Bhd,2024-12-31,-4.5717826,val,0
Genting Malaysia Bhd,2025-12-31,-3.3062632,test,0
Genting Malaysia Bhd,2026-12-31,-4.1004276,test,0
Genting Plantations Bhd,2022-12-31,-3.4484682,fit,0
Genting Plantations Bhd,2023-12-31,-4.27,fit,0
Genting Plantations Bhd,2024-12-31,-4.0547523,val,0
Genting Plantations Bhd,2025-12-31,-2.4110107,test,0
Genting Plantations Bhd,2026-12-31,-4.8417487,test,0
Genting Bhd,2022-12-31,-1.7613077,fit,0
Genting Bhd,2023-12-31,-2.7852092,fit,0
Genting Bhd,2024-12-31,-2.9780588,val,0
Genting Bhd,2025-12-31,1.5371715,test,0
Genting Bhd,2026-12-31,-2.193909,test,0
Geohan Corp Bhd,2022-12-31,-1.8533285,fit,0
Geohan Corp Bhd,2023-12-31,-3.3631494,fit,0
Geohan Corp Bhd,2024-12-31,-3.1762702,val,0
Geohan Corp Bhd,2025-12-31,-1.1292654,test,0
GE-SHEN Corporation Bhd,2021-12-31,-2.517498,fit,0
GE-SHEN Corporation Bhd,2022-12-31,-2.0694067,fit,0
GE-SHEN Corporation Bhd,2023-12-31,-3.4151263,fit,0
GE-SHEN Corporation Bhd,2024-12-31,-3.2379181,val,0
GE-SHEN Corporation Bhd,2025-12-31,-2.0787628,test,0
GFM Services Bhd,2021-12-31,-1.0368732,fit,0
GFM Services Bhd,2022-12-31,-3.9093628,fit,0
GFM Services Bhd,2023-12-31,-4.5981026,fit,0
GFM Services Bhd,2024-12-31,-3.1385245,val,0
GFM Services Bhd,2025-12-31,-4.1721926,test,0
Guan Huat Seng Holdings Bhd,2022-07-31,0.2895026,fit,0
Guan Huat Seng Holdings Bhd,2023-07-31,-3.1447613,fit,0
Guan Huat Seng Holdings Bhd,2024-07-31,-3.588571,val,0
Guan Huat Seng Holdings Bhd,2025-07-31,-3.4100785,test,0
George Kent (Malaysia) Bhd,2022-03-31,-2.637559,fit,0
George Kent (Malaysia) Bhd,2023-03-31,-2.03304,fit,0
George Kent (Malaysia) Bhd,2024-03-31,-2.7460043,val,0
George Kent (Malaysia) Bhd,2025-03-31,-2.5136545,test,0
George Kent (Malaysia) Bhd,2026-03-31,-2.5071187,test,0
Golden Land Bhd,2021-06-30,4.0418725,fit,0
Golden Land Bhd,2022-06-30,-2.1199608,fit,0
Golden Land Bhd,2023-06-30,-1.9033601,fit,0
Golden Land Bhd,2024-06-30,-3.075766,val,0
Golden Land Bhd,2025-06-30,-3.617817,test,0
Glomac Bhd,2023-04-30,2.5520282,fit,0
Glomac Bhd,2024-04-30,-1.7261993,val,0
Glomac Bhd,2025-04-30,6.1221895,test,0
Glomac Bhd,2026-04-30,2.3851,test,0
Glomac Bhd,2027-04-30,2.752525,test,0
Globaltec Formation Bhd,2021-06-30,-1.4573814,fit,0
Globaltec Formation Bhd,2022-06-30,-1.8483518,fit,0
Globaltec Formation Bhd,2023-06-30,-2.0961928,fit,0
Globaltec Formation Bhd,2024-06-30,-1.9399179,val,0
Globaltec Formation Bhd,2025-06-30,-3.7114437,test,0
Glostrext Bhd,2022-03-31,-3.1282113,fit,0
Glostrext Bhd,2023-03-31,-3.3825455,fit,0
Glostrext Bhd,2024-03-31,-2.791739,val,0
Glostrext Bhd,2025-03-31,-1.4260021,test,0
Glostrext Bhd,2026-03-31,-2.501865,test,0
Gromutual Bhd,2021-12-31,-2.9121835,fit,0
Gromutual Bhd,2022-12-31,-2.807971,fit,0
Gromutual Bhd,2023-12-31,-2.7864883,fit,0
Gromutual Bhd,2024-12-31,-3.2966795,val,0
Gromutual Bhd,2025-12-31,-3.7060633,test,0
Global Oriental Bhd,2023-03-31,-0.6060734,fit,0
Global Oriental Bhd,2024-03-31,-0.8413719,val,0
Global Oriental Bhd,2025-03-31,-0.71803796,test,0
Global Oriental Bhd,2026-03-31,-0.63884926,test,0
Global Oriental Bhd,2027-03-31,2.5719123,test,0
Green Ocean Corporation Bhd,2021-03-31,-3.5676959,fit,0
Green Ocean Corporation Bhd,2023-03-31,-1.9729748,fit,0
Green Ocean Corporation Bhd,2025-03-31,-2.1960075,test,0
Go Hub Capital Bhd,2021-12-31,-3.0374029,fit,0
Go Hub Capital Bhd,2022-12-31,-3.3159635,fit,0
Go Hub Capital Bhd,2023-12-31,-3.5690613,fit,0
Go Hub Capital Bhd,2024-12-31,-2.9895535,val,0
Go Hub Capital Bhd,2025-12-31,-2.1319346,test,0
Gold LI Holdings Bhd,2023-01-31,0.50241303,fit,0
Gold LI Holdings Bhd,2024-01-31,-2.4775553,val,0
Gold LI Holdings Bhd,2025-01-31,1.2171733,test,0
Gold LI Holdings Bhd,2026-01-31,1.4678993,test,0
Gopeng Bhd,2021-12-31,-1.8757446,fit,0
Gopeng Bhd,2022-12-31,-2.212083,fit,0
Gopeng Bhd,2023-12-31,-2.8548017,fit,0
Gopeng Bhd,2024-12-31,-3.3073113,val,0
Gopeng Bhd,2025-12-31,-1.3650892,test,0
Green Packet Bhd,2021-06-30,-4.884672,fit,0
Green Packet Bhd,2022-06-30,-3.3769202,fit,0
Green Packet Bhd,2024-06-30,-0.28007877,val,0
Green Packet Bhd,2025-06-30,6.3832464,test,0
Golden Pharos Bhd,2021-12-31,4.442785,fit,0
Golden Pharos Bhd,2022-12-31,-0.7415867,fit,0
Golden Pharos Bhd,2023-12-31,0.18044636,fit,0
Golden Pharos Bhd,2024-12-31,-3.8963137,val,0
Golden Pharos Bhd,2025-12-31,-3.2848184,test,0
GPP Resources Bhd,2021-06-30,-2.5184875,fit,0
GPP Resources Bhd,2024-06-30,-0.14552727,val,0
GPP Resources Bhd,2025-06-30,8.374649,test,0
Greatech Technology Bhd,2022-12-31,-4.218775,fit,0
Greatech Technology Bhd,2023-12-31,-3.871102,fit,0
Greatech Technology Bhd,2024-12-31,-2.8033361,val,0
Greatech Technology Bhd,2025-12-31,-1.7522074,test,0
Greatech Technology Bhd,2026-12-31,-3.6152775,test,0
Greentronics Technology Bhd,2021-12-31,-2.3445396,fit,0
Greentronics Technology Bhd,2022-12-31,-2.3273978,fit,0
Greentronics Technology Bhd,2023-12-31,-1.9282768,fit,0
Greentronics Technology Bhd,2024-12-31,-3.1777563,val,0
Greentronics Technology Bhd,2025-12-31,-1.9499563,test,0
Greenyield Bhd,2021-12-31,-2.8944795,fit,0
Greenyield Bhd,2022-12-31,-3.5225983,fit,0
Greenyield Bhd,2023-12-31,-4.148546,fit,0
Greenyield Bhd,2024-12-31,-1.9713311,val,0
Greenyield Bhd,2025-12-31,0.5836344,test,0
Globetronics Technology Bhd,2022-12-31,-2.709035,fit,0
Globetronics Technology Bhd,2023-12-31,-2.3302922,fit,0
Globetronics Technology Bhd,2024-12-31,-2.9649498,val,0
Globetronics Technology Bhd,2025-12-31,-3.0890694,test,0
GUH Holdings Bhd,2021-12-31,-0.6608876,fit,0
GUH Holdings Bhd,2022-12-31,-4.2016644,fit,0
GUH Holdings Bhd,2023-12-31,-3.9005392,fit,0
GUH Holdings Bhd,2024-12-31,-3.657842,val,0
GUH Holdings Bhd,2025-12-31,-4.581824,test,0
GuocoLand (Malaysia) Bhd,2021-06-30,-0.3786803,fit,0
GuocoLand (Malaysia) Bhd,2022-06-30,-1.7563684,fit,0
GuocoLand (Malaysia) Bhd,2023-06-30,-1.3862015,fit,0
GuocoLand (Malaysia) Bhd,2024-06-30,-2.2644699,val,0
GuocoLand (Malaysia) Bhd,2025-06-30,-2.7911167,test,0
Haily Group Bhd,2021-12-31,-0.6174918,fit,0
Haily Group Bhd,2022-12-31,-2.4414897,fit,0
Haily Group Bhd,2023-12-31,-1.7042245,fit,0
Haily Group Bhd,2024-12-31,-2.9165597,val,0
Haily Group Bhd,2025-12-31,-3.4194086,test,0
Hap Seng Consolidated Bhd,2022-12-31,0.8061557,fit,0
Hap Seng Consolidated Bhd,2023-12-31,-3.3962202,fit,0
Hap Seng Consolidated Bhd,2024-12-31,-2.0698195,val,0
Hap Seng Consolidated Bhd,2025-12-31,-1.679854,test,0
Hap Seng Consolidated Bhd,2026-12-31,1.5074335,test,0
Harbour-Link Group Bhd,2022-06-30,-3.019601,fit,0
Harbour-Link Group Bhd,2023-06-30,-2.142761,fit,0
Harbour-Link Group Bhd,2024-06-30,-2.701177,val,0
Harbour-Link Group Bhd,2025-06-30,-2.6125126,test,0
Harbour-Link Group Bhd,2026-06-30,-2.7267013,test,0
Harrisons Holdings (Malaysia) Bhd,2021-12-31,-3.3329802,fit,0
Harrisons Holdings (Malaysia) Bhd,2022-12-31,-3.1085303,fit,0
Harrisons Holdings (Malaysia) Bhd,2023-12-31,-4.0407805,fit,0
Harrisons Holdings (Malaysia) Bhd,2024-12-31,-3.4090843,val,0
Harrisons Holdings (Malaysia) Bhd,2025-12-31,-3.225385,test,0
Harn Len Corporation Bhd,2021-05-31,0.688274,fit,0
Harn Len Corporation Bhd,2024-05-31,-0.8096545,val,0
Harn Len Corporation Bhd,2025-05-31,-3.1416433,test,0
Hartalega Holdings Bhd,2023-03-31,-2.7437391,fit,0
Hartalega Holdings Bhd,2024-03-31,-3.4088957,val,0
Hartalega Holdings Bhd,2025-03-31,-2.2937698,test,0
Hartalega Holdings Bhd,2026-03-31,-1.909376,test,0
Hartalega Holdings Bhd,2027-03-31,-4.800488,test,0
Steel Hawk Bhd,2022-12-31,-3.1032298,fit,0
Steel Hawk Bhd,2023-12-31,-2.0756288,fit,0
Steel Hawk Bhd,2024-12-31,-2.4857996,val,0
Steel Hawk Bhd,2025-12-31,-4.6954393,test,0
Steel Hawk Bhd,2026-12-31,-2.063289,test,0
HB Global Ltd,2021-12-31,1.5916842,fit,0
HB Global Ltd,2022-12-31,-2.3351343,fit,0
HB Global Ltd,2023-12-31,-1.5138967,fit,0
HB Global Ltd,2024-12-31,-2.393328,val,0
HB Global Ltd,2025-12-31,-1.4221551,test,0
HCK Capital Group Bhd,2021-12-31,-1.2537421,fit,0
HCK Capital Group Bhd,2022-12-31,-1.5068549,fit,0
HCK Capital Group Bhd,2023-12-31,-1.4823785,fit,0
HCK Capital Group Bhd,2024-12-31,-3.091905,val,0
HCK Capital Group Bhd,2025-12-31,-3.5800054,test,0
He Group Bhd,2022-12-31,-3.220685,fit,0
He Group Bhd,2023-12-31,-3.4730082,fit,0
He Group Bhd,2024-12-31,-3.8517966,val,0
He Group Bhd,2025-12-31,-3.1507857,test,0
He Group Bhd,2026-12-31,-2.6227164,test,0
Heineken Malaysia Bhd,2022-12-31,-2.2534344,fit,0
Heineken Malaysia Bhd,2023-12-31,-1.2788273,fit,0
Heineken Malaysia Bhd,2024-12-31,-1.2622147,val,0
Heineken Malaysia Bhd,2025-12-31,-3.2744744,test,0
Heineken Malaysia Bhd,2026-12-31,-1.2423478,test,0
Hektar Real Estate Investment Trust,2022-12-31,-0.3626361,fit,0
Hektar Real Estate Investment Trust,2023-12-31,0.7726611,fit,0
Hektar Real Estate Investment Trust,2024-12-31,-3.513419,val,0
Hektar Real Estate Investment Trust,2025-12-31,-0.52118367,test,0
Hektar Real Estate Investment Trust,2026-12-31,3.3372002,test,0
Hengyuan Refining Company Bhd,2021-12-31,-3.4191215,fit,0
Hengyuan Refining Company Bhd,2022-12-31,-4.45118,fit,0
Hengyuan Refining Company Bhd,2023-12-31,-1.8734992,fit,0
Hengyuan Refining Company Bhd,2024-12-31,-3.3410401,val,0
Hengyuan Refining Company Bhd,2025-12-31,-3.0126913,test,0
HeveaBoard Bhd,2022-12-31,3.2302725,fit,0
HeveaBoard Bhd,2023-12-31,-2.7826529,fit,0
HeveaBoard Bhd,2024-12-31,-2.8457973,val,0
HeveaBoard Bhd,2025-12-31,1.1419264,test,0
HeveaBoard Bhd,2026-12-31,-0.5577457,test,0
Hextar Capital Bhd,2021-12-31,0.76386714,fit,0
Hextar Capital Bhd,2022-12-31,-4.0484447,fit,0
Hextar Capital Bhd,2023-12-31,-2.557543,fit,0
Hextar Capital Bhd,2024-12-31,-2.600522,val,0
Hextar Capital Bhd,2025-12-31,-3.272944,test,0
Hextar Healthcare Bhd,2022-12-31,-3.9079893,fit,0
Hextar Healthcare Bhd,2023-12-31,-3.7975338,fit,0
Hextar Healthcare Bhd,2024-12-31,-2.5157619,val,0
Hextar Healthcare Bhd,2025-12-31,-3.2297957,test,0
Hextar Healthcare Bhd,2026-12-31,-3.559438,test,0
Hextar Industries Bhd,2021-12-31,-1.2428952,fit,0
Hextar Industries Bhd,2023-12-31,-1.445498,fit,0
Hextar Industries Bhd,2024-12-31,-3.5347664,val,0
Hextar Industries Bhd,2025-12-31,-3.2972603,test,0
Hextar Retail Bhd,2021-12-31,-3.1388512,fit,0
Hextar Retail Bhd,2022-12-31,-2.1097867,fit,0
Hextar Retail Bhd,2023-12-31,-3.2456136,fit,0
Hextar Retail Bhd,2024-12-31,-2.941263,val,0
Hextar Retail Bhd,2025-12-31,-0.64752626,test,0
Hextar Global Bhd,2022-12-31,-3.4437017,fit,0
Hextar Global Bhd,2023-12-31,-3.172269,fit,0
Hextar Global Bhd,2024-12-31,-0.17048235,val,0
Hextar Global Bhd,2025-12-31,-1.3899244,test,0
Hextar Global Bhd,2026-12-31,-3.0668504,test,0
Hextar Technologies Solutions Bhd,2022-03-31,-3.0484746,fit,0
Hextar Technologies Solutions Bhd,2023-03-31,-2.5397353,fit,0
Hextar Technologies Solutions Bhd,2024-03-31,-4.895144,val,0
Hextar Technologies Solutions Bhd,2025-03-31,-3.3127482,test,0
Hextar Technologies Solutions Bhd,2026-03-31,-2.6832457,test,0
Hexza Corp Bhd,2021-06-30,-3.2891598,fit,0
Hexza Corp Bhd,2022-06-30,-3.0668378,fit,0
Hexza Corp Bhd,2023-06-30,-2.454416,fit,0
Hexza Corp Bhd,2024-06-30,-3.7831855,val,0
Hexza Corp Bhd,2025-06-30,1.2421702,test,0
Hiap Huat Holdings Bhd,2021-12-31,-3.633843,fit,0
Hiap Huat Holdings Bhd,2022-12-31,-3.0094857,fit,0
Hiap Huat Holdings Bhd,2023-12-31,-3.6897352,fit,0
Hiap Huat Holdings Bhd,2024-12-31,-1.7489499,val,0
Hiap Huat Holdings Bhd,2025-12-31,-0.0732335,test,0
HI Mobility Bhd,2023-01-31,-1.1592612,fit,0
HI Mobility Bhd,2024-01-31,-1.7125944,val,0
HI Mobility Bhd,2025-01-31,-2.9197116,test,0
HI Mobility Bhd,2027-01-31,-2.3000536,test,0
Hiap Teck Venture Bhd,2022-07-31,-1.6493449,fit,0
Hiap Teck Venture Bhd,2023-07-31,-3.090008,fit,0
Hiap Teck Venture Bhd,2024-07-31,-3.4001725,val,0
Hiap Teck Venture Bhd,2025-07-31,-1.9940768,test,0
Hiap Teck Venture Bhd,2026-07-31,-3.4210763,test,0
Hibiscus Petroleum Bhd,2022-06-30,-2.7086754,fit,0
Hibiscus Petroleum Bhd,2023-06-30,-1.7271388,fit,0
Hibiscus Petroleum Bhd,2024-06-30,-3.5738018,val,0
Hibiscus Petroleum Bhd,2025-06-30,-4.583899,test,0
Hibiscus Petroleum Bhd,2026-06-30,-2.8361058,test,0
Kumpulan H & L High-Tech Bhd,2021-10-31,-1.9293942,fit,0
Kumpulan H & L High-Tech Bhd,2022-10-31,-1.8746499,fit,0
Kumpulan H & L High-Tech Bhd,2023-10-31,-2.327048,fit,0
Kumpulan H & L High-Tech Bhd,2024-10-31,-2.8393722,val,0
Kumpulan H & L High-Tech Bhd,2025-10-31,-2.5357513,test,0
Hil Industries Bhd,2022-12-31,-2.9680388,fit,0
Hil Industries Bhd,2023-12-31,-2.50522,fit,0
Hil Industries Bhd,2024-12-31,-2.4956892,val,0
Hil Industries Bhd,2025-12-31,-2.7267866,test,0
Hil Industries Bhd,2026-12-31,-2.590696,test,0
Hartanah Kenyalang Bhd,2022-01-31,0.7370697,fit,0
Hartanah Kenyalang Bhd,2023-01-31,-4.1213794,fit,0
Hartanah Kenyalang Bhd,2024-01-31,-3.204587,val,0
Hartanah Kenyalang Bhd,2025-01-31,-2.7877057,test,0
Hartanah Kenyalang Bhd,2026-01-31,-0.242915,test,0
Hong Leong Bank Bhd,2022-06-30,-3.2366002,fit,0
Hong Leong Bank Bhd,2023-06-30,-3.5084763,fit,0
Hong Leong Bank Bhd,2024-06-30,-2.7199793,val,0
Hong Leong Bank Bhd,2025-06-30,-3.363197,test,0
Hong Leong Bank Bhd,2026-06-30,-2.037592,test,0
Hong Leong Capital Bhd,2021-06-30,-2.6658154,fit,0
Hong Leong Capital Bhd,2022-06-30,-1.8525649,fit,0
Hong Leong Capital Bhd,2023-06-30,-2.7223573,fit,0
Hong Leong Capital Bhd,2024-06-30,-2.7297719,val,0
Hong Leong Capital Bhd,2025-06-30,-1.6767735,test,0
Hong Leong Financial Group Bhd,2022-06-30,-3.1566105,fit,0
Hong Leong Financial Group Bhd,2023-06-30,-3.2135239,fit,0
Hong Leong Financial Group Bhd,2024-06-30,-1.8274803,val,0
Hong Leong Financial Group Bhd,2025-06-30,-2.54759,test,0
Hong Leong Financial Group Bhd,2026-06-30,-1.913748,test,0
Hong Leong Industries Bhd,2022-06-30,-2.8108041,fit,0
Hong Leong Industries Bhd,2023-06-30,-2.4156601,fit,0
Hong Leong Industries Bhd,2024-06-30,-3.1571572,val,0
Hong Leong Industries Bhd,2025-06-30,-2.7068205,test,0
Hong Leong Industries Bhd,2026-06-30,-3.1184323,test,0
HLT Global Bhd,2021-12-31,-3.3436031,fit,0
HLT Global Bhd,2022-12-31,-3.437065,fit,0
HLT Global Bhd,2023-12-31,1.4164652,fit,0
HLT Global Bhd,2024-12-31,1.0905976,val,0
HLT Global Bhd,2025-12-31,-1.52534,test,0
Harvest Miracle Capital Bhd,2022-03-31,-1.0634162,fit,0
Harvest Miracle Capital Bhd,2023-03-31,-2.1330783,fit,0
Harvest Miracle Capital Bhd,2024-03-31,-2.5520492,val,0
Harvest Miracle Capital Bhd,2025-03-31,-2.6132417,test,0
Harvest Miracle Capital Bhd,2026-03-31,-2.449576,test,0
Hock Soon Capital Bhd,2022-09-30,-2.8062663,fit,0
Hock Soon Capital Bhd,2023-09-30,-1.8586677,fit,0
Hock Soon Capital Bhd,2024-09-30,-2.3082972,val,0
Hock Soon Capital Bhd,2025-09-30,-1.9104557,test,0
Homeritz Corporation Bhd,2022-08-31,-3.2251256,fit,0
Homeritz Corporation Bhd,2023-08-31,-2.1950781,fit,0
Homeritz Corporation Bhd,2024-08-31,-3.4991171,val,0
Homeritz Corporation Bhd,2025-08-31,-0.5948847,test,0
Homeritz Corporation Bhd,2026-08-31,-3.4541519,test,0
Hydropipes Bhd,2022-12-31,-0.648774,fit,0
Hydropipes Bhd,2023-12-31,-3.0747802,fit,0
Hydropipes Bhd,2024-12-31,-3.0491207,val,0
Hydropipes Bhd,2025-12-31,-2.7306523,test,0
HPMT Holdings Bhd,2022-12-31,-2.4969225,fit,0
HPMT Holdings Bhd,2023-12-31,-2.6662552,fit,0
HPMT Holdings Bhd,2024-12-31,-2.6662083,val,0
HPMT Holdings Bhd,2025-12-31,-2.2369123,test,0
HPMT Holdings Bhd,2026-12-31,-2.49591,test,0
HPP Holdings Bhd,2022-05-31,-3.014038,fit,0
HPP Holdings Bhd,2023-05-31,-2.6034572,fit,0
HPP Holdings Bhd,2024-05-31,-3.1178775,val,0
HPP Holdings Bhd,2025-05-31,-3.6337993,test,0
HPP Holdings Bhd,2026-05-31,-2.9115126,test,0
Hap Seng Plantations Holdings Bhd,2022-12-31,-4.079842,fit,0
Hap Seng Plantations Holdings Bhd,2023-12-31,-4.292671,fit,0
Hap Seng Plantations Holdings Bhd,2024-12-31,-4.669424,val,0
Hap Seng Plantations Holdings Bhd,2025-12-31,-2.5175188,test,0
Hap Seng Plantations Holdings Bhd,2026-12-31,-0.71001947,test,0
HSS Holdings Bhd,2022-12-31,-2.056109,fit,0
HSS Holdings Bhd,2023-12-31,-3.639472,fit,0
HSS Holdings Bhd,2024-12-31,-3.1910164,val,0
HSS Holdings Bhd,2025-12-31,-3.4193661,test,0
HSS Engineers Bhd,2022-12-31,0.6701666,fit,0
HSS Engineers Bhd,2023-12-31,-0.86942565,fit,0
HSS Engineers Bhd,2024-12-31,-2.318214,val,0
HSS Engineers Bhd,2025-12-31,-2.02874,test,0
HSS Engineers Bhd,2026-12-31,-3.4004486,test,0
HeiTech Padu Bhd,2021-12-31,-3.0076706,fit,0
HeiTech Padu Bhd,2022-12-31,-3.1245282,fit,0
HeiTech Padu Bhd,2023-12-31,-1.4160162,fit,0
HeiTech Padu Bhd,2024-12-31,-2.5156581,val,0
HeiTech Padu Bhd,2025-12-31,-2.7621157,test,0
Hua Yang Bhd,2023-03-31,1.3489476,fit,0
Hua Yang Bhd,2024-03-31,-0.42223716,val,0
Hua Yang Bhd,2025-03-31,-1.4324542,test,0
Hua Yang Bhd,2026-03-31,3.8557806,test,0
Hua Yang Bhd,2027-03-31,4.7613397,test,0
Hubline Bhd,2021-09-30,-2.0468612,fit,0
Hubline Bhd,2022-09-30,-3.943703,fit,0
Hubline Bhd,2023-09-30,-3.3175745,fit,0
Hubline Bhd,2024-09-30,-1.1713097,val,0
Hubline Bhd,2025-09-30,-2.2798681,test,0
Hume Cement Industries Bhd,2022-06-30,-1.2055355,fit,0
Hume Cement Industries Bhd,2023-06-30,-2.4866598,fit,0
Hume Cement Industries Bhd,2024-06-30,-3.515553,val,0
Hume Cement Industries Bhd,2025-06-30,-2.2726593,test,0
Hume Cement Industries Bhd,2026-06-30,-3.415061,test,0
Hup Seng Industries Bhd,2022-12-31,-3.5758424,fit,0
Hup Seng Industries Bhd,2023-12-31,-3.2253711,fit,0
Hup Seng Industries Bhd,2024-12-31,-3.3583376,val,0
Hup Seng Industries Bhd,2025-12-31,-4.5258946,test,0
Hup Seng Industries Bhd,2026-12-31,-3.108949,test,0
Hwa Tai Industries Bhd,2021-12-31,-1.4911177,fit,0
Hwa Tai Industries Bhd,2022-12-31,2.0570188,fit,0
Hwa Tai Industries Bhd,2023-12-31,14.552678,fit,0
Hwa Tai Industries Bhd,2024-12-31,-2.7219985,val,0
Hwa Tai Industries Bhd,2025-12-31,-2.8660777,test,0
Ho Wah Genting Bhd,2021-12-31,-0.15910755,fit,0
Ho Wah Genting Bhd,2022-12-31,2.5153725,fit,0
Ho Wah Genting Bhd,2023-12-31,-4.3909717,fit,0
Ho Wah Genting Bhd,2024-12-31,-4.090684,val,0
Ho Wah Genting Bhd,2025-12-31,-3.2096,test,0
Insights Analytics Bhd,2023-04-30,-0.5185457,fit,0
Insights Analytics Bhd,2024-04-30,-4.010775,val,0
Insights Analytics Bhd,2025-04-30,-1.4916588,test,0
Insights Analytics Bhd,2026-04-30,-2.595729,test,0
Insights Analytics Bhd,2027-04-30,-3.2944942,test,0
I-Bhd,2022-12-31,-0.26909816,fit,0
I-Bhd,2023-12-31,1.7665905,fit,0
I-Bhd,2024-12-31,-1.2308081,val,0
I-Bhd,2025-12-31,-0.8452498,test,0
I-Bhd,2026-12-31,-3.1757812,test,0
Ibraco Bhd,2022-12-31,-1.3095437,fit,0
Ibraco Bhd,2023-12-31,-0.3789184,fit,0
Ibraco Bhd,2024-12-31,-2.8856976,val,0
Ibraco Bhd,2025-12-31,-3.4853375,test,0
Ibraco Bhd,2026-12-31,-2.5491254,test,0
IcapitalBiz Bhd,2022-05-31,3.6570468,fit,0
IcapitalBiz Bhd,2023-05-31,-2.4379797,fit,0
IcapitalBiz Bhd,2024-05-31,5.1909328,val,0
IcapitalBiz Bhd,2025-05-31,0.6078471,test,0
IcapitalBiz Bhd,2026-05-31,-3.515311,test,0
iCents Group Holdings Bhd,2022-06-30,-0.07681203,fit,0
iCents Group Holdings Bhd,2023-06-30,-3.2068589,fit,0
iCents Group Holdings Bhd,2024-06-30,-3.6523902,val,0
iCents Group Holdings Bhd,2025-06-30,-3.439015,test,0
Iconic Worldwide Bhd,2021-06-30,0.42740914,fit,0
Iconic Worldwide Bhd,2022-06-30,-1.8560305,fit,0
Iconic Worldwide Bhd,2023-06-30,-3.0827699,fit,0
Iconic Worldwide Bhd,2024-06-30,5.1443887,val,0
Iconic Worldwide Bhd,2025-06-30,-1.5438546,test,0
ICT Zone Asia Bhd,2023-01-31,-1.8467116,fit,0
ICT Zone Asia Bhd,2024-01-31,-3.6430902,val,0
ICT Zone Asia Bhd,2025-01-31,-4.2641935,test,0
ICT Zone Asia Bhd,2026-01-31,-4.0371985,test,0
ICT Zone Asia Bhd,2027-01-31,-2.5312521,test,0
IDB Technologies Bhd,2021-06-30,-2.494091,fit,0
IDB Technologies Bhd,2022-06-30,-2.8862927,fit,0
IDB Technologies Bhd,2023-06-30,-2.6584685,fit,0
IDB Technologies Bhd,2024-06-30,-2.2662466,val,0
IDB Technologies Bhd,2025-06-30,-3.5230072,test,0
Ideal Capital Bhd,2021-12-31,-0.30495825,fit,0
Ideal Capital Bhd,2022-12-31,-0.73875535,fit,0
Ideal Capital Bhd,2023-12-31,-2.03385,fit,0
Ideal Capital Bhd,2024-12-31,-2.5452087,val,0
Ideal Capital Bhd,2025-12-31,-2.8926485,test,0
IFCA MSC Bhd,2021-12-31,-3.5834515,fit,0
IFCA MSC Bhd,2022-12-31,-2.7440045,fit,0
IFCA MSC Bhd,2023-12-31,-4.00596,fit,0
IFCA MSC Bhd,2024-12-31,-4.306738,val,0
IFCA MSC Bhd,2025-12-31,-2.6619713,test,0
Igb Bhd,2022-12-31,1.8736073,fit,0
Igb Bhd,2023-12-31,-3.2110157,fit,0
Igb Bhd,2024-12-31,-2.1140797,val,0
Igb Bhd,2025-12-31,-3.150475,test,0
Igb Bhd,2026-12-31,-4.0475707,test,0
IGB Commercial Real Estate Investment Trust,2022-12-31,6.585356,fit,0
IGB Commercial Real Estate Investment Trust,2023-12-31,0.6504468,fit,0
IGB Commercial Real Estate Investment Trust,2024-12-31,-1.4182767,val,0
IGB Commercial Real Estate Investment Trust,2025-12-31,-2.4157622,test,0
IGB Commercial Real Estate Investment Trust,2026-12-31,0.20493892,test,0
IGB Real Estate Investment Trust,2022-12-31,5.424907,fit,0
IGB Real Estate Investment Trust,2023-12-31,-3.3667061,fit,0
IGB Real Estate Investment Trust,2024-12-31,-3.9974158,val,0
IGB Real Estate Investment Trust,2025-12-31,-3.7601624,test,0
IGB Real Estate Investment Trust,2026-12-31,-3.595617,test,0
Infraharta Holdings Bhd,2021-06-30,-1.0341669,fit,0
Infraharta Holdings Bhd,2022-06-30,-1.9691203,fit,0
Infraharta Holdings Bhd,2023-06-30,-3.346127,fit,0
Infraharta Holdings Bhd,2024-06-30,-3.0968888,val,0
Infraharta Holdings Bhd,2025-06-30,1.2795703,test,0
IHH Healthcare Bhd,2022-12-31,-1.871633,fit,0
IHH Healthcare Bhd,2023-12-31,-3.7989483,fit,0
IHH Healthcare Bhd,2024-12-31,-1.6495177,val,0
IHH Healthcare Bhd,2025-12-31,-1.73872,test,0
IHH Healthcare Bhd,2026-12-31,0.5651926,test,0
IJM Corporation Bhd,2023-03-31,-2.4930687,fit,0
IJM Corporation Bhd,2024-03-31,-1.952366,val,0
IJM Corporation Bhd,2025-03-31,-2.3800097,test,0
IJM Corporation Bhd,2026-03-31,-1.2390517,test,0
IJM Corporation Bhd,2027-03-31,-2.5696068,test,0
Imaspro Corporation Bhd,2022-06-30,-3.4920382,fit,0
Imaspro Corporation Bhd,2023-06-30,-2.0184367,fit,0
Imaspro Corporation Bhd,2024-06-30,-3.351768,val,0
Imaspro Corporation Bhd,2025-06-30,-3.3844037,test,0
Imaspro Corporation Bhd,2026-06-30,-1.8298413,test,0
Inari Amertron Bhd,2022-06-30,-3.177786,fit,0
Inari Amertron Bhd,2023-06-30,-3.8564198,fit,0
Inari Amertron Bhd,2024-06-30,-2.7977808,val,0
Inari Amertron Bhd,2025-06-30,-1.9573436,test,0
Inari Amertron Bhd,2026-06-30,-2.7452648,test,0
Inch Kenneth Kajang Rubber PLC,2021-12-31,-2.7556515,fit,0
Inch Kenneth Kajang Rubber PLC,2022-12-31,-1.9585761,fit,0
Inch Kenneth Kajang Rubber PLC,2023-12-31,-3.2781491,fit,0
Inch Kenneth Kajang Rubber PLC,2024-12-31,-2.2808323,val,0
Inch Kenneth Kajang Rubber PLC,2025-12-31,-1.9349667,test,0
Infomina Bhd,2023-05-31,3.2066398,fit,0
Infomina Bhd,2024-05-31,-7.655926,val,0
Infomina Bhd,2025-05-31,-4.465801,test,0
Infomina Bhd,2026-05-31,-3.0542016,test,0
Infomina Bhd,2027-05-31,-3.275726,test,0
Infoline Tec Group Bhd,2022-03-31,-3.5143998,fit,0
Infoline Tec Group Bhd,2023-03-31,-3.2879539,fit,0
Infoline Tec Group Bhd,2026-03-31,-4.3753242,test,0
InNature Bhd,2022-12-31,-3.3043346,fit,0
InNature Bhd,2023-12-31,-2.5899663,fit,0
InNature Bhd,2024-12-31,-2.6929011,val,0
InNature Bhd,2025-12-31,0.041801974,test,0
InNature Bhd,2026-12-31,-3.6583595,test,0
Innoprise Plantations Bhd,2022-12-31,-3.0385606,fit,0
Innoprise Plantations Bhd,2023-12-31,-3.362757,fit,0
Innoprise Plantations Bhd,2024-12-31,-2.9989667,val,0
Innoprise Plantations Bhd,2025-12-31,-2.4875317,test,0
Innoprise Plantations Bhd,2026-12-31,-2.4702837,test,0
Insas Bhd,2022-06-30,-2.8792553,fit,0
Insas Bhd,2023-06-30,-3.0584407,fit,0
Insas Bhd,2024-06-30,-2.9423077,val,0
Insas Bhd,2025-06-30,-2.3426008,test,0
Insas Bhd,2026-06-30,-2.9893749,test,0
Inspace Creation Bhd,2022-11-30,0.4618074,fit,0
Inspace Creation Bhd,2023-11-30,-3.2336519,fit,0
Inspace Creation Bhd,2024-11-30,-4.2442355,val,0
Inspace Creation Bhd,2025-11-30,-2.6262538,test,0
Inta Bina Group Bhd,2022-12-31,-0.71910405,fit,0
Inta Bina Group Bhd,2023-12-31,-2.363631,fit,0
Inta Bina Group Bhd,2024-12-31,-2.9752257,val,0
Inta Bina Group Bhd,2025-12-31,-4.6869774,test,0
Inta Bina Group Bhd,2026-12-31,-3.6018717,test,0
IOI Corporation Bhd,2022-06-30,-2.6308143,fit,0
IOI Corporation Bhd,2023-06-30,-2.285401,fit,0
IOI Corporation Bhd,2024-06-30,-2.8822033,val,0
IOI Corporation Bhd,2025-06-30,-2.9467878,test,0
IOI Corporation Bhd,2026-06-30,-2.7277274,test,0
IOI Properties Group Bhd,2022-06-30,-1.7359958,fit,0
IOI Properties Group Bhd,2023-06-30,-2.5446527,fit,0
IOI Properties Group Bhd,2024-06-30,4.9401016,val,0
IOI Properties Group Bhd,2025-06-30,-1.1145269,test,0
IOI Properties Group Bhd,2026-06-30,-2.3075566,test,0
IQ Group Holdings Bhd,2023-03-31,-2.9390726,fit,0
IQ Group Holdings Bhd,2024-03-31,-2.7487612,val,0
IQ Group Holdings Bhd,2025-03-31,-2.9836729,test,0
IQ Group Holdings Bhd,2026-03-31,-2.6884117,test,0
IQ Group Holdings Bhd,2027-03-31,-2.868956,test,0
Ireka Corporation Bhd,2022-06-30,11.386179,fit,1
Ireka Corporation Bhd,2023-06-30,9.340958,fit,1
Ireka Corporation Bhd,2024-06-30,10.366778,val,1
Ireka Corporation Bhd,2025-06-30,10.779388,test,1
Ireka Corporation Bhd,2025-12-31,10.505999,test,1
IRIS Group Bhd,2023-03-31,-1.1823401,fit,0
IRIS Group Bhd,2024-03-31,-2.9780836,val,0
IRIS Group Bhd,2025-03-31,-1.8253363,test,0
IRIS Group Bhd,2026-03-31,-2.1933463,test,0
IRIS Group Bhd,2027-03-31,-0.97697604,test,0
ISF Group Bhd,2023-12-31,0.32848403,fit,0
ISF Group Bhd,2024-12-31,-3.2933748,val,0
ISF Group Bhd,2025-12-31,0.5658355,test,0
ISF Group Bhd,2026-12-31,-2.2374651,test,0
ITMAX System Bhd,2022-12-31,-2.1405427,fit,0
ITMAX System Bhd,2023-12-31,-3.8416858,fit,0
ITMAX System Bhd,2024-12-31,-1.3887953,val,0
ITMAX System Bhd,2025-12-31,-4.741759,test,0
ITMAX System Bhd,2026-12-31,-3.667485,test,0
Iskandar Waterfront City Bhd,2021-12-31,-1.8300467,fit,0
Iskandar Waterfront City Bhd,2022-12-31,-3.1822586,fit,0
Iskandar Waterfront City Bhd,2023-12-31,-3.380289,fit,0
Iskandar Waterfront City Bhd,2024-12-31,-3.8339047,val,0
Iskandar Waterfront City Bhd,2025-12-31,1.1742429,test,0
Jadi Imaging Holdings Bhd,2022-03-31,-3.1494055,fit,0
Jadi Imaging Holdings Bhd,2023-03-31,-3.0547352,fit,0
Jadi Imaging Holdings Bhd,2024-03-31,-3.5168107,val,0
Jadi Imaging Holdings Bhd,2025-03-31,-2.8173146,test,0
Jadi Imaging Holdings Bhd,2026-03-31,-6.270695,test,0
JAG Bhd,2021-12-31,0.18334347,fit,0
JAG Bhd,2022-12-31,-2.3450994,fit,0
JAG Bhd,2023-12-31,-9.922804,fit,0
JAG Bhd,2024-12-31,-2.154287,val,0
JAG Bhd,2025-12-31,-2.2521586,test,0
Jagasolution Bhd,2021-06-30,-1.9456377,fit,0
Jagasolution Bhd,2022-06-30,-1.0037767,fit,0
Jagasolution Bhd,2025-06-30,-6.193249,test,0
JAG Capital Bhd,2021-06-30,5.571133,fit,0
JAG Capital Bhd,2022-06-30,-1.4035405,fit,0
JAG Capital Bhd,2023-06-30,-3.395339,fit,0
JAG Capital Bhd,2024-06-30,-2.3949196,val,0
JAG Capital Bhd,2025-06-30,-2.2918925,test,0
JAKS Resources Bhd,2022-12-31,3.6069372,fit,0
JAKS Resources Bhd,2023-12-31,2.1501203,fit,0
JAKS Resources Bhd,2024-12-31,2.5727785,val,0
JAKS Resources Bhd,2025-12-31,2.077669,test,0
JAKS Resources Bhd,2026-12-31,2.209714,test,0
Jasa Kita Bhd,2022-03-31,-2.5975847,fit,0
Jasa Kita Bhd,2023-03-31,-2.4577992,fit,0
Jasa Kita Bhd,2024-03-31,-1.8975136,val,0
Jasa Kita Bhd,2025-03-31,-2.493408,test,0
Jasa Kita Bhd,2026-03-31,-2.0721452,test,0
Jaycorp Bhd,2022-07-31,-2.6421666,fit,0
Jaycorp Bhd,2023-07-31,-2.5979302,fit,0
Jaycorp Bhd,2024-07-31,-2.5979612,val,0
Jaycorp Bhd,2025-07-31,-2.2480319,test,0
Jaycorp Bhd,2026-07-31,-2.778811,test,0
JcbNext Bhd,2021-12-31,-3.7969747,fit,0
JcbNext Bhd,2022-12-31,-3.302171,fit,0
JcbNext Bhd,2023-12-31,-3.812343,fit,0
JcbNext Bhd,2024-12-31,-2.3611305,val,0
JcbNext Bhd,2025-12-31,-4.7143874,test,0
JCY International Bhd,2022-09-30,-1.9423066,fit,0
JCY International Bhd,2023-09-30,-2.6226227,fit,0
JCY International Bhd,2024-09-30,-2.4923785,val,0
JCY International Bhd,2025-09-30,-2.7706728,test,0
JCY International Bhd,2026-09-30,-2.9110618,test,0
Kumpulan Jetson Bhd,2022-03-31,-2.7102964,fit,0
Kumpulan Jetson Bhd,2025-03-31,7.559798,test,0
Kumpulan Jetson Bhd,2026-03-31,6.5577836,test,0
JF Technology Bhd,2021-06-30,-3.9029875,fit,0
JF Technology Bhd,2022-06-30,-3.1266205,fit,0
JF Technology Bhd,2023-06-30,-2.6144688,fit,0
JF Technology Bhd,2024-06-30,-3.5421891,val,0
JF Technology Bhd,2025-06-30,-2.1859963,test,0
JHM Consolidation Bhd,2022-12-31,-2.3647382,fit,0
JHM Consolidation Bhd,2023-12-31,-3.016097,fit,0
JHM Consolidation Bhd,2024-12-31,-2.9939873,val,0
JHM Consolidation Bhd,2025-12-31,-2.6899726,test,0
JHM Consolidation Bhd,2026-12-31,-3.1001074,test,0
Jiankun International Bhd,2021-12-31,1.4259642,fit,0
Jiankun International Bhd,2022-12-31,-2.5367079,fit,0
Jiankun International Bhd,2025-12-31,-0.24484318,test,0
Jishan Bhd,2021-12-31,-3.1892958,fit,0
Jishan Bhd,2022-12-31,-3.6226118,fit,0
Jishan Bhd,2023-12-31,-4.253673,fit,0
Jishan Bhd,2024-12-31,-2.6507342,val,0
Jishan Bhd,2025-12-31,-1.9537057,test,0
JKG Land Bhd,2023-01-31,0.3669202,fit,0
JKG Land Bhd,2024-01-31,-3.3376343,val,0
JKG Land Bhd,2025-01-31,-3.9532468,test,0
JKG Land Bhd,2026-01-31,-2.9993293,test,0
JKG Land Bhd,2027-01-31,-3.4588668,test,0
Joe Holding Bhd,2022-03-31,-2.814381,fit,0
Joe Holding Bhd,2023-03-31,-3.6958234,fit,0
Joe Holding Bhd,2024-03-31,-2.729394,val,0
Joe Holding Bhd,2025-03-31,-1.2344457,test,0
Joe Holding Bhd,2026-03-31,-3.0768256,test,0
Johan Holdings Bhd,2021-07-31,-2.0993295,fit,0
Johan Holdings Bhd,2022-07-31,-2.2349567,fit,0
Johan Holdings Bhd,2023-07-31,-2.2950032,fit,0
Johan Holdings Bhd,2024-07-31,-2.8608837,val,0
Johan Holdings Bhd,2025-07-31,-3.523639,test,0
Johor Plantations Group Bhd,2022-12-31,0.46566668,fit,0
Johor Plantations Group Bhd,2023-12-31,-2.2391033,fit,0
Johor Plantations Group Bhd,2024-12-31,-2.570755,val,0
Johor Plantations Group Bhd,2025-12-31,-3.5166728,test,0
Johor Plantations Group Bhd,2026-12-31,-4.175105,test,0
Jentayu Sustainables Bhd,2022-06-30,-0.17302234,fit,0
Jentayu Sustainables Bhd,2023-06-30,-3.7228923,fit,0
Jentayu Sustainables Bhd,2024-06-30,-2.833553,val,0
Jentayu Sustainables Bhd,2025-06-30,-1.7193546,test,0
Jentayu Sustainables Bhd,2026-06-30,-2.436553,test,0
JS Solar Holding Bhd,2022-03-31,-1.4272867,fit,0
JS Solar Holding Bhd,2023-03-31,-3.3299196,fit,0
JS Solar Holding Bhd,2024-03-31,-2.7596154,val,0
JS Solar Holding Bhd,2025-03-31,-3.0562484,test,0
JS Solar Holding Bhd,2026-03-31,-3.1492732,test,0
Jati Tinggi Group Bhd,2022-11-30,-3.3001323,fit,0
Jati Tinggi Group Bhd,2023-11-30,-3.411783,fit,0
Jati Tinggi Group Bhd,2024-11-30,-3.6056907,val,0
Jati Tinggi Group Bhd,2025-11-30,-2.4828997,test,0
Jati Tinggi Group Bhd,2026-11-30,-0.87661886,test,0
Jaya Tiasa Holdings Bhd,2022-06-30,-0.39014083,fit,0
Jaya Tiasa Holdings Bhd,2023-06-30,-3.342804,fit,0
Jaya Tiasa Holdings Bhd,2024-06-30,-2.503814,val,0
Jaya Tiasa Holdings Bhd,2025-06-30,-2.3027987,test,0
Jaya Tiasa Holdings Bhd,2026-06-30,-2.9237578,test,0
K-One Technology Bhd,2021-12-31,-1.0570428,fit,0
K-One Technology Bhd,2022-12-31,-4.6429353,fit,0
K-One Technology Bhd,2023-12-31,0.14558038,fit,0
K-One Technology Bhd,2024-12-31,-0.5776733,val,0
K-One Technology Bhd,2025-12-31,1.3950939,test,0
Kamdar Group M Bhd,2021-06-30,-5.654717,fit,0
Kamdar Group M Bhd,2022-06-30,-2.585715,fit,0
Kamdar Group M Bhd,2023-06-30,-2.9132652,fit,0
Kamdar Group M Bhd,2024-06-30,-2.8408208,val,0
Kamdar Group M Bhd,2025-06-30,-3.2459779,test,0
Karex Bhd,2022-06-30,-1.73885,fit,0
Karex Bhd,2023-06-30,-0.79589355,fit,0
Karex Bhd,2024-06-30,-2.6509097,val,0
Karex Bhd,2025-06-30,-3.1076183,test,0
Karex Bhd,2026-06-30,-3.4123707,test,0
Karyon Industries Bhd,2022-03-31,-1.4688854,fit,0
Karyon Industries Bhd,2023-03-31,-2.6967657,fit,0
Karyon Industries Bhd,2024-03-31,-3.1583092,val,0
Karyon Industries Bhd,2025-03-31,-2.7667792,test,0
Karyon Industries Bhd,2026-03-31,-2.5764465,test,0
Kawan Food Bhd,2022-12-31,-2.276959,fit,0
Kawan Food Bhd,2023-12-31,-1.468079,fit,0
Kawan Food Bhd,2024-12-31,-2.5947843,val,0
Kawan Food Bhd,2025-12-31,-2.829522,test,0
Kawan Food Bhd,2026-12-31,-2.698082,test,0
Kee Ming Group Bhd,2024-03-31,1.417214,val,0
Kee Ming Group Bhd,2025-03-31,-3.0916474,test,0
Kee Ming Group Bhd,2026-03-31,-3.2558799,test,0
Kee Ming Group Bhd,2027-03-31,-3.5967572,test,0
Kein Hing International Bhd,2022-04-30,-1.7296982,fit,0
Kein Hing International Bhd,2023-04-30,-2.7178953,fit,0
Kein Hing International Bhd,2024-04-30,-2.1342556,val,0
Kein Hing International Bhd,2025-04-30,1.0818621,test,0
Kein Hing International Bhd,2026-04-30,-2.468376,test,0
KEN Holdings Bhd,2021-12-31,-1.5430585,fit,0
KEN Holdings Bhd,2022-12-31,-2.3126454,fit,0
KEN Holdings Bhd,2023-12-31,-2.4650965,fit,0
KEN Holdings Bhd,2024-12-31,-3.302954,val,0
KEN Holdings Bhd,2025-12-31,-1.1922529,test,0
Kenanga Investment Bank Bhd,2021-12-31,0.26619875,fit,0
Kenanga Investment Bank Bhd,2022-12-31,1.9127964,fit,0
Kenanga Investment Bank Bhd,2023-12-31,-2.7449386,fit,0
Kenanga Investment Bank Bhd,2024-12-31,-1.1516223,val,0
Kenanga Investment Bank Bhd,2025-12-31,0.9988432,test,0
Kawan Renergy Bhd,2022-10-31,-0.1028395,fit,0
Kawan Renergy Bhd,2023-10-31,-3.390974,fit,0
Kawan Renergy Bhd,2024-10-31,-1.892741,val,0
Kawan Renergy Bhd,2025-10-31,-2.495263,test,0
Kawan Renergy Bhd,2026-10-31,-4.136071,test,0
Kerjaya Prospek Group Bhd,2022-12-31,-2.505872,fit,0
Kerjaya Prospek Group Bhd,2023-12-31,-2.2715752,fit,0
Kerjaya Prospek Group Bhd,2024-12-31,-2.616869,val,0
Kerjaya Prospek Group Bhd,2025-12-31,-3.5264912,test,0
Kerjaya Prospek Group Bhd,2026-12-31,-4.133748,test,0
KESM Industries Bhd,2022-07-31,-2.3872128,fit,0
KESM Industries Bhd,2023-07-31,-2.8851345,fit,0
KESM Industries Bhd,2024-07-31,-2.7594073,val,0
KESM Industries Bhd,2025-07-31,-1.3626322,test,0
KESM Industries Bhd,2026-07-31,-2.503066,test,0
Key ASIC Bhd,2021-05-31,-3.3090405,fit,0
Key ASIC Bhd,2022-05-31,-2.5844831,fit,0
Key ASIC Bhd,2023-05-31,-3.5133882,fit,0
Key ASIC Bhd,2024-05-31,-3.1908891,val,0
Key ASIC Bhd,2025-05-31,-4.736978,test,0
Keyfield International Bhd,2022-12-31,-0.71029365,fit,0
Keyfield International Bhd,2023-12-31,-1.0692291,fit,0
Keyfield International Bhd,2024-12-31,-3.7414937,val,0
Keyfield International Bhd,2025-12-31,-4.5252438,test,0
Keyfield International Bhd,2026-12-31,-5.434587,test,0
Kumpulan Fima Bhd,2023-03-31,-3.1987271,fit,0
Kumpulan Fima Bhd,2024-03-31,-3.752193,val,0
Kumpulan Fima Bhd,2025-03-31,-3.278631,test,0
Kumpulan Fima Bhd,2026-03-31,-2.1501455,test,0
Kumpulan Fima Bhd,2027-03-31,-3.3957474,test,0
Kelington Group Bhd,2022-12-31,-3.7487128,fit,0
Kelington Group Bhd,2023-12-31,-2.028765,fit,0
Kelington Group Bhd,2024-12-31,-4.3356824,val,0
Kelington Group Bhd,2025-12-31,-4.027397,test,0
Kelington Group Bhd,2026-12-31,-4.318601,test,0
Key Alliance Group Bhd,2022-03-31,-1.2049628,fit,0
Key Alliance Group Bhd,2023-03-31,-2.0629091,fit,0
Key Alliance Group Bhd,2024-03-31,-4.8959618,val,0
Key Alliance Group Bhd,2025-03-31,4.124027,test,0
Key Alliance Group Bhd,2026-03-31,8.53023,test,0
Kgw Group Bhd,2021-12-31,-2.632032,fit,0
Kgw Group Bhd,2022-12-31,-3.4393775,fit,0
Kgw Group Bhd,2023-12-31,-4.092007,fit,0
Kgw Group Bhd,2024-12-31,-3.0052688,val,0
Kgw Group Bhd,2025-12-31,-2.6764414,test,0
KHPT Holdings Bhd,2021-12-31,-1.0779765,fit,0
KHPT Holdings Bhd,2022-12-31,-3.1462715,fit,0
KHPT Holdings Bhd,2023-12-31,-2.8328562,fit,0
KHPT Holdings Bhd,2024-12-31,-2.734398,val,0
KHPT Holdings Bhd,2025-12-31,-4.0839677,test,0
Khee San Bhd,2021-06-30,5.4121156,fit,0
Khee San Bhd,2022-06-30,9.936739,fit,1
Khee San Bhd,2023-06-30,9.972576,fit,1
Khee San Bhd,2024-06-30,10.204304,val,1
Khee San Bhd,2025-06-30,-0.5298275,test,1
Khind Holdings Bhd,2021-12-31,-2.8994622,fit,0
Khind Holdings Bhd,2022-12-31,-2.8934405,fit,0
Khind Holdings Bhd,2023-12-31,-3.2295294,fit,0
Khind Holdings Bhd,2024-12-31,-3.2481174,val,0
Khind Holdings Bhd,2025-12-31,-3.2428443,test,0
Kim Hin Joo (Malaysia) Bhd,2021-12-31,-2.9051387,fit,0
Kim Hin Joo (Malaysia) Bhd,2022-12-31,-2.1388824,fit,0
Kim Hin Joo (Malaysia) Bhd,2023-12-31,-3.08051,fit,0
Kim Hin Joo (Malaysia) Bhd,2024-12-31,-2.9593194,val,0
Kim Hin Joo (Malaysia) Bhd,2025-12-31,-2.2359133,test,0
Kia Lim Bhd,2021-12-31,4.2720394,fit,0
Kia Lim Bhd,2022-12-31,2.9662073,fit,0
Kia Lim Bhd,2023-12-31,-2.4872541,fit,0
Kia Lim Bhd,2024-12-31,4.4714246,val,0
Kia Lim Bhd,2025-12-31,-3.2561176,test,0
Kim Hin Industry Bhd,2021-12-31,0.2858097,fit,0
Kim Hin Industry Bhd,2022-12-31,0.19279453,fit,0
Kim Hin Industry Bhd,2023-12-31,-2.0682046,fit,0
Kim Hin Industry Bhd,2024-12-31,-0.84323156,val,0
Kim Hin Industry Bhd,2025-12-31,-0.9797926,test,0
Kimlun Corporation Bhd,2022-12-31,4.649918,fit,0
Kimlun Corporation Bhd,2023-12-31,3.897778,fit,0
Kimlun Corporation Bhd,2024-12-31,-1.2088996,val,0
Kimlun Corporation Bhd,2025-12-31,-1.2449863,test,0
Kimlun Corporation Bhd,2026-12-31,-2.5111759,test,0
Kinergy Advancement Bhd,2022-12-31,-2.9090612,fit,0
Kinergy Advancement Bhd,2023-12-31,-3.1094842,fit,0
Kinergy Advancement Bhd,2024-12-31,-3.3246102,val,0
Kinergy Advancement Bhd,2025-12-31,-3.4167733,test,0
Kinergy Advancement Bhd,2026-12-31,-2.850932,test,0
KIP Real Estate Investment Trust,2022-06-30,-3.0510218,fit,0
KIP Real Estate Investment Trust,2023-06-30,-5.330735,fit,0
KIP Real Estate Investment Trust,2024-06-30,-5.1260576,val,0
KIP Real Estate Investment Trust,2025-06-30,-0.4373688,test,0
KIP Real Estate Investment Trust,2026-06-30,-2.1727397,test,0
Kumpulan Kitacon Bhd,2022-12-31,0.76988256,fit,0
Kumpulan Kitacon Bhd,2023-12-31,-0.73863864,fit,0
Kumpulan Kitacon Bhd,2024-12-31,-2.8849409,val,0
Kumpulan Kitacon Bhd,2025-12-31,-4.755029,test,0
Kumpulan Kitacon Bhd,2026-12-31,-3.7721646,test,0
KJTS Group Berhad,2022-12-31,-2.0148532,fit,0
KJTS Group Berhad,2023-12-31,-3.3996582,fit,0
KJTS Group Berhad,2024-12-31,-2.7575176,val,0
KJTS Group Berhad,2025-12-31,-4.0474257,test,0
KJTS Group Berhad,2026-12-31,-3.1645887,test,0
KKB Engineering Berhad,2022-12-31,-2.6446786,fit,0
KKB Engineering Berhad,2023-12-31,-3.6337118,fit,0
KKB Engineering Berhad,2024-12-31,-2.8126,val,0
KKB Engineering Berhad,2025-12-31,-2.3223083,test,0
KKB Engineering Berhad,2026-12-31,-2.7842326,test,0
KLCCP Stapled Group,2022-12-31,1.1898795,fit,0
KLCCP Stapled Group,2023-12-31,0.93055594,fit,0
KLCCP Stapled Group,2024-12-31,-1.6014311,val,0
KLCCP Stapled Group,2025-12-31,-2.4753315,test,0
KLCCP Stapled Group,2026-12-31,1.8984481,test,0
Kuala Lumpur Kepong Bhd,2022-09-30,-2.3091,fit,0
Kuala Lumpur Kepong Bhd,2023-09-30,-3.0939467,fit,0
Kuala Lumpur Kepong Bhd,2024-09-30,-3.4063864,val,0
Kuala Lumpur Kepong Bhd,2025-09-30,-3.79571,test,0
Kuala Lumpur Kepong Bhd,2026-09-30,-1.9782817,test,0
Kluang Rubber Company (Malaya) Bhd,2021-06-30,-3.4901435,fit,0
Kluang Rubber Company (Malaya) Bhd,2022-06-30,-2.339857,fit,0
Kluang Rubber Company (Malaya) Bhd,2023-06-30,-3.5690458,fit,0
Kluang Rubber Company (Malaya) Bhd,2024-06-30,-3.0928638,val,0
Kluang Rubber Company (Malaya) Bhd,2025-06-30,-3.2794185,test,0
Kim Loong Resources Bhd,2023-01-31,-2.6978486,fit,0
Kim Loong Resources Bhd,2024-01-31,-3.4137359,val,0
Kim Loong Resources Bhd,2025-01-31,-3.3765335,test,0
Kim Loong Resources Bhd,2026-01-31,-2.5465467,test,0
Kim Loong Resources Bhd,2027-01-31,-4.215038,test,0
KNM Group Bhd,2024-12-31,9.448923,val,1
KNM Group Bhd,2025-12-31,11.714034,test,0
Knusford Bhd,2023-03-31,-1.0002407,fit,0
Knusford Bhd,2024-03-31,1.112373,val,0
Knusford Bhd,2025-03-31,-0.72656476,test,0
Knusford Bhd,2026-03-31,4.8511086,test,0
Kobay Technology Bhd,2022-06-30,-2.7439766,fit,0
Kobay Technology Bhd,2023-06-30,-2.595065,fit,0
Kobay Technology Bhd,2024-06-30,-2.4458706,val,0
Kobay Technology Bhd,2025-06-30,-1.9739236,test,0
Kobay Technology Bhd,2026-06-30,-2.6924376,test,0
Komarkcorp Bhd,2021-06-30,-1.9154223,fit,0
Komarkcorp Bhd,2022-06-30,-2.4595342,fit,0
Komarkcorp Bhd,2023-06-30,0.25832647,fit,0
Komarkcorp Bhd,2025-06-30,-3.1430671,test,0
Oriental Kopi Holdings Bhd,2022-09-30,-2.13039,fit,0
Oriental Kopi Holdings Bhd,2023-09-30,-3.36055,fit,0
Oriental Kopi Holdings Bhd,2024-09-30,-3.0561943,val,0
Oriental Kopi Holdings Bhd,2025-09-30,-3.076432,test,0
Oriental Kopi Holdings Bhd,2026-09-30,-4.842365,test,0
Kossan Rubber Industries Bhd,2022-12-31,-2.098485,fit,0
Kossan Rubber Industries Bhd,2023-12-31,-3.5977767,fit,0
Kossan Rubber Industries Bhd,2024-12-31,-2.3661542,val,0
Kossan Rubber Industries Bhd,2025-12-31,-3.637277,test,0
Kossan Rubber Industries Bhd,2026-12-31,-2.464565,test,0
Kotra Industries Bhd,2022-06-30,-2.5831785,fit,0
Kotra Industries Bhd,2023-06-30,-1.6862617,fit,0
Kotra Industries Bhd,2024-06-30,-3.4625127,val,0
Kotra Industries Bhd,2025-06-30,-3.1633132,test,0
Kotra Industries Bhd,2026-06-30,-2.411304,test,0
KPJ Healthcare Bhd,2022-12-31,1.3153899,fit,0
KPJ Healthcare Bhd,2023-12-31,0.9524113,fit,0
KPJ Healthcare Bhd,2024-12-31,-3.1233137,val,0
KPJ Healthcare Bhd,2025-12-31,-1.5016454,test,0
KPJ Healthcare Bhd,2026-12-31,-3.1253755,test,0
Kerjaya Prospek Property Bhd,2023-03-31,-1.7842364,fit,0
Kerjaya Prospek Property Bhd,2024-03-31,-3.3483658,val,0
Kerjaya Prospek Property Bhd,2025-03-31,-2.5905488,test,0
Kerjaya Prospek Property Bhd,2026-03-31,-5.268271,test,0
Kerjaya Prospek Property Bhd,2027-03-31,-3.540916,test,0
Kumpulan Perangsang Selangor Bhd,2022-12-31,1.6570741,fit,0
Kumpulan Perangsang Selangor Bhd,2023-12-31,-3.0547678,fit,0
Kumpulan Perangsang Selangor Bhd,2024-12-31,3.7204404,val,0
Kumpulan Perangsang Selangor Bhd,2025-12-31,-0.59915113,test,0
Kumpulan Perangsang Selangor Bhd,2026-12-31,-1.8118026,test,0
Kretam Holdings Bhd,2021-12-31,-3.2631278,fit,0
Kretam Holdings Bhd,2022-12-31,-2.9368205,fit,0
Kretam Holdings Bhd,2023-12-31,-2.2587268,fit,0
Kretam Holdings Bhd,2024-12-31,-2.458607,val,0
Kretam Holdings Bhd,2025-12-31,-2.6798837,test,0
Kronologi Asia Bhd,2023-01-31,0.0012483001,fit,0
Kronologi Asia Bhd,2024-01-31,-3.2903073,val,0
Kronologi Asia Bhd,2025-01-31,-2.7126055,test,0
Kronologi Asia Bhd,2026-01-31,-2.540028,test,0
Kronologi Asia Bhd,2027-01-31,-1.1701716,test,0
Keck Seng (Malaysia) Bhd,2021-12-31,-2.6638045,fit,0
Keck Seng (Malaysia) Bhd,2022-12-31,-2.895741,fit,0
Keck Seng (Malaysia) Bhd,2023-12-31,-3.18635,fit,0
Keck Seng (Malaysia) Bhd,2024-12-31,-1.3783474,val,0
Keck Seng (Malaysia) Bhd,2025-12-31,-2.959787,test,0
KSL Holdings Bhd,2022-12-31,-2.430308,fit,0
KSL Holdings Bhd,2023-12-31,-2.5616772,fit,0
KSL Holdings Bhd,2024-12-31,-2.6126568,val,0
KSL Holdings Bhd,2025-12-31,-2.665025,test,0
KSL Holdings Bhd,2026-12-31,-3.206972,test,0
Kim Teck Cheong Consolidated Bhd,2022-06-30,-3.1107566,fit,0
Kim Teck Cheong Consolidated Bhd,2023-06-30,-2.9022229,fit,0
Kim Teck Cheong Consolidated Bhd,2024-06-30,-2.998586,val,0
Kim Teck Cheong Consolidated Bhd,2025-06-30,-2.1810536,test,0
Kim Teck Cheong Consolidated Bhd,2026-06-30,-2.4728725,test,0
KTI Landmark Berhad,2021-12-31,-1.5764005,fit,0
KTI Landmark Berhad,2022-12-31,-1.0737598,fit,0
KTI Landmark Berhad,2023-12-31,-3.979872,fit,0
KTI Landmark Berhad,2024-12-31,-1.7359507,val,0
KTI Landmark Berhad,2025-12-31,-0.95471585,test,0
Kucingko Bhd,2021-12-31,-3.1889424,fit,0
Kucingko Bhd,2022-12-31,-2.5370398,fit,0
Kucingko Bhd,2023-12-31,-3.2269073,fit,0
Kucingko Bhd,2024-12-31,-4.320307,val,0
Kucingko Bhd,2025-12-31,-3.5939958,test,0
KYM Holdings Bhd,2022-01-31,-1.3562016,fit,0
KYM Holdings Bhd,2023-01-31,-3.126093,fit,0
KYM Holdings Bhd,2024-01-31,-6.152192,val,0
KYM Holdings Bhd,2025-01-31,-0.32761264,test,0
KYM Holdings Bhd,2026-01-31,-3.3678548,test,0
Land & General Bhd,2023-03-31,-2.0435877,fit,0
Land & General Bhd,2024-03-31,-3.1698308,val,0
Land & General Bhd,2025-03-31,0.54947233,test,0
Land & General Bhd,2026-03-31,-2.6994808,test,0
Land & General Bhd,2027-03-31,-2.8643994,test,0
L&P Global Bhd,2022-12-31,-2.8017738,fit,0
L&P Global Bhd,2023-12-31,-2.733086,fit,0
L&P Global Bhd,2024-12-31,-3.814994,val,0
L&P Global Bhd,2025-12-31,-3.0934772,test,0
L&P Global Bhd,2026-12-31,-3.0484884,test,0
LAC Med Bhd,2023-12-31,-0.10084284,fit,0
LAC Med Bhd,2024-12-31,-3.3972924,val,0
LAC Med Bhd,2025-12-31,-2.6375365,test,0
LAC Med Bhd,2026-12-31,-2.6232355,test,0
Lagenda Properties Bhd,2022-12-31,-2.6607668,fit,0
Lagenda Properties Bhd,2023-12-31,-2.5096712,fit,0
Lagenda Properties Bhd,2024-12-31,-3.32068,val,0
Lagenda Properties Bhd,2025-12-31,-1.9036425,test,0
Lagenda Properties Bhd,2026-12-31,-2.2180176,test,0
Lambo Group Bhd,2021-09-30,4.901638,fit,0
Lambo Group Bhd,2023-09-30,9.617978,fit,1
Lambo Group Bhd,2024-09-30,8.938582,val,1
Lambo Group Bhd,2025-09-30,-0.42730522,test,1
Landmarks Bhd,2021-12-31,5.2542877,fit,0
Landmarks Bhd,2022-12-31,-3.0505078,fit,0
Landmarks Bhd,2023-12-31,4.0155716,fit,0
Landmarks Bhd,2024-12-31,-2.8482811,val,0
Landmarks Bhd,2025-12-31,5.304589,test,0
Lay Hong Bhd,2023-03-31,-2.8088944,fit,0
Lay Hong Bhd,2024-03-31,-2.8333507,val,0
Lay Hong Bhd,2025-03-31,-2.8847854,test,0
Lay Hong Bhd,2026-03-31,-2.9243891,test,0
Lay Hong Bhd,2027-03-31,-3.3484495,test,0
Lb Aluminium Bhd,2022-04-30,-2.9651625,fit,0
Lb Aluminium Bhd,2023-04-30,-2.7399962,fit,0
Lb Aluminium Bhd,2024-04-30,-2.7886357,val,0
Lb Aluminium Bhd,2025-04-30,-3.2516832,test,0
Lb Aluminium Bhd,2026-04-30,-3.0434422,test,0
LBI Capital Bhd,2021-12-31,-3.0544043,fit,0
LBI Capital Bhd,2022-12-31,-2.9917164,fit,0
LBI Capital Bhd,2023-12-31,-3.078948,fit,0
LBI Capital Bhd,2024-12-31,-3.15875,val,0
LBI Capital Bhd,2025-12-31,-2.5502436,test,0
Lbs Bina Group Bhd,2022-12-31,-0.47145057,fit,0
Lbs Bina Group Bhd,2023-12-31,-2.7398717,fit,0
Lbs Bina Group Bhd,2024-12-31,-1.2861823,val,0
Lbs Bina Group Bhd,2025-12-31,-1.8141752,test,0
Lbs Bina Group Bhd,2026-12-31,-1.988294,test,0
Lotte Chemical Titan Holding Bhd,2022-12-31,-2.9357183,fit,0
Lotte Chemical Titan Holding Bhd,2023-12-31,-2.491987,fit,0
Lotte Chemical Titan Holding Bhd,2024-12-31,-3.9735384,val,0
Lotte Chemical Titan Holding Bhd,2025-12-31,0.8509271,test,0
Lotte Chemical Titan Holding Bhd,2026-12-31,0.6502974,test,0
Lebtech Bhd,2021-12-31,-1.152753,fit,0
Lebtech Bhd,2022-12-31,-3.6244814,fit,0
Lebtech Bhd,2023-12-31,2.804644,fit,0
Lebtech Bhd,2024-12-31,0.7964183,val,0
Lebtech Bhd,2025-12-31,-0.57557106,test,0
Lee Swee Kiat Group Bhd,2022-12-31,-3.4859574,fit,0
Lee Swee Kiat Group Bhd,2023-12-31,-2.4220612,fit,0
Lee Swee Kiat Group Bhd,2024-12-31,-3.4535913,val,0
Lee Swee Kiat Group Bhd,2025-12-31,-1.858165,test,0
Lee Swee Kiat Group Bhd,2026-12-31,-2.3125973,test,0
Leform Bhd,2022-12-31,-3.722642,fit,0
Leform Bhd,2023-12-31,-2.836069,fit,0
Leform Bhd,2024-12-31,-4.090392,val,0
Leform Bhd,2025-12-31,-2.9962072,test,0
Leform Bhd,2026-12-31,-3.6597247,test,0
Leon Fuat Bhd,2021-12-31,-3.4340124,fit,0
Leon Fuat Bhd,2022-12-31,-3.6389666,fit,0
Leon Fuat Bhd,2023-12-31,-3.59949,fit,0
Leon Fuat Bhd,2024-12-31,-4.158019,val,0
Leon Fuat Bhd,2025-12-31,-3.7540522,test,0
LFE Corporation Bhd,2021-12-31,-3.0871933,fit,0
LFE Corporation Bhd,2022-12-31,-4.145577,fit,0
LFE Corporation Bhd,2023-12-31,-2.0429215,fit,0
LFE Corporation Bhd,2024-12-31,-0.35007963,val,0
LFE Corporation Bhd,2025-12-31,-2.7056618,test,0
Lianson Fleet Group Berhad,2022-12-31,0.003011629,fit,0
Lianson Fleet Group Berhad,2023-12-31,-4.634784,fit,0
Lianson Fleet Group Berhad,2024-12-31,-1.6625835,val,0
Lianson Fleet Group Berhad,2025-12-31,-3.8341148,test,0
Lianson Fleet Group Berhad,2026-12-31,-2.9595876,test,0
LGMS Bhd,2022-12-31,3.8327794,fit,0
LGMS Bhd,2023-12-31,-2.338002,fit,0
LGMS Bhd,2024-12-31,-3.3684,val,0
LGMS Bhd,2025-12-31,-1.8195097,test,0
LGMS Bhd,2026-12-31,-2.7430544,test,0
Leong Hup International Bhd,2022-12-31,-2.830817,fit,0
Leong Hup International Bhd,2023-12-31,-2.9569883,fit,0
Leong Hup International Bhd,2024-12-31,-2.9342473,val,0
Leong Hup International Bhd,2025-12-31,-3.5659661,test,0
Leong Hup International Bhd,2026-12-31,-2.9118116,test,0
Lien Hoe Corporation Bhd,2021-12-31,4.0280824,fit,0
Lien Hoe Corporation Bhd,2022-12-31,14.19613,fit,0
Lien Hoe Corporation Bhd,2023-12-31,-0.5897039,fit,0
Lien Hoe Corporation Bhd,2024-12-31,-1.2302204,val,0
Lien Hoe Corporation Bhd,2025-12-31,-1.3782493,test,0
Liftech Group Bhd,2022-12-31,0.7477113,fit,0
Liftech Group Bhd,2023-12-31,-3.3320096,fit,0
Liftech Group Bhd,2024-12-31,-2.408991,val,0
Liftech Group Bhd,2025-12-31,-3.780347,test,0
Lii Hen Industries Bhd,2022-12-31,-3.2917962,fit,0
Lii Hen Industries Bhd,2023-12-31,-3.196168,fit,0
Lii Hen Industries Bhd,2024-12-31,-3.1352692,val,0
Lii Hen Industries Bhd,2025-12-31,-2.9595454,test,0
Lii Hen Industries Bhd,2026-12-31,-2.255035,test,0
Lion Industries Corporation Bhd,2022-06-30,-0.6277124,fit,0
Lion Industries Corporation Bhd,2024-06-30,-0.49453223,val,0
Lion Industries Corporation Bhd,2025-06-30,-1.4077396,test,0
Lion Industries Corporation Bhd,2026-06-30,1.0722018,test,0
LKL International Bhd,2023-12-31,1.0740863,fit,0
LKL International Bhd,2024-12-31,-4.0342555,val,0
LKL International Bhd,2025-12-31,-2.5193217,test,0
Lotus KFM Bhd,2021-09-30,-0.5863457,fit,0
Lotus KFM Bhd,2022-09-30,-4.1828065,fit,0
Lotus KFM Bhd,2023-09-30,1.3618166,fit,0
Lotus KFM Bhd,2024-09-30,-2.520453,val,0
Lotus KFM Bhd,2025-09-30,-2.6870537,test,0
Lotus Circular Bhd,2021-06-30,-0.18448593,fit,0
Lotus Circular Bhd,2022-06-30,-3.421513,fit,0
Lotus Circular Bhd,2023-06-30,-2.889439,fit,0
Lotus Circular Bhd,2024-06-30,-2.382667,val,0
Lotus Circular Bhd,2025-06-30,-2.875938,test,0
LPC Group Bhd,2024-04-30,1.374227,val,0
LPC Group Bhd,2025-04-30,1.372147,test,0
LPC Group Bhd,2026-04-30,-2.8310401,test,0
Lpi Capital Bhd,2022-12-31,-2.0692737,fit,0
Lpi Capital Bhd,2023-12-31,-3.1590672,fit,0
Lpi Capital Bhd,2024-12-31,-4.016542,val,0
Lpi Capital Bhd,2025-12-31,-3.1680398,test,0
Lpi Capital Bhd,2026-12-31,-2.5515845,test,0
Lim Seong Hai Capital Bhd,2022-09-30,-2.6722903,fit,0
Lim Seong Hai Capital Bhd,2023-09-30,-3.2423425,fit,0
Lim Seong Hai Capital Bhd,2024-09-30,-3.4279964,val,0
Lim Seong Hai Capital Bhd,2025-09-30,-2.3010302,test,0
Lim Seong Hai Capital Bhd,2026-09-30,-1.7011579,test,0
Leader Steel Holdings Bhd,2021-12-31,-1.6837288,fit,0
Leader Steel Holdings Bhd,2022-12-31,-4.62118,fit,0
Leader Steel Holdings Bhd,2023-12-31,-5.334238,fit,0
Leader Steel Holdings Bhd,2024-12-31,-2.586267,val,0
Leader Steel Holdings Bhd,2025-12-31,-3.640986,test,0
LTKM Bhd,2023-03-31,-0.29390237,fit,0
LTKM Bhd,2024-03-31,-3.0612316,val,0
LTKM Bhd,2025-03-31,-0.5802983,test,0
LTKM Bhd,2026-03-31,-2.415689,test,0
LTKM Bhd,2027-03-31,-2.497563,test,0
Luster Industries Bhd,2021-12-31,-1.5441507,fit,0
Luster Industries Bhd,2022-12-31,-1.1941571,fit,0
Luster Industries Bhd,2023-12-31,-2.200302,fit,0
Luster Industries Bhd,2024-12-31,-1.476923,val,0
Luster Industries Bhd,2025-12-31,-2.8741157,test,0
Luxchem Corporation Bhd,2022-12-31,-3.0002546,fit,0
Luxchem Corporation Bhd,2023-12-31,-2.9911082,fit,0
Luxchem Corporation Bhd,2024-12-31,-3.0468183,val,0
Luxchem Corporation Bhd,2025-12-31,-3.0391042,test,0
Luxchem Corporation Bhd,2026-12-31,-2.5170183,test,0
Life Water Bhd,2022-06-30,-0.90052307,fit,0
Life Water Bhd,2023-06-30,-3.673689,fit,0
Life Water Bhd,2024-06-30,-3.4818234,val,0
Life Water Bhd,2025-06-30,-3.4331212,test,0
Life Water Bhd,2026-06-30,-2.614702,test,0
LYC Healthcare Bhd,2022-03-31,5.6440334,fit,0
LYC Healthcare Bhd,2023-03-31,5.4738293,fit,0
LYC Healthcare Bhd,2024-03-31,2.5008745,val,0
LYC Healthcare Bhd,2025-03-31,-1.5615077,test,0
LYC Healthcare Bhd,2026-03-31,0.012415737,test,1
Lysaght Galvanized Steel Bhd,2021-12-31,-2.952362,fit,0
Lysaght Galvanized Steel Bhd,2022-12-31,-2.993597,fit,0
Lysaght Galvanized Steel Bhd,2023-12-31,-2.5627553,fit,0
Lysaght Galvanized Steel Bhd,2024-12-31,-1.6651798,val,0
Lysaght Galvanized Steel Bhd,2025-12-31,-3.11811,test,0
M & A Equity Holdings Bhd,2021-06-30,1.5189135,fit,0
M & A Equity Holdings Bhd,2022-06-30,-3.710432,fit,0
M & A Equity Holdings Bhd,2023-06-30,-3.776624,fit,0
M & A Equity Holdings Bhd,2024-06-30,-2.23522,val,0
M & A Equity Holdings Bhd,2025-06-30,-1.9653517,test,0
Marine & General Bhd,2022-04-30,-0.81757975,fit,0
Marine & General Bhd,2023-04-30,-2.3289776,fit,0
Marine & General Bhd,2024-04-30,-3.774981,val,0
Marine & General Bhd,2025-04-30,-0.3340022,test,0
Marine & General Bhd,2026-04-30,-1.2939097,test,0
MAA Group Bhd,2021-06-30,0.70070887,fit,0
MAA Group Bhd,2023-06-30,0.18389788,fit,0
MAA Group Bhd,2024-06-30,-3.0579984,val,0
MAA Group Bhd,2025-06-30,-1.3754902,test,0
Mag Holdings Bhd,2023-06-30,-2.4456096,fit,0
Mag Holdings Bhd,2024-06-30,-3.0581796,val,0
Mag Holdings Bhd,2025-06-30,-3.336607,test,0
Magma Group Bhd,2021-12-31,-1.5705172,fit,0
Magma Group Bhd,2023-12-31,-3.1151645,fit,0
Magma Group Bhd,2024-12-31,-1.297565,val,0
Magma Group Bhd,2025-12-31,-2.819323,test,0
Magna Prima Bhd,2021-12-31,1.6783222,fit,0
Magna Prima Bhd,2022-12-31,3.3741348,fit,0
Magna Prima Bhd,2023-12-31,-2.32978,fit,0
Magna Prima Bhd,2024-12-31,-3.01116,val,0
Magna Prima Bhd,2025-12-31,-2.0468473,test,0
Magni-Tech Industries Bhd,2023-04-30,-2.8380418,fit,0
Magni-Tech Industries Bhd,2024-04-30,-3.6897392,val,0
Magni-Tech Industries Bhd,2025-04-30,-4.858758,test,0
Magni-Tech Industries Bhd,2026-04-30,-2.6857262,test,0
Magni-Tech Industries Bhd,2027-04-30,-3.238943,test,0
Magnum Bhd,2022-12-31,5.7725434,fit,0
Magnum Bhd,2023-12-31,-1.0768371,fit,0
Magnum Bhd,2024-12-31,0.0192585,val,0
Magnum Bhd,2025-12-31,0.027087659,test,0
Magnum Bhd,2026-12-31,-0.7635335,test,0
Mah Sing Group Bhd,2022-12-31,0.5495465,fit,0
Mah Sing Group Bhd,2023-12-31,-2.498386,fit,0
Mah Sing Group Bhd,2024-12-31,-3.0209463,val,0
Mah Sing Group Bhd,2025-12-31,-3.08166,test,0
Mah Sing Group Bhd,2026-12-31,0.052065656,test,0
Malakoff Corp Bhd,2022-12-31,2.664857,fit,0
Malakoff Corp Bhd,2023-12-31,-1.8611139,fit,0
Malakoff Corp Bhd,2024-12-31,-1.5013958,val,0
Malakoff Corp Bhd,2025-12-31,2.511372,test,0
Malakoff Corp Bhd,2026-12-31,6.3154964,test,0
Malton Bhd,2022-06-30,-0.5987512,fit,0
Malton Bhd,2023-06-30,1.1341314,fit,0
Malton Bhd,2024-06-30,-0.14071514,val,0
Malton Bhd,2025-06-30,0.73823977,test,0
Malton Bhd,2026-06-30,0.75064933,test,0
Manulife Holdings Bhd,2021-12-31,-2.8191805,fit,0
Manulife Holdings Bhd,2022-12-31,-2.9554532,fit,0
Manulife Holdings Bhd,2023-12-31,-3.1175644,fit,0
Manulife Holdings Bhd,2024-12-31,-2.6645384,val,0
Manulife Holdings Bhd,2025-12-31,-1.9190515,test,0
Marco Holdings Bhd,2021-12-31,-3.0804207,fit,0
Marco Holdings Bhd,2022-12-31,-3.0490353,fit,0
Marco Holdings Bhd,2023-12-31,-2.5593948,fit,0
Marco Holdings Bhd,2024-12-31,-3.0360508,val,0
Marco Holdings Bhd,2025-12-31,-3.4174771,test,0
Malaysia Steel Works (KL) Bhd,2021-12-31,-2.7363563,fit,0
Malaysia Steel Works (KL) Bhd,2022-12-31,-2.4657617,fit,0
Malaysia Steel Works (KL) Bhd,2023-12-31,-3.453036,fit,0
Malaysia Steel Works (KL) Bhd,2024-12-31,-3.7712646,val,0
Malaysia Steel Works (KL) Bhd,2025-12-31,-3.6819887,test,0
Master-Pack Group Bhd,2021-12-31,0.4437845,fit,0
Master-Pack Group Bhd,2022-12-31,0.32843825,fit,0
Master-Pack Group Bhd,2023-12-31,-0.6746832,fit,0
Master-Pack Group Bhd,2024-12-31,-3.6800158,val,0
Master-Pack Group Bhd,2025-12-31,-2.6199825,test,0
Matang Bhd,2021-06-30,-3.5397117,fit,0
Matang Bhd,2022-06-30,-3.458303,fit,0
Matang Bhd,2023-06-30,-2.5735612,fit,0
Matang Bhd,2024-06-30,-2.938674,val,0
Matang Bhd,2025-06-30,-2.7926252,test,0
Matrix Concepts Holdings Bhd,2023-03-31,-2.9228487,fit,0
Matrix Concepts Holdings Bhd,2024-03-31,-2.7840054,val,0
Matrix Concepts Holdings Bhd,2025-03-31,-2.1966317,test,0
Matrix Concepts Holdings Bhd,2026-03-31,-2.569748,test,0
Matrix Concepts Holdings Bhd,2027-03-31,-2.2563906,test,0
Maxim Global Bhd,2021-12-31,0.092927694,fit,0
Maxim Global Bhd,2022-12-31,-3.0534246,fit,0
Maxim Global Bhd,2023-12-31,-2.9165802,fit,0
Maxim Global Bhd,2024-12-31,-1.0473,val,0
Maxim Global Bhd,2025-12-31,-2.480305,test,0
Maxis Bhd,2022-12-31,0.032863498,fit,0
Maxis Bhd,2023-12-31,-0.045534432,fit,0
Maxis Bhd,2024-12-31,-0.13477421,val,0
Maxis Bhd,2025-12-31,0.75146973,test,0
Maxis Bhd,2026-12-31,1.5297023,test,0
Malayan Banking Bhd,2022-12-31,-3.0826747,fit,0
Malayan Banking Bhd,2023-12-31,-2.899829,fit,0
Malayan Banking Bhd,2024-12-31,-3.240818,val,0
Malayan Banking Bhd,2025-12-31,-1.2739308,test,0
Malayan Banking Bhd,2026-12-31,-3.253197,test,0
Maybulk Bhd,2021-12-31,-2.7142498,fit,0
Maybulk Bhd,2022-12-31,-1.3793805,fit,0
Maybulk Bhd,2023-12-31,-2.4629452,fit,0
Maybulk Bhd,2024-12-31,-4.2544136,val,0
Maybulk Bhd,2025-12-31,-0.60986733,test,0
Mayu Global Group Bhd,2021-06-30,-1.5102719,fit,0
Mayu Global Group Bhd,2022-06-30,-2.9821925,fit,0
Mayu Global Group Bhd,2023-06-30,-2.924518,fit,0
Mayu Global Group Bhd,2024-06-30,-3.207836,val,0
Mayu Global Group Bhd,2025-06-30,-2.6986454,test,0
Muar Ban Lee Group Bhd,2021-12-31,-3.677833,fit,0
Muar Ban Lee Group Bhd,2022-12-31,-2.4274924,fit,0
Muar Ban Lee Group Bhd,2023-12-31,-3.2141612,fit,0
Muar Ban Lee Group Bhd,2024-12-31,-3.2506645,val,0
Muar Ban Lee Group Bhd,2025-12-31,-1.0605359,test,0
MBM Resources Bhd,2022-12-31,-2.508382,fit,0
MBM Resources Bhd,2023-12-31,-2.6807916,fit,0
MBM Resources Bhd,2024-12-31,-2.5889235,val,0
MBM Resources Bhd,2025-12-31,-2.1255646,test,0
MBM Resources Bhd,2026-12-31,-2.602911,test,0
MYMBN Bhd,2021-12-31,-2.3132281,fit,0
MYMBN Bhd,2022-12-31,-3.1096585,fit,0
MYMBN Bhd,2023-12-31,-2.327001,fit,0
MYMBN Bhd,2024-12-31,-3.797989,val,0
MYMBN Bhd,2025-12-31,-3.7246451,test,0
Meta Bright Group Bhd,2023-12-31,-0.5715408,fit,0
Meta Bright Group Bhd,2024-12-31,-2.7409673,val,0
Meta Bright Group Bhd,2025-12-31,-1.955378,test,0
Meta Bright Group Bhd,2026-12-31,-3.305158,test,0
MBSB Bhd,2022-12-31,2.1218953,fit,0
MBSB Bhd,2023-12-31,2.0050707,fit,0
MBSB Bhd,2024-12-31,2.200862,val,0
MBSB Bhd,2025-12-31,-0.9694762,test,0
MBSB Bhd,2026-12-31,1.047605,test,0
MCE Holdings Bhd,2022-07-31,-2.0090334,fit,0
MCE Holdings Bhd,2023-07-31,-3.477839,fit,0
MCE Holdings Bhd,2024-07-31,-2.519877,val,0
MCE Holdings Bhd,2025-07-31,-2.429474,test,0
MCE Holdings Bhd,2026-07-31,-3.2679038,test,0
Malayan Cement Bhd,2022-06-30,0.1863634,fit,0
Malayan Cement Bhd,2023-06-30,4.618882,fit,0
Malayan Cement Bhd,2024-06-30,4.2592187,val,0
Malayan Cement Bhd,2025-06-30,-1.7621913,test,0
Malayan Cement Bhd,2026-06-30,-2.053476,test,0
MClean Technologies Bhd,2022-12-31,-1.0591757,fit,0
MClean Technologies Bhd,2023-12-31,-1.1302562,fit,0
MClean Technologies Bhd,2024-12-31,-1.1110374,val,0
MClean Technologies Bhd,2025-12-31,-2.746499,test,0
MClean Technologies Bhd,2026-12-31,-3.6726527,test,0
MCOM Holdings Bhd,2021-06-30,7.948269,fit,0
MCOM Holdings Bhd,2022-06-30,-5.3069634,fit,0
MCOM Holdings Bhd,2025-06-30,-0.54351926,test,0
Media Prima Bhd,2022-06-30,0.8807372,fit,0
Media Prima Bhd,2024-06-30,1.2166357,val,0
Media Prima Bhd,2025-06-30,2.2698753,test,0
Media Prima Bhd,2026-06-30,4.782926,test,0
Mega Fortris Bhd,2021-06-30,-1.9144768,fit,0
Mega Fortris Bhd,2022-06-30,-3.581065,fit,0
Mega Fortris Bhd,2023-06-30,-3.2455492,fit,0
Mega Fortris Bhd,2024-06-30,-3.8618202,val,0
Mega Fortris Bhd,2025-06-30,-2.6450193,test,0
Melati Ehsan Holdings Bhd,2021-08-31,1.5540084,fit,0
Melati Ehsan Holdings Bhd,2022-08-31,-4.1408114,fit,0
Melati Ehsan Holdings Bhd,2023-08-31,-3.6287243,fit,0
Melati Ehsan Holdings Bhd,2024-08-31,-3.4709914,val,0
Melati Ehsan Holdings Bhd,2025-08-31,-3.0592103,test,0
Melewar Industrial Group Bhd,2021-06-30,-2.3185606,fit,0
Melewar Industrial Group Bhd,2022-06-30,-3.2109005,fit,0
Melewar Industrial Group Bhd,2023-06-30,-1.9246621,fit,0
Melewar Industrial Group Bhd,2024-06-30,-1.9239568,val,0
Melewar Industrial Group Bhd,2025-06-30,4.497048,test,0
Menang Corporation (M) Bhd,2021-06-30,5.3261476,fit,0
Menang Corporation (M) Bhd,2022-06-30,2.5810287,fit,0
Menang Corporation (M) Bhd,2023-06-30,6.417783,fit,0
Menang Corporation (M) Bhd,2024-06-30,-3.1227434,val,0
Menang Corporation (M) Bhd,2025-06-30,-2.058521,test,0
Mentiga Corporation Bhd,2021-12-31,1.775057,fit,0
Mentiga Corporation Bhd,2022-12-31,-2.0660863,fit,0
Mentiga Corporation Bhd,2023-12-31,-7.650608,fit,0
Mentiga Corporation Bhd,2024-12-31,-5.142394,val,0
Mentiga Corporation Bhd,2025-12-31,-2.687358,test,0
Mercury Industries Bhd,2021-06-30,11.381463,fit,0
Mercury Industries Bhd,2022-06-30,14.706176,fit,0
Mercury Industries Bhd,2023-06-30,-4.14573,fit,0
Mercury Industries Bhd,2025-06-30,-0.2939125,test,0
Mercury Securities Group Bhd,2022-10-31,1.6761316,fit,0
Mercury Securities Group Bhd,2023-10-31,1.7843548,fit,0
Mercury Securities Group Bhd,2024-10-31,-3.810327,val,0
Mercury Securities Group Bhd,2025-10-31,-2.8857393,test,0
Mercury Securities Group Bhd,2026-10-31,-3.690125,test,0
Mestron Holdings Bhd,2022-12-31,-2.8770518,fit,0
Mestron Holdings Bhd,2023-12-31,-2.1073983,fit,0
Mestron Holdings Bhd,2024-12-31,-3.8107235,val,0
Mestron Holdings Bhd,2025-12-31,-3.321623,test,0
Mestron Holdings Bhd,2026-12-31,-3.2636871,test,0
Metro Healthcare Bhd,2022-12-31,-2.9764614,fit,0
Metro Healthcare Bhd,2023-12-31,-3.5019727,fit,0
Metro Healthcare Bhd,2024-12-31,-3.1320415,val,0
Metro Healthcare Bhd,2025-12-31,-3.5699263,test,0
Metro Healthcare Bhd,2026-12-31,-2.3652656,test,0
Metrod Holdings Bhd,2021-12-31,-2.2961388,fit,0
Metrod Holdings Bhd,2022-12-31,-1.9257811,fit,0
Metrod Holdings Bhd,2023-12-31,-2.5319965,fit,0
Metrod Holdings Bhd,2024-12-31,-3.1467457,val,0
Metrod Holdings Bhd,2025-12-31,-3.163211,test,0
Mega First Corporation Bhd,2022-12-31,-2.4140556,fit,0
Mega First Corporation Bhd,2023-12-31,-2.9704065,fit,0
Mega First Corporation Bhd,2024-12-31,-2.8767498,val,0
Mega First Corporation Bhd,2025-12-31,-2.378863,test,0
Mega First Corporation Bhd,2026-12-31,-2.6888132,test,0
Manforce Group Bhd,2024-02-28,-0.38575494,val,0
Manforce Group Bhd,2025-02-28,-3.2376184,test,0
Manforce Group Bhd,2026-02-28,-4.211426,test,0
Malayan Flour Mills Bhd,2022-12-31,-1.7961301,fit,0
Malayan Flour Mills Bhd,2023-12-31,-3.0493035,fit,0
Malayan Flour Mills Bhd,2024-12-31,-2.943696,val,0
Malayan Flour Mills Bhd,2025-12-31,-3.2246788,test,0
Malayan Flour Mills Bhd,2026-12-31,-2.8186746,test,0
MGB Bhd,2022-12-31,0.25480148,fit,0
MGB Bhd,2023-12-31,0.4354839,fit,0
MGB Bhd,2024-12-31,-2.5523565,val,0
MGB Bhd,2025-12-31,-2.8471375,test,0
MGB Bhd,2026-12-31,-3.953189,test,0
Malaysian Genomics Resource Centre Bhd,2022-06-30,-2.7072182,fit,0
Malaysian Genomics Resource Centre Bhd,2023-06-30,-2.325998,fit,0
Malaysian Genomics Resource Centre Bhd,2025-06-30,1.479942,test,0
Malaysian Genomics Resource Centre Bhd,2026-06-30,-2.524449,test,0
Malaysia Marine and Heavy Engineering Holdings Bhd,2022-12-31,4.726188,fit,0
Malaysia Marine and Heavy Engineering Holdings Bhd,2023-12-31,-0.037276,fit,0
Malaysia Marine and Heavy Engineering Holdings Bhd,2024-12-31,-3.50451,val,0
Malaysia Marine and Heavy Engineering Holdings Bhd,2025-12-31,4.2979035,test,0
Malaysia Marine and Heavy Engineering Holdings Bhd,2026-12-31,-2.3713505,test,0
MHC Plantations Bhd,2021-12-31,0.13056993,fit,0
MHC Plantations Bhd,2022-12-31,-2.8131135,fit,0
MHC Plantations Bhd,2023-12-31,-2.2832365,fit,0
MHC Plantations Bhd,2024-12-31,-2.4239824,val,0
MHC Plantations Bhd,2025-12-31,-2.4942229,test,0
MI Technovation Bhd,2022-12-31,-1.8971919,fit,0
MI Technovation Bhd,2023-12-31,-3.1627855,fit,0
MI Technovation Bhd,2024-12-31,-2.8781724,val,0
MI Technovation Bhd,2025-12-31,-2.2877982,test,0
MI Technovation Bhd,2026-12-31,-2.3664014,test,0
Microlink Solutions Bhd,2022-03-31,-2.6289907,fit,0
Microlink Solutions Bhd,2023-03-31,-2.7589653,fit,0
Microlink Solutions Bhd,2024-03-31,-2.4663002,val,0
Microlink Solutions Bhd,2025-03-31,-1.7040557,test,0
MIECO Bhd,2021-12-31,-0.3116551,fit,0
MIECO Bhd,2022-12-31,-1.5145546,fit,0
MIECO Bhd,2023-12-31,-2.9933846,fit,0
MIECO Bhd,2024-12-31,-2.3688524,val,0
MIECO Bhd,2025-12-31,-1.2928137,test,0
Milolo Bhd,2024-09-30,-2.4071453,val,0
Milolo Bhd,2025-09-30,-2.879186,test,0
Milux Corporation Bhd,2021-12-31,-2.6037662,fit,0
Milux Corporation Bhd,2022-12-31,-2.782432,fit,0
Milux Corporation Bhd,2023-12-31,-2.5559065,fit,0
Milux Corporation Bhd,2024-12-31,-3.1082253,val,0
Milux Corporation Bhd,2025-12-31,-4.8385487,test,0
Minho (M) Bhd,2021-12-31,-2.0622332,fit,0
Minho (M) Bhd,2022-12-31,-3.3707466,fit,0
Minho (M) Bhd,2023-12-31,-2.4504335,fit,0
Minho (M) Bhd,2024-12-31,-2.9628496,val,0
Minho (M) Bhd,2025-12-31,-2.139416,test,0
Minox International Group Bhd,2021-12-31,1.4229262,fit,0
Minox International Group Bhd,2022-12-31,-3.8422844,fit,0
Minox International Group Bhd,2023-12-31,-3.2800574,fit,0
Minox International Group Bhd,2024-12-31,-3.0404384,val,0
Minox International Group Bhd,2025-12-31,-2.713483,test,0
MISC Bhd,2022-12-31,1.2271036,fit,0
MISC Bhd,2023-12-31,-3.4515772,fit,0
MISC Bhd,2024-12-31,-3.140912,val,0
MISC Bhd,2025-12-31,2.524383,test,0
MISC Bhd,2026-12-31,-2.5123537,test,0
Mitrajaya Holdings Bhd,2022-12-31,2.7330835,fit,0
Mitrajaya Holdings Bhd,2023-12-31,0.80552375,fit,0
Mitrajaya Holdings Bhd,2024-12-31,-2.786576,val,0
Mitrajaya Holdings Bhd,2025-12-31,-3.1423647,test,0
Mitrajaya Holdings Bhd,2026-12-31,-2.8215597,test,0
Majuperak Holdings Bhd,2021-12-31,-6.4451885,fit,0
Majuperak Holdings Bhd,2022-12-31,-5.2943125,fit,0
Majuperak Holdings Bhd,2023-12-31,-7.8563223,fit,0
Majuperak Holdings Bhd,2024-12-31,-1.5895222,val,0
Majuperak Holdings Bhd,2025-12-31,-2.1611674,test,0
MKH Bhd,2022-09-30,0.08816996,fit,0
MKH Bhd,2023-09-30,-0.4637843,fit,0
MKH Bhd,2024-09-30,-1.4582043,val,0
MKH Bhd,2025-09-30,-3.1828012,test,0
MKH Bhd,2026-09-30,0.25927433,test,0
MKH Oil Palm (East Kalimantan) Bhd,2021-09-30,-0.106411,fit,0
MKH Oil Palm (East Kalimantan) Bhd,2022-09-30,-0.25614977,fit,0
MKH Oil Palm (East Kalimantan) Bhd,2023-09-30,-2.8558805,fit,0
MKH Oil Palm (East Kalimantan) Bhd,2024-09-30,-3.2457838,val,0
MKH Oil Palm (East Kalimantan) Bhd,2025-09-30,-4.3123965,test,0
M K Land Holdings Bhd,2021-06-30,-1.6001565,fit,0
M K Land Holdings Bhd,2022-06-30,-1.3523846,fit,0
M K Land Holdings Bhd,2023-06-30,3.3331974,fit,0
M K Land Holdings Bhd,2024-06-30,5.798262,val,0
M K Land Holdings Bhd,2025-06-30,4.423381,test,0
MMAG Holdings Bhd,2022-03-31,-1.6758088,fit,0
MMAG Holdings Bhd,2023-03-31,1.3868315,fit,0
MMAG Holdings Bhd,2024-03-31,4.5058007,val,0
MMAG Holdings Bhd,2025-03-31,0.32675895,test,0
MMIS Bhd,2021-06-30,-2.7761605,fit,0
MMIS Bhd,2022-06-30,-2.8250012,fit,0
MMIS Bhd,2023-06-30,-2.8499317,fit,0
MMIS Bhd,2024-06-30,-2.9508874,val,0
MMIS Bhd,2025-06-30,-1.1973002,test,0
MMM Group Bhd,2022-03-31,1.9766682,fit,1
MMM Group Bhd,2023-03-31,9.437076,fit,1
MMM Group Bhd,2024-03-31,10.058923,val,1
MMM Group Bhd,2025-03-31,2.4705446,test,1
MMM Group Bhd,2026-03-31,-3.9953427,test,1
MMS Ventures Bhd,2021-12-31,-2.3377466,fit,0
MMS Ventures Bhd,2022-12-31,-2.8830256,fit,0
MMS Ventures Bhd,2023-12-31,-3.6917002,fit,0
MMS Ventures Bhd,2024-12-31,-3.8273034,val,0
MMS Ventures Bhd,2025-12-31,-2.720977,test,0
MN Holdings Bhd,2022-06-30,-3.1608684,fit,0
MN Holdings Bhd,2023-06-30,-1.8778532,fit,0
MN Holdings Bhd,2024-06-30,-2.3020957,val,0
MN Holdings Bhd,2025-06-30,-3.7197428,test,0
MN Holdings Bhd,2026-06-30,-6.252248,test,0
Mnrb Holdings Bhd,2023-03-31,-0.4267899,fit,0
Mnrb Holdings Bhd,2024-03-31,2.2524548,val,0
Mnrb Holdings Bhd,2025-03-31,-2.4313054,test,0
Mnrb Holdings Bhd,2026-03-31,0.81273425,test,0
Mnrb Holdings Bhd,2027-03-31,-2.0213087,test,0
Mobilia Holdings Bhd,2022-12-31,-2.6435673,fit,0
Mobilia Holdings Bhd,2023-12-31,-3.150836,fit,0
Mobilia Holdings Bhd,2024-12-31,-3.2239704,val,0
Mobilia Holdings Bhd,2025-12-31,-2.7425194,test,0
Mobilia Holdings Bhd,2026-12-31,-2.780417,test,0
Managepay Systems Bhd,2021-06-30,-2.5088582,fit,0
Managepay Systems Bhd,2022-06-30,-1.7227786,fit,0
Managepay Systems Bhd,2025-06-30,-3.1730464,test,0
Malaysian Pacific Industries Bhd,2022-06-30,-2.5610852,fit,0
Malaysian Pacific Industries Bhd,2023-06-30,-2.6293867,fit,0
Malaysian Pacific Industries Bhd,2024-06-30,-2.6878765,val,0
Malaysian Pacific Industries Bhd,2025-06-30,-1.6226609,test,0
Malaysian Pacific Industries Bhd,2026-06-30,-2.9626882,test,0
Matrix Parking Solution Holdings Bhd,2021-12-31,1.6278678,fit,0
Matrix Parking Solution Holdings Bhd,2022-12-31,-1.7946848,fit,0
Matrix Parking Solution Holdings Bhd,2023-12-31,-3.597991,fit,0
Matrix Parking Solution Holdings Bhd,2024-12-31,-2.5083206,val,0
Matrix Parking Solution Holdings Bhd,2025-12-31,-2.520837,test,0
MQ Technology Bhd,2022-02-28,-2.5626218,fit,0
MQ Technology Bhd,2023-02-28,-2.9606223,fit,0
MQ Technology Bhd,2024-02-28,-2.5079963,val,0
MQ Technology Bhd,2025-02-28,-2.5965836,test,0
MQ Technology Bhd,2026-02-28,1.8575064,test,0
Malaysian Resources Corporation Bhd,2022-12-31,6.162465,fit,0
Malaysian Resources Corporation Bhd,2023-12-31,-1.4739591,fit,0
Malaysian Resources Corporation Bhd,2024-12-31,-0.09546817,val,0
Malaysian Resources Corporation Bhd,2025-12-31,4.098874,test,0
Malaysian Resources Corporation Bhd,2026-12-31,-0.6420655,test,0
Mr DIY Group (M) Bhd,2022-12-31,-1.2633646,fit,0
Mr DIY Group (M) Bhd,2023-12-31,-1.8537396,fit,0
Mr DIY Group (M) Bhd,2024-12-31,-1.5687113,val,0
Mr DIY Group (M) Bhd,2025-12-31,-1.7862692,test,0
Mr DIY Group (M) Bhd,2026-12-31,-1.580177,test,0
MSB Global Group Bhd,2021-12-31,-2.184508,fit,0
MSB Global Group Bhd,2022-12-31,-3.3867269,fit,0
MSB Global Group Bhd,2023-12-31,-3.0621188,fit,0
MSB Global Group Bhd,2024-12-31,-2.7370343,val,0
MSB Global Group Bhd,2025-12-31,-3.893562,test,0
Malaysia Smelting Corporation Bhd,2022-12-31,-1.4150857,fit,0
Malaysia Smelting Corporation Bhd,2023-12-31,-3.481858,fit,0
Malaysia Smelting Corporation Bhd,2024-12-31,-2.8187113,val,0
Malaysia Smelting Corporation Bhd,2025-12-31,-2.3331685,test,0
Malaysia Smelting Corporation Bhd,2026-12-31,-3.3406806,test,0
MSM Malaysia Holdings Bhd,2022-12-31,-2.4803758,fit,0
MSM Malaysia Holdings Bhd,2023-12-31,-3.2873244,fit,0
MSM Malaysia Holdings Bhd,2024-12-31,-0.6170334,val,0
MSM Malaysia Holdings Bhd,2025-12-31,-1.5556686,test,0
MSM Malaysia Holdings Bhd,2026-12-31,-3.582521,test,0
Mesiniaga Bhd,2021-12-31,-2.4338193,fit,0
Mesiniaga Bhd,2022-12-31,-0.20711556,fit,0
Mesiniaga Bhd,2023-12-31,-3.3923657,fit,0
Mesiniaga Bhd,2024-12-31,-3.3666573,val,0
Mesiniaga Bhd,2025-12-31,-2.720107,test,0
MST Golf Group Bhd,2021-12-31,-3.5388584,fit,0
MST Golf Group Bhd,2022-12-31,-3.2924345,fit,0
MST Golf Group Bhd,2023-12-31,-2.6613567,fit,0
MST Golf Group Bhd,2024-12-31,-2.868516,val,0
MST Golf Group Bhd,2025-12-31,-2.944535,test,0
MTAG Group Bhd,2022-06-30,-2.4465113,fit,0
MTAG Group Bhd,2023-06-30,-2.2439826,fit,0
MTAG Group Bhd,2024-06-30,-2.9241245,val,0
MTAG Group Bhd,2025-06-30,-3.6392457,test,0
MTAG Group Bhd,2026-06-30,-3.089956,test,0
Master Tec Group Bhd,2022-12-31,-3.2265377,fit,0
Master Tec Group Bhd,2023-12-31,-3.1326225,fit,0
Master Tec Group Bhd,2024-12-31,-2.5009928,val,0
Master Tec Group Bhd,2025-12-31,-2.8000305,test,0
Master Tec Group Bhd,2026-12-31,-2.9902482,test,0
MTT Shipping and Logistics Bhd,2022-12-31,-0.38667232,fit,0
MTT Shipping and Logistics Bhd,2023-12-31,-3.188111,fit,0
MTT Shipping and Logistics Bhd,2024-12-31,-4.4616876,val,0
MTT Shipping and Logistics Bhd,2025-12-31,-3.6335816,test,0
Muda Holdings Bhd,2021-12-31,-0.684137,fit,0
Muda Holdings Bhd,2022-12-31,-3.1050947,fit,0
Muda Holdings Bhd,2023-12-31,-3.3750868,fit,0
Muda Holdings Bhd,2024-12-31,-1.8033828,val,0
Muda Holdings Bhd,2025-12-31,-1.8573447,test,0
Mudajaya Group Bhd,2021-12-31,-2.2032638,fit,0
Mudajaya Group Bhd,2022-12-31,-3.9026246,fit,0
Mudajaya Group Bhd,2023-12-31,2.2820284,fit,0
Mudajaya Group Bhd,2024-12-31,0.83581376,val,0
Mudajaya Group Bhd,2025-12-31,1.9890975,test,0
Multi-Usage Holdings Bhd,2021-06-30,-2.377529,fit,0
Multi-Usage Holdings Bhd,2022-06-30,-2.0308437,fit,0
Multi-Usage Holdings Bhd,2023-06-30,-3.736639,fit,0
Multi-Usage Holdings Bhd,2024-06-30,-2.588634,val,0
Multi-Usage Holdings Bhd,2025-06-30,-2.2516377,test,0
Muhibbah Engineering (M) Bhd,2022-12-31,6.7680073,fit,0
Muhibbah Engineering (M) Bhd,2023-12-31,6.7917337,fit,0
Muhibbah Engineering (M) Bhd,2024-12-31,2.2764213,val,0
Muhibbah Engineering (M) Bhd,2025-12-31,-3.6620958,test,0
Muhibbah Engineering (M) Bhd,2026-12-31,-1.047828,test,0
Malayan United Industries Bhd,2021-06-30,6.1796436,fit,0
Malayan United Industries Bhd,2022-06-30,6.262089,fit,0
Malayan United Industries Bhd,2023-06-30,-2.4759264,fit,0
Malayan United Industries Bhd,2024-06-30,3.560869,val,0
Malayan United Industries Bhd,2025-06-30,2.6466744,test,0
MUI Properties Bhd,2021-06-30,-2.6902077,fit,0
MUI Properties Bhd,2022-06-30,-1.9475758,fit,0
MUI Properties Bhd,2023-06-30,-2.529014,fit,0
MUI Properties Bhd,2024-06-30,-3.7330554,val,0
MUI Properties Bhd,2025-06-30,-3.1550434,test,0
Mulpha International Bhd,2021-12-31,-2.5275865,fit,0
Mulpha International Bhd,2022-12-31,-2.7311854,fit,0
Mulpha International Bhd,2023-12-31,-2.507705,fit,0
Mulpha International Bhd,2024-12-31,-2.03292,val,0
Mulpha International Bhd,2025-12-31,-3.157934,test,0
MyAxis Group Bhd,2024-07-31,-2.125595,val,0
MyAxis Group Bhd,2025-07-31,-4.154487,test,0
Mycron Steel Bhd,2022-06-30,-2.7272203,fit,0
Mycron Steel Bhd,2023-06-30,-3.463436,fit,0
Mycron Steel Bhd,2024-06-30,-2.8491406,val,0
Mycron Steel Bhd,2025-06-30,-2.929329,test,0
Mycron Steel Bhd,2026-06-30,-3.1574943,test,0
Mynews Holdings Bhd,2022-10-31,1.5034983,fit,0
Mynews Holdings Bhd,2023-10-31,0.7145333,fit,0
Mynews Holdings Bhd,2024-10-31,-1.8755087,val,0
Mynews Holdings Bhd,2025-10-31,0.1302529,test,0
Mynews Holdings Bhd,2026-10-31,-3.2326093,test,0
MyTech Group Bhd,2022-03-31,-3.3392575,fit,0
MyTech Group Bhd,2023-03-31,-3.023318,fit,0
MyTech Group Bhd,2024-03-31,-2.249657,val,0
MyTech Group Bhd,2025-03-31,-3.738831,test,0
MyTech Group Bhd,2026-03-31,-2.7378736,test,0
N2n Connect Bhd,2022-12-31,-2.308391,fit,0
N2n Connect Bhd,2023-12-31,-1.5273684,fit,0
N2n Connect Bhd,2024-12-31,-0.6309937,val,0
N2n Connect Bhd,2025-12-31,-0.55315435,test,0
N2n Connect Bhd,2026-12-31,2.3850746,test,0
Gagasan Nadi Cergas Bhd,2021-12-31,1.4123937,fit,0
Gagasan Nadi Cergas Bhd,2022-12-31,0.48256382,fit,0
Gagasan Nadi Cergas Bhd,2023-12-31,1.0664368,fit,0
Gagasan Nadi Cergas Bhd,2024-12-31,0.73928857,val,0
Gagasan Nadi Cergas Bhd,2025-12-31,-3.949026,test,0
Naim Holdings Bhd,2021-12-31,-3.0352347,fit,0
Naim Holdings Bhd,2022-12-31,-2.7471075,fit,0
Naim Holdings Bhd,2023-12-31,0.3398334,fit,0
Naim Holdings Bhd,2024-12-31,-3.4165368,val,0
Naim Holdings Bhd,2025-12-31,-2.3104262,test,0
NationGate Holdings Bhd,2022-12-31,-3.4826562,fit,0
NationGate Holdings Bhd,2023-12-31,-1.4480495,fit,0
NationGate Holdings Bhd,2024-12-31,-2.8740983,val,0
NationGate Holdings Bhd,2025-12-31,-4.9948163,test,0
NationGate Holdings Bhd,2026-12-31,-1.0395184,test,0
NCT Alliance Bhd,2021-12-31,-1.6903006,fit,0
NCT Alliance Bhd,2022-12-31,-2.3956997,fit,0
NCT Alliance Bhd,2023-12-31,-2.965742,fit,0
NCT Alliance Bhd,2024-12-31,-2.8044517,val,0
NCT Alliance Bhd,2025-12-31,-2.0127988,test,0
Northeast Group Bhd,2022-09-30,-1.7244391,fit,0
Northeast Group Bhd,2023-09-30,-3.2746418,fit,0
Northeast Group Bhd,2024-09-30,-3.296618,val,0
Northeast Group Bhd,2025-09-30,-3.762733,test,0
Northeast Group Bhd,2026-09-30,-2.7289572,test,0
Nestcon Bhd,2021-12-31,2.202906,fit,0
Nestcon Bhd,2022-12-31,-4.676199,fit,0
Nestcon Bhd,2023-12-31,-3.3643634,fit,0
Nestcon Bhd,2024-12-31,-3.3485978,val,0
Nestcon Bhd,2025-12-31,-3.7506948,test,0
Nestle (Malaysia) Bhd,2022-12-31,1.775417,fit,0
Nestle (Malaysia) Bhd,2023-12-31,3.2891965,fit,0
Nestle (Malaysia) Bhd,2024-12-31,3.2030215,val,0
Nestle (Malaysia) Bhd,2025-12-31,-0.93056846,test,0
Nestle (Malaysia) Bhd,2026-12-31,6.3483686,test,0
NetX Holdings Bhd,2021-11-30,-3.3882117,fit,0
NetX Holdings Bhd,2022-11-30,-2.6916022,fit,0
NetX Holdings Bhd,2023-11-30,-2.4645023,fit,0
NetX Holdings Bhd,2024-11-30,-4.9298353,val,0
NetX Holdings Bhd,2025-11-30,0.17346182,test,0
NexG Bhd,2023-03-31,-1.8188661,fit,0
NexG Bhd,2024-03-31,-3.359531,val,0
NexG Bhd,2025-03-31,-1.9667127,test,0
NexG Bhd,2026-03-31,-2.2182477,test,0
NexG Bhd,2027-03-31,-2.616933,test,0
Nexg Bina Bhd,2021-06-30,-2.9261868,fit,0
Nexg Bina Bhd,2022-06-30,-2.9471197,fit,0
Nexg Bina Bhd,2023-06-30,-0.22801217,fit,0
Nexg Bina Bhd,2024-06-30,-3.703159,val,0
Nexg Bina Bhd,2025-06-30,-1.2206509,test,0
Nextgreen Global Bhd,2022-12-31,-2.3468177,fit,0
Nextgreen Global Bhd,2023-12-31,-1.9302822,fit,0
Nextgreen Global Bhd,2024-12-31,-2.8736575,val,0
Nextgreen Global Bhd,2025-12-31,4.6064215,test,0
Nextgreen Global Bhd,2026-12-31,-3.106461,test,0
Nuenergy Holdings Bhd,2021-12-31,-3.854685,fit,0
Nuenergy Holdings Bhd,2022-12-31,0.5198064,fit,0
Nuenergy Holdings Bhd,2023-12-31,-4.865639,fit,0
Nuenergy Holdings Bhd,2024-12-31,-0.3113973,val,0
Nuenergy Holdings Bhd,2025-12-31,8.793347,test,0
New Hoong Fatt Holdings Bhd,2021-12-31,-2.9682102,fit,0
New Hoong Fatt Holdings Bhd,2022-12-31,-2.9659772,fit,0
New Hoong Fatt Holdings Bhd,2023-12-31,-3.0603442,fit,0
New Hoong Fatt Holdings Bhd,2024-12-31,-3.3900263,val,0
New Hoong Fatt Holdings Bhd,2025-12-31,-4.1695137,test,0
Niche Capital Emas Holdings Bhd,2021-06-30,-2.0919352,fit,0
Niche Capital Emas Holdings Bhd,2022-06-30,-2.5023746,fit,0
Niche Capital Emas Holdings Bhd,2023-06-30,-3.2996979,fit,0
Niche Capital Emas Holdings Bhd,2024-06-30,-3.1851692,val,0
Niche Capital Emas Holdings Bhd,2025-06-30,-2.3525755,test,0
NI Hsin Group Bhd,2021-12-31,-2.5724413,fit,0
NI Hsin Group Bhd,2022-12-31,-2.2280512,fit,0
NI Hsin Group Bhd,2023-12-31,-1.7795967,fit,0
NI Hsin Group Bhd,2025-12-31,1.5299816,test,0
Noesis Exed Bhd,2024-06-30,-1.3546268,val,0
Noesis Exed Bhd,2025-06-30,-3.369798,test,0
Northern Solar Holdings Bhd,2022-12-31,-0.4965642,fit,0
Northern Solar Holdings Bhd,2023-12-31,-4.4318233,fit,0
Northern Solar Holdings Bhd,2024-12-31,-3.2258708,val,0
Northern Solar Holdings Bhd,2025-12-31,-3.4798207,test,0
Northern Solar Holdings Bhd,2026-12-31,-2.5823267,test,0
Notion VTec Bhd,2022-09-30,-0.8712512,fit,0
Notion VTec Bhd,2023-09-30,-3.408351,fit,0
Notion VTec Bhd,2024-09-30,-3.1399274,val,0
Notion VTec Bhd,2025-09-30,-1.4721054,test,0
Notion VTec Bhd,2026-09-30,-2.495806,test,0
Nova Wellness Group Bhd,2022-06-30,-2.0748773,fit,0
Nova Wellness Group Bhd,2023-06-30,-4.115261,fit,0
Nova Wellness Group Bhd,2024-06-30,-3.4931,val,0
Nova Wellness Group Bhd,2025-06-30,-2.865993,test,0
Nova Wellness Group Bhd,2026-06-30,-2.5787249,test,0
Nova MSC Bhd,2023-03-31,-2.2505682,fit,0
Nova MSC Bhd,2024-03-31,-2.5220075,val,0
Nova MSC Bhd,2025-03-31,-4.671993,test,0
Nova MSC Bhd,2026-03-31,-3.680488,test,0
Nova Technology Services Bhd,2021-06-30,-2.2466528,fit,0
Nova Technology Services Bhd,2022-06-30,-4.848407,fit,0
Nova Technology Services Bhd,2023-06-30,4.5600386,fit,0
Nova Technology Services Bhd,2025-06-30,-1.7096144,test,0
Negri Sembilan Oil Palms Bhd,2021-12-31,-3.4565275,fit,0
Negri Sembilan Oil Palms Bhd,2022-12-31,-0.9624412,fit,0
Negri Sembilan Oil Palms Bhd,2023-12-31,-3.5248175,fit,0
Negri Sembilan Oil Palms Bhd,2024-12-31,-2.9517581,val,0
Negri Sembilan Oil Palms Bhd,2025-12-31,-3.1803045,test,0
NTPM Holdings Bhd,2023-04-30,-1.9684503,fit,0
NTPM Holdings Bhd,2024-04-30,-1.8008764,val,0
NTPM Holdings Bhd,2025-04-30,0.9329144,test,0
NTPM Holdings Bhd,2026-04-30,-2.52528,test,0
NTPM Holdings Bhd,2027-04-30,-2.5250232,test,0
Oasis Harvest Corporation Bhd,2021-12-31,-1.6008096,fit,0
Oasis Harvest Corporation Bhd,2022-12-31,0.53759956,fit,0
Oasis Harvest Corporation Bhd,2023-12-31,-2.1636913,fit,0
Oasis Harvest Corporation Bhd,2025-12-31,-3.1578474,test,0
OB Holdings Bhd,2021-05-31,-0.7819469,fit,0
OB Holdings Bhd,2022-05-31,-2.4633968,fit,0
OB Holdings Bhd,2023-05-31,-2.7981558,fit,0
OB Holdings Bhd,2024-05-31,-2.6857877,val,0
OB Holdings Bhd,2025-05-31,-2.6229312,test,0
OCB Bhd,2021-12-31,-1.9796339,fit,0
OCB Bhd,2022-12-31,-3.5340428,fit,0
OCB Bhd,2023-12-31,-1.1842947,fit,0
OCB Bhd,2024-12-31,-2.765796,val,0
OCB Bhd,2025-12-31,-2.7378016,test,0
OCK Group Bhd,2021-12-31,0.26443076,fit,0
OCK Group Bhd,2022-12-31,0.5150783,fit,0
OCK Group Bhd,2023-12-31,-3.4744458,fit,0
OCK Group Bhd,2024-12-31,3.3817012,val,0
OCK Group Bhd,2025-12-31,3.5788183,test,0
Oceancash Pacific Bhd,2022-12-31,-3.1061535,fit,0
Oceancash Pacific Bhd,2023-12-31,-2.3543246,fit,0
Oceancash Pacific Bhd,2024-12-31,-2.5248895,val,0
Oceancash Pacific Bhd,2025-12-31,-2.9248524,test,0
Oceancash Pacific Bhd,2026-12-31,-2.8860514,test,0
OCR Group Bhd,2021-12-31,-0.23470715,fit,0
OCR Group Bhd,2022-12-31,-3.6433246,fit,0
OCR Group Bhd,2023-12-31,-3.9155183,fit,0
OCR Group Bhd,2024-12-31,0.69020355,val,0
OCR Group Bhd,2025-12-31,-1.6928957,test,0
Ocean Fresh Bhd,2021-12-31,-3.3852477,fit,0
Ocean Fresh Bhd,2022-12-31,-4.272951,fit,0
Ocean Fresh Bhd,2023-12-31,-2.4942052,fit,0
Ocean Fresh Bhd,2024-12-31,-3.7575667,val,0
Ocean Fresh Bhd,2025-12-31,-3.5716712,test,0
Oriental Food Industries Holdings Bhd,2022-03-31,-2.9944904,fit,0
Oriental Food Industries Holdings Bhd,2023-03-31,-2.359186,fit,0
Oriental Food Industries Holdings Bhd,2024-03-31,-2.1441538,val,0
Oriental Food Industries Holdings Bhd,2025-03-31,-2.9959319,test,0
Oriental Food Industries Holdings Bhd,2026-03-31,-2.8822129,test,0
One Gasmaster Holdings Bhd,2022-12-31,-1.5029753,fit,0
One Gasmaster Holdings Bhd,2023-12-31,-1.8933734,fit,0
One Gasmaster Holdings Bhd,2024-12-31,-3.4809566,val,0
One Gasmaster Holdings Bhd,2025-12-31,-2.9144611,test,0
Oasis Home Holding Bhd,2022-06-30,-2.5473611,fit,0
Oasis Home Holding Bhd,2023-06-30,-2.1391747,fit,0
Oasis Home Holding Bhd,2024-06-30,-0.68357635,val,0
Oasis Home Holding Bhd,2025-06-30,-2.9725919,test,0
Oriental Interest Bhd,2021-08-31,-1.0785769,fit,0
Oriental Interest Bhd,2022-08-31,-0.42705697,fit,0
Oriental Interest Bhd,2023-08-31,-0.061582163,fit,0
Oriental Interest Bhd,2024-08-31,-1.6170168,val,0
Oriental Interest Bhd,2025-08-31,-2.369733,test,0
OKA Corporation Bhd,2023-03-31,-3.1374576,fit,0
OKA Corporation Bhd,2024-03-31,-2.1403983,val,0
OKA Corporation Bhd,2025-03-31,-2.9120271,test,0
OKA Corporation Bhd,2026-03-31,-2.6043518,test,0
OKA Corporation Bhd,2027-03-31,-0.34251505,test,0
Olympia Industries Bhd,2021-12-31,3.9550447,fit,0
Olympia Industries Bhd,2022-12-31,1.2961235,fit,0
Olympia Industries Bhd,2023-12-31,1.3760223,fit,0
Olympia Industries Bhd,2024-12-31,5.109701,val,0
Olympia Industries Bhd,2025-12-31,1.0352762,test,0
OpenMove AI Bhd,2022-12-31,-3.1470711,fit,0
OpenMove AI Bhd,2023-12-31,-3.3674893,fit,0
OpenMove AI Bhd,2024-12-31,-3.0548985,val,0
OpenMove AI Bhd,2026-12-31,0.47486463,test,0
Omesti Bhd,2021-10-31,0.32664493,fit,0
Omesti Bhd,2022-10-31,-4.6492753,fit,0
Omesti Bhd,2023-10-31,0.4069154,fit,0
Omesti Bhd,2024-10-31,-1.5245737,val,0
Omesti Bhd,2025-10-31,-0.5080236,test,0
One Glove Group Bhd,2022-03-31,2.1121764,fit,0
One Glove Group Bhd,2023-03-31,-2.2728622,fit,0
One Glove Group Bhd,2024-03-31,-3.7814224,val,0
One Glove Group Bhd,2025-03-31,-2.0632753,test,0
One Glove Group Bhd,2026-03-31,-1.5524899,test,0
OpenSys (M) Bhd,2021-12-31,-3.040533,fit,0
OpenSys (M) Bhd,2022-12-31,-1.6766864,fit,0
OpenSys (M) Bhd,2023-12-31,-2.657866,fit,0
OpenSys (M) Bhd,2024-12-31,-2.7370894,val,0
OpenSys (M) Bhd,2025-12-31,-2.649537,test,0
Oppstar Bhd,2023-03-31,0.17738873,fit,0
Oppstar Bhd,2024-03-31,-5.9782453,val,0
Oppstar Bhd,2025-03-31,-6.7617946,test,0
Oppstar Bhd,2026-03-31,-3.6221068,test,0
Oppstar Bhd,2027-03-31,-4.3914256,test,0
Optimax Holdings Bhd,2022-12-31,-2.2193582,fit,0
Optimax Holdings Bhd,2023-12-31,-2.7714489,fit,0
Optimax Holdings Bhd,2024-12-31,-2.408945,val,0
Optimax Holdings Bhd,2025-12-31,-1.928826,test,0
Optimax Holdings Bhd,2026-12-31,-2.6522563,test,0
Orgabio Holdings Bhd,2022-06-30,-2.999045,fit,0
Orgabio Holdings Bhd,2023-06-30,-3.6608818,fit,0
Orgabio Holdings Bhd,2024-06-30,-3.574132,val,0
Orgabio Holdings Bhd,2025-06-30,0.05960065,test,0
Orgabio Holdings Bhd,2026-06-30,-1.8322033,test,0
Oriental Holdings Bhd,2021-12-31,-2.2931142,fit,0
Oriental Holdings Bhd,2022-12-31,-2.7374523,fit,0
Oriental Holdings Bhd,2023-12-31,-2.9613144,fit,0
Oriental Holdings Bhd,2024-12-31,0.704623,val,0
Oriental Holdings Bhd,2025-12-31,0.95410156,test,0
Orkim Bhd,2023-12-31,-1.9264271,fit,0
Orkim Bhd,2024-12-31,-3.1552818,val,0
Orkim Bhd,2025-12-31,-3.923039,test,0
Orkim Bhd,2026-12-31,-3.6090074,test,0
Ornapaper Bhd,2021-12-31,1.975547,fit,0
Ornapaper Bhd,2022-12-31,2.7394705,fit,0
Ornapaper Bhd,2023-12-31,-2.2777066,fit,0
Ornapaper Bhd,2024-12-31,-3.7730808,val,0
Ornapaper Bhd,2025-12-31,-0.76136994,test,0
OSK Holdings Bhd,2022-12-31,1.2577916,fit,0
OSK Holdings Bhd,2023-12-31,0.0027322918,fit,0
OSK Holdings Bhd,2024-12-31,0.3303956,val,0
OSK Holdings Bhd,2025-12-31,0.5922806,test,0
OSK Holdings Bhd,2026-12-31,0.67167544,test,0
Osk Ventures International Bhd,2021-12-31,-2.6269321,fit,0
Osk Ventures International Bhd,2022-12-31,-3.3272567,fit,0
Osk Ventures International Bhd,2023-12-31,-2.7441745,fit,0
Osk Ventures International Bhd,2024-12-31,-2.262943,val,0
Osk Ventures International Bhd,2025-12-31,-1.6698649,test,0
Ocean Vantage Holdings Bhd,2021-12-31,-2.731589,fit,0
Ocean Vantage Holdings Bhd,2022-12-31,-2.0971084,fit,0
Ocean Vantage Holdings Bhd,2023-12-31,-2.443871,fit,0
Ocean Vantage Holdings Bhd,2024-12-31,-2.6219404,val,0
Ocean Vantage Holdings Bhd,2025-12-31,-4.1254473,test,0
Only World Group Holdings Bhd,2022-06-30,1.1646229,fit,0
Only World Group Holdings Bhd,2023-06-30,-3.4734738,fit,0
Only World Group Holdings Bhd,2024-06-30,-3.5271413,val,0
Only World Group Holdings Bhd,2025-06-30,1.6558897,test,0
Only World Group Holdings Bhd,2026-06-30,-2.2439017,test,0
Oxford Innotech Bhd,2022-12-31,-0.6889999,fit,0
Oxford Innotech Bhd,2023-12-31,-2.648957,fit,0
Oxford Innotech Bhd,2024-12-31,-3.5724382,val,0
Oxford Innotech Bhd,2025-12-31,-2.8597682,test,0
Oxford Innotech Bhd,2026-12-31,-3.8080826,test,0
Pacific and Orient Bhd,2021-09-30,1.8048657,fit,0
Pacific and Orient Bhd,2022-09-30,-3.2864754,fit,0
Pacific and Orient Bhd,2023-09-30,-2.6323452,fit,0
Pacific and Orient Bhd,2024-09-30,-3.7291641,val,0
Pacific and Orient Bhd,2025-09-30,-0.20201445,test,0
PA Resources Bhd,2022-06-30,-2.4848003,fit,0
PA Resources Bhd,2023-06-30,-1.8500842,fit,0
PA Resources Bhd,2024-06-30,-3.6326458,val,0
PA Resources Bhd,2025-06-30,-2.2057507,test,0
PA Resources Bhd,2026-06-30,-2.2994812,test,0
Padini Holdings Berhad,2022-06-30,-3.0695841,fit,0
Padini Holdings Berhad,2023-06-30,-2.7727087,fit,0
Padini Holdings Berhad,2024-06-30,-4.0710177,val,0
Padini Holdings Berhad,2025-06-30,-3.942952,test,0
Padini Holdings Berhad,2026-06-30,-3.3411102,test,0
Panasonic Manufacturing Malaysia Bhd,2023-03-31,-3.4409359,fit,0
Panasonic Manufacturing Malaysia Bhd,2024-03-31,-2.7843723,val,0
Panasonic Manufacturing Malaysia Bhd,2025-03-31,-3.741879,test,0
Panasonic Manufacturing Malaysia Bhd,2026-03-31,-3.526315,test,0
Panasonic Manufacturing Malaysia Bhd,2027-03-31,-3.3417394,test,0
Panda Eco System Bhd,2021-12-31,-0.30488646,fit,0
Panda Eco System Bhd,2022-12-31,-3.3280969,fit,0
Panda Eco System Bhd,2023-12-31,-3.9435022,fit,0
Panda Eco System Bhd,2024-12-31,-2.5179844,val,0
Panda Eco System Bhd,2025-12-31,-2.4089034,test,0
Pansar Bhd,2022-03-31,0.4540576,fit,0
Pansar Bhd,2023-03-31,1.840871,fit,0
Pansar Bhd,2024-03-31,-3.1345909,val,0
Pansar Bhd,2025-03-31,5.311817,test,0
Pansar Bhd,2026-03-31,-2.911868,test,0
Pantech Group Holdings Bhd,2023-02-28,-3.065046,fit,0
Pantech Group Holdings Bhd,2024-02-28,-2.0472846,val,0
Pantech Group Holdings Bhd,2025-02-28,-3.223674,test,0
Pantech Group Holdings Bhd,2026-02-28,-2.7734866,test,0
Pantech Group Holdings Bhd,2027-02-28,-2.7145498,test,0
Paos Holdings Bhd,2021-05-31,-3.5833337,fit,0
Paos Holdings Bhd,2022-05-31,-2.261914,fit,0
Paos Holdings Bhd,2023-05-31,-4.571233,fit,0
Paos Holdings Bhd,2024-05-31,-2.5148892,val,0
Paos Holdings Bhd,2025-05-31,-5.169848,test,0
Paradigm Real Estate Investment Trust,2025-12-31,-1.358171,test,0
Paradigm Real Estate Investment Trust,2026-12-31,-4.7637935,test,0
Paramount Corporation Bhd,2022-12-31,3.1223242,fit,0
Paramount Corporation Bhd,2023-12-31,2.5398626,fit,0
Paramount Corporation Bhd,2024-12-31,-0.540895,val,0
Paramount Corporation Bhd,2025-12-31,0.5250907,test,0
Paramount Corporation Bhd,2026-12-31,-2.6705077,test,0
Parkson Holdings Bhd,2023-06-30,-1.9035169,fit,0
Parkson Holdings Bhd,2024-06-30,-2.4158263,val,0
Parkson Holdings Bhd,2025-06-30,1.6385256,test,0
Parkson Holdings Bhd,2026-06-30,-0.5378156,test,0
Parkwood Holdings Bhd,2021-12-31,-2.348314,fit,0
Parkwood Holdings Bhd,2022-12-31,-1.9480791,fit,0
Parkwood Holdings Bhd,2023-12-31,-2.733506,fit,0
Parkwood Holdings Bhd,2024-12-31,-2.399763,val,0
Parkwood Holdings Bhd,2025-12-31,-2.5146427,test,0
Parlo Bhd,2021-12-31,-2.2561817,fit,0
Parlo Bhd,2023-12-31,3.2933648,fit,0
Parlo Bhd,2024-12-31,-1.0138323,val,0
Parlo Bhd,2025-12-31,-3.0067818,test,0
Pasdec Holdings Bhd,2021-12-31,-1.2636671,fit,0
Pasdec Holdings Bhd,2022-12-31,-1.7707082,fit,0
Pasdec Holdings Bhd,2023-12-31,-2.8639684,fit,0
Pasdec Holdings Bhd,2024-12-31,-2.0357628,val,0
Pasdec Holdings Bhd,2025-12-31,-1.7844265,test,0
Pavilion Real Estate Investment Trust,2022-12-31,2.7071524,fit,0
Pavilion Real Estate Investment Trust,2023-12-31,3.1050925,fit,0
Pavilion Real Estate Investment Trust,2024-12-31,-3.9150581,val,0
Pavilion Real Estate Investment Trust,2025-12-31,0.79626584,test,0
Pavilion Real Estate Investment Trust,2026-12-31,-2.0916865,test,0
Pba Holdings Bhd,2021-12-31,-3.062236,fit,0
Pba Holdings Bhd,2022-12-31,-3.4869926,fit,0
Pba Holdings Bhd,2023-12-31,-3.4753065,fit,0
Pba Holdings Bhd,2024-12-31,-3.189555,val,0
Pba Holdings Bhd,2025-12-31,-4.4918385,test,0
Public Bank Bhd,2022-12-31,-3.368352,fit,0
Public Bank Bhd,2023-12-31,-2.787431,fit,0
Public Bank Bhd,2024-12-31,-3.925601,val,0
Public Bank Bhd,2025-12-31,-3.3183007,test,0
Public Bank Bhd,2026-12-31,-3.489971,test,0
PBS Bhd,2021-12-31,-0.26450086,fit,0
PBS Bhd,2022-12-31,-2.8616428,fit,0
PBS Bhd,2023-12-31,-2.752489,fit,0
PBS Bhd,2024-12-31,-1.8864882,val,0
PBS Bhd,2025-12-31,-5.983751,test,0
PCCS Group Bhd,2022-03-31,-3.6307495,fit,0
PCCS Group Bhd,2023-03-31,-3.146195,fit,0
PCCS Group Bhd,2024-03-31,-2.1489756,val,0
PCCS Group Bhd,2025-03-31,-2.7904463,test,0
PCCS Group Bhd,2026-03-31,-3.3912144,test,0
PETRONAS Chemicals Group Bhd,2022-12-31,-3.5737398,fit,0
PETRONAS Chemicals Group Bhd,2023-12-31,-2.5445704,fit,0
PETRONAS Chemicals Group Bhd,2024-12-31,-2.8188605,val,0
PETRONAS Chemicals Group Bhd,2025-12-31,0.14975765,test,0
PETRONAS Chemicals Group Bhd,2026-12-31,-1.5839993,test,0
Pimpinan Ehsan Bhd,2021-12-31,-2.8575854,fit,0
Pimpinan Ehsan Bhd,2022-12-31,-1.6259502,fit,0
Pimpinan Ehsan Bhd,2023-12-31,-3.096337,fit,0
Pimpinan Ehsan Bhd,2024-12-31,-3.0842824,val,0
Pimpinan Ehsan Bhd,2025-12-31,-4.721208,test,0
Pecca Group Bhd,2022-06-30,-2.4805121,fit,0
Pecca Group Bhd,2023-06-30,-3.0031462,fit,0
Pecca Group Bhd,2024-06-30,-2.8893933,val,0
Pecca Group Bhd,2025-06-30,-2.961077,test,0
Pecca Group Bhd,2026-06-30,-2.413032,test,0
Pekat Group Bhd,2022-12-31,-3.2252316,fit,0
Pekat Group Bhd,2023-12-31,-2.657812,fit,0
Pekat Group Bhd,2024-12-31,-2.3144515,val,0
Pekat Group Bhd,2025-12-31,-1.2571992,test,0
Pekat Group Bhd,2026-12-31,-2.4979968,test,0
Petra Energy Bhd,2021-12-31,-0.14451519,fit,0
Petra Energy Bhd,2022-12-31,-0.011371404,fit,0
Petra Energy Bhd,2023-12-31,4.398366,fit,0
Petra Energy Bhd,2024-12-31,-4.30181,val,0
Petra Energy Bhd,2025-12-31,-1.4210017,test,0
Pensonic Holdings Bhd,2021-05-31,-3.7182224,fit,0
Pensonic Holdings Bhd,2022-05-31,-4.2902594,fit,0
Pensonic Holdings Bhd,2023-05-31,-2.7498505,fit,0
Pensonic Holdings Bhd,2024-05-31,-3.209536,val,0
Pensonic Holdings Bhd,2025-05-31,-2.3360925,test,0
Pentamaster Corporation Bhd,2022-12-31,-2.4004471,fit,0
Pentamaster Corporation Bhd,2023-12-31,-2.7398472,fit,0
Pentamaster Corporation Bhd,2024-12-31,-3.4356742,val,0
Pentamaster Corporation Bhd,2025-12-31,-2.3222647,test,0
Pentamaster Corporation Bhd,2026-12-31,-2.3325412,test,0
Pentech Holding Bhd,2022-12-31,0.72861814,fit,0
Pentech Holding Bhd,2023-12-31,-4.064244,fit,0
Pentech Holding Bhd,2024-12-31,-2.2612722,val,0
Pentech Holding Bhd,2025-12-31,-2.8784044,test,0
PEOPLElogy Bhd,2021-12-31,-1.3100177,fit,0
PEOPLElogy Bhd,2022-12-31,-2.839838,fit,0
PEOPLElogy Bhd,2023-12-31,-3.145743,fit,0
PEOPLElogy Bhd,2024-12-31,-2.226442,val,0
PEOPLElogy Bhd,2025-12-31,-2.940417,test,0
Perdana Petroleum Bhd,2022-12-31,1.4870536,fit,0
Perdana Petroleum Bhd,2023-12-31,-3.3408108,fit,0
Perdana Petroleum Bhd,2024-12-31,-3.8283594,val,0
Perdana Petroleum Bhd,2025-12-31,-3.0859454,test,0
Perdana Petroleum Bhd,2026-12-31,-2.490066,test,0
Permaju Industries Berhad,2021-09-30,-1.0110464,fit,0
Permaju Industries Berhad,2022-09-30,-1.9909813,fit,0
Permaju Industries Berhad,2023-09-30,-0.14795773,fit,0
Permaju Industries Berhad,2025-09-30,-0.2515694,test,0
Perusahaan Sadur Timah Malaysia (PERSTIMA) Bhd,2023-03-31,-2.914816,fit,0
Perusahaan Sadur Timah Malaysia (PERSTIMA) Bhd,2024-03-31,-2.7449572,val,0
Perusahaan Sadur Timah Malaysia (PERSTIMA) Bhd,2025-03-31,-2.4189634,test,0
Perusahaan Sadur Timah Malaysia (PERSTIMA) Bhd,2026-03-31,-3.5896869,test,0
Perusahaan Sadur Timah Malaysia (PERSTIMA) Bhd,2027-03-31,-3.1587434,test,0
Pertama Digital Bhd,2021-12-31,8.024366,fit,0
Pertama Digital Bhd,2022-12-31,9.473004,fit,0
Pertama Digital Bhd,2023-12-31,9.466883,fit,0
Pertama Digital Bhd,2024-12-31,7.8327627,val,0
Pertama Digital Bhd,2025-12-31,-2.0164256,test,0
Pesona Metro Holdings Bhd,2022-12-31,-2.2715864,fit,0
Pesona Metro Holdings Bhd,2023-12-31,-2.3256617,fit,0
Pesona Metro Holdings Bhd,2024-12-31,-2.9827385,val,0
Pesona Metro Holdings Bhd,2025-12-31,-3.329226,test,0
Pesona Metro Holdings Bhd,2026-12-31,-2.4731872,test,0
PESTEC International Bhd,2022-06-30,-0.13079195,fit,0
PESTEC International Bhd,2023-06-30,-3.109116,fit,0
PESTEC International Bhd,2026-06-30,-1.9286906,test,0
Petronas Dagangan Bhd,2022-12-31,-4.0733166,fit,0
Petronas Dagangan Bhd,2023-12-31,-4.6678314,fit,0
Petronas Dagangan Bhd,2024-12-31,-3.850126,val,0
Petronas Dagangan Bhd,2025-12-31,-4.896782,test,0
Petronas Dagangan Bhd,2026-12-31,-5.7764745,test,0
Petronas Gas Bhd,2022-12-31,-2.0992587,fit,0
Petronas Gas Bhd,2023-12-31,-2.5277486,fit,0
Petronas Gas Bhd,2024-12-31,-2.1087813,val,0
Petronas Gas Bhd,2025-12-31,-1.899449,test,0
Petronas Gas Bhd,2026-12-31,-2.4107914,test,0
Petron Malaysia Refining & Marketing Bhd,2022-12-31,-2.7201211,fit,0
Petron Malaysia Refining & Marketing Bhd,2023-12-31,-4.7141304,fit,0
Petron Malaysia Refining & Marketing Bhd,2024-12-31,-3.3847134,val,0
Petron Malaysia Refining & Marketing Bhd,2025-12-31,-2.808178,test,0
Petron Malaysia Refining & Marketing Bhd,2026-12-31,-3.388024,test,0
Propel Global Bhd,2021-06-30,0.7383745,fit,0
Propel Global Bhd,2022-06-30,-2.441341,fit,0
Propel Global Bhd,2023-06-30,-4.389273,fit,0
Propel Global Bhd,2024-06-30,-3.2577584,val,0
Propel Global Bhd,2025-06-30,-3.3685985,test,0
PGF Capital Bhd,2023-02-28,-3.3887792,fit,0
PGF Capital Bhd,2024-02-28,-1.8088832,val,0
PGF Capital Bhd,2025-02-28,-3.1361368,test,0
PGF Capital Bhd,2026-02-28,-3.5284107,test,0
PGF Capital Bhd,2027-02-28,-3.7829225,test,0
Pantech Global Bhd,2022-02-28,-1.9083508,fit,0
Pantech Global Bhd,2023-02-28,-3.1180701,fit,0
Pantech Global Bhd,2024-02-28,-3.4115095,val,0
Pantech Global Bhd,2025-02-28,-3.2705245,test,0
Pantech Global Bhd,2026-02-28,-2.6821058,test,0
Paragon Globe Bhd,2022-03-31,-1.4518623,fit,0
Paragon Globe Bhd,2023-03-31,-3.197813,fit,0
Paragon Globe Bhd,2024-03-31,-2.6898086,val,0
Paragon Globe Bhd,2025-03-31,-2.5911853,test,0
Paragon Globe Bhd,2026-03-31,-3.5886235,test,0
Pharmaniaga Bhd,2022-12-31,0.8440095,fit,0
Pharmaniaga Bhd,2023-12-31,9.595855,fit,1
Pharmaniaga Bhd,2024-12-31,9.498282,val,1
Pharmaniaga Bhd,2025-12-31,-3.657551,test,1
Pharmaniaga Bhd,2026-12-31,-3.3755922,test,0
Pegasus Heights Bhd,2021-12-31,-1.9260167,fit,0
Pegasus Heights Bhd,2022-12-31,-2.9161983,fit,0
Pegasus Heights Bhd,2023-12-31,-3.2144532,fit,0
Pegasus Heights Bhd,2024-12-31,-3.4404047,val,0
Pegasus Heights Bhd,2025-12-31,-4.392523,test,0
Progressive Impact Corporation Bhd,2021-12-31,-3.0210147,fit,0
Progressive Impact Corporation Bhd,2022-12-31,-3.2371166,fit,0
Progressive Impact Corporation Bhd,2023-12-31,-2.6894116,fit,0
Progressive Impact Corporation Bhd,2024-12-31,-2.654402,val,0
Progressive Impact Corporation Bhd,2025-12-31,-2.5350106,test,0
PIE Industrial Bhd,2022-12-31,-2.6923392,fit,0
PIE Industrial Bhd,2023-12-31,-2.3158178,fit,0
PIE Industrial Bhd,2024-12-31,-2.4684265,val,0
PIE Industrial Bhd,2025-12-31,-2.4893017,test,0
PIE Industrial Bhd,2026-12-31,-3.0636237,test,0
Pineapple Resources Bhd,2021-06-30,-2.6101046,fit,0
Pineapple Resources Bhd,2022-06-30,-1.6824774,fit,0
Pineapple Resources Bhd,2023-06-30,-3.2725973,fit,0
Pineapple Resources Bhd,2024-06-30,-1.3107758,val,0
Pineapple Resources Bhd,2025-06-30,-2.7226088,test,0
Ping Edge Technology Bhd,2023-10-31,5.0056014,fit,0
Ping Edge Technology Bhd,2024-10-31,-5.8555827,val,0
Ping Edge Technology Bhd,2025-10-31,-4.6334786,test,0
PJBumi Bhd,2022-06-30,1.5561461,fit,0
PJBumi Bhd,2023-06-30,-1.9751464,fit,0
PJBumi Bhd,2024-06-30,5.4189057,val,0
PJBumi Bhd,2025-06-30,-0.6107488,test,0
PLB Engineering Bhd,2021-08-31,-0.7645478,fit,0
PLB Engineering Bhd,2022-08-31,0.46243295,fit,0
PLB Engineering Bhd,2023-08-31,-2.89117,fit,0
PLB Engineering Bhd,2024-08-31,-2.2835476,val,0
PLB Engineering Bhd,2025-08-31,-0.809271,test,0
Plenitude Bhd,2022-06-30,-0.64264965,fit,0
Plenitude Bhd,2023-06-30,-1.2524123,fit,0
Plenitude Bhd,2024-06-30,-1.3418837,val,0
Plenitude Bhd,2025-06-30,-3.7391524,test,0
Plenitude Bhd,2026-06-30,-2.5958023,test,0
Prolintas Infra Business Trust,2022-12-31,3.0668838,fit,0
Prolintas Infra Business Trust,2023-12-31,2.3406036,fit,0
Prolintas Infra Business Trust,2024-12-31,-3.952503,val,0
Prolintas Infra Business Trust,2025-12-31,0.4447045,test,0
Prolintas Infra Business Trust,2026-12-31,-2.65353,test,0
PLS Plantations Bhd,2021-06-30,6.6622286,fit,0
PLS Plantations Bhd,2022-06-30,2.3884003,fit,0
PLS Plantations Bhd,2023-06-30,-3.5951195,fit,0
PLS Plantations Bhd,2024-06-30,-1.8539472,val,0
PLS Plantations Bhd,2025-06-30,1.984785,test,0
PLYTEC Holding Bhd,2021-12-31,-2.3369725,fit,0
PLYTEC Holding Bhd,2022-12-31,-2.6568437,fit,0
PLYTEC Holding Bhd,2023-12-31,-3.1889153,fit,0
PLYTEC Holding Bhd,2024-12-31,-4.155711,val,0
PLYTEC Holding Bhd,2025-12-31,-3.543683,test,0
PMB Technology Bhd,2022-12-31,-3.206934,fit,0
PMB Technology Bhd,2023-12-31,-2.629972,fit,0
PMB Technology Bhd,2024-12-31,-2.6935608,val,0
PMB Technology Bhd,2025-12-31,-2.831876,test,0
PMB Technology Bhd,2026-12-31,-0.9453602,test,0
PMCK Bhd,2023-04-30,-2.9218993,fit,0
PMCK Bhd,2024-04-30,-3.2965953,val,0
PMCK Bhd,2025-04-30,-2.660129,test,0
PMCK Bhd,2026-04-30,-3.5364373,test,0
PMCK Bhd,2027-04-30,-3.0237048,test,0
Pan Malaysia Corporation Bhd,2021-06-30,-1.9581255,fit,0
Pan Malaysia Corporation Bhd,2022-06-30,-8.579484,fit,0
Pan Malaysia Corporation Bhd,2023-06-30,-1.6062744,fit,0
Pan Malaysia Corporation Bhd,2024-06-30,3.6535428,val,0
Pan Malaysia Corporation Bhd,2025-06-30,-3.004763,test,0
Press Metal Aluminium Holdings Bhd,2022-12-31,0.27518818,fit,0
Press Metal Aluminium Holdings Bhd,2023-12-31,-2.3356335,fit,0
Press Metal Aluminium Holdings Bhd,2024-12-31,-2.8356326,val,0
Press Metal Aluminium Holdings Bhd,2025-12-31,-2.3786356,test,0
Press Metal Aluminium Holdings Bhd,2026-12-31,-1.8599696,test,0
Pan Merchant Bhd,2021-12-31,-1.4917142,fit,0
Pan Merchant Bhd,2022-12-31,-2.962559,fit,0
Pan Merchant Bhd,2023-12-31,-3.086435,fit,0
Pan Merchant Bhd,2024-12-31,-2.9507577,val,0
Pan Merchant Bhd,2025-12-31,-2.63082,test,0
PMW International Bhd,2021-12-31,-2.6802132,fit,0
PMW International Bhd,2022-12-31,-3.8952157,fit,0
PMW International Bhd,2023-12-31,-2.825458,fit,0
PMW International Bhd,2024-12-31,-2.7856035,val,0
PMW International Bhd,2025-12-31,-2.6710343,test,0
Poh Kong Holdings Bhd,2021-07-31,-2.7572072,fit,0
Poh Kong Holdings Bhd,2022-07-31,-3.2290158,fit,0
Poh Kong Holdings Bhd,2023-07-31,-2.3502398,fit,0
Poh Kong Holdings Bhd,2024-07-31,-2.823136,val,0
Poh Kong Holdings Bhd,2025-07-31,-2.597224,test,0
Poh Huat Resources Holdings Bhd,2022-10-31,-2.9809499,fit,0
Poh Huat Resources Holdings Bhd,2023-10-31,-2.5240583,fit,0
Poh Huat Resources Holdings Bhd,2024-10-31,-2.5051262,val,0
Poh Huat Resources Holdings Bhd,2025-10-31,-2.9387865,test,0
Poh Huat Resources Holdings Bhd,2026-10-31,-2.794272,test,0
Polydamic Group Bhd,2021-06-30,1.0927418,fit,0
Polydamic Group Bhd,2022-06-30,-3.4506974,fit,0
Polydamic Group Bhd,2023-06-30,-2.7248662,fit,0
Polydamic Group Bhd,2024-06-30,-2.9722679,val,0
Polydamic Group Bhd,2025-06-30,-2.3922608,test,0
Pos Malaysia Bhd,2022-12-31,2.1068711,fit,0
Pos Malaysia Bhd,2023-12-31,2.919157,fit,0
Pos Malaysia Bhd,2024-12-31,0.104095906,val,0
Pos Malaysia Bhd,2025-12-31,-2.0516226,test,0
Pos Malaysia Bhd,2026-12-31,-2.479527,test,0
Powertechnic Group Bhd,2021-12-31,-2.0697296,fit,0
Powertechnic Group Bhd,2022-12-31,-3.8361545,fit,0
Powertechnic Group Bhd,2023-12-31,-3.0813339,fit,0
Powertechnic Group Bhd,2024-12-31,-3.1615317,val,0
Powertechnic Group Bhd,2025-12-31,-2.7833192,test,0
PPB Group Bhd,2022-12-31,-2.626704,fit,0
PPB Group Bhd,2023-12-31,-2.7098181,fit,0
PPB Group Bhd,2024-12-31,-2.6483204,val,0
PPB Group Bhd,2025-12-31,-3.1651978,test,0
PPB Group Bhd,2026-12-31,-3.3565907,test,0
Public Packages Holdings Bhd,2021-12-31,-2.1285293,fit,0
Public Packages Holdings Bhd,2022-12-31,-2.7867773,fit,0
Public Packages Holdings Bhd,2023-12-31,-2.492947,fit,0
Public Packages Holdings Bhd,2024-12-31,-2.606944,val,0
Public Packages Holdings Bhd,2025-12-31,-2.2987401,test,0
Pappajack Bhd,2021-12-31,-2.4358892,fit,0
Pappajack Bhd,2022-12-31,-3.738483,fit,0
Pappajack Bhd,2023-12-31,-2.166336,fit,0
Pappajack Bhd,2024-12-31,-2.308726,val,0
Pappajack Bhd,2025-12-31,-2.1098087,test,0
Prestar Resources Bhd,2021-12-31,-1.430783,fit,0
Prestar Resources Bhd,2022-12-31,-3.7902527,fit,0
Prestar Resources Bhd,2023-12-31,-2.9475446,fit,0
Prestar Resources Bhd,2024-12-31,-2.8368168,val,0
Prestar Resources Bhd,2025-12-31,-2.3569973,test,0
PRG Holdings Bhd,2021-12-31,0.14271,fit,0
PRG Holdings Bhd,2022-12-31,-3.0296924,fit,0
PRG Holdings Bhd,2023-12-31,-3.0084395,fit,0
PRG Holdings Bhd,2024-12-31,-1.3984294,val,0
PRG Holdings Bhd,2025-12-31,2.2564747,test,0
PRIVASIA Technology Bhd,2021-12-31,0.0059325397,fit,0
PRIVASIA Technology Bhd,2022-12-31,-3.4470882,fit,0
PRIVASIA Technology Bhd,2023-12-31,-3.0668886,fit,0
PRIVASIA Technology Bhd,2024-12-31,-2.7418122,val,0
PRIVASIA Technology Bhd,2025-12-31,-3.7669272,test,0
Perak Corporation Bhd,2021-12-31,5.5039597,fit,1
Perak Corporation Bhd,2022-12-31,10.250081,fit,1
Perak Corporation Bhd,2023-12-31,6.0234327,fit,1
Perak Corporation Bhd,2024-12-31,6.276574,val,1
Perak Corporation Bhd,2025-12-31,2.0018146,test,1
Protasco Bhd,2022-12-31,-2.6451845,fit,0
Protasco Bhd,2023-12-31,-2.5473473,fit,0
Protasco Bhd,2024-12-31,-2.7004077,val,0
Protasco Bhd,2025-12-31,-3.0459387,test,0
Protasco Bhd,2026-12-31,-3.092153,test,0
PSP Energy Bhd,2022-06-30,0.41556886,fit,0
PSP Energy Bhd,2023-06-30,-3.136484,fit,0
PSP Energy Bhd,2024-06-30,-2.7308211,val,0
PSP Energy Bhd,2025-06-30,-2.2625847,test,0
Pintaras Jaya Bhd,2022-06-30,-1.3777071,fit,0
Pintaras Jaya Bhd,2023-06-30,-2.516791,fit,0
Pintaras Jaya Bhd,2024-06-30,-2.8504524,val,0
Pintaras Jaya Bhd,2025-06-30,6.2159004,test,0
Pintaras Jaya Bhd,2026-06-30,3.354229,test,0
Perak Transit Bhd,2022-12-31,-4.017271,fit,0
Perak Transit Bhd,2023-12-31,-3.4562263,fit,0
Perak Transit Bhd,2024-12-31,-4.138307,val,0
Perak Transit Bhd,2025-12-31,-4.273515,test,0
Perak Transit Bhd,2026-12-31,-0.9137603,test,0
PT Resources Holdings Bhd,2022-04-30,-2.797845,fit,0
PT Resources Holdings Bhd,2023-04-30,-4.3261967,fit,0
PT Resources Holdings Bhd,2024-04-30,-2.4403188,val,0
PT Resources Holdings Bhd,2025-04-30,-2.7557414,test,0
PT Resources Holdings Bhd,2026-04-30,-3.3092172,test,0
PTT Synergy Group Bhd,2021-06-30,-2.2707055,fit,0
PTT Synergy Group Bhd,2022-06-30,-3.2844388,fit,0
PTT Synergy Group Bhd,2023-06-30,-2.4028795,fit,0
PTT Synergy Group Bhd,2024-06-30,-4.9135523,val,0
PTT Synergy Group Bhd,2025-06-30,-0.7214371,test,0
Puncak Niaga Holdings Bhd,2021-12-31,-0.79655695,fit,0
Puncak Niaga Holdings Bhd,2022-12-31,-2.7735286,fit,0
Puncak Niaga Holdings Bhd,2023-12-31,-3.9795206,fit,0
Puncak Niaga Holdings Bhd,2024-12-31,-0.47950906,val,0
Puncak Niaga Holdings Bhd,2025-12-31,0.6176311,test,0
PWF Corporation Bhd,2021-12-31,-1.9469037,fit,0
PWF Corporation Bhd,2022-12-31,-3.0212693,fit,0
PWF Corporation Bhd,2023-12-31,-2.566804,fit,0
PWF Corporation Bhd,2024-12-31,-3.0567033,val,0
PWF Corporation Bhd,2025-12-31,-3.4449227,test,0
Power Root Bhd,2023-03-31,-3.1028762,fit,0
Power Root Bhd,2024-03-31,-5.245665,val,0
Power Root Bhd,2025-03-31,-3.4694936,test,0
Power Root Bhd,2026-03-31,-2.822592,test,0
Power Root Bhd,2027-03-31,-3.7430978,test,0
Powerwell Holdings Bhd,2023-03-31,-1.5820059,fit,0
Powerwell Holdings Bhd,2024-03-31,-1.1243696,val,0
Powerwell Holdings Bhd,2025-03-31,-3.133978,test,0
Powerwell Holdings Bhd,2026-03-31,-3.45072,test,0
Powerwell Holdings Bhd,2027-03-31,-3.8336623,test,0
QES Group Bhd,2022-12-31,-3.5631435,fit,0
QES Group Bhd,2023-12-31,-3.2163475,fit,0
QES Group Bhd,2024-12-31,-3.6347299,val,0
QES Group Bhd,2025-12-31,-2.96819,test,0
QES Group Bhd,2026-12-31,-2.9766085,test,0
QL Resources Bhd,2023-03-31,-2.9514334,fit,0
QL Resources Bhd,2024-03-31,-2.687297,val,0
QL Resources Bhd,2025-03-31,-2.4533796,test,0
QL Resources Bhd,2026-03-31,-2.3300126,test,0
QL Resources Bhd,2027-03-31,-2.669068,test,0
Quality Concrete Holdings Bhd,2022-01-31,-2.9171689,fit,0
Quality Concrete Holdings Bhd,2023-01-31,-3.6103396,fit,0
Quality Concrete Holdings Bhd,2024-01-31,-2.2225327,val,0
Quality Concrete Holdings Bhd,2025-01-31,0.91605043,test,0
Quality Concrete Holdings Bhd,2026-01-31,-2.7261796,test,0
Radium Development Bhd,2022-12-31,0.53037715,fit,0
Radium Development Bhd,2023-12-31,-2.2942681,fit,0
Radium Development Bhd,2024-12-31,-3.0093687,val,0
Radium Development Bhd,2025-12-31,-2.4374566,test,0
Radium Development Bhd,2026-12-31,-1.0137306,test,0
Ralco Corporation Bhd,2021-12-31,-0.9045596,fit,0
Ralco Corporation Bhd,2022-12-31,-2.737746,fit,0
Ralco Corporation Bhd,2023-12-31,-1.1883552,fit,0
Ralco Corporation Bhd,2024-12-31,-2.6848655,val,0
Ralco Corporation Bhd,2025-12-31,-4.361024,test,0
Ramssol Group Bhd,2022-12-31,-1.7895269,fit,0
Ramssol Group Bhd,2023-12-31,-4.100894,fit,0
Ramssol Group Bhd,2024-12-31,-1.9421467,val,0
Ramssol Group Bhd,2025-12-31,-2.321118,test,0
Ramssol Group Bhd,2026-12-31,-2.1846313,test,0
Ranhill Utilities Bhd,2022-06-30,-1.3582742,fit,0
Ranhill Utilities Bhd,2023-06-30,-0.40575612,fit,0
Ranhill Utilities Bhd,2024-06-30,-3.878263,val,0
Ranhill Utilities Bhd,2026-06-30,1.2902261,test,0
Rce Capital Bhd,2023-03-31,-0.09935608,fit,0
Rce Capital Bhd,2024-03-31,-1.3075415,val,0
Rce Capital Bhd,2025-03-31,0.015201673,test,0
Rce Capital Bhd,2026-03-31,1.2298908,test,0
Rce Capital Bhd,2027-03-31,0.9101441,test,0
Reach Ten Holdings Bhd,2022-12-31,-0.100227036,fit,0
Reach Ten Holdings Bhd,2023-12-31,-2.2008157,fit,0
Reach Ten Holdings Bhd,2024-12-31,-3.1989803,val,0
Reach Ten Holdings Bhd,2025-12-31,-1.2882341,test,0
Reach Ten Holdings Bhd,2026-12-31,-3.85254,test,0
REDtone Digital Bhd,2022-06-30,-2.7671285,fit,0
REDtone Digital Bhd,2023-06-30,-2.5625012,fit,0
REDtone Digital Bhd,2024-06-30,-2.0495727,val,0
REDtone Digital Bhd,2025-06-30,-4.8716774,test,0
REDtone Digital Bhd,2026-06-30,-2.8099155,test,0
Rekatech Capital Bhd,2021-06-30,-1.2737297,fit,0
Rekatech Capital Bhd,2022-06-30,-2.8593397,fit,0
Rekatech Capital Bhd,2023-06-30,-3.571284,fit,0
Rekatech Capital Bhd,2024-06-30,-1.3540709,val,0
Rekatech Capital Bhd,2025-06-30,-2.9580681,test,0
Reneuco Bhd,2022-06-30,7.1637836,fit,0
Reneuco Bhd,2023-06-30,6.172056,fit,0
Reneuco Bhd,2023-09-30,4.4920464,fit,0
Reneuco Bhd,2024-09-30,8.365872,val,1
Reneuco Bhd,2025-03-31,9.233244,test,1
Resintech Bhd,2022-03-31,1.0159163,fit,0
Resintech Bhd,2023-03-31,-3.584805,fit,0
Resintech Bhd,2024-03-31,-0.78401816,val,0
Resintech Bhd,2025-03-31,-2.0941932,test,0
Resintech Bhd,2026-03-31,-2.9668975,test,0
RNG Tech Bhd,2022-12-31,-1.4629962,fit,0
RNG Tech Bhd,2023-12-31,-1.2368243,fit,0
RNG Tech Bhd,2024-12-31,-3.7360892,val,0
RNG Tech Bhd,2025-12-31,-4.033912,test,0
Revenue Group Bhd,2022-06-30,-3.382177,fit,0
Revenue Group Bhd,2023-06-30,-3.3348663,fit,0
Revenue Group Bhd,2024-06-30,-2.7035234,val,0
Revenue Group Bhd,2025-06-30,0.94740844,test,0
Revenue Group Bhd,2026-06-30,-4.0149574,test,0
RGB International Bhd,2022-12-31,1.7820479,fit,0
RGB International Bhd,2023-12-31,-2.6751354,fit,0
RGB International Bhd,2024-12-31,-3.5498745,val,0
RGB International Bhd,2025-12-31,-2.5073667,test,0
RGB International Bhd,2026-12-31,-4.52759,test,0
Ray Go Solar Holdings Bhd,2021-10-31,-2.438721,fit,0
Ray Go Solar Holdings Bhd,2022-10-31,-3.0368369,fit,0
Ray Go Solar Holdings Bhd,2023-10-31,-2.4670348,fit,0
Ray Go Solar Holdings Bhd,2024-10-31,-3.2267025,val,0
Ray Go Solar Holdings Bhd,2025-10-31,-2.6412096,test,0
RGT Bhd,2021-06-30,-3.3590574,fit,0
RGT Bhd,2022-06-30,-2.097437,fit,0
RGT Bhd,2023-06-30,-4.8229003,fit,0
RGT Bhd,2024-06-30,0.012764782,val,0
RGT Bhd,2025-06-30,-4.251173,test,0
Radiant Globaltech Bhd,2021-12-31,-3.554947,fit,0
Radiant Globaltech Bhd,2022-12-31,-3.6330621,fit,0
Radiant Globaltech Bhd,2023-12-31,-3.0497608,fit,0
Radiant Globaltech Bhd,2024-12-31,-4.088334,val,0
Radiant Globaltech Bhd,2025-12-31,-3.5255945,test,0
RHB Bank Bhd,2022-12-31,-2.4456327,fit,0
RHB Bank Bhd,2023-12-31,-2.4396687,fit,0
RHB Bank Bhd,2024-12-31,-0.8944715,val,0
RHB Bank Bhd,2025-12-31,-0.9582633,test,0
RHB Bank Bhd,2026-12-31,-0.4718823,test,0
Rhone Ma Holdings Bhd,2022-12-31,-1.1167365,fit,0
Rhone Ma Holdings Bhd,2023-12-31,1.9615265,fit,0
Rhone Ma Holdings Bhd,2024-12-31,-3.2743669,val,0
Rhone Ma Holdings Bhd,2025-12-31,-3.1574059,test,0
Rhone Ma Holdings Bhd,2026-12-31,-2.5025737,test,0
Rhong Khen International Bhd,2022-06-30,-0.070281565,fit,0
Rhong Khen International Bhd,2023-06-30,-2.7160666,fit,0
Rhong Khen International Bhd,2024-06-30,-2.74638,val,0
Rhong Khen International Bhd,2025-06-30,-2.331744,test,0
Rhong Khen International Bhd,2026-06-30,-4.2784514,test,0
Reservoir Link Energy Bhd,2022-06-30,-2.92858,fit,0
Reservoir Link Energy Bhd,2025-06-30,0.49444917,test,0
Reservoir Link Energy Bhd,2026-06-30,-0.19608948,test,0
Rohas Tecnic Bhd,2022-12-31,4.1773925,fit,0
Rohas Tecnic Bhd,2023-12-31,-4.4180913,fit,0
Rohas Tecnic Bhd,2024-12-31,-3.2367718,val,0
Rohas Tecnic Bhd,2025-12-31,-0.73904765,test,0
Rohas Tecnic Bhd,2026-12-31,-3.288517,test,0
RedPlanet Bhd,2021-06-30,-2.8030846,fit,0
RedPlanet Bhd,2022-06-30,-3.3702407,fit,0
RedPlanet Bhd,2023-06-30,-2.7075882,fit,0
RedPlanet Bhd,2024-06-30,0.14920104,val,0
RedPlanet Bhd,2025-06-30,-2.9074268,test,0
Rimbunan Sawit Bhd,2021-12-31,-1.3096819,fit,0
Rimbunan Sawit Bhd,2022-12-31,-3.2333732,fit,0
Rimbunan Sawit Bhd,2023-12-31,0.038318187,fit,0
Rimbunan Sawit Bhd,2024-12-31,-2.0021563,val,0
Rimbunan Sawit Bhd,2025-12-31,-3.0070906,test,0
RT Pastry Holdings Bhd,2022-12-31,0.008089617,fit,0
RT Pastry Holdings Bhd,2023-12-31,-4.1091294,fit,0
RT Pastry Holdings Bhd,2024-12-31,-3.1136022,val,0
RT Pastry Holdings Bhd,2025-12-31,-1.8687874,test,0
RTS Technology Holdings Bhd,2021-12-31,0.8920579,fit,0
RTS Technology Holdings Bhd,2022-12-31,-2.959938,fit,0
RTS Technology Holdings Bhd,2023-12-31,-2.590481,fit,0
RTS Technology Holdings Bhd,2024-12-31,-3.1031165,val,0
RTS Technology Holdings Bhd,2025-12-31,-2.90054,test,0
Riverview Rubber Estates Bhd,2021-12-31,-2.950951,fit,0
Riverview Rubber Estates Bhd,2022-12-31,-3.4835413,fit,0
Riverview Rubber Estates Bhd,2023-12-31,-2.7009156,fit,0
Riverview Rubber Estates Bhd,2024-12-31,-2.271084,val,0
Riverview Rubber Estates Bhd,2025-12-31,-2.472016,test,0
S & F Capital Bhd,2021-06-30,-2.5362327,fit,0
S & F Capital Bhd,2022-06-30,-2.542954,fit,0
S & F Capital Bhd,2023-06-30,-4.4082103,fit,0
S & F Capital Bhd,2024-06-30,-3.270959,val,0
S & F Capital Bhd,2025-06-30,-3.6250505,test,0
Southern Acids (M) Bhd,2023-03-31,-3.2346098,fit,0
Southern Acids (M) Bhd,2024-03-31,-2.7486875,val,0
Southern Acids (M) Bhd,2025-03-31,-2.244225,test,0
Southern Acids (M) Bhd,2026-03-31,-2.6782484,test,0
Southern Acids (M) Bhd,2027-03-31,-4.4700556,test,0
Safetyware Group Bhd,2021-12-31,-3.6533644,fit,0
Safetyware Group Bhd,2022-12-31,-4.0442624,fit,0
Safetyware Group Bhd,2023-12-31,-4.0896273,fit,0
Safetyware Group Bhd,2024-12-31,-2.9777348,val,0
Safetyware Group Bhd,2025-12-31,-3.9648638,test,0
Signature Alliance Group Bhd,2021-12-31,-2.0362165,fit,0
Signature Alliance Group Bhd,2022-12-31,-3.0222712,fit,0
Signature Alliance Group Bhd,2023-12-31,-2.8974671,fit,0
Signature Alliance Group Bhd,2024-12-31,-3.3299341,val,0
Signature Alliance Group Bhd,2025-12-31,-3.0491955,test,0
Salcon Bhd,2022-12-31,-2.1955578,fit,0
Salcon Bhd,2023-12-31,-1.9719604,fit,0
Salcon Bhd,2024-12-31,-2.111918,val,0
Salcon Bhd,2025-12-31,-2.4822516,test,0
Salcon Bhd,2026-12-31,-3.343863,test,0
Saliran Group Bhd,2021-12-31,-2.1587925,fit,0
Saliran Group Bhd,2022-12-31,-3.14784,fit,0
Saliran Group Bhd,2023-12-31,-3.4921238,fit,0
Saliran Group Bhd,2024-12-31,-2.7934167,val,0
Saliran Group Bhd,2025-12-31,-2.82815,test,0
Salutica Bhd,2022-06-30,-3.0447795,fit,0
Salutica Bhd,2023-06-30,-2.4967294,fit,0
Salutica Bhd,2024-06-30,-2.635865,val,0
Salutica Bhd,2025-06-30,-2.0251799,test,0
Salutica Bhd,2026-06-30,-2.3313253,test,0
SAM Engineering & Equipment (M) Bhd,2023-03-31,-2.7676632,fit,0
SAM Engineering & Equipment (M) Bhd,2024-03-31,-2.072523,val,0
SAM Engineering & Equipment (M) Bhd,2025-03-31,-2.6425397,test,0
SAM Engineering & Equipment (M) Bhd,2026-03-31,-2.8956897,test,0
SAM Engineering & Equipment (M) Bhd,2027-03-31,-3.1509423,test,0
Samaiden Group Bhd,2022-06-30,-3.42246,fit,0
Samaiden Group Bhd,2023-06-30,-3.9010637,fit,0
Samaiden Group Bhd,2024-06-30,-4.062343,val,0
Samaiden Group Bhd,2025-06-30,-2.8550854,test,0
Samaiden Group Bhd,2026-06-30,-1.8788843,test,0
Samchem Holdings Bhd,2021-12-31,-2.9730465,fit,0
Samchem Holdings Bhd,2022-12-31,-3.5336137,fit,0
Samchem Holdings Bhd,2023-12-31,-3.44462,fit,0
Samchem Holdings Bhd,2024-12-31,-2.4112256,val,0
Samchem Holdings Bhd,2025-12-31,-3.2663794,test,0
Sancy Bhd,2022-03-31,0.26676744,fit,0
Sancy Bhd,2023-03-31,-1.3618855,fit,0
Sancy Bhd,2024-03-31,-3.614141,val,0
Sancy Bhd,2025-03-31,-4.231108,test,0
Sancy Bhd,2026-03-31,-5.2420382,test,0
Sanichi Technology Bhd,2022-03-31,-1.2484481,fit,0
Sanichi Technology Bhd,2025-03-31,-2.8471746,test,0
Sanichi Technology Bhd,2026-03-31,-4.147797,test,0
Sapura Industrial Bhd,2022-01-31,-1.0076437,fit,0
Sapura Industrial Bhd,2023-01-31,-2.7780592,fit,0
Sapura Industrial Bhd,2024-01-31,-3.538941,val,0
Sapura Industrial Bhd,2025-01-31,-3.1145217,test,0
Sapura Industrial Bhd,2026-01-31,-2.7783635,test,0
Sapura Resources Bhd,2023-01-31,1.3233215,fit,0
Sapura Resources Bhd,2024-01-31,-0.87889016,val,0
Sapura Resources Bhd,2025-01-31,0.13604516,test,0
Sapura Resources Bhd,2026-01-31,-3.4072015,test,0
Sapura Resources Bhd,2027-01-31,-2.1080375,test,0
Sasbadi Holdings Bhd,2022-08-31,-0.16906466,fit,0
Sasbadi Holdings Bhd,2023-08-31,-3.1918082,fit,0
Sasbadi Holdings Bhd,2025-08-31,-0.3863489,test,0
Sasbadi Holdings Bhd,2026-08-31,-0.8868358,test,0
Sungei Bagan Rubber Company Malaya Bhd,2021-06-30,-3.2301455,fit,0
Sungei Bagan Rubber Company Malaya Bhd,2022-06-30,-2.2641754,fit,0
Sungei Bagan Rubber Company Malaya Bhd,2023-06-30,-3.4970832,fit,0
Sungei Bagan Rubber Company Malaya Bhd,2024-06-30,-1.093735,val,0
Sungei Bagan Rubber Company Malaya Bhd,2025-06-30,-3.2388325,test,0
Sbc Corporation Bhd,2023-03-31,-1.2619501,fit,0
Sbc Corporation Bhd,2024-03-31,-2.9142048,val,0
Sbc Corporation Bhd,2025-03-31,-2.2104514,test,0
Sbc Corporation Bhd,2026-03-31,-1.3578911,test,0
Sbc Corporation Bhd,2027-03-31,0.41920772,test,0
SBH Marine Holdings Bhd,2021-12-31,-1.3752201,fit,0
SBH Marine Holdings Bhd,2022-12-31,-1.6671827,fit,0
SBH Marine Holdings Bhd,2023-12-31,-2.6446757,fit,0
SBH Marine Holdings Bhd,2024-12-31,-3.0378573,val,0
SBH Marine Holdings Bhd,2025-12-31,-2.0568657,test,0
SBS Nexus Bhd,2022-12-31,-2.1969273,fit,0
SBS Nexus Bhd,2023-12-31,-3.0971217,fit,0
SBS Nexus Bhd,2024-12-31,-2.1461253,val,0
SBS Nexus Bhd,2025-12-31,-0.7072121,test,0
SIK Cheong Bhd,2022-03-31,-4.050484,fit,0
SIK Cheong Bhd,2023-03-31,2.3702478,fit,0
SIK Cheong Bhd,2024-03-31,-2.5618844,val,0
SIK Cheong Bhd,2025-03-31,-3.5466712,test,0
SIK Cheong Bhd,2026-03-31,-4.914691,test,0
SCC Holdings Bhd,2021-12-31,-2.967137,fit,0
SCC Holdings Bhd,2022-12-31,-2.5914006,fit,0
SCC Holdings Bhd,2023-12-31,-3.1110687,fit,0
SCC Holdings Bhd,2024-12-31,-3.2034457,val,0
SCC Holdings Bhd,2025-12-31,-2.3437905,test,0
Southern Cable Group Bhd,2022-12-31,-3.0943465,fit,0
Southern Cable Group Bhd,2023-12-31,-3.1957629,fit,0
Southern Cable Group Bhd,2024-12-31,-2.8802292,val,0
Southern Cable Group Bhd,2025-12-31,-3.300427,test,0
Southern Cable Group Bhd,2026-12-31,-2.5115325,test,0
Scgm Bhd,2021-12-31,2.4679515,fit,0
Scgm Bhd,2022-12-31,-3.2202337,fit,0
Scgm Bhd,2023-12-31,-1.8148947,fit,0
Scgm Bhd,2024-12-31,3.5041018,val,0
Scgm Bhd,2025-12-31,-3.1562576,test,0
Scicom (MSC) Bhd,2022-06-30,-2.3806987,fit,0
Scicom (MSC) Bhd,2023-06-30,-2.6782095,fit,0
Scicom (MSC) Bhd,2024-06-30,-2.9496765,val,0
Scicom (MSC) Bhd,2025-06-30,-3.3004758,test,0
Scicom (MSC) Bhd,2026-06-30,-3.1852877,test,0
Scientex Bhd,2022-07-31,-2.3275042,fit,0
Scientex Bhd,2023-07-31,-2.3095765,fit,0
Scientex Bhd,2024-07-31,-2.2970688,val,0
Scientex Bhd,2025-07-31,-2.5561333,test,0
Scientex Bhd,2026-07-31,-2.3775532,test,0
Scanwolf Corporation Bhd,2021-06-30,-1.7081593,fit,0
Scanwolf Corporation Bhd,2022-06-30,5.3902516,fit,0
Scanwolf Corporation Bhd,2023-06-30,-2.9756045,fit,0
Scanwolf Corporation Bhd,2024-06-30,-1.1019521,val,0
Scanwolf Corporation Bhd,2025-06-30,-3.9175298,test,0
Supercomnet Technologies Bhd,2022-12-31,-2.895112,fit,0
Supercomnet Technologies Bhd,2023-12-31,-3.45286,fit,0
Supercomnet Technologies Bhd,2024-12-31,-2.1410413,val,0
Supercomnet Technologies Bhd,2025-12-31,-0.6204506,test,0
Supercomnet Technologies Bhd,2026-12-31,-2.732466,test,0
Scope Industries Bhd,2021-06-30,-1.1850619,fit,0
Scope Industries Bhd,2022-06-30,-3.8814917,fit,0
Scope Industries Bhd,2023-06-30,-3.1328619,fit,0
Scope Industries Bhd,2024-06-30,-3.9648256,val,0
Scope Industries Bhd,2025-06-30,-4.3545246,test,0
Solar District Cooling Group Bhd,2022-12-31,-3.0484185,fit,0
Solar District Cooling Group Bhd,2023-12-31,-2.6829066,fit,0
Solar District Cooling Group Bhd,2024-12-31,-2.710911,val,0
Solar District Cooling Group Bhd,2025-12-31,-3.3332937,test,0
Solar District Cooling Group Bhd,2026-12-31,-4.8941197,test,0
SD Guthrie Bhd,2022-12-31,-2.85886,fit,0
SD Guthrie Bhd,2023-12-31,-1.9887135,fit,0
SD Guthrie Bhd,2024-12-31,-2.796644,val,0
SD Guthrie Bhd,2025-12-31,-1.7926211,test,0
SD Guthrie Bhd,2026-12-31,-2.3448422,test,0
Selangor Dredging Bhd,2023-03-31,-0.11969253,fit,0
Selangor Dredging Bhd,2024-03-31,-1.5781113,val,0
Selangor Dredging Bhd,2025-03-31,-2.0961778,test,0
Selangor Dredging Bhd,2026-03-31,0.14698929,test,0
Selangor Dredging Bhd,2027-03-31,0.022164345,test,0
SDS Group Bhd,2023-03-31,-3.3834717,fit,0
SDS Group Bhd,2024-03-31,-2.921679,val,0
SDS Group Bhd,2025-03-31,-2.869754,test,0
SDS Group Bhd,2026-03-31,-3.219758,test,0
SDS Group Bhd,2027-03-31,-4.0154853,test,0
Seacera Group Bhd,2021-06-30,8.292347,fit,1
Seacera Group Bhd,2022-06-30,9.653274,fit,1
Seacera Group Bhd,2023-06-30,9.870765,fit,1
Seacera Group Bhd,2024-06-30,-0.30976212,val,0
Seacera Group Bhd,2025-06-30,1.8128343,test,0
SEAL Incorporated Bhd,2022-06-30,2.9876032,fit,0
SEAL Incorporated Bhd,2023-06-30,-3.5227926,fit,0
SEAL Incorporated Bhd,2024-06-30,-1.7923458,val,0
SEAL Incorporated Bhd,2025-06-30,-1.9112656,test,0
SEAL Incorporated Bhd,2026-06-30,-2.630829,test,0
Sealink International Bhd,2022-12-31,2.2739155,fit,0
Sealink International Bhd,2023-12-31,-3.3858922,fit,0
Sealink International Bhd,2024-12-31,-3.7978773,val,0
Sealink International Bhd,2025-12-31,-2.6141956,test,0
Sealink International Bhd,2026-12-31,-3.5931294,test,0
Seremban Engineering Bhd,2021-06-30,-2.0157752,fit,0
Seremban Engineering Bhd,2022-06-30,-3.3668184,fit,0
Seremban Engineering Bhd,2023-06-30,-3.757593,fit,0
Seremban Engineering Bhd,2024-06-30,-2.9990458,val,0
Seremban Engineering Bhd,2025-06-30,-2.830263,test,0
SEDANIA Innovator Bhd,2021-06-30,-2.4114597,fit,0
SEDANIA Innovator Bhd,2022-06-30,-3.1399443,fit,0
SEDANIA Innovator Bhd,2025-06-30,-1.9426447,test,0
See Hup Consolidated Bhd,2022-03-31,-2.301416,fit,0
See Hup Consolidated Bhd,2023-03-31,-2.776697,fit,0
See Hup Consolidated Bhd,2024-03-31,-2.5481691,val,0
See Hup Consolidated Bhd,2025-03-31,-1.6186749,test,0
See Hup Consolidated Bhd,2026-03-31,0.12185022,test,0
SEG International Bhd,2021-12-31,-3.069422,fit,0
SEG International Bhd,2022-12-31,-3.1630824,fit,0
SEG International Bhd,2023-12-31,-5.2477174,fit,0
SEG International Bhd,2024-12-31,-0.30709141,val,0
SEG International Bhd,2025-12-31,-1.0085523,test,0
7-Eleven Malaysia Holdings Bhd,2022-12-31,2.9563296,fit,0
7-Eleven Malaysia Holdings Bhd,2023-12-31,6.6945004,fit,0
7-Eleven Malaysia Holdings Bhd,2024-12-31,-2.1768775,val,0
7-Eleven Malaysia Holdings Bhd,2025-12-31,0.7589562,test,0
7-Eleven Malaysia Holdings Bhd,2026-12-31,-3.0473971,test,0
Semico Capital Bhd,2022-06-30,-0.2638903,fit,0
Semico Capital Bhd,2023-06-30,-3.7984126,fit,0
Semico Capital Bhd,2024-06-30,-3.4126651,val,0
Semico Capital Bhd,2025-06-30,-3.1639094,test,0
Eversendai Corporation Bhd,2021-12-31,-0.56858563,fit,0
Eversendai Corporation Bhd,2022-12-31,-1.4712317,fit,0
Eversendai Corporation Bhd,2023-12-31,4.4941516,fit,0
Eversendai Corporation Bhd,2024-12-31,-0.37892044,val,0
Eversendai Corporation Bhd,2025-12-31,-4.1198034,test,0
Seng Fong Holdings Bhd,2022-06-30,-2.6767273,fit,0
Seng Fong Holdings Bhd,2023-06-30,-2.7067049,fit,0
Seng Fong Holdings Bhd,2024-06-30,-4.285037,val,0
Seng Fong Holdings Bhd,2025-06-30,-3.969422,test,0
Seng Fong Holdings Bhd,2026-06-30,-3.3155427,test,0
Senheng New Retail Bhd,2022-12-31,-2.8103535,fit,0
Senheng New Retail Bhd,2023-12-31,-3.5279493,fit,0
Senheng New Retail Bhd,2024-12-31,-1.7798765,val,0
Senheng New Retail Bhd,2025-12-31,-3.3762918,test,0
Senheng New Retail Bhd,2026-12-31,-3.1137993,test,0
Sentral REIT,2022-12-31,0.49083593,fit,0
Sentral REIT,2023-12-31,-4.4350324,fit,0
Sentral REIT,2024-12-31,0.41982076,val,0
Sentral REIT,2025-12-31,-0.7539122,test,0
Sentral REIT,2026-12-31,7.3766055,test,0
Sern Kou Resources Bhd,2021-06-30,-2.2815425,fit,0
Sern Kou Resources Bhd,2022-06-30,-3.3802428,fit,0
Sern Kou Resources Bhd,2023-06-30,-2.500464,fit,0
Sern Kou Resources Bhd,2024-06-30,-2.7827108,val,0
Sern Kou Resources Bhd,2025-06-30,-2.9606552,test,0
Sersol Bhd,2021-06-30,-2.4496994,fit,0
Sersol Bhd,2022-06-30,-4.207173,fit,0
Sersol Bhd,2023-06-30,4.670914,fit,0
Sersol Bhd,2024-06-30,0.0102216005,val,0
Sersol Bhd,2025-06-30,6.946815,test,0
Swift Energy Technology Bhd,2022-09-30,-0.17270136,fit,0
Swift Energy Technology Bhd,2023-09-30,-3.4611828,fit,0
Swift Energy Technology Bhd,2024-09-30,-2.7692966,val,0
Swift Energy Technology Bhd,2025-09-30,-3.277227,test,0
Swift Energy Technology Bhd,2026-09-30,-3.1220677,test,0
SFP Tech Holdings Bhd,2022-12-31,-3.2620866,fit,0
SFP Tech Holdings Bhd,2023-12-31,-3.5462084,fit,0
SFP Tech Holdings Bhd,2024-12-31,-2.9024818,val,0
SFP Tech Holdings Bhd,2025-12-31,-2.51688,test,0
SFP Tech Holdings Bhd,2026-12-31,-1.419264,test,0
Saudigold Group Berhad,2021-07-31,-2.6771288,fit,0
Saudigold Group Berhad,2022-07-31,-2.4980261,fit,0
Saudigold Group Berhad,2023-07-31,-3.1732244,fit,0
Saudigold Group Berhad,2024-07-31,-2.792148,val,0
Saudigold Group Berhad,2025-07-31,-1.8339934,test,0
Supergenics Bhd,2021-12-31,-1.320945,fit,0
Supergenics Bhd,2022-12-31,-3.186499,fit,0
Supergenics Bhd,2023-12-31,-2.6761112,fit,0
Supergenics Bhd,2024-12-31,-2.35858,val,0
Supergenics Bhd,2025-12-31,-0.71949553,test,0
Shangri-La Hotels (Malaysia) Bhd,2021-12-31,2.4856212,fit,0
Shangri-La Hotels (Malaysia) Bhd,2022-12-31,-3.001835,fit,0
Shangri-La Hotels (Malaysia) Bhd,2023-12-31,-3.354366,fit,0
Shangri-La Hotels (Malaysia) Bhd,2024-12-31,1.3695966,val,0
Shangri-La Hotels (Malaysia) Bhd,2025-12-31,-0.39027184,test,0
Sin Heng Chan (Malaya) Bhd,2021-12-31,-0.9604486,fit,0
Sin Heng Chan (Malaya) Bhd,2022-12-31,-6.1024346,fit,0
Sin Heng Chan (Malaya) Bhd,2023-12-31,0.26613408,fit,0
Sin Heng Chan (Malaya) Bhd,2024-12-31,2.9073017,val,0
Sin Heng Chan (Malaya) Bhd,2025-12-31,-1.3813643,test,0
SHH Resources Holdings Bhd,2021-06-30,-2.0589237,fit,0
SHH Resources Holdings Bhd,2022-06-30,-2.398187,fit,0
SHH Resources Holdings Bhd,2023-06-30,-3.0840065,fit,0
SHH Resources Holdings Bhd,2024-06-30,-1.3510277,val,0
SHH Resources Holdings Bhd,2025-06-30,-3.0894554,test,0
SHL Consolidated Bhd,2023-03-31,-2.9236615,fit,0
SHL Consolidated Bhd,2024-03-31,-5.366957,val,0
SHL Consolidated Bhd,2025-03-31,-3.085022,test,0
SHL Consolidated Bhd,2026-03-31,-1.5588682,test,0
SHL Consolidated Bhd,2027-03-31,-3.5210226,test,0
Signature International Bhd,2022-06-30,-2.3236573,fit,0
Signature International Bhd,2023-06-30,-1.5186257,fit,0
Signature International Bhd,2024-06-30,-1.1482313,val,0
Signature International Bhd,2025-06-30,-1.7930692,test,0
Signature International Bhd,2026-06-30,-3.1509218,test,0
Sime Darby Bhd,2022-06-30,-3.28647,fit,0
Sime Darby Bhd,2023-06-30,-3.1917317,fit,0
Sime Darby Bhd,2024-06-30,-3.8515375,val,0
Sime Darby Bhd,2025-06-30,-2.6317,test,0
Sime Darby Bhd,2026-06-30,-2.9102654,test,0
Sime Darby Property Bhd,2022-12-31,2.2724218,fit,0
Sime Darby Property Bhd,2023-12-31,-1.5213419,fit,0
Sime Darby Property Bhd,2024-12-31,0.40843818,val,0
Sime Darby Property Bhd,2025-12-31,-1.5822463,test,0
Sime Darby Property Bhd,2026-12-31,-0.79590094,test,0
Sinaran Advance Group Bhd,2021-12-31,-2.3590946,fit,0
Sinaran Advance Group Bhd,2022-12-31,-2.4874425,fit,0
Sinaran Advance Group Bhd,2023-12-31,0.016562387,fit,0
Sinaran Advance Group Bhd,2024-12-31,-3.1995492,val,0
Sinaran Advance Group Bhd,2025-12-31,-1.6613945,test,0
Sin-Kung Logistics Bhd,2021-12-31,1.097808,fit,0
Sin-Kung Logistics Bhd,2022-12-31,-3.6983712,fit,0
Sin-Kung Logistics Bhd,2023-12-31,-4.37713,fit,0
Sin-Kung Logistics Bhd,2024-12-31,-4.1333385,val,0
Sin-Kung Logistics Bhd,2025-12-31,0.59414256,test,0
Seni Jaya Corporation Bhd,2022-06-30,-3.037629,fit,0
Seni Jaya Corporation Bhd,2023-06-30,-2.2750745,fit,0
Seni Jaya Corporation Bhd,2026-06-30,-2.5024924,test,0
SKB Shutters Corporation Bhd,2021-06-30,-0.68142605,fit,0
SKB Shutters Corporation Bhd,2022-06-30,-0.92918205,fit,0
SKB Shutters Corporation Bhd,2023-06-30,-3.5619993,fit,0
SKB Shutters Corporation Bhd,2024-06-30,-3.5610218,val,0
SKB Shutters Corporation Bhd,2025-06-30,-3.496715,test,0
SKP Resources Bhd,2023-03-31,-3.0743525,fit,0
SKP Resources Bhd,2024-03-31,-3.0600035,val,0
SKP Resources Bhd,2025-03-31,-2.7907538,test,0
SKP Resources Bhd,2026-03-31,-4.004541,test,0
SKP Resources Bhd,2027-03-31,-2.6738355,test,0
Skyechip Bhd,2026-03-31,4.086695,test,0
Skyechip Bhd,2027-03-31,-2.3234713,test,0
Skygate Solutions Bhd,2021-12-31,-2.454023,fit,0
Skygate Solutions Bhd,2022-12-31,-3.2947989,fit,0
Skygate Solutions Bhd,2023-12-31,-1.5703385,fit,0
Skygate Solutions Bhd,2024-12-31,-1.7332904,val,0
Skygate Solutions Bhd,2025-12-31,-2.065769,test,0
SkyWorld Development Bhd,2023-03-31,-1.8506346,fit,0
SkyWorld Development Bhd,2024-03-31,-2.3596673,val,0
SkyWorld Development Bhd,2025-03-31,-2.6782837,test,0
SkyWorld Development Bhd,2026-03-31,-3.401719,test,0
SkyWorld Development Bhd,2027-03-31,-3.811364,test,0
SL Innovation Capital Bhd,2021-12-31,-3.3129535,fit,0
SL Innovation Capital Bhd,2022-12-31,-3.156277,fit,0
SL Innovation Capital Bhd,2023-12-31,-2.696972,fit,0
SL Innovation Capital Bhd,2024-12-31,-2.0742497,val,0
SL Innovation Capital Bhd,2025-12-31,-3.1115758,test,0
SLP Resources Bhd,2022-12-31,-3.255222,fit,0
SLP Resources Bhd,2023-12-31,-3.1612568,fit,0
SLP Resources Bhd,2024-12-31,-2.553247,val,0
SLP Resources Bhd,2025-12-31,-2.4515219,test,0
SLP Resources Bhd,2026-12-31,-2.8788104,test,0
Solarvest Holdings Bhd,2023-03-31,-2.363617,fit,0
Solarvest Holdings Bhd,2024-03-31,-0.54924345,val,0
Solarvest Holdings Bhd,2025-03-31,-2.5732734,test,0
Solarvest Holdings Bhd,2026-03-31,-2.1566896,test,0
Solarvest Holdings Bhd,2027-03-31,-2.6473596,test,0
Smart Asia Chemical Bhd,2021-12-31,-2.8585212,fit,0
Smart Asia Chemical Bhd,2022-12-31,-3.4985094,fit,0
Smart Asia Chemical Bhd,2023-12-31,-4.434805,fit,0
Smart Asia Chemical Bhd,2024-12-31,-2.8214617,val,0
Smart Asia Chemical Bhd,2025-12-31,-3.7723956,test,0
Securemetric Bhd,2021-12-31,-2.7800314,fit,0
Securemetric Bhd,2022-12-31,-3.6321268,fit,0
Securemetric Bhd,2023-12-31,-2.3036928,fit,0
Securemetric Bhd,2024-12-31,-1.9915226,val,0
Securemetric Bhd,2025-12-31,-2.2595735,test,0
Smile-link Healthcare Global Bhd,2021-06-30,-1.9854437,fit,0
Smile-link Healthcare Global Bhd,2022-06-30,-2.8418262,fit,0
Smile-link Healthcare Global Bhd,2025-06-30,-1.1136951,test,0
SMIS Corporation Bhd,2021-12-31,-0.5495374,fit,0
SMIS Corporation Bhd,2022-12-31,-2.8148265,fit,0
SMIS Corporation Bhd,2023-12-31,-2.2252145,fit,0
SMIS Corporation Bhd,2024-12-31,-1.6168908,val,0
SMIS Corporation Bhd,2025-12-31,-2.3004885,test,0
SMRT Holdings Bhd,2022-06-30,0.05625315,fit,0
SMRT Holdings Bhd,2023-06-30,-3.9808917,fit,0
SMRT Holdings Bhd,2025-06-30,-5.27619,test,0
SMRT Holdings Bhd,2026-06-30,-2.5269146,test,0
SNS Network Technology Bhd,2022-01-31,-2.8159723,fit,0
SNS Network Technology Bhd,2023-01-31,-4.5658264,fit,0
SNS Network Technology Bhd,2024-01-31,-3.487106,val,0
SNS Network Technology Bhd,2025-01-31,-3.3293054,test,0
SNS Network Technology Bhd,2026-01-31,-3.645805,test,0
Sentoria Group Bhd,2023-03-31,9.461735,fit,0
Sentoria Group Bhd,2023-09-30,8.296927,fit,0
Sentoria Group Bhd,2024-09-30,8.379846,val,0
Sentoria Group Bhd,2024-12-31,8.764515,val,1
Sentoria Group Bhd,2025-12-31,11.857327,test,1
Solid Automotive Bhd,2022-04-30,-2.5640342,fit,0
Solid Automotive Bhd,2023-04-30,-1.7703148,fit,0
Solid Automotive Bhd,2024-04-30,-2.335976,val,0
Solid Automotive Bhd,2025-04-30,-2.647016,test,0
Solid Automotive Bhd,2026-04-30,-3.0738864,test,0
Solution Group Bhd,2021-12-31,-3.3121,fit,0
Solution Group Bhd,2022-12-31,-3.013713,fit,0
Solution Group Bhd,2023-12-31,-3.6784956,fit,0
Solution Group Bhd,2024-12-31,-2.6156807,val,0
Solution Group Bhd,2025-12-31,-2.7706306,test,0
Sarawak Oil Palms Bhd,2022-12-31,-2.9882462,fit,0
Sarawak Oil Palms Bhd,2023-12-31,-2.8978944,fit,0
Sarawak Oil Palms Bhd,2024-12-31,-2.7357998,val,0
Sarawak Oil Palms Bhd,2025-12-31,-2.6009724,test,0
Sarawak Oil Palms Bhd,2026-12-31,-3.200099,test,0
Sorento Capital Bhd,2023-06-30,0.2962548,fit,0
Sorento Capital Bhd,2024-06-30,-4.2031255,val,0
Sorento Capital Bhd,2025-06-30,-3.0187178,test,0
Sorento Capital Bhd,2026-06-30,-4.3565283,test,0
Sorento Capital Bhd,2027-06-30,-4.4855285,test,0
Spring Art Holdings Bhd,2021-12-31,-2.8095093,fit,0
Spring Art Holdings Bhd,2022-12-31,-2.3334043,fit,0
Spring Art Holdings Bhd,2023-12-31,-3.320914,fit,0
Spring Art Holdings Bhd,2024-12-31,-3.260446,val,0
Spring Art Holdings Bhd,2025-12-31,-2.3443558,test,0
Spritzer Bhd,2022-12-31,-2.6482859,fit,0
Spritzer Bhd,2023-12-31,-2.80881,fit,0
Spritzer Bhd,2024-12-31,-2.443353,val,0
Spritzer Bhd,2025-12-31,-2.5355396,test,0
Spritzer Bhd,2026-12-31,-1.8745965,test,0
S P Setia Bhd,2022-12-31,2.291999,fit,0
S P Setia Bhd,2023-12-31,0.106711626,fit,0
S P Setia Bhd,2024-12-31,3.1319685,val,0
S P Setia Bhd,2025-12-31,-2.7884812,test,0
S P Setia Bhd,2026-12-31,-0.049492314,test,0
Sports Toto Bhd,2022-06-30,-0.6830195,fit,0
Sports Toto Bhd,2023-06-30,-2.9555821,fit,0
Sports Toto Bhd,2024-06-30,-1.5595396,val,0
Sports Toto Bhd,2025-06-30,-2.372762,test,0
Sports Toto Bhd,2026-06-30,-2.7454123,test,0
Silver Ridge Holdings Bhd,2021-06-30,-1.590355,fit,0
Silver Ridge Holdings Bhd,2022-06-30,-3.3832805,fit,0
Silver Ridge Holdings Bhd,2023-06-30,-3.5168276,fit,0
Silver Ridge Holdings Bhd,2024-06-30,-3.670558,val,0
Silver Ridge Holdings Bhd,2025-06-30,-2.5399797,test,0
SRKK AI Berhad,2022-12-31,1.0762849,fit,0
SRKK AI Berhad,2023-12-31,-5.1221247,fit,0
SRKK AI Berhad,2024-12-31,-2.7182531,val,0
SRKK AI Berhad,2025-12-31,-3.2137916,test,0
Southern Score Builders Bhd,2022-06-30,9.403768,fit,1
Southern Score Builders Bhd,2023-06-30,-3.4575076,fit,0
Southern Score Builders Bhd,2024-06-30,-1.380513,val,0
Southern Score Builders Bhd,2025-06-30,-4.066144,test,0
Southern Score Builders Bhd,2026-06-30,-2.3603055,test,0
SSF Home Group Bhd,2022-04-30,-2.2504942,fit,0
SSF Home Group Bhd,2023-04-30,-3.0389953,fit,0
SSF Home Group Bhd,2024-04-30,-3.336807,val,0
SSF Home Group Bhd,2025-04-30,-3.558837,test,0
SSF Home Group Bhd,2026-04-30,-2.3940048,test,0
Star Media Group Bhd,2022-12-31,-2.6753747,fit,0
Star Media Group Bhd,2023-12-31,-4.9415817,fit,0
Star Media Group Bhd,2024-12-31,-0.009483725,val,0
Star Media Group Bhd,2025-12-31,-2.9506261,test,0
Star Media Group Bhd,2026-12-31,-2.2339244,test,0
Straits Energy Resources Bhd,2021-06-30,-2.426358,fit,0
Straits Energy Resources Bhd,2022-06-30,-3.8280585,fit,0
Straits Energy Resources Bhd,2023-06-30,-2.824208,fit,0
Straits Energy Resources Bhd,2025-06-30,1.5769572,test,0
Subur Tiasa Holdings Bhd,2021-12-31,-2.8577602,fit,0
Subur Tiasa Holdings Bhd,2022-12-31,-2.1565506,fit,0
Subur Tiasa Holdings Bhd,2023-12-31,-3.0825434,fit,0
Subur Tiasa Holdings Bhd,2024-12-31,0.45736203,val,0
Subur Tiasa Holdings Bhd,2025-12-31,1.5170887,test,0
Success Transformer Corporation Bhd,2022-06-30,-2.6847894,fit,0
Success Transformer Corporation Bhd,2023-06-30,-2.635256,fit,0
Success Transformer Corporation Bhd,2024-06-30,-2.6031606,val,0
Success Transformer Corporation Bhd,2025-06-30,-2.766014,test,0
Success Transformer Corporation Bhd,2026-06-30,-2.8094342,test,0
Sum Technology Bhd,2022-12-31,0.8438555,fit,0
Sum Technology Bhd,2023-12-31,-5.224611,fit,0
Sum Technology Bhd,2024-12-31,-3.29997,val,0
Sum Technology Bhd,2025-12-31,-2.884361,test,0
Sumisaujana Group Bhd,2022-12-31,-0.6978301,fit,0
Sumisaujana Group Bhd,2023-12-31,-2.8375294,fit,0
Sumisaujana Group Bhd,2024-12-31,-3.6267684,val,0
Sumisaujana Group Bhd,2025-12-31,-3.072663,test,0
Sumisaujana Group Bhd,2026-12-31,-2.87901,test,0
Sunway Construction Group Bhd,2022-12-31,-1.3570321,fit,0
Sunway Construction Group Bhd,2023-12-31,-2.414339,fit,0
Sunway Construction Group Bhd,2024-12-31,-3.3131735,val,0
Sunway Construction Group Bhd,2025-12-31,-3.3367658,test,0
Sunway Construction Group Bhd,2026-12-31,-7.8071003,test,0
ES Sunlogy Bhd,2022-07-31,-1.3280553,fit,0
ES Sunlogy Bhd,2023-07-31,-3.449809,fit,0
ES Sunlogy Bhd,2024-07-31,-3.6208508,val,0
ES Sunlogy Bhd,2025-07-31,-3.736781,test,0
ES Sunlogy Bhd,2026-07-31,-3.5108082,test,0
Sunway Healthcare Holdings Bhd,2023-12-31,0.82974494,fit,0
Sunway Healthcare Holdings Bhd,2024-12-31,-0.7098037,val,0
Sunway Healthcare Holdings Bhd,2025-12-31,-3.5568607,test,0
Sunway Healthcare Holdings Bhd,2026-12-31,-3.8289812,test,0
Sunmow Holding Bhd,2021-12-31,-1.7766112,fit,0
Sunmow Holding Bhd,2022-12-31,-2.2468946,fit,0
Sunmow Holding Bhd,2023-12-31,-0.35313678,fit,0
Sunmow Holding Bhd,2024-12-31,-2.1007414,val,0
Sunmow Holding Bhd,2025-12-31,-2.4312184,test,0
Sunway Real Estate Investment Trust,2022-12-31,1.5459802,fit,0
Sunway Real Estate Investment Trust,2023-12-31,-0.49703535,fit,0
Sunway Real Estate Investment Trust,2024-12-31,4.276416,val,0
Sunway Real Estate Investment Trust,2025-12-31,3.12189,test,0
Sunway Real Estate Investment Trust,2026-12-31,3.5062191,test,0
Sunsuria Bhd,2022-09-30,-0.85845363,fit,0
Sunsuria Bhd,2023-09-30,0.4261336,fit,0
Sunsuria Bhd,2024-09-30,-3.3259537,val,0
Sunsuria Bhd,2025-09-30,-2.8378668,test,0
Sunsuria Bhd,2026-09-30,0.5644685,test,0
Sunview Group Bhd,2023-03-31,-3.3309352,fit,0
Sunview Group Bhd,2024-03-31,-3.3123748,val,0
Sunview Group Bhd,2025-03-31,-3.3027792,test,0
Sunview Group Bhd,2026-03-31,-4.030451,test,0
Sunway Bhd,2022-12-31,2.8315892,fit,0
Sunway Bhd,2023-12-31,-1.5574254,fit,0
Sunway Bhd,2024-12-31,0.25584698,val,0
Sunway Bhd,2025-12-31,-2.3923264,test,0
Sunway Bhd,2026-12-31,-1.805768,test,0
Sunzen Group Bhd,2021-06-30,-3.0019014,fit,0
Sunzen Group Bhd,2022-06-30,-1.6951195,fit,0
Sunzen Group Bhd,2025-06-30,-2.880968,test,0
Superlon Holdings Bhd,2023-04-30,-3.0644488,fit,0
Superlon Holdings Bhd,2024-04-30,-2.8812091,val,0
Superlon Holdings Bhd,2025-04-30,-2.356534,test,0
Superlon Holdings Bhd,2026-04-30,-2.3365545,test,0
Superlon Holdings Bhd,2027-04-30,-2.493412,test,0
Supermax Corporation Bhd,2022-06-30,-2.3968072,fit,0
Supermax Corporation Bhd,2023-06-30,-3.1963336,fit,0
Supermax Corporation Bhd,2024-06-30,-2.8908048,val,0
Supermax Corporation Bhd,2025-06-30,-1.9378877,test,0
Supermax Corporation Bhd,2026-06-30,-3.7286391,test,0
Supreme Consolidated Resources Bhd,2021-09-30,-3.2323496,fit,0
Supreme Consolidated Resources Bhd,2022-09-30,-2.9633298,fit,0
Supreme Consolidated Resources Bhd,2023-09-30,-2.6227722,fit,0
Supreme Consolidated Resources Bhd,2024-09-30,-1.9383417,val,0
Supreme Consolidated Resources Bhd,2025-09-30,-3.1789997,test,0
Suria Capital Holdings Bhd,2022-12-31,-3.2707694,fit,0
Suria Capital Holdings Bhd,2023-12-31,-2.0690181,fit,0
Suria Capital Holdings Bhd,2024-12-31,-2.6622715,val,0
Suria Capital Holdings Bhd,2025-12-31,-4.295601,test,0
Suria Capital Holdings Bhd,2026-12-31,-3.4983382,test,0
Swift Haulage Bhd,2022-12-31,-0.5404266,fit,0
Swift Haulage Bhd,2023-12-31,-1.1922195,fit,0
Swift Haulage Bhd,2024-12-31,0.6842897,val,0
Swift Haulage Bhd,2025-12-31,-2.2485368,test,0
Swift Haulage Bhd,2026-12-31,-0.08785531,test,0
Sarawak Plantation Bhd,2022-12-31,-1.6661249,fit,0
Sarawak Plantation Bhd,2023-12-31,-2.8965504,fit,0
Sarawak Plantation Bhd,2024-12-31,-3.125196,val,0
Sarawak Plantation Bhd,2025-12-31,-2.547769,test,0
Sarawak Plantation Bhd,2026-12-31,-2.721183,test,0
SWS Capital Bhd,2021-12-31,-2.785064,fit,0
SWS Capital Bhd,2022-12-31,-2.5958006,fit,0
SWS Capital Bhd,2023-12-31,-2.9548318,fit,0
SWS Capital Bhd,2024-12-31,-3.1539826,val,0
SWS Capital Bhd,2025-12-31,-2.6980598,test,0
Sycal Ventures Bhd,2021-06-30,3.434531,fit,0
Sycal Ventures Bhd,2022-06-30,-1.0771365,fit,0
Sycal Ventures Bhd,2023-06-30,-0.3272938,fit,0
Sycal Ventures Bhd,2024-06-30,-1.8350463,val,0
Sycal Ventures Bhd,2025-06-30,1.3201376,test,0
Shin Yang Group Bhd,2022-06-30,-0.91514695,fit,0
Shin Yang Group Bhd,2023-06-30,-2.9227657,fit,0
Shin Yang Group Bhd,2024-06-30,-2.0219398,val,0
Shin Yang Group Bhd,2025-06-30,-3.0096235,test,0
Symphony Life Bhd,2022-03-31,-2.0803363,fit,0
Symphony Life Bhd,2023-03-31,-2.579112,fit,0
Symphony Life Bhd,2024-03-31,-2.1928275,val,0
Symphony Life Bhd,2025-03-31,0.7141634,test,0
Symphony Life Bhd,2026-03-31,-0.7187002,test,0
Synergy House Bhd,2022-12-31,-3.1561694,fit,0
Synergy House Bhd,2023-12-31,-2.570923,fit,0
Synergy House Bhd,2024-12-31,-1.0678929,val,0
Synergy House Bhd,2025-12-31,-3.5244832,test,0
Synergy House Bhd,2026-12-31,-2.6060905,test,0
Systech Bhd,2022-03-31,-3.2801464,fit,0
Systech Bhd,2023-03-31,1.4241432,fit,0
Systech Bhd,2024-03-31,-2.7779908,val,0
Systech Bhd,2025-03-31,-3.8979816,test,0
Systech Bhd,2026-03-31,-4.857791,test,0
T7 Global Bhd,2022-12-31,-1.08758,fit,0
T7 Global Bhd,2023-12-31,0.10916826,fit,0
T7 Global Bhd,2024-12-31,-1.7663499,val,0
T7 Global Bhd,2025-12-31,1.916211,test,0
T7 Global Bhd,2026-12-31,-0.7316314,test,0
Ta Ann Holdings Bhd,2022-12-31,-3.4429753,fit,0
Ta Ann Holdings Bhd,2023-12-31,-2.842639,fit,0
Ta Ann Holdings Bhd,2024-12-31,-4.0175138,val,0
Ta Ann Holdings Bhd,2025-12-31,-3.255106,test,0
Ta Ann Holdings Bhd,2026-12-31,-2.736518,test,0
Syarikat Takaful Malaysia Keluarga Bhd,2022-12-31,-2.3738961,fit,0
Syarikat Takaful Malaysia Keluarga Bhd,2023-12-31,-4.986474,fit,0
Syarikat Takaful Malaysia Keluarga Bhd,2024-12-31,-4.5479503,val,0
Syarikat Takaful Malaysia Keluarga Bhd,2025-12-31,-2.973456,test,0
Syarikat Takaful Malaysia Keluarga Bhd,2026-12-31,-2.9241602,test,0
Talam Transform Bhd,2022-03-31,0.8666457,fit,0
Talam Transform Bhd,2023-03-31,-2.7739325,fit,0
Talam Transform Bhd,2024-03-31,-2.5159721,val,0
Talam Transform Bhd,2025-03-31,5.744486,test,0
Talam Transform Bhd,2026-03-31,3.7183475,test,0
Taliworks Corporation Bhd,2022-12-31,-1.2893208,fit,0
Taliworks Corporation Bhd,2023-12-31,-1.3538752,fit,0
Taliworks Corporation Bhd,2024-12-31,-1.7122808,val,0
Taliworks Corporation Bhd,2025-12-31,0.6242993,test,0
Taliworks Corporation Bhd,2026-12-31,-0.3274677,test,0
Tambun Indah Land Bhd,2022-12-31,-3.1643517,fit,0
Tambun Indah Land Bhd,2023-12-31,-2.6412027,fit,0
Tambun Indah Land Bhd,2024-12-31,-3.0714722,val,0
Tambun Indah Land Bhd,2025-12-31,-3.0628698,test,0
Tambun Indah Land Bhd,2026-12-31,-2.7601488,test,0
Tanco Holdings Bhd,2022-06-30,-0.54848933,fit,0
Tanco Holdings Bhd,2023-06-30,0.41788498,fit,0
Tanco Holdings Bhd,2024-06-30,-3.0470643,val,0
Tanco Holdings Bhd,2025-06-30,-0.84853804,test,0
Tanco Holdings Bhd,2026-06-30,-3.0940106,test,0
TAS Offshore Bhd,2022-05-31,-2.8113449,fit,0
TAS Offshore Bhd,2023-05-31,-3.666498,fit,0
TAS Offshore Bhd,2024-05-31,-3.65935,val,0
TAS Offshore Bhd,2025-05-31,-3.8470743,test,0
TAS Offshore Bhd,2026-05-31,-2.8633206,test,0
TASCO Bhd,2023-03-31,-2.5179799,fit,0
TASCO Bhd,2024-03-31,-2.958433,val,0
TASCO Bhd,2025-03-31,-2.5603178,test,0
TASCO Bhd,2026-03-31,-1.6742847,test,0
TASCO Bhd,2027-03-31,2.514107,test,0
Tashin Holdings Bhd,2021-12-31,-3.1410725,fit,0
Tashin Holdings Bhd,2022-12-31,-2.8530407,fit,0
Tashin Holdings Bhd,2023-12-31,-3.2222855,fit,0
Tashin Holdings Bhd,2024-12-31,-1.7243078,val,0
Tashin Holdings Bhd,2025-12-31,-2.8180583,test,0
Ta Win Holdings Bhd,2021-06-30,-3.6038728,fit,0
Ta Win Holdings Bhd,2022-06-30,-1.9447007,fit,0
Ta Win Holdings Bhd,2023-06-30,-0.61233234,fit,0
Ta Win Holdings Bhd,2024-06-30,-2.5402067,val,0
Ta Win Holdings Bhd,2025-06-30,-2.9085836,test,0
Tan Chong Motor Holdings Bhd,2022-12-31,5.166616,fit,0
Tan Chong Motor Holdings Bhd,2023-12-31,1.4468421,fit,0
Tan Chong Motor Holdings Bhd,2024-12-31,0.28638145,val,0
Tan Chong Motor Holdings Bhd,2025-12-31,2.798482,test,0
Tan Chong Motor Holdings Bhd,2026-12-31,4.800587,test,0
Tcs Group Holdings Bhd,2021-12-31,-2.990172,fit,0
Tcs Group Holdings Bhd,2022-12-31,-3.0067003,fit,0
Tcs Group Holdings Bhd,2023-12-31,-3.1477349,fit,0
Tcs Group Holdings Bhd,2024-12-31,-3.3163064,val,0
Tcs Group Holdings Bhd,2025-12-31,-3.3485777,test,0
TechnoDex Bhd,2021-06-30,-2.7767622,fit,0
TechnoDex Bhd,2022-06-30,-2.435878,fit,0
TechnoDex Bhd,2023-06-30,-3.0654447,fit,0
TechnoDex Bhd,2024-06-30,-4.1620226,val,0
TechnoDex Bhd,2025-06-30,-3.8501132,test,0
TDM Bhd,2021-12-31,0.65509164,fit,0
TDM Bhd,2022-12-31,-3.3867416,fit,0
TDM Bhd,2023-12-31,-1.9382788,fit,0
TDM Bhd,2024-12-31,-1.7750554,val,0
TDM Bhd,2025-12-31,-1.572123,test,0
Teamstar Bhd,2022-12-31,-1.6809449,fit,0
Teamstar Bhd,2023-12-31,-2.0363612,fit,0
Teamstar Bhd,2024-12-31,-0.15686528,val,0
Teamstar Bhd,2025-12-31,-3.1463294,test,0
Teck Guan Perdana Bhd,2022-01-31,-3.0067575,fit,0
Teck Guan Perdana Bhd,2023-01-31,-3.353723,fit,0
Teck Guan Perdana Bhd,2024-01-31,-2.1333838,val,0
Teck Guan Perdana Bhd,2025-01-31,2.066191,test,0
Teck Guan Perdana Bhd,2026-01-31,-2.127978,test,0
Techbase Industries Bhd,2022-07-31,-3.1754513,fit,0
Techbase Industries Bhd,2023-07-31,-2.6593435,fit,0
Techbase Industries Bhd,2024-07-31,-2.4593737,val,0
Techbase Industries Bhd,2025-07-31,-2.484932,test,0
Techbase Industries Bhd,2026-07-31,-2.9909623,test,0
Techbond Group Bhd,2022-06-30,-3.2564132,fit,0
Techbond Group Bhd,2023-06-30,-2.074085,fit,0
Techbond Group Bhd,2024-06-30,-2.8923306,val,0
Techbond Group Bhd,2025-06-30,-2.6313794,test,0
Techbond Group Bhd,2026-06-30,-2.9687486,test,0
Techna-X Bhd,2021-12-31,6.0707054,fit,0
Techna-X Bhd,2022-12-31,-1.6993506,fit,0
Techna-X Bhd,2023-12-31,6.8796535,fit,0
Techna-X Bhd,2024-12-31,5.73414,val,0
Techna-X Bhd,2025-12-31,5.4921994,test,0
TechStore Bhd,2021-12-31,-1.6155657,fit,0
TechStore Bhd,2022-12-31,-4.502889,fit,0
TechStore Bhd,2023-12-31,-2.158518,fit,0
TechStore Bhd,2024-12-31,-4.0956364,val,0
TechStore Bhd,2025-12-31,-2.491159,test,0
Tek Seng Holdings Bhd,2022-12-31,-2.8138707,fit,0
Tek Seng Holdings Bhd,2023-12-31,-2.7865183,fit,0
Tek Seng Holdings Bhd,2024-12-31,-2.595175,val,0
Tek Seng Holdings Bhd,2025-12-31,-3.1088557,test,0
Tek Seng Holdings Bhd,2026-12-31,-3.1637497,test,0
Teladan Group Bhd,2022-12-31,-0.9288542,fit,0
Teladan Group Bhd,2023-12-31,-1.5252823,fit,0
Teladan Group Bhd,2024-12-31,-3.9202032,val,0
Teladan Group Bhd,2025-12-31,-3.0113485,test,0
Teladan Group Bhd,2026-12-31,-2.7571692,test,0
Tenaga Nasional Bhd,2022-12-31,0.18196157,fit,0
Tenaga Nasional Bhd,2023-12-31,0.5354245,fit,0
Tenaga Nasional Bhd,2024-12-31,1.166613,val,0
Tenaga Nasional Bhd,2025-12-31,0.093530536,test,0
Tenaga Nasional Bhd,2026-12-31,-0.726683,test,0
Teo Seng Capital Bhd,2022-12-31,-2.80398,fit,0
Teo Seng Capital Bhd,2023-12-31,-2.471232,fit,0
Teo Seng Capital Bhd,2024-12-31,-2.9569197,val,0
Teo Seng Capital Bhd,2025-12-31,-2.7342925,test,0
Teo Seng Capital Bhd,2026-12-31,-2.6978006,test,0
Texchem Resources Bhd,2022-12-31,-3.6666949,fit,0
Texchem Resources Bhd,2023-12-31,-4.1234603,fit,0
Texchem Resources Bhd,2024-12-31,-2.8783383,val,0
Texchem Resources Bhd,2025-12-31,-0.12295793,test,0
Texchem Resources Bhd,2026-12-31,-3.7731173,test,0
Tex Cycle Technology (M) Bhd,2021-12-31,-2.4773195,fit,0
Tex Cycle Technology (M) Bhd,2022-12-31,-2.6585526,fit,0
Tex Cycle Technology (M) Bhd,2023-12-31,-2.1586552,fit,0
Tex Cycle Technology (M) Bhd,2024-12-31,-2.5583146,val,0
Tex Cycle Technology (M) Bhd,2025-12-31,-2.5676105,test,0
TFP Solutions Bhd,2023-06-30,0.9602159,fit,0
TFP Solutions Bhd,2024-06-30,-5.3785043,val,0
TFP Solutions Bhd,2025-06-30,-1.2937669,test,0
Teo Guan Lee Corporation Bhd,2021-06-30,-2.7123365,fit,0
Teo Guan Lee Corporation Bhd,2022-06-30,-3.0792534,fit,0
Teo Guan Lee Corporation Bhd,2023-06-30,-2.3782578,fit,0
Teo Guan Lee Corporation Bhd,2024-06-30,-2.520523,val,0
Teo Guan Lee Corporation Bhd,2025-06-30,-1.922886,test,0
Thong Guan Industries Bhd,2022-12-31,-3.4152071,fit,0
Thong Guan Industries Bhd,2023-12-31,-3.1259012,fit,0
Thong Guan Industries Bhd,2024-12-31,-3.1671546,val,0
Thong Guan Industries Bhd,2025-12-31,-3.5563674,test,0
Thong Guan Industries Bhd,2026-12-31,-2.3863223,test,0
Theta Edge Bhd,2021-12-31,-0.9188794,fit,0
Theta Edge Bhd,2022-12-31,-3.687315,fit,0
Theta Edge Bhd,2023-12-31,-2.4704518,fit,0
Theta Edge Bhd,2024-12-31,-2.7568362,val,0
Theta Edge Bhd,2025-12-31,-1.0194983,test,0
THMY Holdings Bhd,2023-03-31,1.278849,fit,0
THMY Holdings Bhd,2024-03-31,-3.704575,val,0
THMY Holdings Bhd,2025-03-31,-2.4440107,test,0
THMY Holdings Bhd,2026-03-31,-3.9273427,test,0
THMY Holdings Bhd,2027-03-31,-2.4939547,test,0
TH Plantations Bhd,2022-12-31,-0.35796803,fit,0
TH Plantations Bhd,2023-12-31,-3.0577106,fit,0
TH Plantations Bhd,2024-12-31,-1.6776321,val,0
TH Plantations Bhd,2025-12-31,3.6676524,test,0
TH Plantations Bhd,2026-12-31,-0.15970552,test,0
Thriven Global Bhd,2021-12-31,2.9597976,fit,0
Thriven Global Bhd,2022-12-31,7.370135,fit,0
Thriven Global Bhd,2023-12-31,-0.10198085,fit,0
Thriven Global Bhd,2024-12-31,0.25133342,val,0
Thriven Global Bhd,2025-12-31,1.4761683,test,0
Tien Wah Press Holdings Bhd,2021-12-31,0.17717609,fit,0
Tien Wah Press Holdings Bhd,2022-12-31,-2.8802354,fit,0
Tien Wah Press Holdings Bhd,2023-12-31,-2.5925066,fit,0
Tien Wah Press Holdings Bhd,2024-12-31,-1.5333227,val,0
Tien Wah Press Holdings Bhd,2025-12-31,-1.4088086,test,0
TIME dotCom Bhd,2022-12-31,-2.4858577,fit,0
TIME dotCom Bhd,2023-12-31,-2.0270429,fit,0
TIME dotCom Bhd,2024-12-31,-5.1974554,val,0
TIME dotCom Bhd,2025-12-31,-6.9462023,test,0
TIME dotCom Bhd,2026-12-31,-3.2348268,test,0
Timberwell Bhd,2021-12-31,2.3398643,fit,0
Timberwell Bhd,2022-12-31,-2.1888468,fit,0
Timberwell Bhd,2023-12-31,1.7715553,fit,0
Timberwell Bhd,2024-12-31,-3.1270225,val,0
Timberwell Bhd,2025-12-31,-2.8606944,test,0
Titijaya Land Bhd,2022-06-30,0.38728008,fit,0
Titijaya Land Bhd,2023-06-30,0.37624285,fit,0
Titijaya Land Bhd,2024-06-30,-2.2815032,val,0
Titijaya Land Bhd,2025-06-30,6.794669,test,0
Titijaya Land Bhd,2026-06-30,2.2436938,test,0
Tuju Setia Bhd,2022-12-31,1.5977383,fit,0
Tuju Setia Bhd,2023-12-31,-3.0445652,fit,0
Tuju Setia Bhd,2024-12-31,-3.9813406,val,0
Tuju Setia Bhd,2025-12-31,-3.7979946,test,0
Tuju Setia Bhd,2026-12-31,-4.4319973,test,0
Telekom Malaysia Bhd,2022-12-31,-0.3687402,fit,0
Telekom Malaysia Bhd,2023-12-31,-0.87665415,fit,0
Telekom Malaysia Bhd,2024-12-31,0.8211156,val,0
Telekom Malaysia Bhd,2025-12-31,-2.3141143,test,0
Telekom Malaysia Bhd,2026-12-31,-2.2570474,test,0
TMC Life Sciences Bhd,2021-06-30,-2.187567,fit,0
TMC Life Sciences Bhd,2022-06-30,-4.0027885,fit,0
TMC Life Sciences Bhd,2023-06-30,-3.979191,fit,0
TMC Life Sciences Bhd,2024-06-30,-2.4241219,val,0
TMC Life Sciences Bhd,2025-06-30,-3.1242158,test,0
TMK Chemical Bhd,2022-12-31,0.10859111,fit,0
TMK Chemical Bhd,2023-12-31,-3.8448837,fit,0
TMK Chemical Bhd,2024-12-31,-3.1886146,val,0
TMK Chemical Bhd,2025-12-31,-3.0943286,test,0
TMK Chemical Bhd,2026-12-31,-2.9640596,test,0
Tiong Nam Logistics Holdings Bhd,2023-03-31,0.77831066,fit,0
Tiong Nam Logistics Holdings Bhd,2024-03-31,0.94889414,val,0
Tiong Nam Logistics Holdings Bhd,2025-03-31,0.034276187,test,0
Tiong Nam Logistics Holdings Bhd,2026-03-31,-0.34663296,test,0
Tiong Nam Logistics Holdings Bhd,2027-03-31,-0.296155,test,0
Tomei Consolidated Bhd,2022-12-31,-3.0456197,fit,0
Tomei Consolidated Bhd,2023-12-31,-2.8712828,fit,0
Tomei Consolidated Bhd,2024-12-31,-2.74131,val,0
Tomei Consolidated Bhd,2025-12-31,-3.09389,test,0
Tomei Consolidated Bhd,2026-12-31,-3.004119,test,0
Tomypak Holdings Bhd,2022-12-31,-1.6327798,fit,0
Tomypak Holdings Bhd,2024-12-31,-2.7226725,val,0
Tomypak Holdings Bhd,2025-12-31,4.179994,test,0
Tomypak Holdings Bhd,2026-12-31,-3.168018,test,0
Tong Herr Resources Bhd,2021-12-31,-2.9858494,fit,0
Tong Herr Resources Bhd,2022-12-31,-2.4686325,fit,0
Tong Herr Resources Bhd,2023-12-31,-3.3725176,fit,0
Tong Herr Resources Bhd,2024-12-31,-1.3569863,val,0
Tong Herr Resources Bhd,2025-12-31,-3.4468586,test,0
Top Glove Corporation Bhd,2022-08-31,-2.1211495,fit,0
Top Glove Corporation Bhd,2023-08-31,-3.4426706,fit,0
Top Glove Corporation Bhd,2024-08-31,-2.5312612,val,0
Top Glove Corporation Bhd,2025-08-31,5.6076875,test,0
Top Glove Corporation Bhd,2026-08-31,-3.7172906,test,0
Topmix Bhd,2022-12-31,-3.165979,fit,0
Topmix Bhd,2023-12-31,-3.5434442,fit,0
Topmix Bhd,2024-12-31,-3.3455873,val,0
Topmix Bhd,2025-12-31,-2.6790798,test,0
Topmix Bhd,2026-12-31,-2.2313452,test,0
TOPVISION Eye Specialist Bhd,2021-12-31,-2.7339647,fit,0
TOPVISION Eye Specialist Bhd,2022-12-31,-2.7547712,fit,0
TOPVISION Eye Specialist Bhd,2023-12-31,-2.648733,fit,0
TOPVISION Eye Specialist Bhd,2024-12-31,-2.3951952,val,0
TOPVISION Eye Specialist Bhd,2025-12-31,-3.7731516,test,0
Toyo Ventures Holdings Bhd,2022-03-31,-3.0112872,fit,0
Toyo Ventures Holdings Bhd,2023-03-31,-3.6313493,fit,0
Toyo Ventures Holdings Bhd,2024-03-31,-1.7395182,val,0
Toyo Ventures Holdings Bhd,2025-03-31,-3.189035,test,0
Toyo Ventures Holdings Bhd,2026-03-31,-2.1151774,test,0
TPC Plus Bhd,2021-12-31,-1.4146327,fit,0
TPC Plus Bhd,2022-12-31,-3.400438,fit,0
TPC Plus Bhd,2023-12-31,-1.535149,fit,0
TPC Plus Bhd,2024-12-31,-4.0051246,val,0
TPC Plus Bhd,2025-12-31,-3.7527092,test,0
TP TEC Holding Bhd,2022-12-31,-1.8126638,fit,0
TP TEC Holding Bhd,2023-12-31,-3.2796187,fit,0
TP TEC Holding Bhd,2024-12-31,-1.6364224,val,0
TP TEC Holding Bhd,2025-12-31,-3.0432694,test,0
TRC Synergy Bhd,2022-12-31,1.5679522,fit,0
TRC Synergy Bhd,2023-12-31,-2.3801885,fit,0
TRC Synergy Bhd,2024-12-31,-2.2623951,val,0
TRC Synergy Bhd,2025-12-31,-1.7202867,test,0
TRC Synergy Bhd,2026-12-31,-2.558332,test,0
Tri-Mode System (M) Bhd,2022-12-31,-3.4755683,fit,0
Tri-Mode System (M) Bhd,2023-12-31,-3.3504603,fit,0
Tri-Mode System (M) Bhd,2024-12-31,-3.422761,val,0
Tri-Mode System (M) Bhd,2025-12-31,-1.2411766,test,0
Tri-Mode System (M) Bhd,2026-12-31,-3.7420423,test,0
Trive Property Group Bhd,2022-01-31,-3.009045,fit,0
Trive Property Group Bhd,2023-01-31,-3.353889,fit,0
Trive Property Group Bhd,2024-01-31,-2.9286745,val,0
Trive Property Group Bhd,2026-01-31,-1.5598166,test,0
Tropicana Corporation Bhd,2021-12-31,-0.09424883,fit,0
Tropicana Corporation Bhd,2022-12-31,-3.0650346,fit,0
Tropicana Corporation Bhd,2023-12-31,-3.0994227,fit,0
Tropicana Corporation Bhd,2024-12-31,1.6037892,val,0
Tropicana Corporation Bhd,2025-12-31,0.6155611,test,0
TSA Group Bhd,2021-12-31,-3.4098148,fit,0
TSA Group Bhd,2022-12-31,-2.4525144,fit,0
TSA Group Bhd,2023-12-31,-3.4385653,fit,0
TSA Group Bhd,2024-12-31,-3.0685167,val,0
TSA Group Bhd,2025-12-31,-3.1178935,test,0
Tsh Resources Bhd,2022-12-31,-1.314712,fit,0
Tsh Resources Bhd,2023-12-31,-2.702383,fit,0
Tsh Resources Bhd,2024-12-31,-3.7459118,val,0
Tsh Resources Bhd,2025-12-31,-3.9871635,test,0
Tsh Resources Bhd,2026-12-31,-3.1055894,test,0
TSiC Bhd,2023-06-30,-0.628411,fit,0
TSiC Bhd,2024-06-30,-2.7290783,val,0
TSiC Bhd,2025-06-30,-2.9476495,test,0
TSR Capital Bhd,2021-06-30,3.0593078,fit,0
TSR Capital Bhd,2022-06-30,7.050876,fit,0
TSR Capital Bhd,2023-06-30,4.0493474,fit,0
TSR Capital Bhd,2024-06-30,-0.6455206,val,0
TSR Capital Bhd,2025-06-30,-3.051488,test,0
TT Vision Holdings Bhd,2022-12-31,-2.1494462,fit,0
TT Vision Holdings Bhd,2023-12-31,-2.021443,fit,0
TT Vision Holdings Bhd,2024-12-31,-1.5566032,val,0
TT Vision Holdings Bhd,2025-12-31,-2.5918748,test,0
TT Vision Holdings Bhd,2026-12-31,-1.731306,test,0
Tune Protect Group Bhd,2022-12-31,1.8451356,fit,0
Tune Protect Group Bhd,2023-12-31,0.079041004,fit,0
Tune Protect Group Bhd,2024-12-31,3.9574127,val,0
Tune Protect Group Bhd,2025-12-31,-2.7549713,test,0
Tune Protect Group Bhd,2026-12-31,-2.0789893,test,0
Turbo-Mech Bhd,2022-12-31,-2.940573,fit,0
Turbo-Mech Bhd,2023-12-31,-3.605145,fit,0
Turbo-Mech Bhd,2024-12-31,-3.4852378,val,0
Turbo-Mech Bhd,2025-12-31,-2.1134968,test,0
Turbo-Mech Bhd,2026-12-31,-2.1647124,test,0
TWL Holdings Bhd,2022-06-30,-3.1578598,fit,0
TWL Holdings Bhd,2023-06-30,-4.231919,fit,0
TWL Holdings Bhd,2024-06-30,-1.0605633,val,0
TWL Holdings Bhd,2025-06-30,-1.474844,test,0
Tower Real Estate Investment Trust,2021-06-30,4.197169,fit,0
Tower Real Estate Investment Trust,2022-06-30,4.1795526,fit,0
Tower Real Estate Investment Trust,2023-06-30,4.5370717,fit,0
Tower Real Estate Investment Trust,2024-06-30,-4.704098,val,0
Tower Real Estate Investment Trust,2025-06-30,-3.962377,test,0
TXCD Bhd,2021-06-30,2.2329342,fit,0
TXCD Bhd,2022-06-30,1.1757549,fit,0
TXCD Bhd,2025-06-30,3.3566704,test,1
Uchi Technologies Bhd,2022-12-31,-4.532579,fit,0
Uchi Technologies Bhd,2023-12-31,-4.68091,fit,0
Uchi Technologies Bhd,2024-12-31,-3.404301,val,0
Uchi Technologies Bhd,2025-12-31,-4.22101,test,0
Uchi Technologies Bhd,2026-12-31,-4.8832154,test,0
UCrest Bhd,2022-05-31,0.62843585,fit,0
UCrest Bhd,2023-05-31,-3.0497942,fit,0
UCrest Bhd,2024-05-31,-2.1811345,val,0
UCrest Bhd,2025-05-31,-2.0258603,test,0
UCrest Bhd,2026-05-31,-2.910214,test,0
UEM Sunrise Bhd,2022-12-31,4.7866297,fit,0
UEM Sunrise Bhd,2023-12-31,3.0459437,fit,0
UEM Sunrise Bhd,2024-12-31,-1.1493645,val,0
UEM Sunrise Bhd,2025-12-31,-0.95083666,test,0
UEM Sunrise Bhd,2026-12-31,-0.117905736,test,0
United U-LI Corporation Bhd,2022-12-31,-2.9247408,fit,0
United U-LI Corporation Bhd,2023-12-31,-2.4663966,fit,0
United U-LI Corporation Bhd,2024-12-31,-2.5090942,val,0
United U-LI Corporation Bhd,2025-12-31,-2.959151,test,0
United U-LI Corporation Bhd,2026-12-31,-3.16534,test,0
UMedic Group Bhd,2022-07-31,-3.429074,fit,0
UMedic Group Bhd,2023-07-31,-3.5683672,fit,0
UMedic Group Bhd,2024-07-31,-2.9961975,val,0
UMedic Group Bhd,2025-07-31,-3.830367,test,0
UMedic Group Bhd,2026-07-31,-2.7939253,test,0
United Malacca Bhd,2023-04-30,-1.3625607,fit,0
United Malacca Bhd,2024-04-30,0.383994,val,0
United Malacca Bhd,2025-04-30,-2.4421473,test,0
United Malacca Bhd,2026-04-30,-2.6758888,test,0
United Malacca Bhd,2027-04-30,-2.4879577,test,0
UMS Holdings Bhd,2021-09-30,-3.4956868,fit,0
UMS Holdings Bhd,2022-09-30,-2.8006358,fit,0
UMS Holdings Bhd,2023-09-30,-3.7423694,fit,0
UMS Holdings Bhd,2024-09-30,-3.0644739,val,0
UMS Holdings Bhd,2025-09-30,-1.9688175,test,0
UMS-Neiken Group Bhd,2021-12-31,-2.4796803,fit,0
UMS-Neiken Group Bhd,2022-12-31,-3.7925568,fit,0
UMS-Neiken Group Bhd,2023-12-31,-2.5126865,fit,0
UMS-Neiken Group Bhd,2024-12-31,-2.3390284,val,0
UMS-Neiken Group Bhd,2025-12-31,-2.5996506,test,0
Unimech Group Bhd,2022-12-31,-1.7642039,fit,0
Unimech Group Bhd,2023-12-31,-0.23391023,fit,0
Unimech Group Bhd,2024-12-31,-3.2416694,val,0
Unimech Group Bhd,2025-12-31,-3.4029303,test,0
Unimech Group Bhd,2026-12-31,-3.2227812,test,0
Unique Fire Holdings Bhd,2023-03-31,-3.0845788,fit,0
Unique Fire Holdings Bhd,2024-03-31,-2.629076,val,0
Unique Fire Holdings Bhd,2025-03-31,-2.4173384,test,0
Unique Fire Holdings Bhd,2026-03-31,-2.5435686,test,0
Unique Fire Holdings Bhd,2027-03-31,-1.8378148,test,0
Unisem M Bhd,2022-12-31,-2.284766,fit,0
Unisem M Bhd,2023-12-31,-2.9588253,fit,0
Unisem M Bhd,2024-12-31,-3.094515,val,0
Unisem M Bhd,2025-12-31,-2.5820463,test,0
Unisem M Bhd,2026-12-31,-2.7859128,test,0
Unitrade Industries Bhd,2022-03-31,-3.3784387,fit,0
Unitrade Industries Bhd,2023-03-31,-3.1374958,fit,0
Unitrade Industries Bhd,2024-03-31,-3.4105153,val,0
Unitrade Industries Bhd,2025-03-31,-3.5911129,test,0
Unitrade Industries Bhd,2026-03-31,-3.3071609,test,0
Uni Wall APS Holdings Bhd,2021-06-30,-2.5190907,fit,0
Uni Wall APS Holdings Bhd,2024-06-30,-2.635471,val,0
Uni Wall APS Holdings Bhd,2025-06-30,-2.5272355,test,0
Uoa Development Bhd,2022-12-31,-2.7618399,fit,0
Uoa Development Bhd,2023-12-31,-2.0249498,fit,0
Uoa Development Bhd,2024-12-31,-2.5271258,val,0
Uoa Development Bhd,2025-12-31,-2.3263133,test,0
Uoa Development Bhd,2026-12-31,-2.0150385,test,0
UOA Real Estate Investment Trust,2022-12-31,3.767818,fit,0
UOA Real Estate Investment Trust,2023-12-31,4.1207848,fit,0
UOA Real Estate Investment Trust,2024-12-31,4.6647067,val,0
UOA Real Estate Investment Trust,2025-12-31,5.766633,test,0
UOA Real Estate Investment Trust,2026-12-31,3.7818859,test,0
UPA Corporation Bhd,2021-12-31,-3.1960447,fit,0
UPA Corporation Bhd,2022-12-31,-2.762402,fit,0
UPA Corporation Bhd,2023-12-31,-3.2565498,fit,0
UPA Corporation Bhd,2024-12-31,-2.9497066,val,0
UPA Corporation Bhd,2025-12-31,-2.032888,test,0
UCI Resources Bhd,2021-12-31,-2.430002,fit,0
UCI Resources Bhd,2022-12-31,-3.0821495,fit,0
UCI Resources Bhd,2023-12-31,-2.0808818,fit,0
UCI Resources Bhd,2024-12-31,-2.2512174,val,0
UCI Resources Bhd,2025-12-31,-2.3733907,test,0
United Plantations Bhd,2022-12-31,-2.1134555,fit,0
United Plantations Bhd,2023-12-31,-2.0868604,fit,0
United Plantations Bhd,2024-12-31,-2.5254438,val,0
United Plantations Bhd,2025-12-31,-2.9292855,test,0
United Plantations Bhd,2026-12-31,-2.551994,test,0
UUE Holdings Bhd,2023-02-28,-3.3490415,fit,0
UUE Holdings Bhd,2024-02-28,-3.2259223,val,0
UUE Holdings Bhd,2025-02-28,-3.5081995,test,0
UUE Holdings Bhd,2026-02-28,-2.0358052,test,0
UUE Holdings Bhd,2027-02-28,-2.557594,test,0
UWC Bhd,2022-07-31,-4.2434974,fit,0
UWC Bhd,2023-07-31,-4.1990213,fit,0
UWC Bhd,2024-07-31,-3.51305,val,0
UWC Bhd,2025-07-31,-5.7502975,test,0
UWC Bhd,2026-07-31,-2.6058176,test,0
Uzma Bhd,2022-06-30,0.8109399,fit,0
Uzma Bhd,2023-06-30,1.3870203,fit,0
Uzma Bhd,2024-06-30,0.217702,val,0
Uzma Bhd,2025-06-30,-0.4255622,test,0
Uzma Bhd,2026-06-30,-1.2325759,test,0
Vantris Energy Bhd,2023-01-31,8.9945,fit,1
Vantris Energy Bhd,2024-01-31,9.023701,val,1
Vantris Energy Bhd,2025-01-31,7.142709,test,1
Vantris Energy Bhd,2026-01-31,-2.2461166,test,1
Vantris Energy Bhd,2027-01-31,-3.267575,test,0
Vanzo Holdings Bhd,2021-09-30,-0.516913,fit,0
Vanzo Holdings Bhd,2022-09-30,-3.9040427,fit,0
Vanzo Holdings Bhd,2023-09-30,-2.1676435,fit,0
Vanzo Holdings Bhd,2024-09-30,-2.8150685,val,0
Vanzo Holdings Bhd,2025-09-30,-3.177704,test,0
Varia Bhd,2021-06-30,-0.24564439,fit,0
Varia Bhd,2022-06-30,-0.6914538,fit,0
Varia Bhd,2023-06-30,-2.9842212,fit,0
Varia Bhd,2025-06-30,-1.2800909,test,0
Velesto Energy Bhd,2022-12-31,6.671444,fit,0
Velesto Energy Bhd,2023-12-31,4.3542676,fit,0
Velesto Energy Bhd,2024-12-31,-3.0112827,val,0
Velesto Energy Bhd,2025-12-31,0.09668383,test,0
Velesto Energy Bhd,2026-12-31,-2.68148,test,0
Velocity Capital Partner Bhd,2021-06-30,-1.9594834,fit,0
Velocity Capital Partner Bhd,2022-06-30,-3.231786,fit,0
Velocity Capital Partner Bhd,2023-06-30,-1.6866566,fit,0
Velocity Capital Partner Bhd,2024-06-30,-1.9547367,val,0
Velocity Capital Partner Bhd,2025-06-30,-2.2263381,test,0
Verdant Solar Holdings Bhd,2022-06-30,-0.5217991,fit,0
Verdant Solar Holdings Bhd,2023-06-30,-3.2678947,fit,0
Verdant Solar Holdings Bhd,2024-06-30,-4.707088,val,0
Verdant Solar Holdings Bhd,2025-06-30,-4.9862213,test,0
Versatile Creative Bhd,2022-03-31,-2.5893693,fit,0
Versatile Creative Bhd,2023-03-31,-3.5155292,fit,0
Versatile Creative Bhd,2024-03-31,-2.547685,val,0
Versatile Creative Bhd,2025-03-31,-1.3022131,test,0
Versatile Creative Bhd,2026-03-31,-3.8335338,test,0
VisDynamics Holdings Bhd,2021-10-31,-2.720061,fit,0
VisDynamics Holdings Bhd,2022-10-31,-3.2483444,fit,0
VisDynamics Holdings Bhd,2023-10-31,-1.7832876,fit,0
VisDynamics Holdings Bhd,2024-10-31,-3.2589736,val,0
VisDynamics Holdings Bhd,2025-10-31,-2.4790897,test,0
ViTrox Corporation Bhd,2022-12-31,-3.6067076,fit,0
ViTrox Corporation Bhd,2023-12-31,-2.8305478,fit,0
ViTrox Corporation Bhd,2024-12-31,-3.2016525,val,0
ViTrox Corporation Bhd,2025-12-31,-2.533417,test,0
ViTrox Corporation Bhd,2026-12-31,-3.6732519,test,0
Vizione Holdings Bhd,2022-05-31,0.8478153,fit,0
Vizione Holdings Bhd,2025-05-31,0.8406322,test,0
Vestland Bhd,2022-12-31,-3.2860286,fit,0
Vestland Bhd,2023-12-31,-3.1363297,fit,0
Vestland Bhd,2024-12-31,-3.289412,val,0
Vestland Bhd,2025-12-31,0.26057154,test,0
Vestland Bhd,2026-12-31,-4.1979866,test,0
Volcano Bhd,2021-06-30,-3.229367,fit,0
Volcano Bhd,2024-06-30,-1.5809091,val,0
Volcano Bhd,2025-06-30,-0.31522515,test,0
VS Industry Bhd,2022-07-31,-3.135161,fit,0
VS Industry Bhd,2023-07-31,-2.503806,fit,0
VS Industry Bhd,2024-07-31,-3.0936937,val,0
VS Industry Bhd,2025-07-31,-2.7459004,test,0
VS Industry Bhd,2026-07-31,-3.0696256,test,0
VSTECS Bhd,2022-12-31,-3.6570747,fit,0
VSTECS Bhd,2023-12-31,-3.3801186,fit,0
VSTECS Bhd,2024-12-31,-4.1524415,val,0
VSTECS Bhd,2025-12-31,-4.1897826,test,0
VSTECS Bhd,2026-12-31,-3.1984076,test,0
VETECE Holdings Bhd,2021-08-31,3.3265028,fit,0
VETECE Holdings Bhd,2022-08-31,-4.413824,fit,0
VETECE Holdings Bhd,2023-08-31,0.0011603534,fit,0
VETECE Holdings Bhd,2024-08-31,-2.7524033,val,0
VETECE Holdings Bhd,2025-08-31,-1.1454254,test,0
Waja Konsortium Bhd,2021-06-30,2.2947416,fit,0
Waja Konsortium Bhd,2023-06-30,4.929484,fit,0
Waja Konsortium Bhd,2024-06-30,12.392187,val,1
Waja Konsortium Bhd,2025-06-30,-1.6911138,test,1
Wang-Zheng Bhd,2021-12-31,-2.2499754,fit,0
Wang-Zheng Bhd,2022-12-31,-1.307335,fit,0
Wang-Zheng Bhd,2023-12-31,-5.571677,fit,0
Wang-Zheng Bhd,2024-12-31,-3.0635571,val,0
Wang-Zheng Bhd,2025-12-31,-2.8619246,test,0
Warisan TC Holdings Bhd,2021-12-31,-2.3028553,fit,0
Warisan TC Holdings Bhd,2022-12-31,-3.825287,fit,0
Warisan TC Holdings Bhd,2023-12-31,-3.309622,fit,0
Warisan TC Holdings Bhd,2024-12-31,-0.07813007,val,0
Warisan TC Holdings Bhd,2025-12-31,-3.3001096,test,0
Wasco Bhd,2022-12-31,4.57993,fit,0
Wasco Bhd,2023-12-31,1.2321854,fit,0
Wasco Bhd,2024-12-31,0.8319864,val,0
Wasco Bhd,2025-12-31,-3.720576,test,0
Wasco Bhd,2026-12-31,-2.7529035,test,0
Watta Holding Bhd,2021-12-31,-2.4354692,fit,0
Watta Holding Bhd,2022-12-31,-2.3395224,fit,0
Watta Holding Bhd,2023-12-31,-3.0562277,fit,0
Watta Holding Bhd,2024-12-31,-2.450789,val,0
Watta Holding Bhd,2025-12-31,-1.0669992,test,0
WAVEFRONT Bhd,2023-03-31,-0.5269961,fit,0
WAVEFRONT Bhd,2024-03-31,-1.9186412,val,0
WAVEFRONT Bhd,2025-03-31,-2.1690865,test,0
WAVEFRONT Bhd,2026-03-31,-1.1961687,test,0
WAVEFRONT Bhd,2027-03-31,-1.2396216,test,0
WCE Holdings Bhd,2022-03-31,-0.70538366,fit,0
WCE Holdings Bhd,2023-03-31,6.7908626,fit,0
WCE Holdings Bhd,2024-03-31,-0.8600079,val,0
WCE Holdings Bhd,2025-03-31,-0.17436145,test,0
WCE Holdings Bhd,2026-03-31,2.6914842,test,0
WCT Holdings Bhd,2022-12-31,1.7258577,fit,0
WCT Holdings Bhd,2023-12-31,0.79731965,fit,0
WCT Holdings Bhd,2024-12-31,1.0157795,val,0
WCT Holdings Bhd,2025-12-31,3.718645,test,0
WCT Holdings Bhd,2026-12-31,-3.45601,test,0
Wegmans Holdings Bhd,2022-12-31,-2.0849175,fit,0
Wegmans Holdings Bhd,2023-12-31,-3.269307,fit,0
Wegmans Holdings Bhd,2024-12-31,-3.462981,val,0
Wegmans Holdings Bhd,2025-12-31,-3.6202772,test,0
Wegmans Holdings Bhd,2026-12-31,-2.867723,test,0
Wellcall Holdings Bhd,2022-09-30,-2.9558978,fit,0
Wellcall Holdings Bhd,2023-09-30,-3.6775763,fit,0
Wellcall Holdings Bhd,2024-09-30,-1.6338805,val,0
Wellcall Holdings Bhd,2025-09-30,-3.6773107,test,0
Wellcall Holdings Bhd,2026-09-30,-3.1720698,test,0
Well Chip Group Bhd,2022-12-31,0.6095973,fit,0
Well Chip Group Bhd,2023-12-31,-1.8868115,fit,0
Well Chip Group Bhd,2024-12-31,-0.40477565,val,0
Well Chip Group Bhd,2025-12-31,-2.1839006,test,0
Well Chip Group Bhd,2026-12-31,-3.7251236,test,0
Wellspire Holdings Bhd,2022-12-31,-3.0794702,fit,0
Wellspire Holdings Bhd,2023-12-31,-4.5300894,fit,0
Wellspire Holdings Bhd,2024-12-31,-4.9408145,val,0
Wellspire Holdings Bhd,2025-12-31,-2.9726202,test,0
Wellspire Holdings Bhd,2026-12-31,-3.1505852,test,0
Wentel Engineering Holdings Bhd,2022-12-31,-2.7797291,fit,0
Wentel Engineering Holdings Bhd,2023-12-31,-2.9142478,fit,0
Wentel Engineering Holdings Bhd,2024-12-31,-3.7346702,val,0
Wentel Engineering Holdings Bhd,2025-12-31,-2.761746,test,0
Wentel Engineering Holdings Bhd,2026-12-31,-2.6407006,test,0
West River Bhd,2021-12-31,-3.4824605,fit,0
West River Bhd,2022-12-31,-3.1405158,fit,0
West River Bhd,2023-12-31,-3.2544584,fit,0
West River Bhd,2024-12-31,-3.578302,val,0
West River Bhd,2025-12-31,-2.8898077,test,0
Whitman Holdings Bhd,2023-12-31,-1.6059034,fit,0
Whitman Holdings Bhd,2024-12-31,-1.9760175,val,0
Whitman Holdings Bhd,2025-12-31,-2.60404,test,0
Widad Group Bhd,2021-12-31,1.1747568,fit,0
Widad Group Bhd,2022-12-31,-3.136534,fit,0
Widad Group Bhd,2023-12-31,-2.7609615,fit,0
Widad Group Bhd,2024-12-31,-2.9230368,val,0
Widad Group Bhd,2025-12-31,-4.219138,test,0
Willowglen MSC Bhd,2021-12-31,-3.10783,fit,0
Willowglen MSC Bhd,2022-12-31,-3.1982386,fit,0
Willowglen MSC Bhd,2023-12-31,-2.4924045,fit,0
Willowglen MSC Bhd,2024-12-31,-2.9255772,val,0
Willowglen MSC Bhd,2025-12-31,-2.9294367,test,0
Winstar Capital Bhd,2021-12-31,-1.609372,fit,0
Winstar Capital Bhd,2022-12-31,-2.7305145,fit,0
Winstar Capital Bhd,2023-12-31,-3.1442897,fit,0
Winstar Capital Bhd,2024-12-31,-4.0459466,val,0
Winstar Capital Bhd,2025-12-31,-4.0982623,test,0
Wong Engineering Corporation Bhd,2021-10-31,-0.9318607,fit,0
Wong Engineering Corporation Bhd,2022-10-31,-2.5780804,fit,0
Wong Engineering Corporation Bhd,2023-10-31,-2.5153084,fit,0
Wong Engineering Corporation Bhd,2024-10-31,-2.7037091,val,0
Wong Engineering Corporation Bhd,2025-10-31,-2.1658652,test,0
Woodlandor Holdings Bhd,2021-06-30,2.6466029,fit,0
Woodlandor Holdings Bhd,2022-06-30,-2.6209872,fit,0
Woodlandor Holdings Bhd,2023-06-30,-3.5414348,fit,0
Woodlandor Holdings Bhd,2024-06-30,-2.3713474,val,0
Woodlandor Holdings Bhd,2025-06-30,-1.5288161,test,0
Westports Holdings Bhd,2022-12-31,-1.6913576,fit,0
Westports Holdings Bhd,2023-12-31,-2.4091194,fit,0
Westports Holdings Bhd,2024-12-31,-2.0098054,val,0
Westports Holdings Bhd,2025-12-31,-1.8576213,test,0
Westports Holdings Bhd,2026-12-31,-2.2398949,test,0
WTEC Group Bhd,2021-12-31,-2.666938,fit,0
WTEC Group Bhd,2022-12-31,-2.909513,fit,0
WTEC Group Bhd,2023-12-31,-3.7328422,fit,0
WTEC Group Bhd,2024-12-31,-1.3627583,val,0
WTEC Group Bhd,2025-12-31,-3.8858705,test,0
White Horse Bhd,2021-12-31,-1.5403314,fit,0
White Horse Bhd,2022-12-31,-1.2082707,fit,0
White Horse Bhd,2023-12-31,-2.3137214,fit,0
White Horse Bhd,2024-12-31,5.2925105,val,0
White Horse Bhd,2025-12-31,-2.9878957,test,0
W T K Holdings Bhd,2021-12-31,1.0757649,fit,0
W T K Holdings Bhd,2022-12-31,0.19311717,fit,0
W T K Holdings Bhd,2023-12-31,-1.16045,fit,0
W T K Holdings Bhd,2024-12-31,3.2595718,val,0
W T K Holdings Bhd,2025-12-31,-1.7096044,test,0
XiDeLang Holdings Ltd,2021-12-31,-3.7136092,fit,0
XiDeLang Holdings Ltd,2022-12-31,-1.9305674,fit,0
XiDeLang Holdings Ltd,2023-12-31,-3.2280755,fit,0
XiDeLang Holdings Ltd,2025-12-31,-3.1420274,test,0
Xin Synergy Group Bhd,2022-03-31,-2.461341,fit,0
Xin Synergy Group Bhd,2023-03-31,-1.9681114,fit,0
Xin Synergy Group Bhd,2024-03-31,-3.7040358,val,0
Xin Synergy Group Bhd,2025-03-31,-2.6878963,test,0
Xin Synergy Group Bhd,2026-03-31,-4.064653,test,0
Xin Hwa Holdings Bhd,2022-03-31,-0.43909115,fit,0
Xin Hwa Holdings Bhd,2023-03-31,-2.2990575,fit,0
Xin Hwa Holdings Bhd,2024-03-31,-0.4828302,val,0
Xin Hwa Holdings Bhd,2025-03-31,-0.8501061,test,0
Xin Hwa Holdings Bhd,2026-03-31,-0.9411166,test,0
XL Holdings Bhd,2022-04-30,-2.6960728,fit,0
XL Holdings Bhd,2023-04-30,-2.8716376,fit,0
XL Holdings Bhd,2024-04-30,-3.2265007,val,0
XL Holdings Bhd,2025-04-30,-3.021089,test,0
XL Holdings Bhd,2026-04-30,-1.6295073,test,0
XOX Bhd,2021-09-30,0.4030042,fit,0
XOX Bhd,2022-09-30,-1.0363634,fit,0
XOX Bhd,2023-09-30,0.012773886,fit,0
XOX Bhd,2024-09-30,-1.1623677,val,0
XOX Bhd,2025-09-30,-3.1001844,test,0
Express Powerr Solutions (M) Bhd,2021-12-31,-1.175857,fit,0
Express Powerr Solutions (M) Bhd,2022-12-31,-2.6119697,fit,0
Express Powerr Solutions (M) Bhd,2023-12-31,-1.320724,fit,0
Express Powerr Solutions (M) Bhd,2024-12-31,-1.2702796,val,0
Express Powerr Solutions (M) Bhd,2025-12-31,-2.2745848,test,0
Y&G Corporation Bhd,2021-12-31,-0.6577079,fit,0
Y&G Corporation Bhd,2022-12-31,-2.1091228,fit,0
Y&G Corporation Bhd,2023-12-31,-1.6454587,fit,0
Y&G Corporation Bhd,2024-12-31,-4.7637496,val,0
Y&G Corporation Bhd,2025-12-31,-2.7238216,test,0
YB Ventures Bhd,2021-06-30,-1.4031684,fit,0
YB Ventures Bhd,2023-06-30,-2.4430783,fit,0
YB Ventures Bhd,2024-06-30,-3.020364,val,0
YB Ventures Bhd,2025-06-30,-3.5811863,test,0
YBS International Bhd,2023-03-31,-2.2018552,fit,0
YBS International Bhd,2024-03-31,-3.74518,val,0
YBS International Bhd,2025-03-31,-0.8213829,test,0
YBS International Bhd,2026-03-31,-3.7130082,test,0
YBS International Bhd,2027-03-31,-5.171321,test,0
Yenher Holdings Bhd,2022-12-31,-3.0696983,fit,0
Yenher Holdings Bhd,2023-12-31,-2.6212075,fit,0
Yenher Holdings Bhd,2024-12-31,-2.7454517,val,0
Yenher Holdings Bhd,2025-12-31,-3.375065,test,0
Yenher Holdings Bhd,2026-12-31,-1.7097044,test,0
Yew Lee Pacific Group Bhd,2022-12-31,-3.1761382,fit,0
Yew Lee Pacific Group Bhd,2023-12-31,-3.805121,fit,0
Yew Lee Pacific Group Bhd,2024-12-31,-2.7699137,val,0
Yew Lee Pacific Group Bhd,2025-12-31,-3.8220713,test,0
Yew Lee Pacific Group Bhd,2026-12-31,-2.3460562,test,0
Yinson Holdings Berhad,2023-01-31,-5.5283675,fit,0
Yinson Holdings Berhad,2024-01-31,-0.829548,val,0
Yinson Holdings Berhad,2025-01-31,-3.5996943,test,0
Yinson Holdings Berhad,2026-01-31,-4.9751573,test,0
Yinson Holdings Berhad,2027-01-31,-4.493995,test,0
YLI Holdings Bhd,2022-03-31,-2.5596159,fit,0
YLI Holdings Bhd,2023-03-31,-2.9743881,fit,0
YLI Holdings Bhd,2024-03-31,-2.6235378,val,0
YLI Holdings Bhd,2025-03-31,-2.014482,test,0
YLI Holdings Bhd,2026-03-31,-3.9663818,test,0
Ynh Property Bhd,2021-06-30,0.12272015,fit,0
Ynh Property Bhd,2023-06-30,6.2019353,fit,0
Ynh Property Bhd,2024-06-30,-1.7292966,val,0
Ynh Property Bhd,2025-06-30,-2.183566,test,0
Yoong Onn Corporation Bhd,2022-06-30,-3.0957408,fit,0
Yoong Onn Corporation Bhd,2023-06-30,-2.5349226,fit,0
Yoong Onn Corporation Bhd,2024-06-30,-2.5657532,val,0
Yoong Onn Corporation Bhd,2025-06-30,-1.9499382,test,0
Yoong Onn Corporation Bhd,2026-06-30,-2.8250787,test,0
Yong Tai Bhd,2022-06-30,-0.072119616,fit,0
Yong Tai Bhd,2023-06-30,-1.881047,fit,0
Yong Tai Bhd,2024-06-30,-0.23927161,val,0
Yong Tai Bhd,2025-06-30,4.244679,test,0
Yong Tai Bhd,2026-06-30,-0.3462815,test,0
Y.s.p. Southeast Asia Holding Bhd,2021-12-31,-2.7497723,fit,0
Y.s.p. Southeast Asia Holding Bhd,2022-12-31,-2.8021097,fit,0
Y.s.p. Southeast Asia Holding Bhd,2023-12-31,-3.3319755,fit,0
Y.s.p. Southeast Asia Holding Bhd,2024-12-31,-3.1568587,val,0
Y.s.p. Southeast Asia Holding Bhd,2025-12-31,-3.3100178,test,0
YTL Corporation Bhd,2022-06-30,3.649502,fit,0
YTL Corporation Bhd,2023-06-30,1.6954455,fit,0
YTL Corporation Bhd,2024-06-30,2.6173375,val,0
YTL Corporation Bhd,2025-06-30,0.5086545,test,0
YTL Corporation Bhd,2026-06-30,0.7114148,test,0
YTL Power International Bhd,2022-06-30,0.2878852,fit,0
YTL Power International Bhd,2023-06-30,-1.9432232,fit,0
YTL Power International Bhd,2024-06-30,-2.1465409,val,0
YTL Power International Bhd,2025-06-30,0.5188577,test,0
YTL Power International Bhd,2026-06-30,-0.27211475,test,0
YTL Hospitality REIT,2022-06-30,2.4859416,fit,0
YTL Hospitality REIT,2023-06-30,-1.4933052,fit,0
YTL Hospitality REIT,2024-06-30,-2.739816,val,0
YTL Hospitality REIT,2025-06-30,-0.81856465,test,0
YTL Hospitality REIT,2026-06-30,1.6304408,test,0
YX Precious Metals Bhd,2022-12-31,-3.5378218,fit,0
YX Precious Metals Bhd,2023-12-31,-4.903466,fit,0
YX Precious Metals Bhd,2024-12-31,-4.115406,val,0
YX Precious Metals Bhd,2025-12-31,-2.0899153,test,0
YX Precious Metals Bhd,2026-12-31,-1.2791817,test,0
Zantat Holdings Bhd,2021-12-31,-3.2021046,fit,0
Zantat Holdings Bhd,2022-12-31,-3.048335,fit,0
Zantat Holdings Bhd,2023-12-31,-2.8601818,fit,0
Zantat Holdings Bhd,2024-12-31,-2.548805,val,0
Zantat Holdings Bhd,2025-12-31,-3.0191472,test,0
Zecon Bhd,2021-12-31,-0.88674605,fit,0
Zecon Bhd,2022-12-31,-2.5027196,fit,0
Zecon Bhd,2023-12-31,1.7962804,fit,0
Zecon Bhd,2024-12-31,3.7845209,val,0
Zecon Bhd,2025-12-31,1.4554261,test,0
Zelan Bhd,2021-12-31,3.0501776,fit,0
Zelan Bhd,2022-12-31,2.8674793,fit,0
Zelan Bhd,2023-12-31,10.981817,fit,1
Zelan Bhd,2024-12-31,9.410311,val,1
Zelan Bhd,2025-12-31,-1.581804,test,1
Zetrix AI Bhd,2022-12-31,-2.8037972,fit,0
Zetrix AI Bhd,2023-12-31,-2.3377564,fit,0
Zetrix AI Bhd,2024-12-31,-2.361236,val,0
Zetrix AI Bhd,2025-12-31,-3.610726,test,0
Zetrix AI Bhd,2026-12-31,-2.9238436,test,0
Zhulian Corporation Bhd,2022-11-30,-2.623867,fit,0
Zhulian Corporation Bhd,2023-11-30,-3.214859,fit,0
Zhulian Corporation Bhd,2024-11-30,-2.0007975,val,0
Zhulian Corporation Bhd,2025-11-30,-2.4760506,test,0
Zhulian Corporation Bhd,2026-11-30,-2.182119,test,0
Berjaya Property Bhd,2021-06-30,0.9196906,fit,0
OGX Group Bhd,2022-05-31,-1.8510653,fit,0
Berjaya Property Bhd,2022-06-30,-0.91772556,fit,0
MM Computer Systems Bhd,2022-12-31,-0.8259655,fit,0
Stratus Global Holdings Bhd,2023-03-31,-2.1410155,fit,0
OGX Group Bhd,2023-05-31,-3.3968987,fit,0
Berjaya Property Bhd,2023-06-30,2.9864416,fit,0
MM Computer Systems Bhd,2023-12-31,-3.1466591,fit,0
Stratus Global Holdings Bhd,2024-03-31,-1.704262,val,0
OGX Group Bhd,2024-05-31,-3.1052063,val,0
Berjaya Property Bhd,2024-06-30,0.21792439,val,0
MM Computer Systems Bhd,2024-12-31,-3.4222121,val,0
Stratus Global Holdings Bhd,2025-03-31,-3.2240224,test,0
OGX Group Bhd,2025-05-31,-3.04214,test,0
Berjaya Property Bhd,2025-06-30,0.16211846,test,0
MM Computer Systems Bhd,2025-12-31,-2.6351647,test,0
Stratus Global Holdings Bhd,2026-03-31,-2.999199,test,0
